solid Mesh
  facet normal -0.999048 -0.0436191 0
    outer loop
      vertex -0.0984252 0.610237 -0.0393701
      vertex -0.0984252 0.610237 -2.18548e-15
      vertex -0.0987997 0.618815 -0.0393701
    endloop
  endfacet
  facet normal -0.999048 -0.0436191 0
    outer loop
      vertex -0.0984252 0.610237 -2.18548e-15
      vertex -0.0987997 0.618815 -2.18548e-15
      vertex -0.0987997 0.618815 -0.0393701
    endloop
  endfacet
  facet normal -0.991445 -0.130527 0
    outer loop
      vertex -0.0987997 0.618815 -0.0393701
      vertex -0.0987997 0.618815 -2.18548e-15
      vertex -0.0999205 0.627328 -0.0393701
    endloop
  endfacet
  facet normal -0.991445 -0.130527 0
    outer loop
      vertex -0.0987997 0.618815 -2.18548e-15
      vertex -0.0999205 0.627328 -2.18548e-15
      vertex -0.0999205 0.627328 -0.0393701
    endloop
  endfacet
  facet normal -0.976296 -0.21644 0
    outer loop
      vertex -0.0999205 0.627328 -0.0393701
      vertex -0.0999205 0.627328 -2.18548e-15
      vertex -0.101779 0.635711 -0.0393701
    endloop
  endfacet
  facet normal -0.976296 -0.21644 0
    outer loop
      vertex -0.0999205 0.627328 -2.18548e-15
      vertex -0.101779 0.635711 -2.18548e-15
      vertex -0.101779 0.635711 -0.0393701
    endloop
  endfacet
  facet normal -0.953717 -0.300705 0
    outer loop
      vertex -0.101779 0.635711 -0.0393701
      vertex -0.101779 0.635711 -2.18548e-15
      vertex -0.104361 0.6439 -0.0393701
    endloop
  endfacet
  facet normal -0.953717 -0.300705 0
    outer loop
      vertex -0.101779 0.635711 -2.18548e-15
      vertex -0.104361 0.6439 -2.18548e-15
      vertex -0.104361 0.6439 -0.0393701
    endloop
  endfacet
  facet normal -0.92388 -0.382683 0
    outer loop
      vertex -0.104361 0.6439 -0.0393701
      vertex -0.104361 0.6439 -2.18548e-15
      vertex -0.107647 0.651833 -0.0393701
    endloop
  endfacet
  facet normal -0.92388 -0.382683 0
    outer loop
      vertex -0.104361 0.6439 -2.18548e-15
      vertex -0.107647 0.651833 -2.18548e-15
      vertex -0.107647 0.651833 -0.0393701
    endloop
  endfacet
  facet normal -0.887011 -0.461749 0
    outer loop
      vertex -0.107647 0.651833 -0.0393701
      vertex -0.107647 0.651833 -2.18548e-15
      vertex -0.111612 0.659449 -0.0393701
    endloop
  endfacet
  facet normal -0.887011 -0.461749 0
    outer loop
      vertex -0.107647 0.651833 -2.18548e-15
      vertex -0.111612 0.659449 -2.18548e-15
      vertex -0.111612 0.659449 -0.0393701
    endloop
  endfacet
  facet normal -0.84339 -0.537301 0
    outer loop
      vertex -0.111612 0.659449 -0.0393701
      vertex -0.111612 0.659449 -2.18548e-15
      vertex -0.116225 0.666691 -0.0393701
    endloop
  endfacet
  facet normal -0.84339 -0.537301 0
    outer loop
      vertex -0.111612 0.659449 -2.18548e-15
      vertex -0.116225 0.666691 -2.18548e-15
      vertex -0.116225 0.666691 -0.0393701
    endloop
  endfacet
  facet normal -0.793354 -0.60876 0
    outer loop
      vertex -0.116225 0.666691 -0.0393701
      vertex -0.116225 0.666691 -2.18548e-15
      vertex -0.121452 0.673503 -0.0393701
    endloop
  endfacet
  facet normal -0.793354 -0.60876 0
    outer loop
      vertex -0.116225 0.666691 -2.18548e-15
      vertex -0.121452 0.673503 -2.18548e-15
      vertex -0.121452 0.673503 -0.0393701
    endloop
  endfacet
  facet normal -0.737279 -0.675589 0
    outer loop
      vertex -0.121452 0.673503 -0.0393701
      vertex -0.121452 0.673503 -2.18548e-15
      vertex -0.127253 0.679834 -0.0393701
    endloop
  endfacet
  facet normal -0.737279 -0.675589 0
    outer loop
      vertex -0.121452 0.673503 -2.18548e-15
      vertex -0.127253 0.679834 -2.18548e-15
      vertex -0.127253 0.679834 -0.0393701
    endloop
  endfacet
  facet normal -0.675591 -0.737277 0
    outer loop
      vertex -0.127253 0.679834 -0.0393701
      vertex -0.127253 0.679834 -2.18548e-15
      vertex -0.133584 0.685635 -0.0393701
    endloop
  endfacet
  facet normal -0.675591 -0.737277 0
    outer loop
      vertex -0.127253 0.679834 -2.18548e-15
      vertex -0.133584 0.685635 -2.18548e-15
      vertex -0.133584 0.685635 -0.0393701
    endloop
  endfacet
  facet normal -0.608757 -0.793357 0
    outer loop
      vertex -0.133584 0.685635 -0.0393701
      vertex -0.133584 0.685635 -2.18548e-15
      vertex -0.140396 0.690862 -0.0393701
    endloop
  endfacet
  facet normal -0.608757 -0.793357 0
    outer loop
      vertex -0.133584 0.685635 -2.18548e-15
      vertex -0.140396 0.690862 -2.18548e-15
      vertex -0.140396 0.690862 -0.0393701
    endloop
  endfacet
  facet normal -0.537303 -0.843389 0
    outer loop
      vertex -0.140396 0.690862 -0.0393701
      vertex -0.140396 0.690862 -2.18548e-15
      vertex -0.147638 0.695476 -0.0393701
    endloop
  endfacet
  facet normal -0.537303 -0.843389 0
    outer loop
      vertex -0.140396 0.690862 -2.18548e-15
      vertex -0.147638 0.695476 -2.18548e-15
      vertex -0.147638 0.695476 -0.0393701
    endloop
  endfacet
  facet normal -0.461748 -0.887011 0
    outer loop
      vertex -0.147638 0.695476 -0.0393701
      vertex -0.147638 0.695476 -2.18548e-15
      vertex -0.155254 0.69944 -0.0393701
    endloop
  endfacet
  facet normal -0.461748 -0.887011 0
    outer loop
      vertex -0.147638 0.695476 -2.18548e-15
      vertex -0.155254 0.69944 -2.18548e-15
      vertex -0.155254 0.69944 -0.0393701
    endloop
  endfacet
  facet normal -0.382681 -0.923881 0
    outer loop
      vertex -0.155254 0.69944 -0.0393701
      vertex -0.155254 0.69944 -2.18548e-15
      vertex -0.163187 0.702726 -0.0393701
    endloop
  endfacet
  facet normal -0.382681 -0.923881 0
    outer loop
      vertex -0.155254 0.69944 -2.18548e-15
      vertex -0.163187 0.702726 -2.18548e-15
      vertex -0.163187 0.702726 -0.0393701
    endloop
  endfacet
  facet normal -0.300709 -0.953716 0
    outer loop
      vertex -0.163187 0.702726 -0.0393701
      vertex -0.163187 0.702726 -2.18548e-15
      vertex -0.171376 0.705308 -0.0393701
    endloop
  endfacet
  facet normal -0.300709 -0.953716 0
    outer loop
      vertex -0.163187 0.702726 -2.18548e-15
      vertex -0.171376 0.705308 -2.18548e-15
      vertex -0.171376 0.705308 -0.0393701
    endloop
  endfacet
  facet normal -0.21644 -0.976296 0
    outer loop
      vertex -0.171376 0.705308 -0.0393701
      vertex -0.171376 0.705308 -2.18548e-15
      vertex -0.179759 0.707167 -0.0393701
    endloop
  endfacet
  facet normal -0.21644 -0.976296 0
    outer loop
      vertex -0.171376 0.705308 -2.18548e-15
      vertex -0.179759 0.707167 -2.18548e-15
      vertex -0.179759 0.707167 -0.0393701
    endloop
  endfacet
  facet normal -0.130524 -0.991445 0
    outer loop
      vertex -0.179759 0.707167 -0.0393701
      vertex -0.179759 0.707167 -2.18548e-15
      vertex -0.188272 0.708287 -0.0393701
    endloop
  endfacet
  facet normal -0.130524 -0.991445 0
    outer loop
      vertex -0.179759 0.707167 -2.18548e-15
      vertex -0.188272 0.708287 -2.18548e-15
      vertex -0.188272 0.708287 -0.0393701
    endloop
  endfacet
  facet normal -0.043616 -0.999048 0
    outer loop
      vertex -0.188272 0.708287 -0.0393701
      vertex -0.188272 0.708287 -2.18548e-15
      vertex -0.19685 0.708662 -0.0393701
    endloop
  endfacet
  facet normal -0.043616 -0.999048 0
    outer loop
      vertex -0.188272 0.708287 -2.18548e-15
      vertex -0.19685 0.708662 -2.18548e-15
      vertex -0.19685 0.708662 -0.0393701
    endloop
  endfacet
  facet normal 0.043616 -0.999048 0
    outer loop
      vertex -0.19685 0.708662 -0.0393701
      vertex -0.19685 0.708662 -2.18548e-15
      vertex -0.205429 0.708287 -0.0393701
    endloop
  endfacet
  facet normal 0.043616 -0.999048 0
    outer loop
      vertex -0.19685 0.708662 -2.18548e-15
      vertex -0.205429 0.708287 -2.18548e-15
      vertex -0.205429 0.708287 -0.0393701
    endloop
  endfacet
  facet normal 0.130524 -0.991445 0
    outer loop
      vertex -0.205429 0.708287 -0.0393701
      vertex -0.205429 0.708287 -2.18548e-15
      vertex -0.213942 0.707167 -0.0393701
    endloop
  endfacet
  facet normal 0.130524 -0.991445 0
    outer loop
      vertex -0.205429 0.708287 -2.18548e-15
      vertex -0.213942 0.707167 -2.18548e-15
      vertex -0.213942 0.707167 -0.0393701
    endloop
  endfacet
  facet normal 0.216441 -0.976296 0
    outer loop
      vertex -0.213942 0.707167 -0.0393701
      vertex -0.213942 0.707167 -2.18548e-15
      vertex -0.222325 0.705308 -0.0393701
    endloop
  endfacet
  facet normal 0.216441 -0.976296 0
    outer loop
      vertex -0.213942 0.707167 -2.18548e-15
      vertex -0.222325 0.705308 -2.18548e-15
      vertex -0.222325 0.705308 -0.0393701
    endloop
  endfacet
  facet normal 0.300709 -0.953716 0
    outer loop
      vertex -0.222325 0.705308 -0.0393701
      vertex -0.222325 0.705308 -2.18548e-15
      vertex -0.230514 0.702726 -0.0393701
    endloop
  endfacet
  facet normal 0.300709 -0.953716 0
    outer loop
      vertex -0.222325 0.705308 -2.18548e-15
      vertex -0.230514 0.702726 -2.18548e-15
      vertex -0.230514 0.702726 -0.0393701
    endloop
  endfacet
  facet normal 0.382681 -0.923881 0
    outer loop
      vertex -0.230514 0.702726 -0.0393701
      vertex -0.230514 0.702726 -2.18548e-15
      vertex -0.238447 0.69944 -0.0393701
    endloop
  endfacet
  facet normal 0.382681 -0.923881 0
    outer loop
      vertex -0.230514 0.702726 -2.18548e-15
      vertex -0.238447 0.69944 -2.18548e-15
      vertex -0.238447 0.69944 -0.0393701
    endloop
  endfacet
  facet normal 0.461748 -0.887011 0
    outer loop
      vertex -0.238447 0.69944 -0.0393701
      vertex -0.238447 0.69944 -2.18548e-15
      vertex -0.246063 0.695476 -0.0393701
    endloop
  endfacet
  facet normal 0.461748 -0.887011 0
    outer loop
      vertex -0.238447 0.69944 -2.18548e-15
      vertex -0.246063 0.695476 -2.18548e-15
      vertex -0.246063 0.695476 -0.0393701
    endloop
  endfacet
  facet normal 0.537304 -0.843389 0
    outer loop
      vertex -0.246063 0.695476 -0.0393701
      vertex -0.246063 0.695476 -2.18548e-15
      vertex -0.253305 0.690862 -0.0393701
    endloop
  endfacet
  facet normal 0.537304 -0.843389 0
    outer loop
      vertex -0.246063 0.695476 -2.18548e-15
      vertex -0.253305 0.690862 -2.18548e-15
      vertex -0.253305 0.690862 -0.0393701
    endloop
  endfacet
  facet normal 0.608757 -0.793357 0
    outer loop
      vertex -0.253305 0.690862 -0.0393701
      vertex -0.253305 0.690862 -2.18548e-15
      vertex -0.260117 0.685635 -0.0393701
    endloop
  endfacet
  facet normal 0.608757 -0.793357 0
    outer loop
      vertex -0.253305 0.690862 -2.18548e-15
      vertex -0.260117 0.685635 -2.18548e-15
      vertex -0.260117 0.685635 -0.0393701
    endloop
  endfacet
  facet normal 0.675591 -0.737277 0
    outer loop
      vertex -0.260117 0.685635 -0.0393701
      vertex -0.260117 0.685635 -2.18548e-15
      vertex -0.266448 0.679834 -0.0393701
    endloop
  endfacet
  facet normal 0.675591 -0.737277 0
    outer loop
      vertex -0.260117 0.685635 -2.18548e-15
      vertex -0.266448 0.679834 -2.18548e-15
      vertex -0.266448 0.679834 -0.0393701
    endloop
  endfacet
  facet normal 0.737279 -0.675589 0
    outer loop
      vertex -0.266448 0.679834 -0.0393701
      vertex -0.266448 0.679834 -2.18548e-15
      vertex -0.272248 0.673503 -0.0393701
    endloop
  endfacet
  facet normal 0.737279 -0.675589 0
    outer loop
      vertex -0.266448 0.679834 -2.18548e-15
      vertex -0.272248 0.673503 -2.18548e-15
      vertex -0.272248 0.673503 -0.0393701
    endloop
  endfacet
  facet normal 0.793355 -0.60876 0
    outer loop
      vertex -0.272248 0.673503 -0.0393701
      vertex -0.272248 0.673503 -2.18548e-15
      vertex -0.277476 0.666691 -0.0393701
    endloop
  endfacet
  facet normal 0.793355 -0.60876 0
    outer loop
      vertex -0.272248 0.673503 -2.18548e-15
      vertex -0.277476 0.666691 -2.18548e-15
      vertex -0.277476 0.666691 -0.0393701
    endloop
  endfacet
  facet normal 0.843389 -0.537303 0
    outer loop
      vertex -0.277476 0.666691 -0.0393701
      vertex -0.277476 0.666691 -2.18548e-15
      vertex -0.282089 0.659449 -0.0393701
    endloop
  endfacet
  facet normal 0.843389 -0.537303 0
    outer loop
      vertex -0.277476 0.666691 -2.18548e-15
      vertex -0.282089 0.659449 -2.18548e-15
      vertex -0.282089 0.659449 -0.0393701
    endloop
  endfacet
  facet normal 0.887011 -0.461748 0
    outer loop
      vertex -0.282089 0.659449 -0.0393701
      vertex -0.282089 0.659449 -2.18548e-15
      vertex -0.286054 0.651833 -0.0393701
    endloop
  endfacet
  facet normal 0.887011 -0.461748 0
    outer loop
      vertex -0.282089 0.659449 -2.18548e-15
      vertex -0.286054 0.651833 -2.18548e-15
      vertex -0.286054 0.651833 -0.0393701
    endloop
  endfacet
  facet normal 0.923879 -0.382684 0
    outer loop
      vertex -0.286054 0.651833 -0.0393701
      vertex -0.286054 0.651833 -2.18548e-15
      vertex -0.28934 0.6439 -0.0393701
    endloop
  endfacet
  facet normal 0.923879 -0.382684 0
    outer loop
      vertex -0.286054 0.651833 -2.18548e-15
      vertex -0.28934 0.6439 -2.18548e-15
      vertex -0.28934 0.6439 -0.0393701
    endloop
  endfacet
  facet normal 0.953718 -0.300704 0
    outer loop
      vertex -0.28934 0.6439 -0.0393701
      vertex -0.28934 0.6439 -2.18548e-15
      vertex -0.291922 0.635711 -0.0393701
    endloop
  endfacet
  facet normal 0.953718 -0.300704 0
    outer loop
      vertex -0.28934 0.6439 -2.18548e-15
      vertex -0.291922 0.635711 -2.18548e-15
      vertex -0.291922 0.635711 -0.0393701
    endloop
  endfacet
  facet normal 0.976296 -0.216441 0
    outer loop
      vertex -0.291922 0.635711 -0.0393701
      vertex -0.291922 0.635711 -2.18548e-15
      vertex -0.29378 0.627328 -0.0393701
    endloop
  endfacet
  facet normal 0.976296 -0.216441 0
    outer loop
      vertex -0.291922 0.635711 -2.18548e-15
      vertex -0.29378 0.627328 -2.18548e-15
      vertex -0.29378 0.627328 -0.0393701
    endloop
  endfacet
  facet normal 0.991445 -0.130526 0
    outer loop
      vertex -0.29378 0.627328 -0.0393701
      vertex -0.29378 0.627328 -2.18548e-15
      vertex -0.294901 0.618815 -0.0393701
    endloop
  endfacet
  facet normal 0.991445 -0.130526 0
    outer loop
      vertex -0.29378 0.627328 -2.18548e-15
      vertex -0.294901 0.618815 -2.18548e-15
      vertex -0.294901 0.618815 -0.0393701
    endloop
  endfacet
  facet normal 0.999048 -0.043618 0
    outer loop
      vertex -0.294901 0.618815 -0.0393701
      vertex -0.294901 0.618815 -2.18548e-15
      vertex -0.295276 0.610237 -0.0393701
    endloop
  endfacet
  facet normal 0.999048 -0.043618 0
    outer loop
      vertex -0.294901 0.618815 -2.18548e-15
      vertex -0.295276 0.610237 -2.18548e-15
      vertex -0.295276 0.610237 -0.0393701
    endloop
  endfacet
  facet normal 0.999048 0.0436182 0
    outer loop
      vertex -0.295276 0.610237 -0.0393701
      vertex -0.295276 0.610237 -2.18548e-15
      vertex -0.294901 0.601658 -0.0393701
    endloop
  endfacet
  facet normal 0.999048 0.0436182 0
    outer loop
      vertex -0.295276 0.610237 -2.18548e-15
      vertex -0.294901 0.601658 -2.18548e-15
      vertex -0.294901 0.601658 -0.0393701
    endloop
  endfacet
  facet normal 0.991445 0.130526 0
    outer loop
      vertex -0.294901 0.601658 -0.0393701
      vertex -0.294901 0.601658 -2.18548e-15
      vertex -0.29378 0.593145 -0.0393701
    endloop
  endfacet
  facet normal 0.991445 0.130526 0
    outer loop
      vertex -0.294901 0.601658 -2.18548e-15
      vertex -0.29378 0.593145 -2.18548e-15
      vertex -0.29378 0.593145 -0.0393701
    endloop
  endfacet
  facet normal 0.976296 0.21644 0
    outer loop
      vertex -0.29378 0.593145 -0.0393701
      vertex -0.29378 0.593145 -2.18548e-15
      vertex -0.291922 0.584762 -0.0393701
    endloop
  endfacet
  facet normal 0.976296 0.21644 0
    outer loop
      vertex -0.29378 0.593145 -2.18548e-15
      vertex -0.291922 0.584762 -2.18548e-15
      vertex -0.291922 0.584762 -0.0393701
    endloop
  endfacet
  facet normal 0.953717 0.300705 0
    outer loop
      vertex -0.291922 0.584762 -0.0393701
      vertex -0.291922 0.584762 -2.18548e-15
      vertex -0.28934 0.576573 -0.0393701
    endloop
  endfacet
  facet normal 0.953717 0.300705 0
    outer loop
      vertex -0.291922 0.584762 -2.18548e-15
      vertex -0.28934 0.576573 -2.18548e-15
      vertex -0.28934 0.576573 -0.0393701
    endloop
  endfacet
  facet normal 0.923879 0.382684 0
    outer loop
      vertex -0.28934 0.576573 -0.0393701
      vertex -0.28934 0.576573 -2.18548e-15
      vertex -0.286054 0.568641 -0.0393701
    endloop
  endfacet
  facet normal 0.923879 0.382684 0
    outer loop
      vertex -0.28934 0.576573 -2.18548e-15
      vertex -0.286054 0.568641 -2.18548e-15
      vertex -0.286054 0.568641 -0.0393701
    endloop
  endfacet
  facet normal 0.887011 0.461748 0
    outer loop
      vertex -0.286054 0.568641 -0.0393701
      vertex -0.286054 0.568641 -2.18548e-15
      vertex -0.282089 0.561024 -0.0393701
    endloop
  endfacet
  facet normal 0.887011 0.461748 0
    outer loop
      vertex -0.286054 0.568641 -2.18548e-15
      vertex -0.282089 0.561024 -2.18548e-15
      vertex -0.282089 0.561024 -0.0393701
    endloop
  endfacet
  facet normal 0.843391 0.537301 0
    outer loop
      vertex -0.282089 0.561024 -0.0393701
      vertex -0.282089 0.561024 -2.18548e-15
      vertex -0.277476 0.553782 -0.0393701
    endloop
  endfacet
  facet normal 0.843391 0.537301 0
    outer loop
      vertex -0.282089 0.561024 -2.18548e-15
      vertex -0.277476 0.553782 -2.18548e-15
      vertex -0.277476 0.553782 -0.0393701
    endloop
  endfacet
  facet normal 0.793355 0.60876 0
    outer loop
      vertex -0.277476 0.553782 -0.0393701
      vertex -0.277476 0.553782 -2.18548e-15
      vertex -0.272248 0.54697 -0.0393701
    endloop
  endfacet
  facet normal 0.793355 0.60876 0
    outer loop
      vertex -0.277476 0.553782 -2.18548e-15
      vertex -0.272248 0.54697 -2.18548e-15
      vertex -0.272248 0.54697 -0.0393701
    endloop
  endfacet
  facet normal 0.737277 0.675591 0
    outer loop
      vertex -0.272248 0.54697 -0.0393701
      vertex -0.272248 0.54697 -2.18548e-15
      vertex -0.266448 0.54064 -0.0393701
    endloop
  endfacet
  facet normal 0.737277 0.675591 0
    outer loop
      vertex -0.272248 0.54697 -2.18548e-15
      vertex -0.266448 0.54064 -2.18548e-15
      vertex -0.266448 0.54064 -0.0393701
    endloop
  endfacet
  facet normal 0.675591 0.737277 0
    outer loop
      vertex -0.266448 0.54064 -0.0393701
      vertex -0.266448 0.54064 -2.18548e-15
      vertex -0.260117 0.534839 -0.0393701
    endloop
  endfacet
  facet normal 0.675591 0.737277 0
    outer loop
      vertex -0.266448 0.54064 -2.18548e-15
      vertex -0.260117 0.534839 -2.18548e-15
      vertex -0.260117 0.534839 -0.0393701
    endloop
  endfacet
  facet normal 0.608759 0.793355 0
    outer loop
      vertex -0.260117 0.534839 -0.0393701
      vertex -0.260117 0.534839 -2.18548e-15
      vertex -0.253305 0.529612 -0.0393701
    endloop
  endfacet
  facet normal 0.608759 0.793355 0
    outer loop
      vertex -0.260117 0.534839 -2.18548e-15
      vertex -0.253305 0.529612 -2.18548e-15
      vertex -0.253305 0.529612 -0.0393701
    endloop
  endfacet
  facet normal 0.537301 0.843391 0
    outer loop
      vertex -0.253305 0.529612 -0.0393701
      vertex -0.253305 0.529612 -2.18548e-15
      vertex -0.246063 0.524998 -0.0393701
    endloop
  endfacet
  facet normal 0.537301 0.843391 0
    outer loop
      vertex -0.253305 0.529612 -2.18548e-15
      vertex -0.246063 0.524998 -2.18548e-15
      vertex -0.246063 0.524998 -0.0393701
    endloop
  endfacet
  facet normal 0.461748 0.887011 0
    outer loop
      vertex -0.246063 0.524998 -0.0393701
      vertex -0.246063 0.524998 -2.18548e-15
      vertex -0.238447 0.521033 -0.0393701
    endloop
  endfacet
  facet normal 0.461748 0.887011 0
    outer loop
      vertex -0.246063 0.524998 -2.18548e-15
      vertex -0.238447 0.521033 -2.18548e-15
      vertex -0.238447 0.521033 -0.0393701
    endloop
  endfacet
  facet normal 0.382684 0.923879 0
    outer loop
      vertex -0.238447 0.521033 -0.0393701
      vertex -0.238447 0.521033 -2.18548e-15
      vertex -0.230514 0.517747 -0.0393701
    endloop
  endfacet
  facet normal 0.382684 0.923879 0
    outer loop
      vertex -0.238447 0.521033 -2.18548e-15
      vertex -0.230514 0.517747 -2.18548e-15
      vertex -0.230514 0.517747 -0.0393701
    endloop
  endfacet
  facet normal 0.300705 0.953717 0
    outer loop
      vertex -0.230514 0.517747 -0.0393701
      vertex -0.230514 0.517747 -2.18548e-15
      vertex -0.222325 0.515165 -0.0393701
    endloop
  endfacet
  facet normal 0.300705 0.953717 0
    outer loop
      vertex -0.230514 0.517747 -2.18548e-15
      vertex -0.222325 0.515165 -2.18548e-15
      vertex -0.222325 0.515165 -0.0393701
    endloop
  endfacet
  facet normal 0.216441 0.976296 0
    outer loop
      vertex -0.222325 0.515165 -0.0393701
      vertex -0.222325 0.515165 -2.18548e-15
      vertex -0.213942 0.513307 -0.0393701
    endloop
  endfacet
  facet normal 0.216441 0.976296 0
    outer loop
      vertex -0.222325 0.515165 -2.18548e-15
      vertex -0.213942 0.513307 -2.18548e-15
      vertex -0.213942 0.513307 -0.0393701
    endloop
  endfacet
  facet normal 0.130528 0.991445 0
    outer loop
      vertex -0.213942 0.513307 -0.0393701
      vertex -0.213942 0.513307 -2.18548e-15
      vertex -0.205429 0.512186 -0.0393701
    endloop
  endfacet
  facet normal 0.130528 0.991445 0
    outer loop
      vertex -0.213942 0.513307 -2.18548e-15
      vertex -0.205429 0.512186 -2.18548e-15
      vertex -0.205429 0.512186 -0.0393701
    endloop
  endfacet
  facet normal 0.043616 0.999048 0
    outer loop
      vertex -0.205429 0.512186 -0.0393701
      vertex -0.205429 0.512186 -2.18548e-15
      vertex -0.19685 0.511812 -0.0393701
    endloop
  endfacet
  facet normal 0.043616 0.999048 0
    outer loop
      vertex -0.205429 0.512186 -2.18548e-15
      vertex -0.19685 0.511812 -2.18548e-15
      vertex -0.19685 0.511812 -0.0393701
    endloop
  endfacet
  facet normal -0.043616 0.999048 0
    outer loop
      vertex -0.19685 0.511812 -0.0393701
      vertex -0.19685 0.511812 -2.18548e-15
      vertex -0.188272 0.512186 -0.0393701
    endloop
  endfacet
  facet normal -0.043616 0.999048 0
    outer loop
      vertex -0.19685 0.511812 -2.18548e-15
      vertex -0.188272 0.512186 -2.18548e-15
      vertex -0.188272 0.512186 -0.0393701
    endloop
  endfacet
  facet normal -0.130528 0.991445 0
    outer loop
      vertex -0.188272 0.512186 -0.0393701
      vertex -0.188272 0.512186 -2.18548e-15
      vertex -0.179759 0.513307 -0.0393701
    endloop
  endfacet
  facet normal -0.130528 0.991445 0
    outer loop
      vertex -0.188272 0.512186 -2.18548e-15
      vertex -0.179759 0.513307 -2.18548e-15
      vertex -0.179759 0.513307 -0.0393701
    endloop
  endfacet
  facet normal -0.21644 0.976296 0
    outer loop
      vertex -0.179759 0.513307 -0.0393701
      vertex -0.179759 0.513307 -2.18548e-15
      vertex -0.171376 0.515165 -0.0393701
    endloop
  endfacet
  facet normal -0.21644 0.976296 0
    outer loop
      vertex -0.179759 0.513307 -2.18548e-15
      vertex -0.171376 0.515165 -2.18548e-15
      vertex -0.171376 0.515165 -0.0393701
    endloop
  endfacet
  facet normal -0.300705 0.953717 0
    outer loop
      vertex -0.171376 0.515165 -0.0393701
      vertex -0.171376 0.515165 -2.18548e-15
      vertex -0.163187 0.517747 -0.0393701
    endloop
  endfacet
  facet normal -0.300705 0.953717 0
    outer loop
      vertex -0.171376 0.515165 -2.18548e-15
      vertex -0.163187 0.517747 -2.18548e-15
      vertex -0.163187 0.517747 -0.0393701
    endloop
  endfacet
  facet normal -0.382684 0.923879 0
    outer loop
      vertex -0.163187 0.517747 -0.0393701
      vertex -0.163187 0.517747 -2.18548e-15
      vertex -0.155254 0.521033 -0.0393701
    endloop
  endfacet
  facet normal -0.382684 0.923879 0
    outer loop
      vertex -0.163187 0.517747 -2.18548e-15
      vertex -0.155254 0.521033 -2.18548e-15
      vertex -0.155254 0.521033 -0.0393701
    endloop
  endfacet
  facet normal -0.461748 0.887011 0
    outer loop
      vertex -0.155254 0.521033 -0.0393701
      vertex -0.155254 0.521033 -2.18548e-15
      vertex -0.147638 0.524998 -0.0393701
    endloop
  endfacet
  facet normal -0.461748 0.887011 0
    outer loop
      vertex -0.155254 0.521033 -2.18548e-15
      vertex -0.147638 0.524998 -2.18548e-15
      vertex -0.147638 0.524998 -0.0393701
    endloop
  endfacet
  facet normal -0.5373 0.843391 0
    outer loop
      vertex -0.147638 0.524998 -0.0393701
      vertex -0.147638 0.524998 -2.18548e-15
      vertex -0.140396 0.529612 -0.0393701
    endloop
  endfacet
  facet normal -0.5373 0.843391 0
    outer loop
      vertex -0.147638 0.524998 -2.18548e-15
      vertex -0.140396 0.529612 -2.18548e-15
      vertex -0.140396 0.529612 -0.0393701
    endloop
  endfacet
  facet normal -0.60876 0.793355 0
    outer loop
      vertex -0.140396 0.529612 -0.0393701
      vertex -0.140396 0.529612 -2.18548e-15
      vertex -0.133584 0.534839 -0.0393701
    endloop
  endfacet
  facet normal -0.60876 0.793355 0
    outer loop
      vertex -0.140396 0.529612 -2.18548e-15
      vertex -0.133584 0.534839 -2.18548e-15
      vertex -0.133584 0.534839 -0.0393701
    endloop
  endfacet
  facet normal -0.675591 0.737277 0
    outer loop
      vertex -0.133584 0.534839 -0.0393701
      vertex -0.133584 0.534839 -2.18548e-15
      vertex -0.127253 0.54064 -0.0393701
    endloop
  endfacet
  facet normal -0.675591 0.737277 0
    outer loop
      vertex -0.133584 0.534839 -2.18548e-15
      vertex -0.127253 0.54064 -2.18548e-15
      vertex -0.127253 0.54064 -0.0393701
    endloop
  endfacet
  facet normal -0.737277 0.675591 0
    outer loop
      vertex -0.127253 0.54064 -0.0393701
      vertex -0.127253 0.54064 -2.18548e-15
      vertex -0.121452 0.54697 -0.0393701
    endloop
  endfacet
  facet normal -0.737277 0.675591 0
    outer loop
      vertex -0.127253 0.54064 -2.18548e-15
      vertex -0.121452 0.54697 -2.18548e-15
      vertex -0.121452 0.54697 -0.0393701
    endloop
  endfacet
  facet normal -0.793354 0.60876 0
    outer loop
      vertex -0.121452 0.54697 -0.0393701
      vertex -0.121452 0.54697 -2.18548e-15
      vertex -0.116225 0.553782 -0.0393701
    endloop
  endfacet
  facet normal -0.793354 0.60876 0
    outer loop
      vertex -0.121452 0.54697 -2.18548e-15
      vertex -0.116225 0.553782 -2.18548e-15
      vertex -0.116225 0.553782 -0.0393701
    endloop
  endfacet
  facet normal -0.843392 0.537299 0
    outer loop
      vertex -0.116225 0.553782 -0.0393701
      vertex -0.116225 0.553782 -2.18548e-15
      vertex -0.111612 0.561024 -0.0393701
    endloop
  endfacet
  facet normal -0.843392 0.537299 0
    outer loop
      vertex -0.116225 0.553782 -2.18548e-15
      vertex -0.111612 0.561024 -2.18548e-15
      vertex -0.111612 0.561024 -0.0393701
    endloop
  endfacet
  facet normal -0.887011 0.461749 0
    outer loop
      vertex -0.111612 0.561024 -0.0393701
      vertex -0.111612 0.561024 -2.18548e-15
      vertex -0.107647 0.568641 -0.0393701
    endloop
  endfacet
  facet normal -0.887011 0.461749 0
    outer loop
      vertex -0.111612 0.561024 -2.18548e-15
      vertex -0.107647 0.568641 -2.18548e-15
      vertex -0.107647 0.568641 -0.0393701
    endloop
  endfacet
  facet normal -0.92388 0.382683 0
    outer loop
      vertex -0.107647 0.568641 -0.0393701
      vertex -0.107647 0.568641 -2.18548e-15
      vertex -0.104361 0.576573 -0.0393701
    endloop
  endfacet
  facet normal -0.92388 0.382683 0
    outer loop
      vertex -0.107647 0.568641 -2.18548e-15
      vertex -0.104361 0.576573 -2.18548e-15
      vertex -0.104361 0.576573 -0.0393701
    endloop
  endfacet
  facet normal -0.953717 0.300706 0
    outer loop
      vertex -0.104361 0.576573 -0.0393701
      vertex -0.104361 0.576573 -2.18548e-15
      vertex -0.101779 0.584762 -0.0393701
    endloop
  endfacet
  facet normal -0.953717 0.300706 0
    outer loop
      vertex -0.104361 0.576573 -2.18548e-15
      vertex -0.101779 0.584762 -2.18548e-15
      vertex -0.101779 0.584762 -0.0393701
    endloop
  endfacet
  facet normal -0.976296 0.216439 0
    outer loop
      vertex -0.101779 0.584762 -0.0393701
      vertex -0.101779 0.584762 -2.18548e-15
      vertex -0.0999205 0.593145 -0.0393701
    endloop
  endfacet
  facet normal -0.976296 0.216439 0
    outer loop
      vertex -0.101779 0.584762 -2.18548e-15
      vertex -0.0999205 0.593145 -2.18548e-15
      vertex -0.0999205 0.593145 -0.0393701
    endloop
  endfacet
  facet normal -0.991445 0.130527 0
    outer loop
      vertex -0.0999205 0.593145 -0.0393701
      vertex -0.0999205 0.593145 -2.18548e-15
      vertex -0.0987997 0.601658 -0.0393701
    endloop
  endfacet
  facet normal -0.991445 0.130527 0
    outer loop
      vertex -0.0999205 0.593145 -2.18548e-15
      vertex -0.0987997 0.601658 -2.18548e-15
      vertex -0.0987997 0.601658 -0.0393701
    endloop
  endfacet
  facet normal -0.999048 0.0436192 0
    outer loop
      vertex -0.0987997 0.601658 -0.0393701
      vertex -0.0987997 0.601658 -2.18548e-15
      vertex -0.0984252 0.610237 -0.0393701
    endloop
  endfacet
  facet normal -0.999048 0.0436192 0
    outer loop
      vertex -0.0987997 0.601658 -2.18548e-15
      vertex -0.0984252 0.610237 -2.18548e-15
      vertex -0.0984252 0.610237 -0.0393701
    endloop
  endfacet
  facet normal 0.999216 -0.0395789 0
    outer loop
      vertex -0.354331 -4.00572e-17 -0.0393701
      vertex -0.354331 -4.00572e-17 0
      vertex -0.357291 -0.0747312 0
    endloop
  endfacet
  facet normal 0.999216 -0.0395789 0
    outer loop
      vertex -0.354331 -4.00572e-17 -0.0393701
      vertex -0.357291 -0.0747312 0
      vertex -0.357291 -0.0747312 -0.0393701
    endloop
  endfacet
  facet normal 0.992956 -0.118481 0
    outer loop
      vertex -0.357291 -0.0747312 0
      vertex -0.366152 -0.148994 0
      vertex -0.357291 -0.0747312 -0.0393701
    endloop
  endfacet
  facet normal 0.992956 -0.118481 0
    outer loop
      vertex -0.357291 -0.0747312 -0.0393701
      vertex -0.366152 -0.148994 0
      vertex -0.366152 -0.148994 -0.0393701
    endloop
  endfacet
  facet normal 0.980475 -0.196643 0
    outer loop
      vertex -0.366152 -0.148994 0
      vertex -0.380859 -0.222324 0
      vertex -0.366152 -0.148994 -0.0393701
    endloop
  endfacet
  facet normal 0.980475 -0.196643 0
    outer loop
      vertex -0.366152 -0.148994 -0.0393701
      vertex -0.380859 -0.222324 0
      vertex -0.380859 -0.222324 -0.0393701
    endloop
  endfacet
  facet normal 0.961851 -0.273573 0
    outer loop
      vertex -0.380859 -0.222324 0
      vertex -0.401319 -0.29426 0
      vertex -0.380859 -0.222324 -0.0393701
    endloop
  endfacet
  facet normal 0.961851 -0.273573 0
    outer loop
      vertex -0.380859 -0.222324 -0.0393701
      vertex -0.401319 -0.29426 0
      vertex -0.401319 -0.29426 -0.0393701
    endloop
  endfacet
  facet normal 0 -1 0
    outer loop
      vertex -0.810383 0.285433 -0.0393701
      vertex -0.60694 0.285433 -0.0393701
      vertex -0.810383 0.285433 0
    endloop
  endfacet
  facet normal 0 -1 0
    outer loop
      vertex -0.60694 0.285433 -0.0393701
      vertex -0.60694 0.285433 0
      vertex -0.810383 0.285433 0
    endloop
  endfacet
  facet normal -0.999048 -0.043616 0
    outer loop
      vertex -1.08268 -0.531944 -0.0393701
      vertex -1.08268 -0.531944 -2.18548e-15
      vertex -1.08305 -0.523366 -0.0393701
    endloop
  endfacet
  facet normal -0.999048 -0.043616 0
    outer loop
      vertex -1.08268 -0.531944 -2.18548e-15
      vertex -1.08305 -0.523366 -2.18548e-15
      vertex -1.08305 -0.523366 -0.0393701
    endloop
  endfacet
  facet normal -0.991444 -0.130532 0
    outer loop
      vertex -1.08305 -0.523366 -0.0393701
      vertex -1.08305 -0.523366 -2.18548e-15
      vertex -1.08417 -0.514852 -0.0393701
    endloop
  endfacet
  facet normal -0.991444 -0.130532 0
    outer loop
      vertex -1.08305 -0.523366 -2.18548e-15
      vertex -1.08417 -0.514852 -2.18548e-15
      vertex -1.08417 -0.514852 -0.0393701
    endloop
  endfacet
  facet normal -0.976296 -0.21644 0
    outer loop
      vertex -1.08417 -0.514852 -0.0393701
      vertex -1.08417 -0.514852 -2.18548e-15
      vertex -1.08603 -0.50647 -0.0393701
    endloop
  endfacet
  facet normal -0.976296 -0.21644 0
    outer loop
      vertex -1.08417 -0.514852 -2.18548e-15
      vertex -1.08603 -0.50647 -2.18548e-15
      vertex -1.08603 -0.50647 -0.0393701
    endloop
  endfacet
  facet normal -0.953718 -0.300701 0
    outer loop
      vertex -1.08603 -0.50647 -0.0393701
      vertex -1.08603 -0.50647 -2.18548e-15
      vertex -1.08861 -0.49828 -0.0393701
    endloop
  endfacet
  facet normal -0.953718 -0.300701 0
    outer loop
      vertex -1.08603 -0.50647 -2.18548e-15
      vertex -1.08861 -0.49828 -2.18548e-15
      vertex -1.08861 -0.49828 -0.0393701
    endloop
  endfacet
  facet normal -0.923878 -0.382688 0
    outer loop
      vertex -1.08861 -0.49828 -0.0393701
      vertex -1.08861 -0.49828 -2.18548e-15
      vertex -1.0919 -0.490348 -0.0393701
    endloop
  endfacet
  facet normal -0.923878 -0.382688 0
    outer loop
      vertex -1.08861 -0.49828 -2.18548e-15
      vertex -1.0919 -0.490348 -2.18548e-15
      vertex -1.0919 -0.490348 -0.0393701
    endloop
  endfacet
  facet normal -0.887011 -0.461748 0
    outer loop
      vertex -1.0919 -0.490348 -0.0393701
      vertex -1.0919 -0.490348 -2.18548e-15
      vertex -1.09586 -0.482731 -0.0393701
    endloop
  endfacet
  facet normal -0.887011 -0.461748 0
    outer loop
      vertex -1.0919 -0.490348 -2.18548e-15
      vertex -1.09586 -0.482731 -2.18548e-15
      vertex -1.09586 -0.482731 -0.0393701
    endloop
  endfacet
  facet normal -0.843393 -0.537298 0
    outer loop
      vertex -1.09586 -0.482731 -0.0393701
      vertex -1.09586 -0.482731 -2.18548e-15
      vertex -1.10048 -0.475489 -0.0393701
    endloop
  endfacet
  facet normal -0.843393 -0.537298 0
    outer loop
      vertex -1.09586 -0.482731 -2.18548e-15
      vertex -1.10048 -0.475489 -2.18548e-15
      vertex -1.10048 -0.475489 -0.0393701
    endloop
  endfacet
  facet normal -0.793354 -0.608761 0
    outer loop
      vertex -1.10048 -0.475489 -0.0393701
      vertex -1.10048 -0.475489 -2.18548e-15
      vertex -1.1057 -0.468677 -0.0393701
    endloop
  endfacet
  facet normal -0.793354 -0.608761 0
    outer loop
      vertex -1.10048 -0.475489 -2.18548e-15
      vertex -1.1057 -0.468677 -2.18548e-15
      vertex -1.1057 -0.468677 -0.0393701
    endloop
  endfacet
  facet normal -0.737276 -0.675592 0
    outer loop
      vertex -1.1057 -0.468677 -0.0393701
      vertex -1.1057 -0.468677 -2.18548e-15
      vertex -1.11151 -0.462347 -0.0393701
    endloop
  endfacet
  facet normal -0.737276 -0.675592 0
    outer loop
      vertex -1.1057 -0.468677 -2.18548e-15
      vertex -1.11151 -0.462347 -2.18548e-15
      vertex -1.11151 -0.462347 -0.0393701
    endloop
  endfacet
  facet normal -0.675594 -0.737274 0
    outer loop
      vertex -1.11151 -0.462347 -0.0393701
      vertex -1.11151 -0.462347 -2.18548e-15
      vertex -1.11784 -0.456546 -0.0393701
    endloop
  endfacet
  facet normal -0.675594 -0.737274 0
    outer loop
      vertex -1.11151 -0.462347 -2.18548e-15
      vertex -1.11784 -0.456546 -2.18548e-15
      vertex -1.11784 -0.456546 -0.0393701
    endloop
  endfacet
  facet normal -0.608758 -0.793356 0
    outer loop
      vertex -1.11784 -0.456546 -0.0393701
      vertex -1.11784 -0.456546 -2.18548e-15
      vertex -1.12465 -0.451319 -0.0393701
    endloop
  endfacet
  facet normal -0.608758 -0.793356 0
    outer loop
      vertex -1.11784 -0.456546 -2.18548e-15
      vertex -1.12465 -0.451319 -2.18548e-15
      vertex -1.12465 -0.451319 -0.0393701
    endloop
  endfacet
  facet normal -0.537299 -0.843392 0
    outer loop
      vertex -1.12465 -0.451319 -0.0393701
      vertex -1.12465 -0.451319 -2.18548e-15
      vertex -1.13189 -0.446705 -0.0393701
    endloop
  endfacet
  facet normal -0.537299 -0.843392 0
    outer loop
      vertex -1.12465 -0.451319 -2.18548e-15
      vertex -1.13189 -0.446705 -2.18548e-15
      vertex -1.13189 -0.446705 -0.0393701
    endloop
  endfacet
  facet normal -0.461748 -0.887011 0
    outer loop
      vertex -1.13189 -0.446705 -0.0393701
      vertex -1.13189 -0.446705 -2.18548e-15
      vertex -1.13951 -0.44274 -0.0393701
    endloop
  endfacet
  facet normal -0.461748 -0.887011 0
    outer loop
      vertex -1.13189 -0.446705 -2.18548e-15
      vertex -1.13951 -0.44274 -2.18548e-15
      vertex -1.13951 -0.44274 -0.0393701
    endloop
  endfacet
  facet normal -0.382684 -0.923879 0
    outer loop
      vertex -1.13951 -0.44274 -0.0393701
      vertex -1.13951 -0.44274 -2.18548e-15
      vertex -1.14744 -0.439454 -0.0393701
    endloop
  endfacet
  facet normal -0.382684 -0.923879 0
    outer loop
      vertex -1.13951 -0.44274 -2.18548e-15
      vertex -1.14744 -0.439454 -2.18548e-15
      vertex -1.14744 -0.439454 -0.0393701
    endloop
  endfacet
  facet normal -0.300706 -0.953717 0
    outer loop
      vertex -1.14744 -0.439454 -0.0393701
      vertex -1.14744 -0.439454 -2.18548e-15
      vertex -1.15563 -0.436872 -0.0393701
    endloop
  endfacet
  facet normal -0.300706 -0.953717 0
    outer loop
      vertex -1.14744 -0.439454 -2.18548e-15
      vertex -1.15563 -0.436872 -2.18548e-15
      vertex -1.15563 -0.436872 -0.0393701
    endloop
  endfacet
  facet normal -0.216439 -0.976296 0
    outer loop
      vertex -1.15563 -0.436872 -0.0393701
      vertex -1.15563 -0.436872 -2.18548e-15
      vertex -1.16401 -0.435014 -0.0393701
    endloop
  endfacet
  facet normal -0.216439 -0.976296 0
    outer loop
      vertex -1.15563 -0.436872 -2.18548e-15
      vertex -1.16401 -0.435014 -2.18548e-15
      vertex -1.16401 -0.435014 -0.0393701
    endloop
  endfacet
  facet normal -0.130528 -0.991445 0
    outer loop
      vertex -1.16401 -0.435014 -0.0393701
      vertex -1.16401 -0.435014 -2.18548e-15
      vertex -1.17252 -0.433893 -0.0393701
    endloop
  endfacet
  facet normal -0.130528 -0.991445 0
    outer loop
      vertex -1.16401 -0.435014 -2.18548e-15
      vertex -1.17252 -0.433893 -2.18548e-15
      vertex -1.17252 -0.433893 -0.0393701
    endloop
  endfacet
  facet normal -0.0436162 -0.999048 0
    outer loop
      vertex -1.17252 -0.433893 -0.0393701
      vertex -1.17252 -0.433893 -2.18548e-15
      vertex -1.1811 -0.433519 -0.0393701
    endloop
  endfacet
  facet normal -0.0436162 -0.999048 0
    outer loop
      vertex -1.17252 -0.433893 -2.18548e-15
      vertex -1.1811 -0.433519 -2.18548e-15
      vertex -1.1811 -0.433519 -0.0393701
    endloop
  endfacet
  facet normal 0.0436159 -0.999048 0
    outer loop
      vertex -1.1811 -0.433519 -0.0393701
      vertex -1.1811 -0.433519 -2.18548e-15
      vertex -1.18968 -0.433893 -0.0393701
    endloop
  endfacet
  facet normal 0.0436159 -0.999048 0
    outer loop
      vertex -1.1811 -0.433519 -2.18548e-15
      vertex -1.18968 -0.433893 -2.18548e-15
      vertex -1.18968 -0.433893 -0.0393701
    endloop
  endfacet
  facet normal 0.130528 -0.991445 0
    outer loop
      vertex -1.18968 -0.433893 -0.0393701
      vertex -1.18968 -0.433893 -2.18548e-15
      vertex -1.19819 -0.435014 -0.0393701
    endloop
  endfacet
  facet normal 0.130528 -0.991445 0
    outer loop
      vertex -1.18968 -0.433893 -2.18548e-15
      vertex -1.19819 -0.435014 -2.18548e-15
      vertex -1.19819 -0.435014 -0.0393701
    endloop
  endfacet
  facet normal 0.216441 -0.976296 0
    outer loop
      vertex -1.19819 -0.435014 -0.0393701
      vertex -1.19819 -0.435014 -2.18548e-15
      vertex -1.20658 -0.436872 -0.0393701
    endloop
  endfacet
  facet normal 0.216441 -0.976296 0
    outer loop
      vertex -1.19819 -0.435014 -2.18548e-15
      vertex -1.20658 -0.436872 -2.18548e-15
      vertex -1.20658 -0.436872 -0.0393701
    endloop
  endfacet
  facet normal 0.300704 -0.953718 0
    outer loop
      vertex -1.20658 -0.436872 -0.0393701
      vertex -1.20658 -0.436872 -2.18548e-15
      vertex -1.21477 -0.439454 -0.0393701
    endloop
  endfacet
  facet normal 0.300704 -0.953718 0
    outer loop
      vertex -1.20658 -0.436872 -2.18548e-15
      vertex -1.21477 -0.439454 -2.18548e-15
      vertex -1.21477 -0.439454 -0.0393701
    endloop
  endfacet
  facet normal 0.382684 -0.923879 0
    outer loop
      vertex -1.21477 -0.439454 -0.0393701
      vertex -1.21477 -0.439454 -2.18548e-15
      vertex -1.2227 -0.44274 -0.0393701
    endloop
  endfacet
  facet normal 0.382684 -0.923879 0
    outer loop
      vertex -1.21477 -0.439454 -2.18548e-15
      vertex -1.2227 -0.44274 -2.18548e-15
      vertex -1.2227 -0.44274 -0.0393701
    endloop
  endfacet
  facet normal 0.461748 -0.887011 0
    outer loop
      vertex -1.2227 -0.44274 -0.0393701
      vertex -1.2227 -0.44274 -2.18548e-15
      vertex -1.23031 -0.446705 -0.0393701
    endloop
  endfacet
  facet normal 0.461748 -0.887011 0
    outer loop
      vertex -1.2227 -0.44274 -2.18548e-15
      vertex -1.23031 -0.446705 -2.18548e-15
      vertex -1.23031 -0.446705 -0.0393701
    endloop
  endfacet
  facet normal 0.537303 -0.843389 0
    outer loop
      vertex -1.23031 -0.446705 -0.0393701
      vertex -1.23031 -0.446705 -2.18548e-15
      vertex -1.23756 -0.451319 -0.0393701
    endloop
  endfacet
  facet normal 0.537303 -0.843389 0
    outer loop
      vertex -1.23031 -0.446705 -2.18548e-15
      vertex -1.23756 -0.451319 -2.18548e-15
      vertex -1.23756 -0.451319 -0.0393701
    endloop
  endfacet
  facet normal 0.608758 -0.793356 0
    outer loop
      vertex -1.23756 -0.451319 -0.0393701
      vertex -1.23756 -0.451319 -2.18548e-15
      vertex -1.24437 -0.456546 -0.0393701
    endloop
  endfacet
  facet normal 0.608758 -0.793356 0
    outer loop
      vertex -1.23756 -0.451319 -2.18548e-15
      vertex -1.24437 -0.456546 -2.18548e-15
      vertex -1.24437 -0.456546 -0.0393701
    endloop
  endfacet
  facet normal 0.67559 -0.737277 0
    outer loop
      vertex -1.24437 -0.456546 -0.0393701
      vertex -1.24437 -0.456546 -2.18548e-15
      vertex -1.2507 -0.462347 -0.0393701
    endloop
  endfacet
  facet normal 0.67559 -0.737277 0
    outer loop
      vertex -1.24437 -0.456546 -2.18548e-15
      vertex -1.2507 -0.462347 -2.18548e-15
      vertex -1.2507 -0.462347 -0.0393701
    endloop
  endfacet
  facet normal 0.73728 -0.675588 0
    outer loop
      vertex -1.2507 -0.462347 -0.0393701
      vertex -1.2507 -0.462347 -2.18548e-15
      vertex -1.2565 -0.468677 -0.0393701
    endloop
  endfacet
  facet normal 0.73728 -0.675588 0
    outer loop
      vertex -1.2507 -0.462347 -2.18548e-15
      vertex -1.2565 -0.468677 -2.18548e-15
      vertex -1.2565 -0.468677 -0.0393701
    endloop
  endfacet
  facet normal 0.793354 -0.608761 0
    outer loop
      vertex -1.2565 -0.468677 -0.0393701
      vertex -1.2565 -0.468677 -2.18548e-15
      vertex -1.26173 -0.475489 -0.0393701
    endloop
  endfacet
  facet normal 0.793354 -0.608761 0
    outer loop
      vertex -1.2565 -0.468677 -2.18548e-15
      vertex -1.26173 -0.475489 -2.18548e-15
      vertex -1.26173 -0.475489 -0.0393701
    endloop
  endfacet
  facet normal 0.843393 -0.537298 0
    outer loop
      vertex -1.26173 -0.475489 -0.0393701
      vertex -1.26173 -0.475489 -2.18548e-15
      vertex -1.26634 -0.482731 -0.0393701
    endloop
  endfacet
  facet normal 0.843393 -0.537298 0
    outer loop
      vertex -1.26173 -0.475489 -2.18548e-15
      vertex -1.26634 -0.482731 -2.18548e-15
      vertex -1.26634 -0.482731 -0.0393701
    endloop
  endfacet
  facet normal 0.887004 -0.461761 0
    outer loop
      vertex -1.26634 -0.482731 -0.0393701
      vertex -1.26634 -0.482731 -2.18548e-15
      vertex -1.27031 -0.490348 -0.0393701
    endloop
  endfacet
  facet normal 0.887004 -0.461761 0
    outer loop
      vertex -1.26634 -0.482731 -2.18548e-15
      vertex -1.27031 -0.490348 -2.18548e-15
      vertex -1.27031 -0.490348 -0.0393701
    endloop
  endfacet
  facet normal 0.923881 -0.382681 0
    outer loop
      vertex -1.27031 -0.490348 -0.0393701
      vertex -1.27031 -0.490348 -2.18548e-15
      vertex -1.27359 -0.49828 -0.0393701
    endloop
  endfacet
  facet normal 0.923881 -0.382681 0
    outer loop
      vertex -1.27031 -0.490348 -2.18548e-15
      vertex -1.27359 -0.49828 -2.18548e-15
      vertex -1.27359 -0.49828 -0.0393701
    endloop
  endfacet
  facet normal 0.953716 -0.300709 0
    outer loop
      vertex -1.27359 -0.49828 -0.0393701
      vertex -1.27359 -0.49828 -2.18548e-15
      vertex -1.27617 -0.50647 -0.0393701
    endloop
  endfacet
  facet normal 0.953716 -0.300709 0
    outer loop
      vertex -1.27359 -0.49828 -2.18548e-15
      vertex -1.27617 -0.50647 -2.18548e-15
      vertex -1.27617 -0.50647 -0.0393701
    endloop
  endfacet
  facet normal 0.976298 -0.216432 0
    outer loop
      vertex -1.27617 -0.50647 -0.0393701
      vertex -1.27617 -0.50647 -2.18548e-15
      vertex -1.27803 -0.514852 -0.0393701
    endloop
  endfacet
  facet normal 0.976298 -0.216432 0
    outer loop
      vertex -1.27617 -0.50647 -2.18548e-15
      vertex -1.27803 -0.514852 -2.18548e-15
      vertex -1.27803 -0.514852 -0.0393701
    endloop
  endfacet
  facet normal 0.991444 -0.130532 0
    outer loop
      vertex -1.27803 -0.514852 -0.0393701
      vertex -1.27803 -0.514852 -2.18548e-15
      vertex -1.27915 -0.523366 -0.0393701
    endloop
  endfacet
  facet normal 0.991444 -0.130532 0
    outer loop
      vertex -1.27803 -0.514852 -2.18548e-15
      vertex -1.27915 -0.523366 -2.18548e-15
      vertex -1.27915 -0.523366 -0.0393701
    endloop
  endfacet
  facet normal 0.999049 -0.0436075 0
    outer loop
      vertex -1.27915 -0.523366 -0.0393701
      vertex -1.27915 -0.523366 -2.18548e-15
      vertex -1.27953 -0.531944 -0.0393701
    endloop
  endfacet
  facet normal 0.999049 -0.0436075 0
    outer loop
      vertex -1.27915 -0.523366 -2.18548e-15
      vertex -1.27953 -0.531944 -2.18548e-15
      vertex -1.27953 -0.531944 -0.0393701
    endloop
  endfacet
  facet normal 0.999049 0.0436075 0
    outer loop
      vertex -1.27953 -0.531944 -0.0393701
      vertex -1.27953 -0.531944 -2.18548e-15
      vertex -1.27915 -0.540522 -0.0393701
    endloop
  endfacet
  facet normal 0.999049 0.0436075 0
    outer loop
      vertex -1.27953 -0.531944 -2.18548e-15
      vertex -1.27915 -0.540522 -2.18548e-15
      vertex -1.27915 -0.540522 -0.0393701
    endloop
  endfacet
  facet normal 0.991444 0.130532 0
    outer loop
      vertex -1.27915 -0.540522 -0.0393701
      vertex -1.27915 -0.540522 -2.18548e-15
      vertex -1.27803 -0.549035 -0.0393701
    endloop
  endfacet
  facet normal 0.991444 0.130532 0
    outer loop
      vertex -1.27915 -0.540522 -2.18548e-15
      vertex -1.27803 -0.549035 -2.18548e-15
      vertex -1.27803 -0.549035 -0.0393701
    endloop
  endfacet
  facet normal 0.976297 0.216433 0
    outer loop
      vertex -1.27803 -0.549035 -0.0393701
      vertex -1.27803 -0.549035 -2.18548e-15
      vertex -1.27617 -0.557418 -0.0393701
    endloop
  endfacet
  facet normal 0.976297 0.216433 0
    outer loop
      vertex -1.27803 -0.549035 -2.18548e-15
      vertex -1.27617 -0.557418 -2.18548e-15
      vertex -1.27617 -0.557418 -0.0393701
    endloop
  endfacet
  facet normal 0.953716 0.300708 0
    outer loop
      vertex -1.27617 -0.557418 -0.0393701
      vertex -1.27617 -0.557418 -2.18548e-15
      vertex -1.27359 -0.565607 -0.0393701
    endloop
  endfacet
  facet normal 0.953716 0.300708 0
    outer loop
      vertex -1.27617 -0.557418 -2.18548e-15
      vertex -1.27359 -0.565607 -2.18548e-15
      vertex -1.27359 -0.565607 -0.0393701
    endloop
  endfacet
  facet normal 0.923881 0.382681 0
    outer loop
      vertex -1.27359 -0.565607 -0.0393701
      vertex -1.27359 -0.565607 -2.18548e-15
      vertex -1.27031 -0.57354 -0.0393701
    endloop
  endfacet
  facet normal 0.923881 0.382681 0
    outer loop
      vertex -1.27359 -0.565607 -2.18548e-15
      vertex -1.27031 -0.57354 -2.18548e-15
      vertex -1.27031 -0.57354 -0.0393701
    endloop
  endfacet
  facet normal 0.887004 0.461761 0
    outer loop
      vertex -1.27031 -0.57354 -0.0393701
      vertex -1.27031 -0.57354 -2.18548e-15
      vertex -1.26634 -0.581156 -0.0393701
    endloop
  endfacet
  facet normal 0.887004 0.461761 0
    outer loop
      vertex -1.27031 -0.57354 -2.18548e-15
      vertex -1.26634 -0.581156 -2.18548e-15
      vertex -1.26634 -0.581156 -0.0393701
    endloop
  endfacet
  facet normal 0.843393 0.537298 0
    outer loop
      vertex -1.26634 -0.581156 -0.0393701
      vertex -1.26634 -0.581156 -2.18548e-15
      vertex -1.26173 -0.588398 -0.0393701
    endloop
  endfacet
  facet normal 0.843393 0.537298 0
    outer loop
      vertex -1.26634 -0.581156 -2.18548e-15
      vertex -1.26173 -0.588398 -2.18548e-15
      vertex -1.26173 -0.588398 -0.0393701
    endloop
  endfacet
  facet normal 0.793352 0.608763 0
    outer loop
      vertex -1.26173 -0.588398 -0.0393701
      vertex -1.26173 -0.588398 -2.18548e-15
      vertex -1.2565 -0.59521 -0.0393701
    endloop
  endfacet
  facet normal 0.793352 0.608763 0
    outer loop
      vertex -1.26173 -0.588398 -2.18548e-15
      vertex -1.2565 -0.59521 -2.18548e-15
      vertex -1.2565 -0.59521 -0.0393701
    endloop
  endfacet
  facet normal 0.737282 0.675585 0
    outer loop
      vertex -1.2565 -0.59521 -0.0393701
      vertex -1.2565 -0.59521 -2.18548e-15
      vertex -1.2507 -0.601541 -0.0393701
    endloop
  endfacet
  facet normal 0.737282 0.675585 0
    outer loop
      vertex -1.2565 -0.59521 -2.18548e-15
      vertex -1.2507 -0.601541 -2.18548e-15
      vertex -1.2507 -0.601541 -0.0393701
    endloop
  endfacet
  facet normal 0.675588 0.73728 0
    outer loop
      vertex -1.2507 -0.601541 -0.0393701
      vertex -1.2507 -0.601541 -2.18548e-15
      vertex -1.24437 -0.607342 -0.0393701
    endloop
  endfacet
  facet normal 0.675588 0.73728 0
    outer loop
      vertex -1.2507 -0.601541 -2.18548e-15
      vertex -1.24437 -0.607342 -2.18548e-15
      vertex -1.24437 -0.607342 -0.0393701
    endloop
  endfacet
  facet normal 0.608761 0.793354 0
    outer loop
      vertex -1.24437 -0.607342 -0.0393701
      vertex -1.24437 -0.607342 -2.18548e-15
      vertex -1.23756 -0.612569 -0.0393701
    endloop
  endfacet
  facet normal 0.608761 0.793354 0
    outer loop
      vertex -1.24437 -0.607342 -2.18548e-15
      vertex -1.23756 -0.612569 -2.18548e-15
      vertex -1.23756 -0.612569 -0.0393701
    endloop
  endfacet
  facet normal 0.5373 0.843391 0
    outer loop
      vertex -1.23756 -0.612569 -0.0393701
      vertex -1.23756 -0.612569 -2.18548e-15
      vertex -1.23031 -0.617183 -0.0393701
    endloop
  endfacet
  facet normal 0.5373 0.843391 0
    outer loop
      vertex -1.23756 -0.612569 -2.18548e-15
      vertex -1.23031 -0.617183 -2.18548e-15
      vertex -1.23031 -0.617183 -0.0393701
    endloop
  endfacet
  facet normal 0.461748 0.887011 0
    outer loop
      vertex -1.23031 -0.617183 -0.0393701
      vertex -1.23031 -0.617183 -2.18548e-15
      vertex -1.2227 -0.621147 -0.0393701
    endloop
  endfacet
  facet normal 0.461748 0.887011 0
    outer loop
      vertex -1.23031 -0.617183 -2.18548e-15
      vertex -1.2227 -0.621147 -2.18548e-15
      vertex -1.2227 -0.621147 -0.0393701
    endloop
  endfacet
  facet normal 0.382688 0.923878 0
    outer loop
      vertex -1.2227 -0.621147 -0.0393701
      vertex -1.2227 -0.621147 -2.18548e-15
      vertex -1.21477 -0.624433 -0.0393701
    endloop
  endfacet
  facet normal 0.382688 0.923878 0
    outer loop
      vertex -1.2227 -0.621147 -2.18548e-15
      vertex -1.21477 -0.624433 -2.18548e-15
      vertex -1.21477 -0.624433 -0.0393701
    endloop
  endfacet
  facet normal 0.3007 0.953719 0
    outer loop
      vertex -1.21477 -0.624433 -0.0393701
      vertex -1.21477 -0.624433 -2.18548e-15
      vertex -1.20658 -0.627015 -0.0393701
    endloop
  endfacet
  facet normal 0.3007 0.953719 0
    outer loop
      vertex -1.21477 -0.624433 -2.18548e-15
      vertex -1.20658 -0.627015 -2.18548e-15
      vertex -1.20658 -0.627015 -0.0393701
    endloop
  endfacet
  facet normal 0.216441 0.976296 0
    outer loop
      vertex -1.20658 -0.627015 -0.0393701
      vertex -1.20658 -0.627015 -2.18548e-15
      vertex -1.19819 -0.628874 -0.0393701
    endloop
  endfacet
  facet normal 0.216441 0.976296 0
    outer loop
      vertex -1.20658 -0.627015 -2.18548e-15
      vertex -1.19819 -0.628874 -2.18548e-15
      vertex -1.19819 -0.628874 -0.0393701
    endloop
  endfacet
  facet normal 0.130532 0.991444 0
    outer loop
      vertex -1.19819 -0.628874 -0.0393701
      vertex -1.19819 -0.628874 -2.18548e-15
      vertex -1.18968 -0.629995 -0.0393701
    endloop
  endfacet
  facet normal 0.130532 0.991444 0
    outer loop
      vertex -1.19819 -0.628874 -2.18548e-15
      vertex -1.18968 -0.629995 -2.18548e-15
      vertex -1.18968 -0.629995 -0.0393701
    endloop
  endfacet
  facet normal 0.0436159 0.999048 0
    outer loop
      vertex -1.18968 -0.629995 -0.0393701
      vertex -1.18968 -0.629995 -2.18548e-15
      vertex -1.1811 -0.630369 -0.0393701
    endloop
  endfacet
  facet normal 0.0436159 0.999048 0
    outer loop
      vertex -1.18968 -0.629995 -2.18548e-15
      vertex -1.1811 -0.630369 -2.18548e-15
      vertex -1.1811 -0.630369 -0.0393701
    endloop
  endfacet
  facet normal -0.0436162 0.999048 0
    outer loop
      vertex -1.1811 -0.630369 -0.0393701
      vertex -1.1811 -0.630369 -2.18548e-15
      vertex -1.17252 -0.629995 -0.0393701
    endloop
  endfacet
  facet normal -0.0436162 0.999048 0
    outer loop
      vertex -1.1811 -0.630369 -2.18548e-15
      vertex -1.17252 -0.629995 -2.18548e-15
      vertex -1.17252 -0.629995 -0.0393701
    endloop
  endfacet
  facet normal -0.130532 0.991444 0
    outer loop
      vertex -1.17252 -0.629995 -0.0393701
      vertex -1.17252 -0.629995 -2.18548e-15
      vertex -1.16401 -0.628874 -0.0393701
    endloop
  endfacet
  facet normal -0.130532 0.991444 0
    outer loop
      vertex -1.17252 -0.629995 -2.18548e-15
      vertex -1.16401 -0.628874 -2.18548e-15
      vertex -1.16401 -0.628874 -0.0393701
    endloop
  endfacet
  facet normal -0.216439 0.976296 0
    outer loop
      vertex -1.16401 -0.628874 -0.0393701
      vertex -1.16401 -0.628874 -2.18548e-15
      vertex -1.15563 -0.627015 -0.0393701
    endloop
  endfacet
  facet normal -0.216439 0.976296 0
    outer loop
      vertex -1.16401 -0.628874 -2.18548e-15
      vertex -1.15563 -0.627015 -2.18548e-15
      vertex -1.15563 -0.627015 -0.0393701
    endloop
  endfacet
  facet normal -0.300703 0.953718 0
    outer loop
      vertex -1.15563 -0.627015 -0.0393701
      vertex -1.15563 -0.627015 -2.18548e-15
      vertex -1.14744 -0.624433 -0.0393701
    endloop
  endfacet
  facet normal -0.300703 0.953718 0
    outer loop
      vertex -1.15563 -0.627015 -2.18548e-15
      vertex -1.14744 -0.624433 -2.18548e-15
      vertex -1.14744 -0.624433 -0.0393701
    endloop
  endfacet
  facet normal -0.382688 0.923878 0
    outer loop
      vertex -1.14744 -0.624433 -0.0393701
      vertex -1.14744 -0.624433 -2.18548e-15
      vertex -1.13951 -0.621147 -0.0393701
    endloop
  endfacet
  facet normal -0.382688 0.923878 0
    outer loop
      vertex -1.14744 -0.624433 -2.18548e-15
      vertex -1.13951 -0.621147 -2.18548e-15
      vertex -1.13951 -0.621147 -0.0393701
    endloop
  endfacet
  facet normal -0.461748 0.887011 0
    outer loop
      vertex -1.13951 -0.621147 -0.0393701
      vertex -1.13951 -0.621147 -2.18548e-15
      vertex -1.13189 -0.617183 -0.0393701
    endloop
  endfacet
  facet normal -0.461748 0.887011 0
    outer loop
      vertex -1.13951 -0.621147 -2.18548e-15
      vertex -1.13189 -0.617183 -2.18548e-15
      vertex -1.13189 -0.617183 -0.0393701
    endloop
  endfacet
  facet normal -0.537296 0.843394 0
    outer loop
      vertex -1.13189 -0.617183 -0.0393701
      vertex -1.13189 -0.617183 -2.18548e-15
      vertex -1.12465 -0.612569 -0.0393701
    endloop
  endfacet
  facet normal -0.537296 0.843394 0
    outer loop
      vertex -1.13189 -0.617183 -2.18548e-15
      vertex -1.12465 -0.612569 -2.18548e-15
      vertex -1.12465 -0.612569 -0.0393701
    endloop
  endfacet
  facet normal -0.608761 0.793354 0
    outer loop
      vertex -1.12465 -0.612569 -0.0393701
      vertex -1.12465 -0.612569 -2.18548e-15
      vertex -1.11784 -0.607342 -0.0393701
    endloop
  endfacet
  facet normal -0.608761 0.793354 0
    outer loop
      vertex -1.12465 -0.612569 -2.18548e-15
      vertex -1.11784 -0.607342 -2.18548e-15
      vertex -1.11784 -0.607342 -0.0393701
    endloop
  endfacet
  facet normal -0.675592 0.737276 0
    outer loop
      vertex -1.11784 -0.607342 -0.0393701
      vertex -1.11784 -0.607342 -2.18548e-15
      vertex -1.11151 -0.601541 -0.0393701
    endloop
  endfacet
  facet normal -0.675592 0.737276 0
    outer loop
      vertex -1.11784 -0.607342 -2.18548e-15
      vertex -1.11151 -0.601541 -2.18548e-15
      vertex -1.11151 -0.601541 -0.0393701
    endloop
  endfacet
  facet normal -0.737277 0.67559 0
    outer loop
      vertex -1.11151 -0.601541 -0.0393701
      vertex -1.11151 -0.601541 -2.18548e-15
      vertex -1.1057 -0.59521 -0.0393701
    endloop
  endfacet
  facet normal -0.737277 0.67559 0
    outer loop
      vertex -1.11151 -0.601541 -2.18548e-15
      vertex -1.1057 -0.59521 -2.18548e-15
      vertex -1.1057 -0.59521 -0.0393701
    endloop
  endfacet
  facet normal -0.793352 0.608763 0
    outer loop
      vertex -1.1057 -0.59521 -0.0393701
      vertex -1.1057 -0.59521 -2.18548e-15
      vertex -1.10048 -0.588398 -0.0393701
    endloop
  endfacet
  facet normal -0.793352 0.608763 0
    outer loop
      vertex -1.1057 -0.59521 -2.18548e-15
      vertex -1.10048 -0.588398 -2.18548e-15
      vertex -1.10048 -0.588398 -0.0393701
    endloop
  endfacet
  facet normal -0.843393 0.537298 0
    outer loop
      vertex -1.10048 -0.588398 -0.0393701
      vertex -1.10048 -0.588398 -2.18548e-15
      vertex -1.09586 -0.581156 -0.0393701
    endloop
  endfacet
  facet normal -0.843393 0.537298 0
    outer loop
      vertex -1.10048 -0.588398 -2.18548e-15
      vertex -1.09586 -0.581156 -2.18548e-15
      vertex -1.09586 -0.581156 -0.0393701
    endloop
  endfacet
  facet normal -0.887011 0.461748 0
    outer loop
      vertex -1.09586 -0.581156 -0.0393701
      vertex -1.09586 -0.581156 -2.18548e-15
      vertex -1.0919 -0.57354 -0.0393701
    endloop
  endfacet
  facet normal -0.887011 0.461748 0
    outer loop
      vertex -1.09586 -0.581156 -2.18548e-15
      vertex -1.0919 -0.57354 -2.18548e-15
      vertex -1.0919 -0.57354 -0.0393701
    endloop
  endfacet
  facet normal -0.923878 0.382688 0
    outer loop
      vertex -1.0919 -0.57354 -0.0393701
      vertex -1.0919 -0.57354 -2.18548e-15
      vertex -1.08861 -0.565607 -0.0393701
    endloop
  endfacet
  facet normal -0.923878 0.382688 0
    outer loop
      vertex -1.0919 -0.57354 -2.18548e-15
      vertex -1.08861 -0.565607 -2.18548e-15
      vertex -1.08861 -0.565607 -0.0393701
    endloop
  endfacet
  facet normal -0.953719 0.3007 0
    outer loop
      vertex -1.08861 -0.565607 -0.0393701
      vertex -1.08861 -0.565607 -2.18548e-15
      vertex -1.08603 -0.557418 -0.0393701
    endloop
  endfacet
  facet normal -0.953719 0.3007 0
    outer loop
      vertex -1.08861 -0.565607 -2.18548e-15
      vertex -1.08603 -0.557418 -2.18548e-15
      vertex -1.08603 -0.557418 -0.0393701
    endloop
  endfacet
  facet normal -0.976296 0.216441 0
    outer loop
      vertex -1.08603 -0.557418 -0.0393701
      vertex -1.08603 -0.557418 -2.18548e-15
      vertex -1.08417 -0.549035 -0.0393701
    endloop
  endfacet
  facet normal -0.976296 0.216441 0
    outer loop
      vertex -1.08603 -0.557418 -2.18548e-15
      vertex -1.08417 -0.549035 -2.18548e-15
      vertex -1.08417 -0.549035 -0.0393701
    endloop
  endfacet
  facet normal -0.991444 0.130532 0
    outer loop
      vertex -1.08417 -0.549035 -0.0393701
      vertex -1.08417 -0.549035 -2.18548e-15
      vertex -1.08305 -0.540522 -0.0393701
    endloop
  endfacet
  facet normal -0.991444 0.130532 0
    outer loop
      vertex -1.08417 -0.549035 -2.18548e-15
      vertex -1.08305 -0.540522 -2.18548e-15
      vertex -1.08305 -0.540522 -0.0393701
    endloop
  endfacet
  facet normal -0.999048 0.043616 0
    outer loop
      vertex -1.08305 -0.540522 -0.0393701
      vertex -1.08305 -0.540522 -2.18548e-15
      vertex -1.08268 -0.531944 -0.0393701
    endloop
  endfacet
  facet normal -0.999048 0.043616 0
    outer loop
      vertex -1.08305 -0.540522 -2.18548e-15
      vertex -1.08268 -0.531944 -2.18548e-15
      vertex -1.08268 -0.531944 -0.0393701
    endloop
  endfacet
  facet normal -0.936644 -0.350283 0
    outer loop
      vertex -0.55081 0.244733 -0.0393701
      vertex -0.55081 0.244733 0
      vertex -0.55254 0.249359 -0.0393701
    endloop
  endfacet
  facet normal -0.936644 -0.350283 0
    outer loop
      vertex -0.55081 0.244733 0
      vertex -0.55254 0.249359 0
      vertex -0.55254 0.249359 -0.0393701
    endloop
  endfacet
  facet normal -0.904104 -0.427312 0
    outer loop
      vertex -0.55254 0.249359 -0.0393701
      vertex -0.55254 0.249359 0
      vertex -0.55465 0.253823 -0.0393701
    endloop
  endfacet
  facet normal -0.904104 -0.427312 0
    outer loop
      vertex -0.55254 0.249359 0
      vertex -0.55465 0.253823 0
      vertex -0.55465 0.253823 -0.0393701
    endloop
  endfacet
  facet normal -0.865237 -0.501364 0
    outer loop
      vertex -0.55465 0.253823 -0.0393701
      vertex -0.55465 0.253823 0
      vertex -0.557126 0.258096 -0.0393701
    endloop
  endfacet
  facet normal -0.865237 -0.501364 0
    outer loop
      vertex -0.55465 0.253823 0
      vertex -0.557126 0.258096 0
      vertex -0.557126 0.258096 -0.0393701
    endloop
  endfacet
  facet normal -0.820324 -0.571899 0
    outer loop
      vertex -0.557126 0.258096 -0.0393701
      vertex -0.557126 0.258096 0
      vertex -0.55995 0.262148 -0.0393701
    endloop
  endfacet
  facet normal -0.820324 -0.571899 0
    outer loop
      vertex -0.557126 0.258096 0
      vertex -0.55995 0.262148 0
      vertex -0.55995 0.262148 -0.0393701
    endloop
  endfacet
  facet normal -0.76967 -0.638442 0
    outer loop
      vertex -0.55995 0.262148 -0.0393701
      vertex -0.55995 0.262148 0
      vertex -0.563103 0.265949 -0.0393701
    endloop
  endfacet
  facet normal -0.76967 -0.638442 0
    outer loop
      vertex -0.55995 0.262148 0
      vertex -0.563103 0.265949 0
      vertex -0.563103 0.265949 -0.0393701
    endloop
  endfacet
  facet normal -0.713634 -0.700519 0
    outer loop
      vertex -0.563103 0.265949 -0.0393701
      vertex -0.563103 0.265949 0
      vertex -0.566563 0.269473 -0.0393701
    endloop
  endfacet
  facet normal -0.713634 -0.700519 0
    outer loop
      vertex -0.563103 0.265949 0
      vertex -0.566563 0.269473 0
      vertex -0.566563 0.269473 -0.0393701
    endloop
  endfacet
  facet normal -0.652612 -0.757692 0
    outer loop
      vertex -0.566563 0.269473 -0.0393701
      vertex -0.566563 0.269473 0
      vertex -0.570305 0.272696 -0.0393701
    endloop
  endfacet
  facet normal -0.652612 -0.757692 0
    outer loop
      vertex -0.566563 0.269473 0
      vertex -0.570305 0.272696 0
      vertex -0.570305 0.272696 -0.0393701
    endloop
  endfacet
  facet normal -0.587024 -0.80957 0
    outer loop
      vertex -0.570305 0.272696 -0.0393701
      vertex -0.570305 0.272696 0
      vertex -0.574303 0.275595 -0.0393701
    endloop
  endfacet
  facet normal -0.587024 -0.80957 0
    outer loop
      vertex -0.570305 0.272696 0
      vertex -0.574303 0.275595 0
      vertex -0.574303 0.275595 -0.0393701
    endloop
  endfacet
  facet normal -0.517326 -0.855788 0
    outer loop
      vertex -0.574303 0.275595 -0.0393701
      vertex -0.574303 0.275595 0
      vertex -0.578529 0.27815 -0.0393701
    endloop
  endfacet
  facet normal -0.517326 -0.855788 0
    outer loop
      vertex -0.574303 0.275595 0
      vertex -0.578529 0.27815 0
      vertex -0.578529 0.27815 -0.0393701
    endloop
  endfacet
  facet normal -0.444015 -0.896019 0
    outer loop
      vertex -0.578529 0.27815 -0.0393701
      vertex -0.578529 0.27815 0
      vertex -0.582954 0.280343 -0.0393701
    endloop
  endfacet
  facet normal -0.444015 -0.896019 0
    outer loop
      vertex -0.578529 0.27815 0
      vertex -0.582954 0.280343 0
      vertex -0.582954 0.280343 -0.0393701
    endloop
  endfacet
  facet normal -0.3676 -0.929984 0
    outer loop
      vertex -0.582954 0.280343 -0.0393701
      vertex -0.582954 0.280343 0
      vertex -0.587547 0.282158 -0.0393701
    endloop
  endfacet
  facet normal -0.3676 -0.929984 0
    outer loop
      vertex -0.582954 0.280343 0
      vertex -0.587547 0.282158 0
      vertex -0.587547 0.282158 -0.0393701
    endloop
  endfacet
  facet normal -0.288608 -0.957447 0
    outer loop
      vertex -0.587547 0.282158 -0.0393701
      vertex -0.587547 0.282158 0
      vertex -0.592275 0.283583 -0.0393701
    endloop
  endfacet
  facet normal -0.288608 -0.957447 0
    outer loop
      vertex -0.587547 0.282158 0
      vertex -0.592275 0.283583 0
      vertex -0.592275 0.283583 -0.0393701
    endloop
  endfacet
  facet normal -0.207605 -0.978213 0
    outer loop
      vertex -0.592275 0.283583 -0.0393701
      vertex -0.592275 0.283583 0
      vertex -0.597106 0.284609 -0.0393701
    endloop
  endfacet
  facet normal -0.207605 -0.978213 0
    outer loop
      vertex -0.592275 0.283583 0
      vertex -0.597106 0.284609 0
      vertex -0.597106 0.284609 -0.0393701
    endloop
  endfacet
  facet normal -0.125145 -0.992138 0
    outer loop
      vertex -0.597106 0.284609 -0.0393701
      vertex -0.597106 0.284609 0
      vertex -0.602006 0.285227 -0.0393701
    endloop
  endfacet
  facet normal -0.125145 -0.992138 0
    outer loop
      vertex -0.597106 0.284609 0
      vertex -0.602006 0.285227 0
      vertex -0.602006 0.285227 -0.0393701
    endloop
  endfacet
  facet normal -0.0418112 -0.999126 0
    outer loop
      vertex -0.602006 0.285227 -0.0393701
      vertex -0.602006 0.285227 0
      vertex -0.60694 0.285433 -0.0393701
    endloop
  endfacet
  facet normal -0.0418112 -0.999126 0
    outer loop
      vertex -0.602006 0.285227 0
      vertex -0.60694 0.285433 0
      vertex -0.60694 0.285433 -0.0393701
    endloop
  endfacet
  facet normal -0.96184 0.273612 0
    outer loop
      vertex -0.550968 -0.245217 -0.0393701
      vertex -0.550968 -0.245217 0
      vertex -0.533933 -0.185332 -0.0393701
    endloop
  endfacet
  facet normal -0.96184 0.273612 0
    outer loop
      vertex -0.550968 -0.245217 0
      vertex -0.533933 -0.185332 0
      vertex -0.533933 -0.185332 -0.0393701
    endloop
  endfacet
  facet normal -0.980451 0.196762 0
    outer loop
      vertex -0.533933 -0.185332 -0.0393701
      vertex -0.533933 -0.185332 0
      vertex -0.521682 -0.124288 -0.0393701
    endloop
  endfacet
  facet normal -0.980451 0.196762 0
    outer loop
      vertex -0.533933 -0.185332 0
      vertex -0.521682 -0.124288 0
      vertex -0.521682 -0.124288 -0.0393701
    endloop
  endfacet
  facet normal -0.992932 0.118681 0
    outer loop
      vertex -0.521682 -0.124288 -0.0393701
      vertex -0.521682 -0.124288 0
      vertex -0.514293 -0.0624664 -0.0393701
    endloop
  endfacet
  facet normal -0.992932 0.118681 0
    outer loop
      vertex -0.521682 -0.124288 0
      vertex -0.514293 -0.0624664 0
      vertex -0.514293 -0.0624664 -0.0393701
    endloop
  endfacet
  facet normal -0.999205 0.0398592 0
    outer loop
      vertex -0.514293 -0.0624664 -0.0393701
      vertex -0.514293 -0.0624664 0
      vertex -0.511811 -0.00025469 -0.0393701
    endloop
  endfacet
  facet normal -0.999205 0.0398592 0
    outer loop
      vertex -0.514293 -0.0624664 0
      vertex -0.511811 -0.00025469 0
      vertex -0.511811 -0.00025469 -0.0393701
    endloop
  endfacet
  facet normal -0.999231 -0.0392126 0
    outer loop
      vertex -0.511811 -0.00025469 -0.0393701
      vertex -0.511811 -0.00025469 0
      vertex -0.514253 0.0619586 -0.0393701
    endloop
  endfacet
  facet normal -0.999231 -0.0392126 0
    outer loop
      vertex -0.511811 -0.00025469 0
      vertex -0.514253 0.0619586 0
      vertex -0.514253 0.0619586 -0.0393701
    endloop
  endfacet
  facet normal -0.993009 -0.118039 0
    outer loop
      vertex -0.514253 0.0619586 -0.0393701
      vertex -0.514253 0.0619586 0
      vertex -0.521602 0.123785 -0.0393701
    endloop
  endfacet
  facet normal -0.993009 -0.118039 0
    outer loop
      vertex -0.514253 0.0619586 0
      vertex -0.521602 0.123785 0
      vertex -0.521602 0.123785 -0.0393701
    endloop
  endfacet
  facet normal -0.980578 -0.196128 0
    outer loop
      vertex -0.521602 0.123785 -0.0393701
      vertex -0.521602 0.123785 0
      vertex -0.533813 0.184837 -0.0393701
    endloop
  endfacet
  facet normal -0.980578 -0.196128 0
    outer loop
      vertex -0.521602 0.123785 0
      vertex -0.533813 0.184837 0
      vertex -0.533813 0.184837 -0.0393701
    endloop
  endfacet
  facet normal -0.962017 -0.27299 0
    outer loop
      vertex -0.533813 0.184837 -0.0393701
      vertex -0.533813 0.184837 0
      vertex -0.55081 0.244733 -0.0393701
    endloop
  endfacet
  facet normal -0.962017 -0.27299 0
    outer loop
      vertex -0.533813 0.184837 0
      vertex -0.55081 0.244733 0
      vertex -0.55081 0.244733 -0.0393701
    endloop
  endfacet
  facet normal -0.0417918 0.999126 0
    outer loop
      vertex -0.607087 -0.285881 -0.0393701
      vertex -0.607087 -0.285881 0
      vertex -0.602155 -0.285675 -0.0393701
    endloop
  endfacet
  facet normal -0.0417918 0.999126 0
    outer loop
      vertex -0.607087 -0.285881 0
      vertex -0.602155 -0.285675 0
      vertex -0.602155 -0.285675 -0.0393701
    endloop
  endfacet
  facet normal -0.125083 0.992146 0
    outer loop
      vertex -0.602155 -0.285675 -0.0393701
      vertex -0.602155 -0.285675 0
      vertex -0.597258 -0.285057 -0.0393701
    endloop
  endfacet
  facet normal -0.125083 0.992146 0
    outer loop
      vertex -0.602155 -0.285675 0
      vertex -0.597258 -0.285057 0
      vertex -0.597258 -0.285057 -0.0393701
    endloop
  endfacet
  facet normal -0.207495 0.978236 0
    outer loop
      vertex -0.597258 -0.285057 -0.0393701
      vertex -0.597258 -0.285057 0
      vertex -0.592429 -0.284033 -0.0393701
    endloop
  endfacet
  facet normal -0.207495 0.978236 0
    outer loop
      vertex -0.597258 -0.285057 0
      vertex -0.592429 -0.284033 0
      vertex -0.592429 -0.284033 -0.0393701
    endloop
  endfacet
  facet normal -0.288467 0.95749 0
    outer loop
      vertex -0.592429 -0.284033 -0.0393701
      vertex -0.592429 -0.284033 0
      vertex -0.587703 -0.282609 -0.0393701
    endloop
  endfacet
  facet normal -0.288467 0.95749 0
    outer loop
      vertex -0.592429 -0.284033 0
      vertex -0.587703 -0.282609 0
      vertex -0.587703 -0.282609 -0.0393701
    endloop
  endfacet
  facet normal -0.367419 0.930056 0
    outer loop
      vertex -0.587703 -0.282609 -0.0393701
      vertex -0.587703 -0.282609 0
      vertex -0.583112 -0.280796 -0.0393701
    endloop
  endfacet
  facet normal -0.367419 0.930056 0
    outer loop
      vertex -0.587703 -0.282609 0
      vertex -0.583112 -0.280796 0
      vertex -0.583112 -0.280796 -0.0393701
    endloop
  endfacet
  facet normal -0.443802 0.896125 0
    outer loop
      vertex -0.583112 -0.280796 -0.0393701
      vertex -0.583112 -0.280796 0
      vertex -0.578689 -0.278605 -0.0393701
    endloop
  endfacet
  facet normal -0.443802 0.896125 0
    outer loop
      vertex -0.583112 -0.280796 0
      vertex -0.578689 -0.278605 0
      vertex -0.578689 -0.278605 -0.0393701
    endloop
  endfacet
  facet normal -0.517088 0.855932 0
    outer loop
      vertex -0.578689 -0.278605 -0.0393701
      vertex -0.578689 -0.278605 0
      vertex -0.574464 -0.276053 -0.0393701
    endloop
  endfacet
  facet normal -0.517088 0.855932 0
    outer loop
      vertex -0.578689 -0.278605 0
      vertex -0.574464 -0.276053 0
      vertex -0.574464 -0.276053 -0.0393701
    endloop
  endfacet
  facet normal -0.58676 0.809761 0
    outer loop
      vertex -0.574464 -0.276053 -0.0393701
      vertex -0.574464 -0.276053 0
      vertex -0.570467 -0.273156 -0.0393701
    endloop
  endfacet
  facet normal -0.58676 0.809761 0
    outer loop
      vertex -0.574464 -0.276053 0
      vertex -0.570467 -0.273156 0
      vertex -0.570467 -0.273156 -0.0393701
    endloop
  endfacet
  facet normal -0.652334 0.757932 0
    outer loop
      vertex -0.570467 -0.273156 -0.0393701
      vertex -0.570467 -0.273156 0
      vertex -0.566726 -0.269936 -0.0393701
    endloop
  endfacet
  facet normal -0.652334 0.757932 0
    outer loop
      vertex -0.570467 -0.273156 0
      vertex -0.566726 -0.269936 0
      vertex -0.566726 -0.269936 -0.0393701
    endloop
  endfacet
  facet normal -0.71335 0.700808 0
    outer loop
      vertex -0.566726 -0.269936 -0.0393701
      vertex -0.566726 -0.269936 0
      vertex -0.563267 -0.266415 -0.0393701
    endloop
  endfacet
  facet normal -0.71335 0.700808 0
    outer loop
      vertex -0.566726 -0.269936 0
      vertex -0.563267 -0.266415 0
      vertex -0.563267 -0.266415 -0.0393701
    endloop
  endfacet
  facet normal -0.769379 0.638793 0
    outer loop
      vertex -0.563267 -0.266415 -0.0393701
      vertex -0.563267 -0.266415 0
      vertex -0.560114 -0.262618 -0.0393701
    endloop
  endfacet
  facet normal -0.769379 0.638793 0
    outer loop
      vertex -0.563267 -0.266415 0
      vertex -0.560114 -0.262618 0
      vertex -0.560114 -0.262618 -0.0393701
    endloop
  endfacet
  facet normal -0.82004 0.572306 0
    outer loop
      vertex -0.560114 -0.262618 -0.0393701
      vertex -0.560114 -0.262618 0
      vertex -0.557289 -0.25857 -0.0393701
    endloop
  endfacet
  facet normal -0.82004 0.572306 0
    outer loop
      vertex -0.560114 -0.262618 0
      vertex -0.557289 -0.25857 0
      vertex -0.557289 -0.25857 -0.0393701
    endloop
  endfacet
  facet normal -0.864967 0.501829 0
    outer loop
      vertex -0.557289 -0.25857 -0.0393701
      vertex -0.557289 -0.25857 0
      vertex -0.554812 -0.254301 -0.0393701
    endloop
  endfacet
  facet normal -0.864967 0.501829 0
    outer loop
      vertex -0.557289 -0.25857 0
      vertex -0.554812 -0.254301 0
      vertex -0.554812 -0.254301 -0.0393701
    endloop
  endfacet
  facet normal -0.903853 0.427844 0
    outer loop
      vertex -0.554812 -0.254301 -0.0393701
      vertex -0.554812 -0.254301 0
      vertex -0.5527 -0.249839 -0.0393701
    endloop
  endfacet
  facet normal -0.903853 0.427844 0
    outer loop
      vertex -0.554812 -0.254301 0
      vertex -0.5527 -0.249839 0
      vertex -0.5527 -0.249839 -0.0393701
    endloop
  endfacet
  facet normal -0.936426 0.350865 0
    outer loop
      vertex -0.5527 -0.249839 -0.0393701
      vertex -0.5527 -0.249839 0
      vertex -0.550968 -0.245217 -0.0393701
    endloop
  endfacet
  facet normal -0.936426 0.350865 0
    outer loop
      vertex -0.5527 -0.249839 0
      vertex -0.550968 -0.245217 0
      vertex -0.550968 -0.245217 -0.0393701
    endloop
  endfacet
  facet normal 0 1 0
    outer loop
      vertex -0.607087 -0.285881 -0.0393701
      vertex -0.810236 -0.285881 -0.0393701
      vertex -0.607087 -0.285881 0
    endloop
  endfacet
  facet normal 0 1 0
    outer loop
      vertex -0.810236 -0.285881 -0.0393701
      vertex -0.810236 -0.285881 0
      vertex -0.607087 -0.285881 0
    endloop
  endfacet
  facet normal -5.42101e-16 1 0
    outer loop
      vertex -1.06299 -1.02444e-16 -0.0393701
      vertex -1.37795 -2.73185e-16 -0.0393701
      vertex -1.06299 -1.02444e-16 0
    endloop
  endfacet
  facet normal -5.42101e-16 1 0
    outer loop
      vertex -1.37795 -2.73185e-16 -0.0393701
      vertex -1.37795 -2.73185e-16 0
      vertex -1.06299 -1.02444e-16 0
    endloop
  endfacet
  facet normal -1 0 0
    outer loop
      vertex -1.37795 -2.73185e-16 -0.0393701
      vertex -1.37795 -0.531944 -0.0393701
      vertex -1.37795 -2.73185e-16 0
    endloop
  endfacet
  facet normal -1 0 0
    outer loop
      vertex -1.37795 -0.531944 -0.0393701
      vertex -1.37795 -0.531944 0
      vertex -1.37795 -2.73185e-16 0
    endloop
  endfacet
  facet normal 0.0436178 -0.999048 0
    outer loop
      vertex -0.895669 -0.443361 -0.0393701
      vertex -0.895669 -0.443361 0
      vertex -0.90339 -0.443698 -0.0393701
    endloop
  endfacet
  facet normal 0.0436178 -0.999048 0
    outer loop
      vertex -0.895669 -0.443361 0
      vertex -0.90339 -0.443698 0
      vertex -0.90339 -0.443698 -0.0393701
    endloop
  endfacet
  facet normal 0.130527 -0.991445 0
    outer loop
      vertex -0.90339 -0.443698 -0.0393701
      vertex -0.90339 -0.443698 0
      vertex -0.911051 -0.444707 -0.0393701
    endloop
  endfacet
  facet normal 0.130527 -0.991445 0
    outer loop
      vertex -0.90339 -0.443698 0
      vertex -0.911051 -0.444707 0
      vertex -0.911051 -0.444707 -0.0393701
    endloop
  endfacet
  facet normal 0.216443 -0.976295 0
    outer loop
      vertex -0.911051 -0.444707 -0.0393701
      vertex -0.911051 -0.444707 0
      vertex -0.918596 -0.44638 -0.0393701
    endloop
  endfacet
  facet normal 0.216443 -0.976295 0
    outer loop
      vertex -0.911051 -0.444707 0
      vertex -0.918596 -0.44638 0
      vertex -0.918596 -0.44638 -0.0393701
    endloop
  endfacet
  facet normal 0.300703 -0.953718 0
    outer loop
      vertex -0.918596 -0.44638 -0.0393701
      vertex -0.918596 -0.44638 0
      vertex -0.925966 -0.448703 -0.0393701
    endloop
  endfacet
  facet normal 0.300703 -0.953718 0
    outer loop
      vertex -0.918596 -0.44638 0
      vertex -0.925966 -0.448703 0
      vertex -0.925966 -0.448703 -0.0393701
    endloop
  endfacet
  facet normal 0.382684 -0.923879 0
    outer loop
      vertex -0.925966 -0.448703 -0.0393701
      vertex -0.925966 -0.448703 0
      vertex -0.933106 -0.451661 -0.0393701
    endloop
  endfacet
  facet normal 0.382684 -0.923879 0
    outer loop
      vertex -0.925966 -0.448703 0
      vertex -0.933106 -0.451661 0
      vertex -0.933106 -0.451661 -0.0393701
    endloop
  endfacet
  facet normal 0.461749 -0.887011 0
    outer loop
      vertex -0.933106 -0.451661 -0.0393701
      vertex -0.933106 -0.451661 0
      vertex -0.939961 -0.455229 -0.0393701
    endloop
  endfacet
  facet normal 0.461749 -0.887011 0
    outer loop
      vertex -0.933106 -0.451661 0
      vertex -0.939961 -0.455229 0
      vertex -0.939961 -0.455229 -0.0393701
    endloop
  endfacet
  facet normal 0.5373 -0.843391 0
    outer loop
      vertex -0.939961 -0.455229 -0.0393701
      vertex -0.939961 -0.455229 0
      vertex -0.946478 -0.459381 -0.0393701
    endloop
  endfacet
  facet normal 0.5373 -0.843391 0
    outer loop
      vertex -0.939961 -0.455229 0
      vertex -0.946478 -0.459381 0
      vertex -0.946478 -0.459381 -0.0393701
    endloop
  endfacet
  facet normal 0.608759 -0.793355 0
    outer loop
      vertex -0.946478 -0.459381 -0.0393701
      vertex -0.946478 -0.459381 0
      vertex -0.952609 -0.464086 -0.0393701
    endloop
  endfacet
  facet normal 0.608759 -0.793355 0
    outer loop
      vertex -0.946478 -0.459381 0
      vertex -0.952609 -0.464086 0
      vertex -0.952609 -0.464086 -0.0393701
    endloop
  endfacet
  facet normal 0.675588 -0.737279 0
    outer loop
      vertex -0.952609 -0.464086 -0.0393701
      vertex -0.952609 -0.464086 0
      vertex -0.958307 -0.469306 -0.0393701
    endloop
  endfacet
  facet normal 0.675588 -0.737279 0
    outer loop
      vertex -0.952609 -0.464086 0
      vertex -0.958307 -0.469306 0
      vertex -0.958307 -0.469306 -0.0393701
    endloop
  endfacet
  facet normal 0.737279 -0.675588 0
    outer loop
      vertex -0.958307 -0.469306 -0.0393701
      vertex -0.958307 -0.469306 0
      vertex -0.963528 -0.475004 -0.0393701
    endloop
  endfacet
  facet normal 0.737279 -0.675588 0
    outer loop
      vertex -0.958307 -0.469306 0
      vertex -0.963528 -0.475004 0
      vertex -0.963528 -0.475004 -0.0393701
    endloop
  endfacet
  facet normal 0.793353 -0.608761 0
    outer loop
      vertex -0.963528 -0.475004 -0.0393701
      vertex -0.963528 -0.475004 0
      vertex -0.968232 -0.481135 -0.0393701
    endloop
  endfacet
  facet normal 0.793353 -0.608761 0
    outer loop
      vertex -0.963528 -0.475004 0
      vertex -0.968232 -0.481135 0
      vertex -0.968232 -0.481135 -0.0393701
    endloop
  endfacet
  facet normal 0.843392 -0.537298 0
    outer loop
      vertex -0.968232 -0.481135 -0.0393701
      vertex -0.968232 -0.481135 0
      vertex -0.972384 -0.487653 -0.0393701
    endloop
  endfacet
  facet normal 0.843392 -0.537298 0
    outer loop
      vertex -0.968232 -0.481135 0
      vertex -0.972384 -0.487653 0
      vertex -0.972384 -0.487653 -0.0393701
    endloop
  endfacet
  facet normal 0.887013 -0.461745 0
    outer loop
      vertex -0.972384 -0.487653 -0.0393701
      vertex -0.972384 -0.487653 0
      vertex -0.975952 -0.494507 -0.0393701
    endloop
  endfacet
  facet normal 0.887013 -0.461745 0
    outer loop
      vertex -0.972384 -0.487653 0
      vertex -0.975952 -0.494507 0
      vertex -0.975952 -0.494507 -0.0393701
    endloop
  endfacet
  facet normal 0.923878 -0.382688 0
    outer loop
      vertex -0.975952 -0.494507 -0.0393701
      vertex -0.975952 -0.494507 0
      vertex -0.97891 -0.501647 -0.0393701
    endloop
  endfacet
  facet normal 0.923878 -0.382688 0
    outer loop
      vertex -0.975952 -0.494507 0
      vertex -0.97891 -0.501647 0
      vertex -0.97891 -0.501647 -0.0393701
    endloop
  endfacet
  facet normal 0.953716 -0.300709 0
    outer loop
      vertex -0.97891 -0.501647 -0.0393701
      vertex -0.97891 -0.501647 0
      vertex -0.981234 -0.509017 -0.0393701
    endloop
  endfacet
  facet normal 0.953716 -0.300709 0
    outer loop
      vertex -0.97891 -0.501647 0
      vertex -0.981234 -0.509017 0
      vertex -0.981234 -0.509017 -0.0393701
    endloop
  endfacet
  facet normal 0.976297 -0.216434 0
    outer loop
      vertex -0.981234 -0.509017 -0.0393701
      vertex -0.981234 -0.509017 0
      vertex -0.982906 -0.516562 -0.0393701
    endloop
  endfacet
  facet normal 0.976297 -0.216434 0
    outer loop
      vertex -0.981234 -0.509017 0
      vertex -0.982906 -0.516562 0
      vertex -0.982906 -0.516562 -0.0393701
    endloop
  endfacet
  facet normal 0.991445 -0.130526 0
    outer loop
      vertex -0.982906 -0.516562 -0.0393701
      vertex -0.982906 -0.516562 0
      vertex -0.983915 -0.524223 -0.0393701
    endloop
  endfacet
  facet normal 0.991445 -0.130526 0
    outer loop
      vertex -0.982906 -0.516562 0
      vertex -0.983915 -0.524223 0
      vertex -0.983915 -0.524223 -0.0393701
    endloop
  endfacet
  facet normal 0.999048 -0.0436227 0
    outer loop
      vertex -0.983915 -0.524223 -0.0393701
      vertex -0.983915 -0.524223 0
      vertex -0.984252 -0.531944 -0.0393701
    endloop
  endfacet
  facet normal 0.999048 -0.0436227 0
    outer loop
      vertex -0.983915 -0.524223 0
      vertex -0.984252 -0.531944 0
      vertex -0.984252 -0.531944 -0.0393701
    endloop
  endfacet
  facet normal 0.936424 0.35087 0
    outer loop
      vertex -0.866355 -0.245217 -0.0393701
      vertex -0.866355 -0.245217 0
      vertex -0.864623 -0.249839 -0.0393701
    endloop
  endfacet
  facet normal 0.936424 0.35087 0
    outer loop
      vertex -0.866355 -0.245217 0
      vertex -0.864623 -0.249839 0
      vertex -0.864623 -0.249839 -0.0393701
    endloop
  endfacet
  facet normal 0.903853 0.427844 0
    outer loop
      vertex -0.864623 -0.249839 -0.0393701
      vertex -0.864623 -0.249839 0
      vertex -0.862511 -0.254301 -0.0393701
    endloop
  endfacet
  facet normal 0.903853 0.427844 0
    outer loop
      vertex -0.864623 -0.249839 0
      vertex -0.862511 -0.254301 0
      vertex -0.862511 -0.254301 -0.0393701
    endloop
  endfacet
  facet normal 0.864972 0.501819 0
    outer loop
      vertex -0.862511 -0.254301 -0.0393701
      vertex -0.862511 -0.254301 0
      vertex -0.860034 -0.25857 -0.0393701
    endloop
  endfacet
  facet normal 0.864972 0.501819 0
    outer loop
      vertex -0.862511 -0.254301 0
      vertex -0.860034 -0.25857 0
      vertex -0.860034 -0.25857 -0.0393701
    endloop
  endfacet
  facet normal 0.820038 0.57231 0
    outer loop
      vertex -0.860034 -0.25857 -0.0393701
      vertex -0.860034 -0.25857 0
      vertex -0.857209 -0.262618 -0.0393701
    endloop
  endfacet
  facet normal 0.820038 0.57231 0
    outer loop
      vertex -0.860034 -0.25857 0
      vertex -0.857209 -0.262618 0
      vertex -0.857209 -0.262618 -0.0393701
    endloop
  endfacet
  facet normal 0.769379 0.638793 0
    outer loop
      vertex -0.857209 -0.262618 -0.0393701
      vertex -0.857209 -0.262618 0
      vertex -0.854056 -0.266415 -0.0393701
    endloop
  endfacet
  facet normal 0.769379 0.638793 0
    outer loop
      vertex -0.857209 -0.262618 0
      vertex -0.854056 -0.266415 0
      vertex -0.854056 -0.266415 -0.0393701
    endloop
  endfacet
  facet normal 0.71335 0.700808 0
    outer loop
      vertex -0.854056 -0.266415 -0.0393701
      vertex -0.854056 -0.266415 0
      vertex -0.850597 -0.269936 -0.0393701
    endloop
  endfacet
  facet normal 0.71335 0.700808 0
    outer loop
      vertex -0.854056 -0.266415 0
      vertex -0.850597 -0.269936 0
      vertex -0.850597 -0.269936 -0.0393701
    endloop
  endfacet
  facet normal 0.652334 0.757932 0
    outer loop
      vertex -0.850597 -0.269936 -0.0393701
      vertex -0.850597 -0.269936 0
      vertex -0.846856 -0.273156 -0.0393701
    endloop
  endfacet
  facet normal 0.652334 0.757932 0
    outer loop
      vertex -0.850597 -0.269936 0
      vertex -0.846856 -0.273156 0
      vertex -0.846856 -0.273156 -0.0393701
    endloop
  endfacet
  facet normal 0.586757 0.809763 0
    outer loop
      vertex -0.846856 -0.273156 -0.0393701
      vertex -0.846856 -0.273156 0
      vertex -0.842859 -0.276053 -0.0393701
    endloop
  endfacet
  facet normal 0.586757 0.809763 0
    outer loop
      vertex -0.846856 -0.273156 0
      vertex -0.842859 -0.276053 0
      vertex -0.842859 -0.276053 -0.0393701
    endloop
  endfacet
  facet normal 0.517091 0.85593 0
    outer loop
      vertex -0.842859 -0.276053 -0.0393701
      vertex -0.842859 -0.276053 0
      vertex -0.838634 -0.278605 -0.0393701
    endloop
  endfacet
  facet normal 0.517091 0.85593 0
    outer loop
      vertex -0.842859 -0.276053 0
      vertex -0.838634 -0.278605 0
      vertex -0.838634 -0.278605 -0.0393701
    endloop
  endfacet
  facet normal 0.443802 0.896125 0
    outer loop
      vertex -0.838634 -0.278605 -0.0393701
      vertex -0.838634 -0.278605 0
      vertex -0.834211 -0.280796 -0.0393701
    endloop
  endfacet
  facet normal 0.443802 0.896125 0
    outer loop
      vertex -0.838634 -0.278605 0
      vertex -0.834211 -0.280796 0
      vertex -0.834211 -0.280796 -0.0393701
    endloop
  endfacet
  facet normal 0.367416 0.930057 0
    outer loop
      vertex -0.834211 -0.280796 -0.0393701
      vertex -0.834211 -0.280796 0
      vertex -0.82962 -0.282609 -0.0393701
    endloop
  endfacet
  facet normal 0.367416 0.930057 0
    outer loop
      vertex -0.834211 -0.280796 0
      vertex -0.82962 -0.282609 0
      vertex -0.82962 -0.282609 -0.0393701
    endloop
  endfacet
  facet normal 0.288467 0.95749 0
    outer loop
      vertex -0.82962 -0.282609 -0.0393701
      vertex -0.82962 -0.282609 0
      vertex -0.824894 -0.284033 -0.0393701
    endloop
  endfacet
  facet normal 0.288467 0.95749 0
    outer loop
      vertex -0.82962 -0.282609 0
      vertex -0.824894 -0.284033 0
      vertex -0.824894 -0.284033 -0.0393701
    endloop
  endfacet
  facet normal 0.207498 0.978235 0
    outer loop
      vertex -0.824894 -0.284033 -0.0393701
      vertex -0.824894 -0.284033 0
      vertex -0.820065 -0.285057 -0.0393701
    endloop
  endfacet
  facet normal 0.207498 0.978235 0
    outer loop
      vertex -0.824894 -0.284033 0
      vertex -0.820065 -0.285057 0
      vertex -0.820065 -0.285057 -0.0393701
    endloop
  endfacet
  facet normal 0.125082 0.992146 0
    outer loop
      vertex -0.820065 -0.285057 -0.0393701
      vertex -0.820065 -0.285057 0
      vertex -0.815168 -0.285675 -0.0393701
    endloop
  endfacet
  facet normal 0.125082 0.992146 0
    outer loop
      vertex -0.820065 -0.285057 0
      vertex -0.815168 -0.285675 0
      vertex -0.815168 -0.285675 -0.0393701
    endloop
  endfacet
  facet normal 0.0417918 0.999126 0
    outer loop
      vertex -0.815168 -0.285675 -0.0393701
      vertex -0.815168 -0.285675 0
      vertex -0.810236 -0.285881 -0.0393701
    endloop
  endfacet
  facet normal 0.0417918 0.999126 0
    outer loop
      vertex -0.815168 -0.285675 0
      vertex -0.810236 -0.285881 0
      vertex -0.810236 -0.285881 -0.0393701
    endloop
  endfacet
  facet normal 0.999048 -0.0436203 0
    outer loop
      vertex -0.984252 -0.531944 -0.0393701
      vertex -0.984252 -0.531944 0
      vertex -0.985001 -0.5491 0
    endloop
  endfacet
  facet normal 0.999048 -0.0436203 0
    outer loop
      vertex -0.984252 -0.531944 -0.0393701
      vertex -0.985001 -0.5491 0
      vertex -0.985001 -0.5491 -0.0393701
    endloop
  endfacet
  facet normal 0.991445 -0.130524 0
    outer loop
      vertex -0.985001 -0.5491 0
      vertex -0.987243 -0.566127 0
      vertex -0.985001 -0.5491 -0.0393701
    endloop
  endfacet
  facet normal 0.991445 -0.130524 0
    outer loop
      vertex -0.985001 -0.5491 -0.0393701
      vertex -0.987243 -0.566127 0
      vertex -0.987243 -0.566127 -0.0393701
    endloop
  endfacet
  facet normal 0.976296 -0.216441 0
    outer loop
      vertex -0.987243 -0.566127 0
      vertex -0.990959 -0.582892 0
      vertex -0.987243 -0.566127 -0.0393701
    endloop
  endfacet
  facet normal 0.976296 -0.216441 0
    outer loop
      vertex -0.987243 -0.566127 -0.0393701
      vertex -0.990959 -0.582892 0
      vertex -0.990959 -0.582892 -0.0393701
    endloop
  endfacet
  facet normal 0.953717 -0.300705 0
    outer loop
      vertex -0.990959 -0.582892 0
      vertex -0.996123 -0.599271 0
      vertex -0.990959 -0.582892 -0.0393701
    endloop
  endfacet
  facet normal 0.953717 -0.300705 0
    outer loop
      vertex -0.990959 -0.582892 -0.0393701
      vertex -0.996123 -0.599271 0
      vertex -0.996123 -0.599271 -0.0393701
    endloop
  endfacet
  facet normal 0.923879 -0.382684 0
    outer loop
      vertex -0.996123 -0.599271 0
      vertex -1.0027 -0.615136 0
      vertex -0.996123 -0.599271 -0.0393701
    endloop
  endfacet
  facet normal 0.923879 -0.382684 0
    outer loop
      vertex -0.996123 -0.599271 -0.0393701
      vertex -1.0027 -0.615136 0
      vertex -1.0027 -0.615136 -0.0393701
    endloop
  endfacet
  facet normal 0.887011 -0.461748 0
    outer loop
      vertex -1.0027 -0.615136 0
      vertex -1.01062 -0.630369 0
      vertex -1.0027 -0.615136 -0.0393701
    endloop
  endfacet
  facet normal 0.887011 -0.461748 0
    outer loop
      vertex -1.0027 -0.615136 -0.0393701
      vertex -1.01062 -0.630369 0
      vertex -1.01062 -0.630369 -0.0393701
    endloop
  endfacet
  facet normal 0.843391 -0.537301 0
    outer loop
      vertex -1.01062 -0.630369 0
      vertex -1.01985 -0.644853 0
      vertex -1.01062 -0.630369 -0.0393701
    endloop
  endfacet
  facet normal 0.843391 -0.537301 0
    outer loop
      vertex -1.01062 -0.630369 -0.0393701
      vertex -1.01985 -0.644853 0
      vertex -1.01985 -0.644853 -0.0393701
    endloop
  endfacet
  facet normal 0.793354 -0.60876 0
    outer loop
      vertex -1.01985 -0.644853 0
      vertex -1.03031 -0.658477 0
      vertex -1.01985 -0.644853 -0.0393701
    endloop
  endfacet
  facet normal 0.793354 -0.60876 0
    outer loop
      vertex -1.01985 -0.644853 -0.0393701
      vertex -1.03031 -0.658477 0
      vertex -1.03031 -0.658477 -0.0393701
    endloop
  endfacet
  facet normal 0.737277 -0.67559 0
    outer loop
      vertex -1.03031 -0.658477 0
      vertex -1.04191 -0.671138 0
      vertex -1.03031 -0.658477 -0.0393701
    endloop
  endfacet
  facet normal 0.737277 -0.67559 0
    outer loop
      vertex -1.03031 -0.658477 -0.0393701
      vertex -1.04191 -0.671138 0
      vertex -1.04191 -0.671138 -0.0393701
    endloop
  endfacet
  facet normal 0.67559 -0.737277 0
    outer loop
      vertex -1.04191 -0.671138 0
      vertex -1.05457 -0.68274 0
      vertex -1.04191 -0.671138 -0.0393701
    endloop
  endfacet
  facet normal 0.67559 -0.737277 0
    outer loop
      vertex -1.04191 -0.671138 -0.0393701
      vertex -1.05457 -0.68274 0
      vertex -1.05457 -0.68274 -0.0393701
    endloop
  endfacet
  facet normal 0.60876 -0.793354 0
    outer loop
      vertex -1.05457 -0.68274 0
      vertex -1.06819 -0.693194 0
      vertex -1.05457 -0.68274 -0.0393701
    endloop
  endfacet
  facet normal 0.60876 -0.793354 0
    outer loop
      vertex -1.05457 -0.68274 -0.0393701
      vertex -1.06819 -0.693194 0
      vertex -1.06819 -0.693194 -0.0393701
    endloop
  endfacet
  facet normal 0.537301 -0.843391 0
    outer loop
      vertex -1.06819 -0.693194 0
      vertex -1.08268 -0.702421 0
      vertex -1.06819 -0.693194 -0.0393701
    endloop
  endfacet
  facet normal 0.537301 -0.843391 0
    outer loop
      vertex -1.06819 -0.693194 -0.0393701
      vertex -1.08268 -0.702421 0
      vertex -1.08268 -0.702421 -0.0393701
    endloop
  endfacet
  facet normal 0.461748 -0.887011 0
    outer loop
      vertex -1.08268 -0.702421 0
      vertex -1.09791 -0.710351 0
      vertex -1.08268 -0.702421 -0.0393701
    endloop
  endfacet
  facet normal 0.461748 -0.887011 0
    outer loop
      vertex -1.08268 -0.702421 -0.0393701
      vertex -1.09791 -0.710351 0
      vertex -1.09791 -0.710351 -0.0393701
    endloop
  endfacet
  facet normal 0.382684 -0.923879 0
    outer loop
      vertex -1.09791 -0.710351 0
      vertex -1.11378 -0.716923 0
      vertex -1.09791 -0.710351 -0.0393701
    endloop
  endfacet
  facet normal 0.382684 -0.923879 0
    outer loop
      vertex -1.09791 -0.710351 -0.0393701
      vertex -1.11378 -0.716923 0
      vertex -1.11378 -0.716923 -0.0393701
    endloop
  endfacet
  facet normal 0.300705 -0.953717 0
    outer loop
      vertex -1.11378 -0.716923 0
      vertex -1.13015 -0.722087 0
      vertex -1.11378 -0.716923 -0.0393701
    endloop
  endfacet
  facet normal 0.300705 -0.953717 0
    outer loop
      vertex -1.11378 -0.716923 -0.0393701
      vertex -1.13015 -0.722087 0
      vertex -1.13015 -0.722087 -0.0393701
    endloop
  endfacet
  facet normal 0.21644 -0.976296 0
    outer loop
      vertex -1.13015 -0.722087 0
      vertex -1.14692 -0.725804 0
      vertex -1.13015 -0.722087 -0.0393701
    endloop
  endfacet
  facet normal 0.21644 -0.976296 0
    outer loop
      vertex -1.13015 -0.722087 -0.0393701
      vertex -1.14692 -0.725804 0
      vertex -1.14692 -0.725804 -0.0393701
    endloop
  endfacet
  facet normal 0.130524 -0.991445 0
    outer loop
      vertex -1.14692 -0.725804 0
      vertex -1.16395 -0.728045 0
      vertex -1.14692 -0.725804 -0.0393701
    endloop
  endfacet
  facet normal 0.130524 -0.991445 0
    outer loop
      vertex -1.14692 -0.725804 -0.0393701
      vertex -1.16395 -0.728045 0
      vertex -1.16395 -0.728045 -0.0393701
    endloop
  endfacet
  facet normal 0.0436203 -0.999048 0
    outer loop
      vertex -1.16395 -0.728045 0
      vertex -1.1811 -0.728794 0
      vertex -1.16395 -0.728045 -0.0393701
    endloop
  endfacet
  facet normal 0.0436203 -0.999048 0
    outer loop
      vertex -1.16395 -0.728045 -0.0393701
      vertex -1.1811 -0.728794 0
      vertex -1.1811 -0.728794 -0.0393701
    endloop
  endfacet
  facet normal -0.0436203 -0.999048 0
    outer loop
      vertex -1.1811 -0.728794 0
      vertex -1.19826 -0.728045 0
      vertex -1.1811 -0.728794 -0.0393701
    endloop
  endfacet
  facet normal -0.0436203 -0.999048 0
    outer loop
      vertex -1.1811 -0.728794 -0.0393701
      vertex -1.19826 -0.728045 0
      vertex -1.19826 -0.728045 -0.0393701
    endloop
  endfacet
  facet normal -0.130523 -0.991445 0
    outer loop
      vertex -1.19826 -0.728045 0
      vertex -1.21529 -0.725804 0
      vertex -1.19826 -0.728045 -0.0393701
    endloop
  endfacet
  facet normal -0.130523 -0.991445 0
    outer loop
      vertex -1.19826 -0.728045 -0.0393701
      vertex -1.21529 -0.725804 0
      vertex -1.21529 -0.725804 -0.0393701
    endloop
  endfacet
  facet normal -0.21644 -0.976296 0
    outer loop
      vertex -1.21529 -0.725804 0
      vertex -1.23205 -0.722087 0
      vertex -1.21529 -0.725804 -0.0393701
    endloop
  endfacet
  facet normal -0.21644 -0.976296 0
    outer loop
      vertex -1.21529 -0.725804 -0.0393701
      vertex -1.23205 -0.722087 0
      vertex -1.23205 -0.722087 -0.0393701
    endloop
  endfacet
  facet normal -0.300706 -0.953717 0
    outer loop
      vertex -1.23205 -0.722087 0
      vertex -1.24843 -0.716923 0
      vertex -1.23205 -0.722087 -0.0393701
    endloop
  endfacet
  facet normal -0.300706 -0.953717 0
    outer loop
      vertex -1.23205 -0.722087 -0.0393701
      vertex -1.24843 -0.716923 0
      vertex -1.24843 -0.716923 -0.0393701
    endloop
  endfacet
  facet normal -0.382684 -0.923879 0
    outer loop
      vertex -1.24843 -0.716923 0
      vertex -1.26429 -0.710351 0
      vertex -1.24843 -0.716923 -0.0393701
    endloop
  endfacet
  facet normal -0.382684 -0.923879 0
    outer loop
      vertex -1.24843 -0.716923 -0.0393701
      vertex -1.26429 -0.710351 0
      vertex -1.26429 -0.710351 -0.0393701
    endloop
  endfacet
  facet normal -0.461748 -0.887011 0
    outer loop
      vertex -1.26429 -0.710351 0
      vertex -1.27953 -0.702421 0
      vertex -1.26429 -0.710351 -0.0393701
    endloop
  endfacet
  facet normal -0.461748 -0.887011 0
    outer loop
      vertex -1.26429 -0.710351 -0.0393701
      vertex -1.27953 -0.702421 0
      vertex -1.27953 -0.702421 -0.0393701
    endloop
  endfacet
  facet normal -0.537299 -0.843392 0
    outer loop
      vertex -1.27953 -0.702421 0
      vertex -1.29401 -0.693194 0
      vertex -1.27953 -0.702421 -0.0393701
    endloop
  endfacet
  facet normal -0.537299 -0.843392 0
    outer loop
      vertex -1.27953 -0.702421 -0.0393701
      vertex -1.29401 -0.693194 0
      vertex -1.29401 -0.693194 -0.0393701
    endloop
  endfacet
  facet normal -0.608758 -0.793356 0
    outer loop
      vertex -1.29401 -0.693194 0
      vertex -1.30764 -0.68274 0
      vertex -1.29401 -0.693194 -0.0393701
    endloop
  endfacet
  facet normal -0.608758 -0.793356 0
    outer loop
      vertex -1.29401 -0.693194 -0.0393701
      vertex -1.30764 -0.68274 0
      vertex -1.30764 -0.68274 -0.0393701
    endloop
  endfacet
  facet normal -0.675594 -0.737274 0
    outer loop
      vertex -1.30764 -0.68274 0
      vertex -1.3203 -0.671138 0
      vertex -1.30764 -0.68274 -0.0393701
    endloop
  endfacet
  facet normal -0.675594 -0.737274 0
    outer loop
      vertex -1.30764 -0.68274 -0.0393701
      vertex -1.3203 -0.671138 0
      vertex -1.3203 -0.671138 -0.0393701
    endloop
  endfacet
  facet normal -0.737277 -0.67559 0
    outer loop
      vertex -1.3203 -0.671138 0
      vertex -1.3319 -0.658477 0
      vertex -1.3203 -0.671138 -0.0393701
    endloop
  endfacet
  facet normal -0.737277 -0.67559 0
    outer loop
      vertex -1.3203 -0.671138 -0.0393701
      vertex -1.3319 -0.658477 0
      vertex -1.3319 -0.658477 -0.0393701
    endloop
  endfacet
  facet normal -0.793352 -0.608763 0
    outer loop
      vertex -1.3319 -0.658477 0
      vertex -1.34235 -0.644853 0
      vertex -1.3319 -0.658477 -0.0393701
    endloop
  endfacet
  facet normal -0.793352 -0.608763 0
    outer loop
      vertex -1.3319 -0.658477 -0.0393701
      vertex -1.34235 -0.644853 0
      vertex -1.34235 -0.644853 -0.0393701
    endloop
  endfacet
  facet normal -0.843393 -0.537298 0
    outer loop
      vertex -1.34235 -0.644853 0
      vertex -1.35158 -0.630369 0
      vertex -1.34235 -0.644853 -0.0393701
    endloop
  endfacet
  facet normal -0.843393 -0.537298 0
    outer loop
      vertex -1.34235 -0.644853 -0.0393701
      vertex -1.35158 -0.630369 0
      vertex -1.35158 -0.630369 -0.0393701
    endloop
  endfacet
  facet normal -0.887011 -0.461748 0
    outer loop
      vertex -1.35158 -0.630369 0
      vertex -1.35951 -0.615136 0
      vertex -1.35158 -0.630369 -0.0393701
    endloop
  endfacet
  facet normal -0.887011 -0.461748 0
    outer loop
      vertex -1.35158 -0.630369 -0.0393701
      vertex -1.35951 -0.615136 0
      vertex -1.35951 -0.615136 -0.0393701
    endloop
  endfacet
  facet normal -0.923878 -0.382688 0
    outer loop
      vertex -1.35951 -0.615136 0
      vertex -1.36608 -0.599271 0
      vertex -1.35951 -0.615136 -0.0393701
    endloop
  endfacet
  facet normal -0.923878 -0.382688 0
    outer loop
      vertex -1.35951 -0.615136 -0.0393701
      vertex -1.36608 -0.599271 0
      vertex -1.36608 -0.599271 -0.0393701
    endloop
  endfacet
  facet normal -0.953719 -0.300701 0
    outer loop
      vertex -1.36608 -0.599271 0
      vertex -1.37125 -0.582892 0
      vertex -1.36608 -0.599271 -0.0393701
    endloop
  endfacet
  facet normal -0.953719 -0.300701 0
    outer loop
      vertex -1.36608 -0.599271 -0.0393701
      vertex -1.37125 -0.582892 0
      vertex -1.37125 -0.582892 -0.0393701
    endloop
  endfacet
  facet normal -0.976296 -0.216441 0
    outer loop
      vertex -1.37125 -0.582892 0
      vertex -1.37496 -0.566127 0
      vertex -1.37125 -0.582892 -0.0393701
    endloop
  endfacet
  facet normal -0.976296 -0.216441 0
    outer loop
      vertex -1.37125 -0.582892 -0.0393701
      vertex -1.37496 -0.566127 0
      vertex -1.37496 -0.566127 -0.0393701
    endloop
  endfacet
  facet normal -0.991444 -0.130532 0
    outer loop
      vertex -1.37496 -0.566127 0
      vertex -1.3772 -0.5491 0
      vertex -1.37496 -0.566127 -0.0393701
    endloop
  endfacet
  facet normal -0.991444 -0.130532 0
    outer loop
      vertex -1.37496 -0.566127 -0.0393701
      vertex -1.3772 -0.5491 0
      vertex -1.3772 -0.5491 -0.0393701
    endloop
  endfacet
  facet normal -0.999048 -0.043616 0
    outer loop
      vertex -1.3772 -0.5491 0
      vertex -1.37795 -0.531944 0
      vertex -1.3772 -0.5491 -0.0393701
    endloop
  endfacet
  facet normal -0.999048 -0.043616 0
    outer loop
      vertex -1.3772 -0.5491 -0.0393701
      vertex -1.37795 -0.531944 0
      vertex -1.37795 -0.531944 -0.0393701
    endloop
  endfacet
  facet normal 0.936425 -0.350867 0
    outer loop
      vertex -0.401319 -0.29426 -0.0393701
      vertex -0.401319 -0.29426 0
      vertex -0.40767 -0.311208 0
    endloop
  endfacet
  facet normal 0.936425 -0.350867 0
    outer loop
      vertex -0.401319 -0.29426 -0.0393701
      vertex -0.40767 -0.311208 0
      vertex -0.40767 -0.311208 -0.0393701
    endloop
  endfacet
  facet normal 0.903854 -0.427841 0
    outer loop
      vertex -0.40767 -0.311208 0
      vertex -0.415413 -0.327567 0
      vertex -0.40767 -0.311208 -0.0393701
    endloop
  endfacet
  facet normal 0.903854 -0.427841 0
    outer loop
      vertex -0.40767 -0.311208 -0.0393701
      vertex -0.415413 -0.327567 0
      vertex -0.415413 -0.327567 -0.0393701
    endloop
  endfacet
  facet normal 0.864968 -0.501828 0
    outer loop
      vertex -0.415413 -0.327567 0
      vertex -0.424495 -0.343222 0
      vertex -0.415413 -0.327567 -0.0393701
    endloop
  endfacet
  facet normal 0.864968 -0.501828 0
    outer loop
      vertex -0.415413 -0.327567 -0.0393701
      vertex -0.424495 -0.343222 0
      vertex -0.424495 -0.343222 -0.0393701
    endloop
  endfacet
  facet normal 0.820039 -0.572308 0
    outer loop
      vertex -0.424495 -0.343222 0
      vertex -0.434853 -0.358063 0
      vertex -0.424495 -0.343222 -0.0393701
    endloop
  endfacet
  facet normal 0.820039 -0.572308 0
    outer loop
      vertex -0.424495 -0.343222 -0.0393701
      vertex -0.434853 -0.358063 0
      vertex -0.434853 -0.358063 -0.0393701
    endloop
  endfacet
  facet normal 0.769381 -0.63879 0
    outer loop
      vertex -0.434853 -0.358063 0
      vertex -0.446414 -0.371988 0
      vertex -0.434853 -0.358063 -0.0393701
    endloop
  endfacet
  facet normal 0.769381 -0.63879 0
    outer loop
      vertex -0.434853 -0.358063 -0.0393701
      vertex -0.446414 -0.371988 0
      vertex -0.446414 -0.371988 -0.0393701
    endloop
  endfacet
  facet normal 0.713349 -0.700809 0
    outer loop
      vertex -0.446414 -0.371988 0
      vertex -0.459098 -0.384898 0
      vertex -0.446414 -0.371988 -0.0393701
    endloop
  endfacet
  facet normal 0.713349 -0.700809 0
    outer loop
      vertex -0.446414 -0.371988 -0.0393701
      vertex -0.459098 -0.384898 0
      vertex -0.459098 -0.384898 -0.0393701
    endloop
  endfacet
  facet normal 0.652333 -0.757932 0
    outer loop
      vertex -0.459098 -0.384898 0
      vertex -0.472816 -0.396705 0
      vertex -0.459098 -0.384898 -0.0393701
    endloop
  endfacet
  facet normal 0.652333 -0.757932 0
    outer loop
      vertex -0.459098 -0.384898 -0.0393701
      vertex -0.472816 -0.396705 0
      vertex -0.472816 -0.396705 -0.0393701
    endloop
  endfacet
  facet normal 0.58676 -0.809761 0
    outer loop
      vertex -0.472816 -0.396705 0
      vertex -0.487471 -0.407324 0
      vertex -0.472816 -0.396705 -0.0393701
    endloop
  endfacet
  facet normal 0.58676 -0.809761 0
    outer loop
      vertex -0.472816 -0.396705 -0.0393701
      vertex -0.487471 -0.407324 0
      vertex -0.487471 -0.407324 -0.0393701
    endloop
  endfacet
  facet normal 0.517087 -0.855933 0
    outer loop
      vertex -0.487471 -0.407324 0
      vertex -0.502962 -0.416683 0
      vertex -0.487471 -0.407324 -0.0393701
    endloop
  endfacet
  facet normal 0.517087 -0.855933 0
    outer loop
      vertex -0.487471 -0.407324 -0.0393701
      vertex -0.502962 -0.416683 0
      vertex -0.502962 -0.416683 -0.0393701
    endloop
  endfacet
  facet normal 0.443804 -0.896124 0
    outer loop
      vertex -0.502962 -0.416683 0
      vertex -0.519181 -0.424715 0
      vertex -0.502962 -0.416683 -0.0393701
    endloop
  endfacet
  facet normal 0.443804 -0.896124 0
    outer loop
      vertex -0.502962 -0.416683 -0.0393701
      vertex -0.519181 -0.424715 0
      vertex -0.519181 -0.424715 -0.0393701
    endloop
  endfacet
  facet normal 0.367416 -0.930057 0
    outer loop
      vertex -0.519181 -0.424715 0
      vertex -0.536014 -0.431365 0
      vertex -0.519181 -0.424715 -0.0393701
    endloop
  endfacet
  facet normal 0.367416 -0.930057 0
    outer loop
      vertex -0.519181 -0.424715 -0.0393701
      vertex -0.536014 -0.431365 0
      vertex -0.536014 -0.431365 -0.0393701
    endloop
  endfacet
  facet normal 0.288466 -0.95749 0
    outer loop
      vertex -0.536014 -0.431365 0
      vertex -0.553343 -0.436586 0
      vertex -0.536014 -0.431365 -0.0393701
    endloop
  endfacet
  facet normal 0.288466 -0.95749 0
    outer loop
      vertex -0.536014 -0.431365 -0.0393701
      vertex -0.553343 -0.436586 0
      vertex -0.553343 -0.436586 -0.0393701
    endloop
  endfacet
  facet normal 0.207499 -0.978235 0
    outer loop
      vertex -0.553343 -0.436586 0
      vertex -0.571047 -0.440341 0
      vertex -0.553343 -0.436586 -0.0393701
    endloop
  endfacet
  facet normal 0.207499 -0.978235 0
    outer loop
      vertex -0.553343 -0.436586 -0.0393701
      vertex -0.571047 -0.440341 0
      vertex -0.571047 -0.440341 -0.0393701
    endloop
  endfacet
  facet normal 0.125082 -0.992146 0
    outer loop
      vertex -0.571047 -0.440341 0
      vertex -0.589004 -0.442605 0
      vertex -0.571047 -0.440341 -0.0393701
    endloop
  endfacet
  facet normal 0.125082 -0.992146 0
    outer loop
      vertex -0.571047 -0.440341 -0.0393701
      vertex -0.589004 -0.442605 0
      vertex -0.589004 -0.442605 -0.0393701
    endloop
  endfacet
  facet normal 0.0417907 -0.999126 0
    outer loop
      vertex -0.589004 -0.442605 0
      vertex -0.607087 -0.443361 0
      vertex -0.589004 -0.442605 -0.0393701
    endloop
  endfacet
  facet normal 0.0417907 -0.999126 0
    outer loop
      vertex -0.589004 -0.442605 -0.0393701
      vertex -0.607087 -0.443361 0
      vertex -0.607087 -0.443361 -0.0393701
    endloop
  endfacet
  facet normal 0 -1 0
    outer loop
      vertex -0.895669 -0.443361 -0.0393701
      vertex -0.607087 -0.443361 -0.0393701
      vertex -0.895669 -0.443361 0
    endloop
  endfacet
  facet normal 0 -1 0
    outer loop
      vertex -0.607087 -0.443361 -0.0393701
      vertex -0.607087 -0.443361 0
      vertex -0.895669 -0.443361 0
    endloop
  endfacet
  facet normal -0.99922 0.0394954 0
    outer loop
      vertex -1.06299 -1.02444e-16 -0.0393701
      vertex -1.06299 -1.02444e-16 0
      vertex -1.06004 0.0745789 0
    endloop
  endfacet
  facet normal -0.99922 0.0394954 0
    outer loop
      vertex -1.06299 -1.02444e-16 -0.0393701
      vertex -1.06004 0.0745789 0
      vertex -1.06004 0.0745789 -0.0393701
    endloop
  endfacet
  facet normal -0.992985 0.11824 0
    outer loop
      vertex -1.06004 0.0745789 0
      vertex -1.05122 0.148692 0
      vertex -1.06004 0.0745789 -0.0393701
    endloop
  endfacet
  facet normal -0.992985 0.11824 0
    outer loop
      vertex -1.06004 0.0745789 -0.0393701
      vertex -1.05122 0.148692 0
      vertex -1.05122 0.148692 -0.0393701
    endloop
  endfacet
  facet normal -0.980555 0.196247 0
    outer loop
      vertex -1.05122 0.148692 0
      vertex -1.03657 0.221878 0
      vertex -1.05122 0.148692 -0.0393701
    endloop
  endfacet
  facet normal -0.980555 0.196247 0
    outer loop
      vertex -1.05122 0.148692 -0.0393701
      vertex -1.03657 0.221878 0
      vertex -1.03657 0.221878 -0.0393701
    endloop
  endfacet
  facet normal -0.962006 0.273029 0
    outer loop
      vertex -1.03657 0.221878 0
      vertex -1.01619 0.29368 0
      vertex -1.03657 0.221878 -0.0393701
    endloop
  endfacet
  facet normal -0.962006 0.273029 0
    outer loop
      vertex -1.03657 0.221878 -0.0393701
      vertex -1.01619 0.29368 0
      vertex -1.01619 0.29368 -0.0393701
    endloop
  endfacet
  facet normal -0.936644 0.350283 0
    outer loop
      vertex -1.01619 0.29368 -0.0393701
      vertex -1.01619 0.29368 0
      vertex -1.00985 0.31064 0
    endloop
  endfacet
  facet normal -0.936644 0.350283 0
    outer loop
      vertex -1.01619 0.29368 -0.0393701
      vertex -1.00985 0.31064 0
      vertex -1.00985 0.31064 -0.0393701
    endloop
  endfacet
  facet normal -0.904103 0.427314 0
    outer loop
      vertex -1.00985 0.31064 0
      vertex -1.00211 0.327012 0
      vertex -1.00985 0.31064 -0.0393701
    endloop
  endfacet
  facet normal -0.904103 0.427314 0
    outer loop
      vertex -1.00985 0.31064 -0.0393701
      vertex -1.00211 0.327012 0
      vertex -1.00211 0.327012 -0.0393701
    endloop
  endfacet
  facet normal -0.865238 0.501362 0
    outer loop
      vertex -1.00211 0.327012 0
      vertex -0.993035 0.342679 0
      vertex -1.00211 0.327012 -0.0393701
    endloop
  endfacet
  facet normal -0.865238 0.501362 0
    outer loop
      vertex -1.00211 0.327012 -0.0393701
      vertex -0.993035 0.342679 0
      vertex -0.993035 0.342679 -0.0393701
    endloop
  endfacet
  facet normal -0.820323 0.571901 0
    outer loop
      vertex -0.993035 0.342679 0
      vertex -0.982679 0.357534 0
      vertex -0.993035 0.342679 -0.0393701
    endloop
  endfacet
  facet normal -0.820323 0.571901 0
    outer loop
      vertex -0.993035 0.342679 -0.0393701
      vertex -0.982679 0.357534 0
      vertex -0.982679 0.357534 -0.0393701
    endloop
  endfacet
  facet normal -0.769672 0.63844 0
    outer loop
      vertex -0.982679 0.357534 0
      vertex -0.971118 0.371471 0
      vertex -0.982679 0.357534 -0.0393701
    endloop
  endfacet
  facet normal -0.769672 0.63844 0
    outer loop
      vertex -0.982679 0.357534 -0.0393701
      vertex -0.971118 0.371471 0
      vertex -0.971118 0.371471 -0.0393701
    endloop
  endfacet
  facet normal -0.713636 0.700517 0
    outer loop
      vertex -0.971118 0.371471 0
      vertex -0.958433 0.384393 0
      vertex -0.971118 0.371471 -0.0393701
    endloop
  endfacet
  facet normal -0.713636 0.700517 0
    outer loop
      vertex -0.971118 0.371471 -0.0393701
      vertex -0.958433 0.384393 0
      vertex -0.958433 0.384393 -0.0393701
    endloop
  endfacet
  facet normal -0.65261 0.757694 0
    outer loop
      vertex -0.958433 0.384393 0
      vertex -0.944713 0.396211 0
      vertex -0.958433 0.384393 -0.0393701
    endloop
  endfacet
  facet normal -0.65261 0.757694 0
    outer loop
      vertex -0.958433 0.384393 -0.0393701
      vertex -0.944713 0.396211 0
      vertex -0.944713 0.396211 -0.0393701
    endloop
  endfacet
  facet normal -0.587022 0.809571 0
    outer loop
      vertex -0.944713 0.396211 0
      vertex -0.930053 0.40684 0
      vertex -0.944713 0.396211 -0.0393701
    endloop
  endfacet
  facet normal -0.587022 0.809571 0
    outer loop
      vertex -0.944713 0.396211 -0.0393701
      vertex -0.930053 0.40684 0
      vertex -0.930053 0.40684 -0.0393701
    endloop
  endfacet
  facet normal -0.517327 0.855788 0
    outer loop
      vertex -0.930053 0.40684 0
      vertex -0.914556 0.416208 0
      vertex -0.930053 0.40684 -0.0393701
    endloop
  endfacet
  facet normal -0.517327 0.855788 0
    outer loop
      vertex -0.930053 0.40684 -0.0393701
      vertex -0.914556 0.416208 0
      vertex -0.914556 0.416208 -0.0393701
    endloop
  endfacet
  facet normal -0.444016 0.896019 0
    outer loop
      vertex -0.914556 0.416208 0
      vertex -0.898331 0.424248 0
      vertex -0.914556 0.416208 -0.0393701
    endloop
  endfacet
  facet normal -0.444016 0.896019 0
    outer loop
      vertex -0.914556 0.416208 -0.0393701
      vertex -0.898331 0.424248 0
      vertex -0.898331 0.424248 -0.0393701
    endloop
  endfacet
  facet normal -0.367598 0.929985 0
    outer loop
      vertex -0.898331 0.424248 0
      vertex -0.881491 0.430905 0
      vertex -0.898331 0.424248 -0.0393701
    endloop
  endfacet
  facet normal -0.367598 0.929985 0
    outer loop
      vertex -0.898331 0.424248 -0.0393701
      vertex -0.881491 0.430905 0
      vertex -0.881491 0.430905 -0.0393701
    endloop
  endfacet
  facet normal -0.288612 0.957446 0
    outer loop
      vertex -0.881491 0.430905 0
      vertex -0.864154 0.436131 0
      vertex -0.881491 0.430905 -0.0393701
    endloop
  endfacet
  facet normal -0.288612 0.957446 0
    outer loop
      vertex -0.881491 0.430905 -0.0393701
      vertex -0.864154 0.436131 0
      vertex -0.864154 0.436131 -0.0393701
    endloop
  endfacet
  facet normal -0.207604 0.978213 0
    outer loop
      vertex -0.864154 0.436131 0
      vertex -0.846441 0.43989 0
      vertex -0.864154 0.436131 -0.0393701
    endloop
  endfacet
  facet normal -0.207604 0.978213 0
    outer loop
      vertex -0.864154 0.436131 -0.0393701
      vertex -0.846441 0.43989 0
      vertex -0.846441 0.43989 -0.0393701
    endloop
  endfacet
  facet normal -0.125145 0.992138 0
    outer loop
      vertex -0.846441 0.43989 0
      vertex -0.828475 0.442156 0
      vertex -0.846441 0.43989 -0.0393701
    endloop
  endfacet
  facet normal -0.125145 0.992138 0
    outer loop
      vertex -0.846441 0.43989 -0.0393701
      vertex -0.828475 0.442156 0
      vertex -0.828475 0.442156 -0.0393701
    endloop
  endfacet
  facet normal -0.0418136 0.999125 0
    outer loop
      vertex -0.828475 0.442156 0
      vertex -0.810383 0.442913 0
      vertex -0.828475 0.442156 -0.0393701
    endloop
  endfacet
  facet normal -0.0418136 0.999125 0
    outer loop
      vertex -0.828475 0.442156 -0.0393701
      vertex -0.810383 0.442913 0
      vertex -0.810383 0.442913 -0.0393701
    endloop
  endfacet
  facet normal 0 1 0
    outer loop
      vertex -0.561024 0.442913 -0.0393701
      vertex -0.810383 0.442913 -0.0393701
      vertex -0.561024 0.442913 0
    endloop
  endfacet
  facet normal 0 1 0
    outer loop
      vertex -0.810383 0.442913 -0.0393701
      vertex -0.810383 0.442913 0
      vertex -0.561024 0.442913 0
    endloop
  endfacet
  facet normal -0.043619 0.999048 0
    outer loop
      vertex -0.561024 0.442913 -0.0393701
      vertex -0.561024 0.442913 0
      vertex -0.54644 0.44355 -0.0393701
    endloop
  endfacet
  facet normal -0.043619 0.999048 0
    outer loop
      vertex -0.561024 0.442913 0
      vertex -0.54644 0.44355 0
      vertex -0.54644 0.44355 -0.0393701
    endloop
  endfacet
  facet normal -0.130526 0.991445 0
    outer loop
      vertex -0.54644 0.44355 -0.0393701
      vertex -0.54644 0.44355 0
      vertex -0.531968 0.445455 -0.0393701
    endloop
  endfacet
  facet normal -0.130526 0.991445 0
    outer loop
      vertex -0.54644 0.44355 0
      vertex -0.531968 0.445455 0
      vertex -0.531968 0.445455 -0.0393701
    endloop
  endfacet
  facet normal -0.21644 0.976296 0
    outer loop
      vertex -0.531968 0.445455 -0.0393701
      vertex -0.531968 0.445455 0
      vertex -0.517717 0.448615 -0.0393701
    endloop
  endfacet
  facet normal -0.21644 0.976296 0
    outer loop
      vertex -0.531968 0.445455 0
      vertex -0.517717 0.448615 0
      vertex -0.517717 0.448615 -0.0393701
    endloop
  endfacet
  facet normal -0.300704 0.953717 0
    outer loop
      vertex -0.517717 0.448615 -0.0393701
      vertex -0.517717 0.448615 0
      vertex -0.503796 0.453004 -0.0393701
    endloop
  endfacet
  facet normal -0.300704 0.953717 0
    outer loop
      vertex -0.517717 0.448615 0
      vertex -0.503796 0.453004 0
      vertex -0.503796 0.453004 -0.0393701
    endloop
  endfacet
  facet normal -0.382685 0.923879 0
    outer loop
      vertex -0.503796 0.453004 -0.0393701
      vertex -0.503796 0.453004 0
      vertex -0.49031 0.45859 -0.0393701
    endloop
  endfacet
  facet normal -0.382685 0.923879 0
    outer loop
      vertex -0.503796 0.453004 0
      vertex -0.49031 0.45859 0
      vertex -0.49031 0.45859 -0.0393701
    endloop
  endfacet
  facet normal -0.461749 0.887011 0
    outer loop
      vertex -0.49031 0.45859 -0.0393701
      vertex -0.49031 0.45859 0
      vertex -0.477362 0.46533 -0.0393701
    endloop
  endfacet
  facet normal -0.461749 0.887011 0
    outer loop
      vertex -0.49031 0.45859 0
      vertex -0.477362 0.46533 0
      vertex -0.477362 0.46533 -0.0393701
    endloop
  endfacet
  facet normal -0.537299 0.843392 0
    outer loop
      vertex -0.477362 0.46533 -0.0393701
      vertex -0.477362 0.46533 0
      vertex -0.465051 0.473173 -0.0393701
    endloop
  endfacet
  facet normal -0.537299 0.843392 0
    outer loop
      vertex -0.477362 0.46533 0
      vertex -0.465051 0.473173 0
      vertex -0.465051 0.473173 -0.0393701
    endloop
  endfacet
  facet normal -0.60876 0.793354 0
    outer loop
      vertex -0.465051 0.473173 -0.0393701
      vertex -0.465051 0.473173 0
      vertex -0.453471 0.482059 -0.0393701
    endloop
  endfacet
  facet normal -0.60876 0.793354 0
    outer loop
      vertex -0.465051 0.473173 0
      vertex -0.453471 0.482059 0
      vertex -0.453471 0.482059 -0.0393701
    endloop
  endfacet
  facet normal -0.67559 0.737277 0
    outer loop
      vertex -0.453471 0.482059 -0.0393701
      vertex -0.453471 0.482059 0
      vertex -0.442709 0.491921 -0.0393701
    endloop
  endfacet
  facet normal -0.67559 0.737277 0
    outer loop
      vertex -0.453471 0.482059 0
      vertex -0.442709 0.491921 0
      vertex -0.442709 0.491921 -0.0393701
    endloop
  endfacet
  facet normal -0.737279 0.675589 0
    outer loop
      vertex -0.442709 0.491921 -0.0393701
      vertex -0.442709 0.491921 0
      vertex -0.432847 0.502683 -0.0393701
    endloop
  endfacet
  facet normal -0.737279 0.675589 0
    outer loop
      vertex -0.442709 0.491921 0
      vertex -0.432847 0.502683 0
      vertex -0.432847 0.502683 -0.0393701
    endloop
  endfacet
  facet normal -0.793352 0.608763 0
    outer loop
      vertex -0.432847 0.502683 -0.0393701
      vertex -0.432847 0.502683 0
      vertex -0.423961 0.514264 -0.0393701
    endloop
  endfacet
  facet normal -0.793352 0.608763 0
    outer loop
      vertex -0.432847 0.502683 0
      vertex -0.423961 0.514264 0
      vertex -0.423961 0.514264 -0.0393701
    endloop
  endfacet
  facet normal -0.843392 0.537299 0
    outer loop
      vertex -0.423961 0.514264 -0.0393701
      vertex -0.423961 0.514264 0
      vertex -0.416118 0.526575 -0.0393701
    endloop
  endfacet
  facet normal -0.843392 0.537299 0
    outer loop
      vertex -0.423961 0.514264 0
      vertex -0.416118 0.526575 0
      vertex -0.416118 0.526575 -0.0393701
    endloop
  endfacet
  facet normal -0.887012 0.461747 0
    outer loop
      vertex -0.416118 0.526575 -0.0393701
      vertex -0.416118 0.526575 0
      vertex -0.409378 0.539523 -0.0393701
    endloop
  endfacet
  facet normal -0.887012 0.461747 0
    outer loop
      vertex -0.416118 0.526575 0
      vertex -0.409378 0.539523 0
      vertex -0.409378 0.539523 -0.0393701
    endloop
  endfacet
  facet normal -0.923879 0.382684 0
    outer loop
      vertex -0.409378 0.539523 -0.0393701
      vertex -0.409378 0.539523 0
      vertex -0.403792 0.553008 -0.0393701
    endloop
  endfacet
  facet normal -0.923879 0.382684 0
    outer loop
      vertex -0.409378 0.539523 0
      vertex -0.403792 0.553008 0
      vertex -0.403792 0.553008 -0.0393701
    endloop
  endfacet
  facet normal -0.953717 0.300707 0
    outer loop
      vertex -0.403792 0.553008 -0.0393701
      vertex -0.403792 0.553008 0
      vertex -0.399402 0.56693 -0.0393701
    endloop
  endfacet
  facet normal -0.953717 0.300707 0
    outer loop
      vertex -0.403792 0.553008 0
      vertex -0.399402 0.56693 0
      vertex -0.399402 0.56693 -0.0393701
    endloop
  endfacet
  facet normal -0.976296 0.216438 0
    outer loop
      vertex -0.399402 0.56693 -0.0393701
      vertex -0.399402 0.56693 0
      vertex -0.396243 0.581181 -0.0393701
    endloop
  endfacet
  facet normal -0.976296 0.216438 0
    outer loop
      vertex -0.399402 0.56693 0
      vertex -0.396243 0.581181 0
      vertex -0.396243 0.581181 -0.0393701
    endloop
  endfacet
  facet normal -0.991445 0.130528 0
    outer loop
      vertex -0.396243 0.581181 -0.0393701
      vertex -0.396243 0.581181 0
      vertex -0.394337 0.595653 -0.0393701
    endloop
  endfacet
  facet normal -0.991445 0.130528 0
    outer loop
      vertex -0.396243 0.581181 0
      vertex -0.394337 0.595653 0
      vertex -0.394337 0.595653 -0.0393701
    endloop
  endfacet
  facet normal -0.999048 0.0436192 0
    outer loop
      vertex -0.394337 0.595653 -0.0393701
      vertex -0.394337 0.595653 0
      vertex -0.393701 0.610236 -0.0393701
    endloop
  endfacet
  facet normal -0.999048 0.0436192 0
    outer loop
      vertex -0.394337 0.595653 0
      vertex -0.393701 0.610236 0
      vertex -0.393701 0.610236 -0.0393701
    endloop
  endfacet
  facet normal -0.999048 0.0436182 0
    outer loop
      vertex -0.393701 0.610236 -0.0393701
      vertex -0.393701 0.610236 0
      vertex -0.392952 0.627393 0
    endloop
  endfacet
  facet normal -0.999048 0.0436182 0
    outer loop
      vertex -0.393701 0.610236 -0.0393701
      vertex -0.392952 0.627393 0
      vertex -0.392952 0.627393 -0.0393701
    endloop
  endfacet
  facet normal -0.991445 0.130528 0
    outer loop
      vertex -0.392952 0.627393 0
      vertex -0.39071 0.644419 0
      vertex -0.392952 0.627393 -0.0393701
    endloop
  endfacet
  facet normal -0.991445 0.130528 0
    outer loop
      vertex -0.392952 0.627393 -0.0393701
      vertex -0.39071 0.644419 0
      vertex -0.39071 0.644419 -0.0393701
    endloop
  endfacet
  facet normal -0.976296 0.216438 0
    outer loop
      vertex -0.39071 0.644419 0
      vertex -0.386993 0.661185 0
      vertex -0.39071 0.644419 -0.0393701
    endloop
  endfacet
  facet normal -0.976296 0.216438 0
    outer loop
      vertex -0.39071 0.644419 -0.0393701
      vertex -0.386993 0.661185 0
      vertex -0.386993 0.661185 -0.0393701
    endloop
  endfacet
  facet normal -0.953717 0.300707 0
    outer loop
      vertex -0.386993 0.661185 0
      vertex -0.381829 0.677563 0
      vertex -0.386993 0.661185 -0.0393701
    endloop
  endfacet
  facet normal -0.953717 0.300707 0
    outer loop
      vertex -0.386993 0.661185 -0.0393701
      vertex -0.381829 0.677563 0
      vertex -0.381829 0.677563 -0.0393701
    endloop
  endfacet
  facet normal -0.92388 0.382682 0
    outer loop
      vertex -0.381829 0.677563 0
      vertex -0.375257 0.693429 0
      vertex -0.381829 0.677563 -0.0393701
    endloop
  endfacet
  facet normal -0.92388 0.382682 0
    outer loop
      vertex -0.381829 0.677563 -0.0393701
      vertex -0.375257 0.693429 0
      vertex -0.375257 0.693429 -0.0393701
    endloop
  endfacet
  facet normal -0.887011 0.461748 0
    outer loop
      vertex -0.375257 0.693429 0
      vertex -0.367328 0.708661 0
      vertex -0.375257 0.693429 -0.0393701
    endloop
  endfacet
  facet normal -0.887011 0.461748 0
    outer loop
      vertex -0.375257 0.693429 -0.0393701
      vertex -0.367328 0.708661 0
      vertex -0.367328 0.708661 -0.0393701
    endloop
  endfacet
  facet normal -0.843392 0.537299 0
    outer loop
      vertex -0.367328 0.708661 0
      vertex -0.358101 0.723145 0
      vertex -0.367328 0.708661 -0.0393701
    endloop
  endfacet
  facet normal -0.843392 0.537299 0
    outer loop
      vertex -0.367328 0.708661 -0.0393701
      vertex -0.358101 0.723145 0
      vertex -0.358101 0.723145 -0.0393701
    endloop
  endfacet
  facet normal -0.793353 0.608762 0
    outer loop
      vertex -0.358101 0.723145 0
      vertex -0.347647 0.736769 0
      vertex -0.358101 0.723145 -0.0393701
    endloop
  endfacet
  facet normal -0.793353 0.608762 0
    outer loop
      vertex -0.358101 0.723145 -0.0393701
      vertex -0.347647 0.736769 0
      vertex -0.347647 0.736769 -0.0393701
    endloop
  endfacet
  facet normal -0.737277 0.675591 0
    outer loop
      vertex -0.347647 0.736769 0
      vertex -0.336045 0.74943 0
      vertex -0.347647 0.736769 -0.0393701
    endloop
  endfacet
  facet normal -0.737277 0.675591 0
    outer loop
      vertex -0.347647 0.736769 -0.0393701
      vertex -0.336045 0.74943 0
      vertex -0.336045 0.74943 -0.0393701
    endloop
  endfacet
  facet normal -0.675591 0.737277 0
    outer loop
      vertex -0.336045 0.74943 0
      vertex -0.323383 0.761032 0
      vertex -0.336045 0.74943 -0.0393701
    endloop
  endfacet
  facet normal -0.675591 0.737277 0
    outer loop
      vertex -0.336045 0.74943 -0.0393701
      vertex -0.323383 0.761032 0
      vertex -0.323383 0.761032 -0.0393701
    endloop
  endfacet
  facet normal -0.608762 0.793353 0
    outer loop
      vertex -0.323383 0.761032 0
      vertex -0.309759 0.771487 0
      vertex -0.323383 0.761032 -0.0393701
    endloop
  endfacet
  facet normal -0.608762 0.793353 0
    outer loop
      vertex -0.323383 0.761032 -0.0393701
      vertex -0.309759 0.771487 0
      vertex -0.309759 0.771487 -0.0393701
    endloop
  endfacet
  facet normal -0.537297 0.843393 0
    outer loop
      vertex -0.309759 0.771487 0
      vertex -0.295276 0.780714 0
      vertex -0.309759 0.771487 -0.0393701
    endloop
  endfacet
  facet normal -0.537297 0.843393 0
    outer loop
      vertex -0.309759 0.771487 -0.0393701
      vertex -0.295276 0.780714 0
      vertex -0.295276 0.780714 -0.0393701
    endloop
  endfacet
  facet normal -0.461751 0.887009 0
    outer loop
      vertex -0.295276 0.780714 0
      vertex -0.280043 0.788643 0
      vertex -0.295276 0.780714 -0.0393701
    endloop
  endfacet
  facet normal -0.461751 0.887009 0
    outer loop
      vertex -0.295276 0.780714 -0.0393701
      vertex -0.280043 0.788643 0
      vertex -0.280043 0.788643 -0.0393701
    endloop
  endfacet
  facet normal -0.382681 0.923881 0
    outer loop
      vertex -0.280043 0.788643 0
      vertex -0.264177 0.795215 0
      vertex -0.280043 0.788643 -0.0393701
    endloop
  endfacet
  facet normal -0.382681 0.923881 0
    outer loop
      vertex -0.280043 0.788643 -0.0393701
      vertex -0.264177 0.795215 0
      vertex -0.264177 0.795215 -0.0393701
    endloop
  endfacet
  facet normal -0.300709 0.953716 0
    outer loop
      vertex -0.264177 0.795215 0
      vertex -0.247799 0.800379 0
      vertex -0.264177 0.795215 -0.0393701
    endloop
  endfacet
  facet normal -0.300709 0.953716 0
    outer loop
      vertex -0.264177 0.795215 -0.0393701
      vertex -0.247799 0.800379 0
      vertex -0.247799 0.800379 -0.0393701
    endloop
  endfacet
  facet normal -0.216436 0.976297 0
    outer loop
      vertex -0.247799 0.800379 0
      vertex -0.231033 0.804096 0
      vertex -0.247799 0.800379 -0.0393701
    endloop
  endfacet
  facet normal -0.216436 0.976297 0
    outer loop
      vertex -0.247799 0.800379 -0.0393701
      vertex -0.231033 0.804096 0
      vertex -0.231033 0.804096 -0.0393701
    endloop
  endfacet
  facet normal -0.130528 0.991445 0
    outer loop
      vertex -0.231033 0.804096 0
      vertex -0.214007 0.806338 0
      vertex -0.231033 0.804096 -0.0393701
    endloop
  endfacet
  facet normal -0.130528 0.991445 0
    outer loop
      vertex -0.231033 0.804096 -0.0393701
      vertex -0.214007 0.806338 0
      vertex -0.214007 0.806338 -0.0393701
    endloop
  endfacet
  facet normal -0.0436203 0.999048 0
    outer loop
      vertex -0.214007 0.806338 0
      vertex -0.19685 0.807087 0
      vertex -0.214007 0.806338 -0.0393701
    endloop
  endfacet
  facet normal -0.0436203 0.999048 0
    outer loop
      vertex -0.214007 0.806338 -0.0393701
      vertex -0.19685 0.807087 0
      vertex -0.19685 0.807087 -0.0393701
    endloop
  endfacet
  facet normal 0.0436204 0.999048 0
    outer loop
      vertex -0.19685 0.807087 0
      vertex -0.179694 0.806338 0
      vertex -0.19685 0.807087 -0.0393701
    endloop
  endfacet
  facet normal 0.0436204 0.999048 0
    outer loop
      vertex -0.19685 0.807087 -0.0393701
      vertex -0.179694 0.806338 0
      vertex -0.179694 0.806338 -0.0393701
    endloop
  endfacet
  facet normal 0.130528 0.991445 0
    outer loop
      vertex -0.179694 0.806338 0
      vertex -0.162668 0.804096 0
      vertex -0.179694 0.806338 -0.0393701
    endloop
  endfacet
  facet normal 0.130528 0.991445 0
    outer loop
      vertex -0.179694 0.806338 -0.0393701
      vertex -0.162668 0.804096 0
      vertex -0.162668 0.804096 -0.0393701
    endloop
  endfacet
  facet normal 0.216436 0.976297 0
    outer loop
      vertex -0.162668 0.804096 0
      vertex -0.145902 0.800379 0
      vertex -0.162668 0.804096 -0.0393701
    endloop
  endfacet
  facet normal 0.216436 0.976297 0
    outer loop
      vertex -0.162668 0.804096 -0.0393701
      vertex -0.145902 0.800379 0
      vertex -0.145902 0.800379 -0.0393701
    endloop
  endfacet
  facet normal 0.300709 0.953716 0
    outer loop
      vertex -0.145902 0.800379 0
      vertex -0.129524 0.795215 0
      vertex -0.145902 0.800379 -0.0393701
    endloop
  endfacet
  facet normal 0.300709 0.953716 0
    outer loop
      vertex -0.145902 0.800379 -0.0393701
      vertex -0.129524 0.795215 0
      vertex -0.129524 0.795215 -0.0393701
    endloop
  endfacet
  facet normal 0.382681 0.923881 0
    outer loop
      vertex -0.129524 0.795215 0
      vertex -0.113658 0.788643 0
      vertex -0.129524 0.795215 -0.0393701
    endloop
  endfacet
  facet normal 0.382681 0.923881 0
    outer loop
      vertex -0.129524 0.795215 -0.0393701
      vertex -0.113658 0.788643 0
      vertex -0.113658 0.788643 -0.0393701
    endloop
  endfacet
  facet normal 0.461751 0.887009 0
    outer loop
      vertex -0.113658 0.788643 0
      vertex -0.0984252 0.780714 0
      vertex -0.113658 0.788643 -0.0393701
    endloop
  endfacet
  facet normal 0.461751 0.887009 0
    outer loop
      vertex -0.113658 0.788643 -0.0393701
      vertex -0.0984252 0.780714 0
      vertex -0.0984252 0.780714 -0.0393701
    endloop
  endfacet
  facet normal 0.537297 0.843393 0
    outer loop
      vertex -0.0984252 0.780714 0
      vertex -0.0839416 0.771487 0
      vertex -0.0984252 0.780714 -0.0393701
    endloop
  endfacet
  facet normal 0.537297 0.843393 0
    outer loop
      vertex -0.0984252 0.780714 -0.0393701
      vertex -0.0839416 0.771487 0
      vertex -0.0839416 0.771487 -0.0393701
    endloop
  endfacet
  facet normal 0.608762 0.793353 0
    outer loop
      vertex -0.0839416 0.771487 0
      vertex -0.0703174 0.761032 0
      vertex -0.0839416 0.771487 -0.0393701
    endloop
  endfacet
  facet normal 0.608762 0.793353 0
    outer loop
      vertex -0.0839416 0.771487 -0.0393701
      vertex -0.0703174 0.761032 0
      vertex -0.0703174 0.761032 -0.0393701
    endloop
  endfacet
  facet normal 0.675591 0.737276 0
    outer loop
      vertex -0.0703174 0.761032 0
      vertex -0.0576561 0.74943 0
      vertex -0.0703174 0.761032 -0.0393701
    endloop
  endfacet
  facet normal 0.675591 0.737276 0
    outer loop
      vertex -0.0703174 0.761032 -0.0393701
      vertex -0.0576561 0.74943 0
      vertex -0.0576561 0.74943 -0.0393701
    endloop
  endfacet
  facet normal 0.737276 0.675591 0
    outer loop
      vertex -0.0576561 0.74943 0
      vertex -0.0460542 0.736769 0
      vertex -0.0576561 0.74943 -0.0393701
    endloop
  endfacet
  facet normal 0.737276 0.675591 0
    outer loop
      vertex -0.0576561 0.74943 -0.0393701
      vertex -0.0460542 0.736769 0
      vertex -0.0460542 0.736769 -0.0393701
    endloop
  endfacet
  facet normal 0.793353 0.608762 0
    outer loop
      vertex -0.0460542 0.736769 0
      vertex -0.0356 0.723145 0
      vertex -0.0460542 0.736769 -0.0393701
    endloop
  endfacet
  facet normal 0.793353 0.608762 0
    outer loop
      vertex -0.0460542 0.736769 -0.0393701
      vertex -0.0356 0.723145 0
      vertex -0.0356 0.723145 -0.0393701
    endloop
  endfacet
  facet normal 0.843392 0.537298 0
    outer loop
      vertex -0.0356 0.723145 0
      vertex -0.026373 0.708661 0
      vertex -0.0356 0.723145 -0.0393701
    endloop
  endfacet
  facet normal 0.843392 0.537298 0
    outer loop
      vertex -0.0356 0.723145 -0.0393701
      vertex -0.026373 0.708661 0
      vertex -0.026373 0.708661 -0.0393701
    endloop
  endfacet
  facet normal 0.887011 0.461749 0
    outer loop
      vertex -0.026373 0.708661 0
      vertex -0.0184433 0.693429 0
      vertex -0.026373 0.708661 -0.0393701
    endloop
  endfacet
  facet normal 0.887011 0.461749 0
    outer loop
      vertex -0.026373 0.708661 -0.0393701
      vertex -0.0184433 0.693429 0
      vertex -0.0184433 0.693429 -0.0393701
    endloop
  endfacet
  facet normal 0.92388 0.382683 0
    outer loop
      vertex -0.0184433 0.693429 0
      vertex -0.0118715 0.677563 0
      vertex -0.0184433 0.693429 -0.0393701
    endloop
  endfacet
  facet normal 0.92388 0.382683 0
    outer loop
      vertex -0.0184433 0.693429 -0.0393701
      vertex -0.0118715 0.677563 0
      vertex -0.0118715 0.677563 -0.0393701
    endloop
  endfacet
  facet normal 0.953717 0.300706 0
    outer loop
      vertex -0.0118715 0.677563 0
      vertex -0.00670751 0.661185 0
      vertex -0.0118715 0.677563 -0.0393701
    endloop
  endfacet
  facet normal 0.953717 0.300706 0
    outer loop
      vertex -0.0118715 0.677563 -0.0393701
      vertex -0.00670751 0.661185 0
      vertex -0.00670751 0.661185 -0.0393701
    endloop
  endfacet
  facet normal 0.976296 0.216439 0
    outer loop
      vertex -0.00670751 0.661185 0
      vertex -0.0029906 0.644419 0
      vertex -0.00670751 0.661185 -0.0393701
    endloop
  endfacet
  facet normal 0.976296 0.216439 0
    outer loop
      vertex -0.00670751 0.661185 -0.0393701
      vertex -0.0029906 0.644419 0
      vertex -0.0029906 0.644419 -0.0393701
    endloop
  endfacet
  facet normal 0.991445 0.130526 0
    outer loop
      vertex -0.0029906 0.644419 0
      vertex -0.000749075 0.627393 0
      vertex -0.0029906 0.644419 -0.0393701
    endloop
  endfacet
  facet normal 0.991445 0.130526 0
    outer loop
      vertex -0.0029906 0.644419 -0.0393701
      vertex -0.000749075 0.627393 0
      vertex -0.000749075 0.627393 -0.0393701
    endloop
  endfacet
  facet normal 0.999048 0.0436194 0
    outer loop
      vertex -0.000749075 0.627393 0
      vertex -1.02444e-16 0.610236 0
      vertex -0.000749075 0.627393 -0.0393701
    endloop
  endfacet
  facet normal 0.999048 0.0436194 0
    outer loop
      vertex -0.000749075 0.627393 -0.0393701
      vertex -1.02444e-16 0.610236 0
      vertex -1.02444e-16 0.610236 -0.0393701
    endloop
  endfacet
  facet normal 0 0 1
    outer loop
      vertex -3.83739e-17 0 0
      vertex -1.02444e-16 0.610236 0
      vertex -0.354331 -4.00572e-17 0
    endloop
  endfacet
  facet normal 0 0 1
    outer loop
      vertex -1.02444e-16 0.610236 0
      vertex -0.511811 -0.00025469 0
      vertex -0.354331 -4.00572e-17 0
    endloop
  endfacet
  facet normal 2.22044e-14 -9.69203e-16 1
    outer loop
      vertex -1.27953 -0.531944 -2.18548e-15
      vertex -1.27915 -0.523366 -2.18548e-15
      vertex -1.37795 -0.531944 0
    endloop
  endfacet
  facet normal 2.23761e-14 -2.94601e-15 1
    outer loop
      vertex -1.27915 -0.523366 -2.18548e-15
      vertex -1.27803 -0.514852 -2.18548e-15
      vertex -1.37795 -0.531944 0
    endloop
  endfacet
  facet normal 2.27342e-14 -5.03988e-15 1
    outer loop
      vertex -1.37795 -0.531944 0
      vertex -1.27803 -0.514852 -2.18548e-15
      vertex -1.27617 -0.50647 -2.18548e-15
    endloop
  endfacet
  facet normal -2.65854e-15 -1.10122e-15 1
    outer loop
      vertex -1.0919 -0.490348 -2.18548e-15
      vertex -1.08861 -0.49828 -2.18548e-15
      vertex -0.380859 -0.222324 0
    endloop
  endfacet
  facet normal 2.20796e-14 6.96165e-15 1
    outer loop
      vertex -0.28934 0.576573 -2.18548e-15
      vertex -0.291922 0.584762 -2.18548e-15
      vertex -0.394337 0.595653 0
    endloop
  endfacet
  facet normal -2.16296e-14 -2.84772e-15 1
    outer loop
      vertex -1.08305 -0.523366 -2.18548e-15
      vertex -0.982906 -0.516562 0
      vertex -1.08417 -0.514852 -2.18548e-15
    endloop
  endfacet
  facet normal -2.15011e-14 4.76654e-15 1
    outer loop
      vertex -0.982906 -0.516562 0
      vertex -0.981234 -0.509017 0
      vertex -1.08417 -0.514852 -2.18548e-15
    endloop
  endfacet
  facet normal -3.38923e-15 6.51067e-15 1
    outer loop
      vertex -0.147638 0.524998 -2.18548e-15
      vertex -0.155254 0.521033 -2.18548e-15
      vertex -0.511811 -0.00025469 0
    endloop
  endfacet
  facet normal -2.42309e-15 5.84983e-15 1
    outer loop
      vertex -0.155254 0.521033 -2.18548e-15
      vertex -0.163187 0.517747 -2.18548e-15
      vertex -0.511811 -0.00025469 0
    endloop
  endfacet
  facet normal 2.41405e-15 3.78929e-15 1
    outer loop
      vertex -0.253305 0.529612 -2.18548e-15
      vertex -0.521602 0.123785 0
      vertex -0.246063 0.524998 -2.18548e-15
    endloop
  endfacet
  facet normal 6.76134e-15 8.03723e-16 1
    outer loop
      vertex -0.521602 0.123785 0
      vertex -0.514253 0.0619586 0
      vertex -0.246063 0.524998 -2.18548e-15
    endloop
  endfacet
  facet normal 1.88781e-15 3.62645e-15 1
    outer loop
      vertex -0.246063 0.524998 -2.18548e-15
      vertex -0.514253 0.0619586 0
      vertex -0.238447 0.521033 -2.18548e-15
    endloop
  endfacet
  facet normal 7.43812e-15 2.91892e-16 1
    outer loop
      vertex -0.514253 0.0619586 0
      vertex -0.511811 -0.00025469 0
      vertex -0.238447 0.521033 -2.18548e-15
    endloop
  endfacet
  facet normal 0 0 1
    outer loop
      vertex -0.477362 0.46533 0
      vertex -0.49031 0.45859 0
      vertex -0.521602 0.123785 0
    endloop
  endfacet
  facet normal 0 0 1
    outer loop
      vertex -0.49031 0.45859 0
      vertex -0.503796 0.453004 0
      vertex -0.521602 0.123785 0
    endloop
  endfacet
  facet normal 0 0 1
    outer loop
      vertex -0.521602 0.123785 0
      vertex -0.503796 0.453004 0
      vertex -0.517717 0.448615 0
    endloop
  endfacet
  facet normal 2.03282e-14 -2.6763e-15 1
    outer loop
      vertex -0.394337 0.595653 0
      vertex -0.396243 0.581181 0
      vertex -0.28934 0.576573 -2.18548e-15
    endloop
  endfacet
  facet normal 2.02501e-14 -4.48929e-15 1
    outer loop
      vertex -0.396243 0.581181 0
      vertex -0.399402 0.56693 0
      vertex -0.28934 0.576573 -2.18548e-15
    endloop
  endfacet
  facet normal 2.04209e-14 -6.4387e-15 1
    outer loop
      vertex -0.28934 0.576573 -2.18548e-15
      vertex -0.399402 0.56693 0
      vertex -0.403792 0.553008 0
    endloop
  endfacet
  facet normal -2.2376e-14 2.94588e-15 1
    outer loop
      vertex -0.0987997 0.601658 -2.18548e-15
      vertex -0.0999205 0.593145 -2.18548e-15
      vertex -1.02444e-16 0.610236 0
    endloop
  endfacet
  facet normal -2.27342e-14 5.04005e-15 1
    outer loop
      vertex -0.0999205 0.593145 -2.18548e-15
      vertex -0.101779 0.584762 -2.18548e-15
      vertex -1.02444e-16 0.610236 0
    endloop
  endfacet
  facet normal -2.33125e-14 7.35041e-15 1
    outer loop
      vertex -0.101779 0.584762 -2.18548e-15
      vertex -0.104361 0.576573 -2.18548e-15
      vertex -1.02444e-16 0.610236 0
    endloop
  endfacet
  facet normal -2.4171e-14 1.0012e-14 1
    outer loop
      vertex -0.104361 0.576573 -2.18548e-15
      vertex -0.107647 0.568641 -2.18548e-15
      vertex -1.02444e-16 0.610236 0
    endloop
  endfacet
  facet normal -2.54145e-14 1.32299e-14 1
    outer loop
      vertex -1.02444e-16 0.610236 0
      vertex -0.107647 0.568641 -2.18548e-15
      vertex -0.111612 0.561024 -2.18548e-15
    endloop
  endfacet
  facet normal -4.26001e-14 4.64898e-14 1
    outer loop
      vertex -1.02444e-16 0.610236 0
      vertex -0.127253 0.54064 -2.18548e-15
      vertex -0.133584 0.534839 -2.18548e-15
    endloop
  endfacet
  facet normal -3.10554e-14 2.60356e-14 1
    outer loop
      vertex -1.02444e-16 0.610236 0
      vertex -0.133584 0.534839 -2.18548e-15
      vertex -0.511811 -0.00025469 0
    endloop
  endfacet
  facet normal -6.84839e-15 8.92504e-15 1
    outer loop
      vertex -0.133584 0.534839 -2.18548e-15
      vertex -0.140396 0.529612 -2.18548e-15
      vertex -0.511811 -0.00025469 0
    endloop
  endfacet
  facet normal -4.74788e-15 7.45266e-15 1
    outer loop
      vertex -0.511811 -0.00025469 0
      vertex -0.140396 0.529612 -2.18548e-15
      vertex -0.147638 0.524998 -2.18548e-15
    endloop
  endfacet
  facet normal -1.68858e-15 5.3555e-15 1
    outer loop
      vertex -0.163187 0.517747 -2.18548e-15
      vertex -0.171376 0.515165 -2.18548e-15
      vertex -0.511811 -0.00025469 0
    endloop
  endfacet
  facet normal -1.10129e-15 4.96759e-15 1
    outer loop
      vertex -0.171376 0.515165 -2.18548e-15
      vertex -0.179759 0.513307 -2.18548e-15
      vertex -0.511811 -0.00025469 0
    endloop
  endfacet
  facet normal -6.12388e-16 4.65148e-15 1
    outer loop
      vertex -0.511811 -0.00025469 0
      vertex -0.179759 0.513307 -2.18548e-15
      vertex -0.188272 0.512186 -2.18548e-15
    endloop
  endfacet
  facet normal 8.35944e-16 3.77068e-15 1
    outer loop
      vertex -0.213942 0.513307 -2.18548e-15
      vertex -0.222325 0.515165 -2.18548e-15
      vertex -0.511811 -0.00025469 0
    endloop
  endfacet
  facet normal 1.13579e-15 3.60227e-15 1
    outer loop
      vertex -0.222325 0.515165 -2.18548e-15
      vertex -0.230514 0.517747 -2.18548e-15
      vertex -0.511811 -0.00025469 0
    endloop
  endfacet
  facet normal 1.42668e-15 3.4443e-15 1
    outer loop
      vertex -0.511811 -0.00025469 0
      vertex -0.230514 0.517747 -2.18548e-15
      vertex -0.238447 0.521033 -2.18548e-15
    endloop
  endfacet
  facet normal 6.02202e-15 -3.13497e-15 1
    outer loop
      vertex -1.26634 -0.482731 -2.18548e-15
      vertex -1.37795 -2.73185e-16 0
      vertex -1.27031 -0.490348 -2.18548e-15
    endloop
  endfacet
  facet normal 2.03023e-14 0 1
    outer loop
      vertex -1.37795 -2.73185e-16 0
      vertex -1.37795 -0.531944 0
      vertex -1.27031 -0.490348 -2.18548e-15
    endloop
  endfacet
  facet normal 2.4171e-14 -1.00119e-14 1
    outer loop
      vertex -1.27031 -0.490348 -2.18548e-15
      vertex -1.37795 -0.531944 0
      vertex -1.27359 -0.49828 -2.18548e-15
    endloop
  endfacet
  facet normal 2.33126e-14 -7.35051e-15 1
    outer loop
      vertex -1.37795 -0.531944 0
      vertex -1.27617 -0.50647 -2.18548e-15
      vertex -1.27359 -0.49828 -2.18548e-15
    endloop
  endfacet
  facet normal -1.9147e-16 4.38573e-15 1
    outer loop
      vertex -0.188272 0.512186 -2.18548e-15
      vertex -0.19685 0.511812 -2.18548e-15
      vertex -0.511811 -0.00025469 0
    endloop
  endfacet
  facet normal 1.81456e-16 4.15635e-15 1
    outer loop
      vertex -0.19685 0.511812 -2.18548e-15
      vertex -0.205429 0.512186 -2.18548e-15
      vertex -0.511811 -0.00025469 0
    endloop
  endfacet
  facet normal 5.20512e-16 3.95363e-15 1
    outer loop
      vertex -0.511811 -0.00025469 0
      vertex -0.205429 0.512186 -2.18548e-15
      vertex -0.213942 0.513307 -2.18548e-15
    endloop
  endfacet
  facet normal 2.56492e-14 -2.79912e-14 1
    outer loop
      vertex -0.442709 0.491921 0
      vertex -0.453471 0.482059 0
      vertex -0.282089 0.561024 -2.18548e-15
    endloop
  endfacet
  facet normal -2.16172e-14 6.81597e-15 1
    outer loop
      vertex -0.981234 -0.509017 0
      vertex -0.97891 -0.501647 0
      vertex -1.08417 -0.514852 -2.18548e-15
    endloop
  endfacet
  facet normal -2.19002e-14 9.07149e-15 1
    outer loop
      vertex -0.97891 -0.501647 0
      vertex -0.975952 -0.494507 0
      vertex -1.08417 -0.514852 -2.18548e-15
    endloop
  endfacet
  facet normal -1.93868e-14 -4.29795e-15 1
    outer loop
      vertex -1.08417 -0.514852 -2.18548e-15
      vertex -0.975952 -0.494507 0
      vertex -1.08603 -0.50647 -2.18548e-15
    endloop
  endfacet
  facet normal -2.10443e-14 1.09549e-14 1
    outer loop
      vertex -0.975952 -0.494507 0
      vertex -0.972384 -0.487653 0
      vertex -1.08603 -0.50647 -2.18548e-15
    endloop
  endfacet
  facet normal -1.82763e-14 -5.76241e-15 1
    outer loop
      vertex -1.08603 -0.50647 -2.18548e-15
      vertex -0.972384 -0.487653 0
      vertex -1.08861 -0.49828 -2.18548e-15
    endloop
  endfacet
  facet normal -2.72299e-14 1.73474e-14 1
    outer loop
      vertex -0.111612 0.561024 -2.18548e-15
      vertex -0.116225 0.553782 -2.18548e-15
      vertex -1.02444e-16 0.610236 0
    endloop
  endfacet
  facet normal -2.99763e-14 2.30016e-14 1
    outer loop
      vertex -0.116225 0.553782 -2.18548e-15
      vertex -0.121452 0.54697 -2.18548e-15
      vertex -1.02444e-16 0.610236 0
    endloop
  endfacet
  facet normal -3.4428e-14 3.15475e-14 1
    outer loop
      vertex -1.02444e-16 0.610236 0
      vertex -0.121452 0.54697 -2.18548e-15
      vertex -0.127253 0.54064 -2.18548e-15
    endloop
  endfacet
  facet normal 3.19177e-14 -4.15961e-14 1
    outer loop
      vertex -0.453471 0.482059 0
      vertex -0.465051 0.473173 0
      vertex -0.282089 0.561024 -2.18548e-15
    endloop
  endfacet
  facet normal 4.84973e-14 -7.61256e-14 1
    outer loop
      vertex -0.465051 0.473173 0
      vertex -0.477362 0.46533 0
      vertex -0.282089 0.561024 -2.18548e-15
    endloop
  endfacet
  facet normal 8.52913e-15 5.43367e-15 1
    outer loop
      vertex -0.282089 0.561024 -2.18548e-15
      vertex -0.477362 0.46533 0
      vertex -0.277476 0.553782 -2.18548e-15
    endloop
  endfacet
  facet normal 5.21415e-15 -3.32176e-15 1
    outer loop
      vertex -1.26634 -0.482731 -2.18548e-15
      vertex -1.26173 -0.475489 -2.18548e-15
      vertex -1.37795 -2.73185e-16 0
    endloop
  endfacet
  facet normal 4.54285e-15 -3.48585e-15 1
    outer loop
      vertex -1.26173 -0.475489 -2.18548e-15
      vertex -1.2565 -0.468677 -2.18548e-15
      vertex -1.37795 -2.73185e-16 0
    endloop
  endfacet
  facet normal 3.96701e-15 -3.63507e-15 1
    outer loop
      vertex -1.37795 -2.73185e-16 0
      vertex -1.2565 -0.468677 -2.18548e-15
      vertex -1.2507 -0.462347 -2.18548e-15
    endloop
  endfacet
  facet normal 0 0 1
    outer loop
      vertex -0.554812 -0.254301 0
      vertex -0.557289 -0.25857 0
      vertex -0.380859 -0.222324 0
    endloop
  endfacet
  facet normal -1.99664e-14 1.27199e-14 1
    outer loop
      vertex -0.972384 -0.487653 0
      vertex -0.968232 -0.481135 0
      vertex -1.08861 -0.49828 -2.18548e-15
    endloop
  endfacet
  facet normal -2.03822e-14 1.56398e-14 1
    outer loop
      vertex -0.968232 -0.481135 0
      vertex -0.963528 -0.475004 0
      vertex -1.08861 -0.49828 -2.18548e-15
    endloop
  endfacet
  facet normal -2.10635e-14 1.93011e-14 1
    outer loop
      vertex -1.08861 -0.49828 -2.18548e-15
      vertex -0.963528 -0.475004 0
      vertex -0.958307 -0.469306 0
    endloop
  endfacet
  facet normal -2.21457e-14 2.41679e-14 1
    outer loop
      vertex -0.958307 -0.469306 0
      vertex -0.952609 -0.464086 0
      vertex -1.08861 -0.49828 -2.18548e-15
    endloop
  endfacet
  facet normal -2.39007e-14 3.11482e-14 1
    outer loop
      vertex -0.952609 -0.464086 0
      vertex -0.946478 -0.459381 0
      vertex -1.08861 -0.49828 -2.18548e-15
    endloop
  endfacet
  facet normal -2.69562e-14 4.23127e-14 1
    outer loop
      vertex -1.08861 -0.49828 -2.18548e-15
      vertex -0.946478 -0.459381 0
      vertex -0.939961 -0.455229 0
    endloop
  endfacet
  facet normal 0 0 1
    outer loop
      vertex -0.90339 -0.443698 0
      vertex -0.487471 -0.407324 0
      vertex -0.472816 -0.396705 0
    endloop
  endfacet
  facet normal 0 0 1
    outer loop
      vertex -0.553343 -0.436586 0
      vertex -0.895669 -0.443361 0
      vertex -0.571047 -0.440341 0
    endloop
  endfacet
  facet normal 0 0 1
    outer loop
      vertex -0.895669 -0.443361 0
      vertex -0.607087 -0.443361 0
      vertex -0.571047 -0.440341 0
    endloop
  endfacet
  facet normal 0 0 1
    outer loop
      vertex -0.571047 -0.440341 0
      vertex -0.607087 -0.443361 0
      vertex -0.589004 -0.442605 0
    endloop
  endfacet
  facet normal 2.7415e-15 3.57281e-15 1
    outer loop
      vertex -0.253305 0.529612 -2.18548e-15
      vertex -0.260117 0.534839 -2.18548e-15
      vertex -0.521602 0.123785 0
    endloop
  endfacet
  facet normal 3.07783e-15 3.35886e-15 1
    outer loop
      vertex -0.260117 0.534839 -2.18548e-15
      vertex -0.266448 0.54064 -2.18548e-15
      vertex -0.521602 0.123785 0
    endloop
  endfacet
  facet normal 1.08644e-14 -1.40724e-15 1
    outer loop
      vertex -0.521602 0.123785 0
      vertex -0.266448 0.54064 -2.18548e-15
      vertex -0.477362 0.46533 0
    endloop
  endfacet
  facet normal 7.80742e-15 7.1542e-15 1
    outer loop
      vertex -0.266448 0.54064 -2.18548e-15
      vertex -0.272248 0.54697 -2.18548e-15
      vertex -0.477362 0.46533 0
    endloop
  endfacet
  facet normal 8.16214e-15 6.263e-15 1
    outer loop
      vertex -0.477362 0.46533 0
      vertex -0.272248 0.54697 -2.18548e-15
      vertex -0.277476 0.553782 -2.18548e-15
    endloop
  endfacet
  facet normal 0 0 1
    outer loop
      vertex -1.06299 -1.02444e-16 0
      vertex -0.88339 -0.185332 0
      vertex -0.895641 -0.124288 0
    endloop
  endfacet
  facet normal 0 0 1
    outer loop
      vertex -0.55995 0.262148 0
      vertex -0.557126 0.258096 0
      vertex -0.54644 0.44355 0
    endloop
  endfacet
  facet normal 2.18545e-14 4.84504e-15 1
    outer loop
      vertex -0.291922 0.584762 -2.18548e-15
      vertex -0.29378 0.593145 -2.18548e-15
      vertex -0.394337 0.595653 0
    endloop
  endfacet
  facet normal 2.18053e-14 2.87071e-15 1
    outer loop
      vertex -0.29378 0.593145 -2.18548e-15
      vertex -0.294901 0.601658 -2.18548e-15
      vertex -0.394337 0.595653 0
    endloop
  endfacet
  facet normal 2.20368e-14 -9.6214e-16 1
    outer loop
      vertex -0.394337 0.595653 0
      vertex -0.294901 0.601658 -2.18548e-15
      vertex -0.393701 0.610236 0
    endloop
  endfacet
  facet normal 2.22045e-14 9.69441e-16 1
    outer loop
      vertex -0.294901 0.601658 -2.18548e-15
      vertex -0.295276 0.610237 -2.18548e-15
      vertex -0.393701 0.610236 0
    endloop
  endfacet
  facet normal 2.22045e-14 -9.69441e-16 1
    outer loop
      vertex -0.393701 0.610236 0
      vertex -0.295276 0.610237 -2.18548e-15
      vertex -0.392952 0.627393 0
    endloop
  endfacet
  facet normal 2.22045e-14 -9.69437e-16 1
    outer loop
      vertex -0.295276 0.610237 -2.18548e-15
      vertex -0.294901 0.618815 -2.18548e-15
      vertex -0.392952 0.627393 0
    endloop
  endfacet
  facet normal 2.20355e-14 -2.90107e-15 1
    outer loop
      vertex -0.392952 0.627393 0
      vertex -0.294901 0.618815 -2.18548e-15
      vertex -0.39071 0.644419 0
    endloop
  endfacet
  facet normal 2.20355e-14 -2.90102e-15 1
    outer loop
      vertex -0.294901 0.618815 -2.18548e-15
      vertex -0.29378 0.627328 -2.18548e-15
      vertex -0.39071 0.644419 0
    endloop
  endfacet
  facet normal 2.16988e-14 -4.81048e-15 1
    outer loop
      vertex -0.39071 0.644419 0
      vertex -0.29378 0.627328 -2.18548e-15
      vertex -0.386993 0.661185 0
    endloop
  endfacet
  facet normal 2.16988e-14 -4.81054e-15 1
    outer loop
      vertex -0.29378 0.627328 -2.18548e-15
      vertex -0.291922 0.635711 -2.18548e-15
      vertex -0.386993 0.661185 0
    endloop
  endfacet
  facet normal 2.1197e-14 -6.68341e-15 1
    outer loop
      vertex -0.386993 0.661185 0
      vertex -0.291922 0.635711 -2.18548e-15
      vertex -0.381829 0.677563 0
    endloop
  endfacet
  facet normal 2.1197e-14 -6.68335e-15 1
    outer loop
      vertex -0.291922 0.635711 -2.18548e-15
      vertex -0.28934 0.6439 -2.18548e-15
      vertex -0.381829 0.677563 0
    endloop
  endfacet
  facet normal 2.05339e-14 -8.50538e-15 1
    outer loop
      vertex -0.381829 0.677563 0
      vertex -0.28934 0.6439 -2.18548e-15
      vertex -0.375257 0.693429 0
    endloop
  endfacet
  facet normal 2.05338e-14 -8.50541e-15 1
    outer loop
      vertex -0.28934 0.6439 -2.18548e-15
      vertex -0.286054 0.651833 -2.18548e-15
      vertex -0.375257 0.693429 0
    endloop
  endfacet
  facet normal 1.97144e-14 -1.02627e-14 1
    outer loop
      vertex -0.375257 0.693429 0
      vertex -0.286054 0.651833 -2.18548e-15
      vertex -0.367328 0.708661 0
    endloop
  endfacet
  facet normal 1.97144e-14 -1.02627e-14 1
    outer loop
      vertex -0.286054 0.651833 -2.18548e-15
      vertex -0.282089 0.659449 -2.18548e-15
      vertex -0.367328 0.708661 0
    endloop
  endfacet
  facet normal 1.8745e-14 -1.19418e-14 1
    outer loop
      vertex -0.367328 0.708661 0
      vertex -0.282089 0.659449 -2.18548e-15
      vertex -0.358101 0.723145 0
    endloop
  endfacet
  facet normal 1.87449e-14 -1.19419e-14 1
    outer loop
      vertex -0.282089 0.659449 -2.18548e-15
      vertex -0.277476 0.666691 -2.18548e-15
      vertex -0.358101 0.723145 0
    endloop
  endfacet
  facet normal 1.76328e-14 -1.35301e-14 1
    outer loop
      vertex -0.358101 0.723145 0
      vertex -0.277476 0.666691 -2.18548e-15
      vertex -0.347647 0.736769 0
    endloop
  endfacet
  facet normal 1.76329e-14 -1.35301e-14 1
    outer loop
      vertex -0.277476 0.666691 -2.18548e-15
      vertex -0.272248 0.673503 -2.18548e-15
      vertex -0.347647 0.736769 0
    endloop
  endfacet
  facet normal 1.63865e-14 -1.50155e-14 1
    outer loop
      vertex -0.347647 0.736769 0
      vertex -0.272248 0.673503 -2.18548e-15
      vertex -0.336045 0.74943 0
    endloop
  endfacet
  facet normal 1.63865e-14 -1.50154e-14 1
    outer loop
      vertex -0.272248 0.673503 -2.18548e-15
      vertex -0.266448 0.679834 -2.18548e-15
      vertex -0.336045 0.74943 0
    endloop
  endfacet
  facet normal 1.50155e-14 -1.63865e-14 1
    outer loop
      vertex -0.336045 0.74943 0
      vertex -0.266448 0.679834 -2.18548e-15
      vertex -0.323383 0.761032 0
    endloop
  endfacet
  facet normal 1.50155e-14 -1.63865e-14 1
    outer loop
      vertex -0.266448 0.679834 -2.18548e-15
      vertex -0.260117 0.685635 -2.18548e-15
      vertex -0.323383 0.761032 0
    endloop
  endfacet
  facet normal 1.35302e-14 -1.76328e-14 1
    outer loop
      vertex -0.323383 0.761032 0
      vertex -0.260117 0.685635 -2.18548e-15
      vertex -0.309759 0.771487 0
    endloop
  endfacet
  facet normal 1.353e-14 -1.76329e-14 1
    outer loop
      vertex -0.260117 0.685635 -2.18548e-15
      vertex -0.253305 0.690862 -2.18548e-15
      vertex -0.309759 0.771487 0
    endloop
  endfacet
  facet normal 1.19418e-14 -1.8745e-14 1
    outer loop
      vertex -0.309759 0.771487 0
      vertex -0.253305 0.690862 -2.18548e-15
      vertex -0.295276 0.780714 0
    endloop
  endfacet
  facet normal 1.1942e-14 -1.87449e-14 1
    outer loop
      vertex -0.253305 0.690862 -2.18548e-15
      vertex -0.246063 0.695476 -2.18548e-15
      vertex -0.295276 0.780714 0
    endloop
  endfacet
  facet normal 1.02628e-14 -1.97144e-14 1
    outer loop
      vertex -0.295276 0.780714 0
      vertex -0.246063 0.695476 -2.18548e-15
      vertex -0.280043 0.788643 0
    endloop
  endfacet
  facet normal 1.02627e-14 -1.97145e-14 1
    outer loop
      vertex -0.246063 0.695476 -2.18548e-15
      vertex -0.238447 0.69944 -2.18548e-15
      vertex -0.280043 0.788643 0
    endloop
  endfacet
  facet normal 8.50537e-15 -2.05339e-14 1
    outer loop
      vertex -0.280043 0.788643 0
      vertex -0.238447 0.69944 -2.18548e-15
      vertex -0.264177 0.795215 0
    endloop
  endfacet
  facet normal 8.50536e-15 -2.05339e-14 1
    outer loop
      vertex -0.238447 0.69944 -2.18548e-15
      vertex -0.230514 0.702726 -2.18548e-15
      vertex -0.264177 0.795215 0
    endloop
  endfacet
  facet normal 6.68348e-15 -2.1197e-14 1
    outer loop
      vertex -0.264177 0.795215 0
      vertex -0.230514 0.702726 -2.18548e-15
      vertex -0.247799 0.800379 0
    endloop
  endfacet
  facet normal 6.68347e-15 -2.1197e-14 1
    outer loop
      vertex -0.230514 0.702726 -2.18548e-15
      vertex -0.222325 0.705308 -2.18548e-15
      vertex -0.247799 0.800379 0
    endloop
  endfacet
  facet normal 4.81046e-15 -2.16989e-14 1
    outer loop
      vertex -0.247799 0.800379 0
      vertex -0.222325 0.705308 -2.18548e-15
      vertex -0.231033 0.804096 0
    endloop
  endfacet
  facet normal 4.81056e-15 -2.16989e-14 1
    outer loop
      vertex -0.222325 0.705308 -2.18548e-15
      vertex -0.213942 0.707167 -2.18548e-15
      vertex -0.231033 0.804096 0
    endloop
  endfacet
  facet normal 2.90108e-15 -2.20356e-14 1
    outer loop
      vertex -0.231033 0.804096 0
      vertex -0.213942 0.707167 -2.18548e-15
      vertex -0.214007 0.806338 0
    endloop
  endfacet
  facet normal 2.90098e-15 -2.20356e-14 1
    outer loop
      vertex -0.213942 0.707167 -2.18548e-15
      vertex -0.205429 0.708287 -2.18548e-15
      vertex -0.214007 0.806338 0
    endloop
  endfacet
  facet normal 9.69494e-16 -2.22046e-14 1
    outer loop
      vertex -0.214007 0.806338 0
      vertex -0.205429 0.708287 -2.18548e-15
      vertex -0.19685 0.807087 0
    endloop
  endfacet
  facet normal 9.69399e-16 -2.22046e-14 1
    outer loop
      vertex -0.205429 0.708287 -2.18548e-15
      vertex -0.19685 0.708662 -2.18548e-15
      vertex -0.19685 0.807087 0
    endloop
  endfacet
  facet normal -9.69495e-16 -2.22046e-14 1
    outer loop
      vertex -0.19685 0.807087 0
      vertex -0.19685 0.708662 -2.18548e-15
      vertex -0.179694 0.806338 0
    endloop
  endfacet
  facet normal -9.69399e-16 -2.22046e-14 1
    outer loop
      vertex -0.19685 0.708662 -2.18548e-15
      vertex -0.188272 0.708287 -2.18548e-15
      vertex -0.179694 0.806338 0
    endloop
  endfacet
  facet normal -2.90108e-15 -2.20356e-14 1
    outer loop
      vertex -0.179694 0.806338 0
      vertex -0.188272 0.708287 -2.18548e-15
      vertex -0.162668 0.804096 0
    endloop
  endfacet
  facet normal -2.90099e-15 -2.20356e-14 1
    outer loop
      vertex -0.188272 0.708287 -2.18548e-15
      vertex -0.179759 0.707167 -2.18548e-15
      vertex -0.162668 0.804096 0
    endloop
  endfacet
  facet normal -4.81046e-15 -2.16989e-14 1
    outer loop
      vertex -0.162668 0.804096 0
      vertex -0.179759 0.707167 -2.18548e-15
      vertex -0.145902 0.800379 0
    endloop
  endfacet
  facet normal -4.81055e-15 -2.16989e-14 1
    outer loop
      vertex -0.179759 0.707167 -2.18548e-15
      vertex -0.171376 0.705308 -2.18548e-15
      vertex -0.145902 0.800379 0
    endloop
  endfacet
  facet normal -6.68348e-15 -2.1197e-14 1
    outer loop
      vertex -0.145902 0.800379 0
      vertex -0.171376 0.705308 -2.18548e-15
      vertex -0.129524 0.795215 0
    endloop
  endfacet
  facet normal -6.68348e-15 -2.1197e-14 1
    outer loop
      vertex -0.171376 0.705308 -2.18548e-15
      vertex -0.163187 0.702726 -2.18548e-15
      vertex -0.129524 0.795215 0
    endloop
  endfacet
  facet normal -8.50536e-15 -2.05339e-14 1
    outer loop
      vertex -0.129524 0.795215 0
      vertex -0.163187 0.702726 -2.18548e-15
      vertex -0.113658 0.788643 0
    endloop
  endfacet
  facet normal -8.50536e-15 -2.05339e-14 1
    outer loop
      vertex -0.163187 0.702726 -2.18548e-15
      vertex -0.155254 0.69944 -2.18548e-15
      vertex -0.113658 0.788643 0
    endloop
  endfacet
  facet normal -1.02628e-14 -1.97144e-14 1
    outer loop
      vertex -0.113658 0.788643 0
      vertex -0.155254 0.69944 -2.18548e-15
      vertex -0.0984252 0.780714 0
    endloop
  endfacet
  facet normal -1.02627e-14 -1.97145e-14 1
    outer loop
      vertex -0.155254 0.69944 -2.18548e-15
      vertex -0.147638 0.695476 -2.18548e-15
      vertex -0.0984252 0.780714 0
    endloop
  endfacet
  facet normal -1.19418e-14 -1.8745e-14 1
    outer loop
      vertex -0.0984252 0.780714 0
      vertex -0.147638 0.695476 -2.18548e-15
      vertex -0.0839416 0.771487 0
    endloop
  endfacet
  facet normal -1.1942e-14 -1.87449e-14 1
    outer loop
      vertex -0.147638 0.695476 -2.18548e-15
      vertex -0.140396 0.690862 -2.18548e-15
      vertex -0.0839416 0.771487 0
    endloop
  endfacet
  facet normal -1.35302e-14 -1.76328e-14 1
    outer loop
      vertex -0.0839416 0.771487 0
      vertex -0.140396 0.690862 -2.18548e-15
      vertex -0.0703174 0.761032 0
    endloop
  endfacet
  facet normal -1.35301e-14 -1.76329e-14 1
    outer loop
      vertex -0.140396 0.690862 -2.18548e-15
      vertex -0.133584 0.685635 -2.18548e-15
      vertex -0.0703174 0.761032 0
    endloop
  endfacet
  facet normal -1.50155e-14 -1.63865e-14 1
    outer loop
      vertex -0.0703174 0.761032 0
      vertex -0.133584 0.685635 -2.18548e-15
      vertex -0.0576561 0.74943 0
    endloop
  endfacet
  facet normal -1.50155e-14 -1.63865e-14 1
    outer loop
      vertex -0.133584 0.685635 -2.18548e-15
      vertex -0.127253 0.679834 -2.18548e-15
      vertex -0.0576561 0.74943 0
    endloop
  endfacet
  facet normal -1.63865e-14 -1.50155e-14 1
    outer loop
      vertex -0.0576561 0.74943 0
      vertex -0.127253 0.679834 -2.18548e-15
      vertex -0.0460542 0.736769 0
    endloop
  endfacet
  facet normal -1.63865e-14 -1.50154e-14 1
    outer loop
      vertex -0.127253 0.679834 -2.18548e-15
      vertex -0.121452 0.673503 -2.18548e-15
      vertex -0.0460542 0.736769 0
    endloop
  endfacet
  facet normal -1.76328e-14 -1.35302e-14 1
    outer loop
      vertex -0.0460542 0.736769 0
      vertex -0.121452 0.673503 -2.18548e-15
      vertex -0.0356 0.723145 0
    endloop
  endfacet
  facet normal -1.76328e-14 -1.35301e-14 1
    outer loop
      vertex -0.121452 0.673503 -2.18548e-15
      vertex -0.116225 0.666691 -2.18548e-15
      vertex -0.0356 0.723145 0
    endloop
  endfacet
  facet normal -1.8745e-14 -1.19418e-14 1
    outer loop
      vertex -0.0356 0.723145 0
      vertex -0.116225 0.666691 -2.18548e-15
      vertex -0.026373 0.708661 0
    endloop
  endfacet
  facet normal -1.87449e-14 -1.19419e-14 1
    outer loop
      vertex -0.116225 0.666691 -2.18548e-15
      vertex -0.111612 0.659449 -2.18548e-15
      vertex -0.026373 0.708661 0
    endloop
  endfacet
  facet normal -1.97144e-14 -1.02627e-14 1
    outer loop
      vertex -0.026373 0.708661 0
      vertex -0.111612 0.659449 -2.18548e-15
      vertex -0.0184433 0.693429 0
    endloop
  endfacet
  facet normal -1.97144e-14 -1.02627e-14 1
    outer loop
      vertex -0.111612 0.659449 -2.18548e-15
      vertex -0.107647 0.651833 -2.18548e-15
      vertex -0.0184433 0.693429 0
    endloop
  endfacet
  facet normal -2.05338e-14 -8.50539e-15 1
    outer loop
      vertex -0.0184433 0.693429 0
      vertex -0.107647 0.651833 -2.18548e-15
      vertex -0.0118715 0.677563 0
    endloop
  endfacet
  facet normal -2.05338e-14 -8.50539e-15 1
    outer loop
      vertex -0.107647 0.651833 -2.18548e-15
      vertex -0.104361 0.6439 -2.18548e-15
      vertex -0.0118715 0.677563 0
    endloop
  endfacet
  facet normal -2.1197e-14 -6.68339e-15 1
    outer loop
      vertex -0.0118715 0.677563 0
      vertex -0.104361 0.6439 -2.18548e-15
      vertex -0.00670751 0.661185 0
    endloop
  endfacet
  facet normal -2.1197e-14 -6.68336e-15 1
    outer loop
      vertex -0.104361 0.6439 -2.18548e-15
      vertex -0.101779 0.635711 -2.18548e-15
      vertex -0.00670751 0.661185 0
    endloop
  endfacet
  facet normal -2.16988e-14 -4.81051e-15 1
    outer loop
      vertex -0.00670751 0.661185 0
      vertex -0.101779 0.635711 -2.18548e-15
      vertex -0.0029906 0.644419 0
    endloop
  endfacet
  facet normal -2.16988e-14 -4.81052e-15 1
    outer loop
      vertex -0.101779 0.635711 -2.18548e-15
      vertex -0.0999205 0.627328 -2.18548e-15
      vertex -0.0029906 0.644419 0
    endloop
  endfacet
  facet normal -2.20355e-14 -2.90103e-15 1
    outer loop
      vertex -0.0029906 0.644419 0
      vertex -0.0999205 0.627328 -2.18548e-15
      vertex -0.000749075 0.627393 0
    endloop
  endfacet
  facet normal -2.20355e-14 -2.90105e-15 1
    outer loop
      vertex -0.0999205 0.627328 -2.18548e-15
      vertex -0.0987997 0.618815 -2.18548e-15
      vertex -0.000749075 0.627393 0
    endloop
  endfacet
  facet normal -2.22045e-14 -9.69468e-16 1
    outer loop
      vertex -0.000749075 0.627393 0
      vertex -0.0987997 0.618815 -2.18548e-15
      vertex -1.02444e-16 0.610236 0
    endloop
  endfacet
  facet normal -2.22045e-14 -9.69461e-16 1
    outer loop
      vertex -0.0987997 0.618815 -2.18548e-15
      vertex -0.0984252 0.610237 -2.18548e-15
      vertex -1.02444e-16 0.610236 0
    endloop
  endfacet
  facet normal -2.22045e-14 9.69464e-16 1
    outer loop
      vertex -1.02444e-16 0.610236 0
      vertex -0.0984252 0.610237 -2.18548e-15
      vertex -0.0987997 0.601658 -2.18548e-15
    endloop
  endfacet
  facet normal 3.45904e-15 -3.77488e-15 1
    outer loop
      vertex -1.2507 -0.462347 -2.18548e-15
      vertex -1.24437 -0.456546 -2.18548e-15
      vertex -1.37795 -2.73185e-16 0
    endloop
  endfacet
  facet normal 2.99968e-15 -3.90929e-15 1
    outer loop
      vertex -1.24437 -0.456546 -2.18548e-15
      vertex -1.23756 -0.451319 -2.18548e-15
      vertex -1.37795 -2.73185e-16 0
    endloop
  endfacet
  facet normal 2.57473e-15 -4.04148e-15 1
    outer loop
      vertex -1.37795 -2.73185e-16 0
      vertex -1.23756 -0.451319 -2.18548e-15
      vertex -1.23031 -0.446705 -2.18548e-15
    endloop
  endfacet
  facet normal 0 0 1
    outer loop
      vertex -0.554812 -0.254301 0
      vertex -0.380859 -0.222324 0
      vertex -0.5527 -0.249839 0
    endloop
  endfacet
  facet normal 0 0 1
    outer loop
      vertex -0.566726 -0.269936 0
      vertex -0.570467 -0.273156 0
      vertex -0.380859 -0.222324 0
    endloop
  endfacet
  facet normal 0 0 1
    outer loop
      vertex -0.570467 -0.273156 0
      vertex -0.574464 -0.276053 0
      vertex -0.380859 -0.222324 0
    endloop
  endfacet
  facet normal 0 0 1
    outer loop
      vertex -0.918596 -0.44638 0
      vertex -0.380859 -0.222324 0
      vertex -0.925966 -0.448703 0
    endloop
  endfacet
  facet normal -5.05102e-14 1.21625e-13 1
    outer loop
      vertex -0.380859 -0.222324 0
      vertex -1.08861 -0.49828 -2.18548e-15
      vertex -0.925966 -0.448703 0
    endloop
  endfacet
  facet normal -5.08758e-14 1.22825e-13 1
    outer loop
      vertex -0.925966 -0.448703 0
      vertex -1.08861 -0.49828 -2.18548e-15
      vertex -0.933106 -0.451661 0
    endloop
  endfacet
  facet normal -3.31378e-14 6.36571e-14 1
    outer loop
      vertex -1.08861 -0.49828 -2.18548e-15
      vertex -0.939961 -0.455229 0
      vertex -0.933106 -0.451661 0
    endloop
  endfacet
  facet normal 2.08756e-14 -8.64696e-15 1
    outer loop
      vertex -0.403792 0.553008 0
      vertex -0.409378 0.539523 0
      vertex -0.28934 0.576573 -2.18548e-15
    endloop
  endfacet
  facet normal 2.1692e-14 -1.12921e-14 1
    outer loop
      vertex -0.409378 0.539523 0
      vertex -0.416118 0.526575 0
      vertex -0.28934 0.576573 -2.18548e-15
    endloop
  endfacet
  facet normal 1.4818e-14 6.13783e-15 1
    outer loop
      vertex -0.28934 0.576573 -2.18548e-15
      vertex -0.416118 0.526575 0
      vertex -0.286054 0.568641 -2.18548e-15
    endloop
  endfacet
  facet normal 2.11638e-14 -1.34828e-14 1
    outer loop
      vertex -0.416118 0.526575 0
      vertex -0.423961 0.514264 0
      vertex -0.286054 0.568641 -2.18548e-15
    endloop
  endfacet
  facet normal 1.31486e-14 6.84473e-15 1
    outer loop
      vertex -0.286054 0.568641 -2.18548e-15
      vertex -0.423961 0.514264 0
      vertex -0.282089 0.561024 -2.18548e-15
    endloop
  endfacet
  facet normal 2.06195e-14 -1.58219e-14 1
    outer loop
      vertex -0.423961 0.514264 0
      vertex -0.432847 0.502683 0
      vertex -0.282089 0.561024 -2.18548e-15
    endloop
  endfacet
  facet normal 2.24616e-14 -2.05822e-14 1
    outer loop
      vertex -0.282089 0.561024 -2.18548e-15
      vertex -0.432847 0.502683 0
      vertex -0.442709 0.491921 0
    endloop
  endfacet
  facet normal 2.22044e-14 9.69203e-16 1
    outer loop
      vertex -1.27953 -0.531944 -2.18548e-15
      vertex -1.37795 -0.531944 0
      vertex -1.27915 -0.540522 -2.18548e-15
    endloop
  endfacet
  facet normal 2.22045e-14 9.69394e-16 1
    outer loop
      vertex -1.37795 -0.531944 0
      vertex -1.3772 -0.5491 0
      vertex -1.27915 -0.540522 -2.18548e-15
    endloop
  endfacet
  facet normal 2.20355e-14 2.90115e-15 1
    outer loop
      vertex -1.27915 -0.540522 -2.18548e-15
      vertex -1.3772 -0.5491 0
      vertex -1.27803 -0.549035 -2.18548e-15
    endloop
  endfacet
  facet normal 2.20355e-14 2.90115e-15 1
    outer loop
      vertex -1.3772 -0.5491 0
      vertex -1.37496 -0.566127 0
      vertex -1.27803 -0.549035 -2.18548e-15
    endloop
  endfacet
  facet normal 2.16988e-14 4.81036e-15 1
    outer loop
      vertex -1.27803 -0.549035 -2.18548e-15
      vertex -1.37496 -0.566127 0
      vertex -1.27617 -0.557418 -2.18548e-15
    endloop
  endfacet
  facet normal 2.16988e-14 4.81053e-15 1
    outer loop
      vertex -1.37496 -0.566127 0
      vertex -1.37125 -0.582892 0
      vertex -1.27617 -0.557418 -2.18548e-15
    endloop
  endfacet
  facet normal 2.1197e-14 6.68343e-15 1
    outer loop
      vertex -1.27617 -0.557418 -2.18548e-15
      vertex -1.37125 -0.582892 0
      vertex -1.27359 -0.565607 -2.18548e-15
    endloop
  endfacet
  facet normal 2.1197e-14 6.68326e-15 1
    outer loop
      vertex -1.37125 -0.582892 0
      vertex -1.36608 -0.599271 0
      vertex -1.27359 -0.565607 -2.18548e-15
    endloop
  endfacet
  facet normal 2.05338e-14 8.50531e-15 1
    outer loop
      vertex -1.27359 -0.565607 -2.18548e-15
      vertex -1.36608 -0.599271 0
      vertex -1.27031 -0.57354 -2.18548e-15
    endloop
  endfacet
  facet normal 2.05338e-14 8.50548e-15 1
    outer loop
      vertex -1.36608 -0.599271 0
      vertex -1.35951 -0.615136 0
      vertex -1.27031 -0.57354 -2.18548e-15
    endloop
  endfacet
  facet normal 1.97142e-14 1.02629e-14 1
    outer loop
      vertex -1.27031 -0.57354 -2.18548e-15
      vertex -1.35951 -0.615136 0
      vertex -1.26634 -0.581156 -2.18548e-15
    endloop
  endfacet
  facet normal 1.97144e-14 1.02626e-14 1
    outer loop
      vertex -1.35951 -0.615136 0
      vertex -1.35158 -0.630369 0
      vertex -1.26634 -0.581156 -2.18548e-15
    endloop
  endfacet
  facet normal 1.87449e-14 1.19418e-14 1
    outer loop
      vertex -1.26634 -0.581156 -2.18548e-15
      vertex -1.35158 -0.630369 0
      vertex -1.26173 -0.588398 -2.18548e-15
    endloop
  endfacet
  facet normal 1.87449e-14 1.19418e-14 1
    outer loop
      vertex -1.35158 -0.630369 0
      vertex -1.34235 -0.644853 0
      vertex -1.26173 -0.588398 -2.18548e-15
    endloop
  endfacet
  facet normal 1.76327e-14 1.35301e-14 1
    outer loop
      vertex -1.26173 -0.588398 -2.18548e-15
      vertex -1.34235 -0.644853 0
      vertex -1.2565 -0.59521 -2.18548e-15
    endloop
  endfacet
  facet normal 1.76327e-14 1.35301e-14 1
    outer loop
      vertex -1.34235 -0.644853 0
      vertex -1.3319 -0.658477 0
      vertex -1.2565 -0.59521 -2.18548e-15
    endloop
  endfacet
  facet normal 1.63865e-14 1.50153e-14 1
    outer loop
      vertex -1.2565 -0.59521 -2.18548e-15
      vertex -1.3319 -0.658477 0
      vertex -1.2507 -0.601541 -2.18548e-15
    endloop
  endfacet
  facet normal 1.63865e-14 1.50154e-14 1
    outer loop
      vertex -1.3319 -0.658477 0
      vertex -1.3203 -0.671138 0
      vertex -1.2507 -0.601541 -2.18548e-15
    endloop
  endfacet
  facet normal 1.50154e-14 1.63865e-14 1
    outer loop
      vertex -1.2507 -0.601541 -2.18548e-15
      vertex -1.3203 -0.671138 0
      vertex -1.24437 -0.607342 -2.18548e-15
    endloop
  endfacet
  facet normal 1.50155e-14 1.63863e-14 1
    outer loop
      vertex -1.3203 -0.671138 0
      vertex -1.30764 -0.68274 0
      vertex -1.24437 -0.607342 -2.18548e-15
    endloop
  endfacet
  facet normal 1.35301e-14 1.76328e-14 1
    outer loop
      vertex -1.24437 -0.607342 -2.18548e-15
      vertex -1.30764 -0.68274 0
      vertex -1.23756 -0.612569 -2.18548e-15
    endloop
  endfacet
  facet normal 1.353e-14 1.76328e-14 1
    outer loop
      vertex -1.30764 -0.68274 0
      vertex -1.29401 -0.693194 0
      vertex -1.23756 -0.612569 -2.18548e-15
    endloop
  endfacet
  facet normal 1.19418e-14 1.87449e-14 1
    outer loop
      vertex -1.23756 -0.612569 -2.18548e-15
      vertex -1.29401 -0.693194 0
      vertex -1.23031 -0.617183 -2.18548e-15
    endloop
  endfacet
  facet normal 1.19418e-14 1.87449e-14 1
    outer loop
      vertex -1.29401 -0.693194 0
      vertex -1.27953 -0.702421 0
      vertex -1.23031 -0.617183 -2.18548e-15
    endloop
  endfacet
  facet normal 1.02626e-14 1.97144e-14 1
    outer loop
      vertex -1.23031 -0.617183 -2.18548e-15
      vertex -1.27953 -0.702421 0
      vertex -1.2227 -0.621147 -2.18548e-15
    endloop
  endfacet
  facet normal 1.02626e-14 1.97144e-14 1
    outer loop
      vertex -1.27953 -0.702421 0
      vertex -1.26429 -0.710351 0
      vertex -1.2227 -0.621147 -2.18548e-15
    endloop
  endfacet
  facet normal 8.50547e-15 2.05337e-14 1
    outer loop
      vertex -1.2227 -0.621147 -2.18548e-15
      vertex -1.26429 -0.710351 0
      vertex -1.21477 -0.624433 -2.18548e-15
    endloop
  endfacet
  facet normal 8.5054e-15 2.05338e-14 1
    outer loop
      vertex -1.26429 -0.710351 0
      vertex -1.24843 -0.716923 0
      vertex -1.21477 -0.624433 -2.18548e-15
    endloop
  endfacet
  facet normal 6.68325e-15 2.1197e-14 1
    outer loop
      vertex -1.21477 -0.624433 -2.18548e-15
      vertex -1.24843 -0.716923 0
      vertex -1.20658 -0.627015 -2.18548e-15
    endloop
  endfacet
  facet normal 6.68338e-15 2.11969e-14 1
    outer loop
      vertex -1.24843 -0.716923 0
      vertex -1.23205 -0.722087 0
      vertex -1.20658 -0.627015 -2.18548e-15
    endloop
  endfacet
  facet normal 4.81054e-15 2.16988e-14 1
    outer loop
      vertex -1.20658 -0.627015 -2.18548e-15
      vertex -1.23205 -0.722087 0
      vertex -1.19819 -0.628874 -2.18548e-15
    endloop
  endfacet
  facet normal 4.81052e-15 2.16988e-14 1
    outer loop
      vertex -1.23205 -0.722087 0
      vertex -1.21529 -0.725804 0
      vertex -1.19819 -0.628874 -2.18548e-15
    endloop
  endfacet
  facet normal 2.90116e-15 2.20354e-14 1
    outer loop
      vertex -1.19819 -0.628874 -2.18548e-15
      vertex -1.21529 -0.725804 0
      vertex -1.18968 -0.629995 -2.18548e-15
    endloop
  endfacet
  facet normal 2.90096e-15 2.20355e-14 1
    outer loop
      vertex -1.21529 -0.725804 0
      vertex -1.19826 -0.728045 0
      vertex -1.18968 -0.629995 -2.18548e-15
    endloop
  endfacet
  facet normal 9.6939e-16 2.22045e-14 1
    outer loop
      vertex -1.18968 -0.629995 -2.18548e-15
      vertex -1.19826 -0.728045 0
      vertex -1.1811 -0.630369 -2.18548e-15
    endloop
  endfacet
  facet normal 9.69488e-16 2.22045e-14 1
    outer loop
      vertex -1.19826 -0.728045 0
      vertex -1.1811 -0.728794 0
      vertex -1.1811 -0.630369 -2.18548e-15
    endloop
  endfacet
  facet normal -9.69398e-16 2.22045e-14 1
    outer loop
      vertex -1.1811 -0.630369 -2.18548e-15
      vertex -1.1811 -0.728794 0
      vertex -1.17252 -0.629995 -2.18548e-15
    endloop
  endfacet
  facet normal -9.69489e-16 2.22045e-14 1
    outer loop
      vertex -1.1811 -0.728794 0
      vertex -1.16395 -0.728045 0
      vertex -1.17252 -0.629995 -2.18548e-15
    endloop
  endfacet
  facet normal -2.90116e-15 2.20355e-14 1
    outer loop
      vertex -1.17252 -0.629995 -2.18548e-15
      vertex -1.16395 -0.728045 0
      vertex -1.16401 -0.628874 -2.18548e-15
    endloop
  endfacet
  facet normal -2.90097e-15 2.20355e-14 1
    outer loop
      vertex -1.16395 -0.728045 0
      vertex -1.14692 -0.725804 0
      vertex -1.16401 -0.628874 -2.18548e-15
    endloop
  endfacet
  facet normal -4.8105e-15 2.16988e-14 1
    outer loop
      vertex -1.16401 -0.628874 -2.18548e-15
      vertex -1.14692 -0.725804 0
      vertex -1.15563 -0.627015 -2.18548e-15
    endloop
  endfacet
  facet normal -4.81052e-15 2.16988e-14 1
    outer loop
      vertex -1.14692 -0.725804 0
      vertex -1.13015 -0.722087 0
      vertex -1.15563 -0.627015 -2.18548e-15
    endloop
  endfacet
  facet normal -6.6833e-15 2.1197e-14 1
    outer loop
      vertex -1.15563 -0.627015 -2.18548e-15
      vertex -1.13015 -0.722087 0
      vertex -1.14744 -0.624433 -2.18548e-15
    endloop
  endfacet
  facet normal -6.68336e-15 2.11969e-14 1
    outer loop
      vertex -1.13015 -0.722087 0
      vertex -1.11378 -0.716923 0
      vertex -1.14744 -0.624433 -2.18548e-15
    endloop
  endfacet
  facet normal -8.50548e-15 2.05338e-14 1
    outer loop
      vertex -1.14744 -0.624433 -2.18548e-15
      vertex -1.11378 -0.716923 0
      vertex -1.13951 -0.621147 -2.18548e-15
    endloop
  endfacet
  facet normal -8.50539e-15 2.05338e-14 1
    outer loop
      vertex -1.11378 -0.716923 0
      vertex -1.09791 -0.710351 0
      vertex -1.13951 -0.621147 -2.18548e-15
    endloop
  endfacet
  facet normal -1.02626e-14 1.97144e-14 1
    outer loop
      vertex -1.13951 -0.621147 -2.18548e-15
      vertex -1.09791 -0.710351 0
      vertex -1.13189 -0.617183 -2.18548e-15
    endloop
  endfacet
  facet normal -1.02626e-14 1.97144e-14 1
    outer loop
      vertex -1.09791 -0.710351 0
      vertex -1.08268 -0.702421 0
      vertex -1.13189 -0.617183 -2.18548e-15
    endloop
  endfacet
  facet normal -1.19417e-14 1.87449e-14 1
    outer loop
      vertex -1.13189 -0.617183 -2.18548e-15
      vertex -1.08268 -0.702421 0
      vertex -1.12465 -0.612569 -2.18548e-15
    endloop
  endfacet
  facet normal -1.19418e-14 1.87449e-14 1
    outer loop
      vertex -1.08268 -0.702421 0
      vertex -1.06819 -0.693194 0
      vertex -1.12465 -0.612569 -2.18548e-15
    endloop
  endfacet
  facet normal -1.35301e-14 1.76328e-14 1
    outer loop
      vertex -1.12465 -0.612569 -2.18548e-15
      vertex -1.06819 -0.693194 0
      vertex -1.11784 -0.607342 -2.18548e-15
    endloop
  endfacet
  facet normal -1.35301e-14 1.76328e-14 1
    outer loop
      vertex -1.06819 -0.693194 0
      vertex -1.05457 -0.68274 0
      vertex -1.11784 -0.607342 -2.18548e-15
    endloop
  endfacet
  facet normal -1.50155e-14 1.63864e-14 1
    outer loop
      vertex -1.11784 -0.607342 -2.18548e-15
      vertex -1.05457 -0.68274 0
      vertex -1.11151 -0.601541 -2.18548e-15
    endloop
  endfacet
  facet normal -1.50154e-14 1.63864e-14 1
    outer loop
      vertex -1.05457 -0.68274 0
      vertex -1.04191 -0.671138 0
      vertex -1.11151 -0.601541 -2.18548e-15
    endloop
  endfacet
  facet normal -1.63864e-14 1.50154e-14 1
    outer loop
      vertex -1.11151 -0.601541 -2.18548e-15
      vertex -1.04191 -0.671138 0
      vertex -1.1057 -0.59521 -2.18548e-15
    endloop
  endfacet
  facet normal -1.63864e-14 1.50154e-14 1
    outer loop
      vertex -1.04191 -0.671138 0
      vertex -1.03031 -0.658477 0
      vertex -1.1057 -0.59521 -2.18548e-15
    endloop
  endfacet
  facet normal -1.76327e-14 1.35301e-14 1
    outer loop
      vertex -1.1057 -0.59521 -2.18548e-15
      vertex -1.03031 -0.658477 0
      vertex -1.10048 -0.588398 -2.18548e-15
    endloop
  endfacet
  facet normal -1.76328e-14 1.35301e-14 1
    outer loop
      vertex -1.03031 -0.658477 0
      vertex -1.01985 -0.644853 0
      vertex -1.10048 -0.588398 -2.18548e-15
    endloop
  endfacet
  facet normal -1.87449e-14 1.19418e-14 1
    outer loop
      vertex -1.10048 -0.588398 -2.18548e-15
      vertex -1.01985 -0.644853 0
      vertex -1.09586 -0.581156 -2.18548e-15
    endloop
  endfacet
  facet normal -1.87449e-14 1.19418e-14 1
    outer loop
      vertex -1.01985 -0.644853 0
      vertex -1.01062 -0.630369 0
      vertex -1.09586 -0.581156 -2.18548e-15
    endloop
  endfacet
  facet normal -1.97144e-14 1.02626e-14 1
    outer loop
      vertex -1.09586 -0.581156 -2.18548e-15
      vertex -1.01062 -0.630369 0
      vertex -1.0919 -0.57354 -2.18548e-15
    endloop
  endfacet
  facet normal -1.97144e-14 1.02626e-14 1
    outer loop
      vertex -1.01062 -0.630369 0
      vertex -1.0027 -0.615136 0
      vertex -1.0919 -0.57354 -2.18548e-15
    endloop
  endfacet
  facet normal -2.05337e-14 8.50547e-15 1
    outer loop
      vertex -1.0919 -0.57354 -2.18548e-15
      vertex -1.0027 -0.615136 0
      vertex -1.08861 -0.565607 -2.18548e-15
    endloop
  endfacet
  facet normal -2.05338e-14 8.50539e-15 1
    outer loop
      vertex -1.0027 -0.615136 0
      vertex -0.996123 -0.599271 0
      vertex -1.08861 -0.565607 -2.18548e-15
    endloop
  endfacet
  facet normal -2.1197e-14 6.68325e-15 1
    outer loop
      vertex -1.08861 -0.565607 -2.18548e-15
      vertex -0.996123 -0.599271 0
      vertex -1.08603 -0.557418 -2.18548e-15
    endloop
  endfacet
  facet normal -2.11969e-14 6.68334e-15 1
    outer loop
      vertex -0.996123 -0.599271 0
      vertex -0.990959 -0.582892 0
      vertex -1.08603 -0.557418 -2.18548e-15
    endloop
  endfacet
  facet normal -2.16988e-14 4.81054e-15 1
    outer loop
      vertex -1.08603 -0.557418 -2.18548e-15
      vertex -0.990959 -0.582892 0
      vertex -1.08417 -0.549035 -2.18548e-15
    endloop
  endfacet
  facet normal -2.16988e-14 4.81053e-15 1
    outer loop
      vertex -0.990959 -0.582892 0
      vertex -0.987243 -0.566127 0
      vertex -1.08417 -0.549035 -2.18548e-15
    endloop
  endfacet
  facet normal -2.20354e-14 2.90115e-15 1
    outer loop
      vertex -1.08417 -0.549035 -2.18548e-15
      vertex -0.987243 -0.566127 0
      vertex -1.08305 -0.540522 -2.18548e-15
    endloop
  endfacet
  facet normal -2.20355e-14 2.90097e-15 1
    outer loop
      vertex -0.987243 -0.566127 0
      vertex -0.985001 -0.5491 0
      vertex -1.08305 -0.540522 -2.18548e-15
    endloop
  endfacet
  facet normal -2.22045e-14 9.69394e-16 1
    outer loop
      vertex -1.08305 -0.540522 -2.18548e-15
      vertex -0.985001 -0.5491 0
      vertex -1.08268 -0.531944 -2.18548e-15
    endloop
  endfacet
  facet normal -2.22045e-14 9.69488e-16 1
    outer loop
      vertex -0.985001 -0.5491 0
      vertex -0.984252 -0.531944 0
      vertex -1.08268 -0.531944 -2.18548e-15
    endloop
  endfacet
  facet normal -2.22045e-14 -9.69394e-16 1
    outer loop
      vertex -1.08268 -0.531944 -2.18548e-15
      vertex -0.984252 -0.531944 0
      vertex -1.08305 -0.523366 -2.18548e-15
    endloop
  endfacet
  facet normal -2.20368e-14 9.62219e-16 1
    outer loop
      vertex -0.984252 -0.531944 0
      vertex -0.983915 -0.524223 0
      vertex -1.08305 -0.523366 -2.18548e-15
    endloop
  endfacet
  facet normal -2.202e-14 2.89899e-15 1
    outer loop
      vertex -1.08305 -0.523366 -2.18548e-15
      vertex -0.983915 -0.524223 0
      vertex -0.982906 -0.516562 0
    endloop
  endfacet
  facet normal 2.17298e-15 -4.17426e-15 1
    outer loop
      vertex -1.23031 -0.446705 -2.18548e-15
      vertex -1.2227 -0.44274 -2.18548e-15
      vertex -1.37795 -2.73185e-16 0
    endloop
  endfacet
  facet normal 1.78535e-15 -4.31019e-15 1
    outer loop
      vertex -1.2227 -0.44274 -2.18548e-15
      vertex -1.21477 -0.439454 -2.18548e-15
      vertex -1.37795 -2.73185e-16 0
    endloop
  endfacet
  facet normal 1.40368e-15 -4.45192e-15 1
    outer loop
      vertex -1.37795 -2.73185e-16 0
      vertex -1.21477 -0.439454 -2.18548e-15
      vertex -1.20658 -0.436872 -2.18548e-15
    endloop
  endfacet
  facet normal -2.87903e-15 -7.2878e-15 1
    outer loop
      vertex -0.82962 -0.282609 0
      vertex -0.834211 -0.280796 0
      vertex -1.10048 -0.475489 -2.18548e-15
    endloop
  endfacet
  facet normal 0 0 1
    outer loop
      vertex -0.553343 -0.436586 0
      vertex -0.536014 -0.431365 0
      vertex -0.895669 -0.443361 0
    endloop
  endfacet
  facet normal 0 0 1
    outer loop
      vertex -0.536014 -0.431365 0
      vertex -0.519181 -0.424715 0
      vertex -0.895669 -0.443361 0
    endloop
  endfacet
  facet normal 0 0 1
    outer loop
      vertex -0.895669 -0.443361 0
      vertex -0.519181 -0.424715 0
      vertex -0.90339 -0.443698 0
    endloop
  endfacet
  facet normal 0 0 1
    outer loop
      vertex -0.519181 -0.424715 0
      vertex -0.502962 -0.416683 0
      vertex -0.90339 -0.443698 0
    endloop
  endfacet
  facet normal 0 0 1
    outer loop
      vertex -0.90339 -0.443698 0
      vertex -0.502962 -0.416683 0
      vertex -0.487471 -0.407324 0
    endloop
  endfacet
  facet normal 0 0 1
    outer loop
      vertex -0.557126 0.258096 0
      vertex -0.55465 0.253823 0
      vertex -0.54644 0.44355 0
    endloop
  endfacet
  facet normal 0 0 1
    outer loop
      vertex -0.55465 0.253823 0
      vertex -0.55254 0.249359 0
      vertex -0.54644 0.44355 0
    endloop
  endfacet
  facet normal 0 0 1
    outer loop
      vertex -0.54644 0.44355 0
      vertex -0.55254 0.249359 0
      vertex -0.55081 0.244733 0
    endloop
  endfacet
  facet normal -4.37816e-16 -1.0467e-14 1
    outer loop
      vertex -0.810236 -0.285881 0
      vertex -0.815168 -0.285675 0
      vertex -1.09586 -0.482731 -2.18548e-15
    endloop
  endfacet
  facet normal -1.18535e-15 -9.40214e-15 1
    outer loop
      vertex -0.815168 -0.285675 0
      vertex -0.820065 -0.285057 0
      vertex -1.09586 -0.482731 -2.18548e-15
    endloop
  endfacet
  facet normal -5.44017e-15 -3.46575e-15 1
    outer loop
      vertex -1.09586 -0.482731 -2.18548e-15
      vertex -0.820065 -0.285057 0
      vertex -1.10048 -0.475489 -2.18548e-15
    endloop
  endfacet
  facet normal -1.85494e-15 -8.745e-15 1
    outer loop
      vertex -0.820065 -0.285057 0
      vertex -0.824894 -0.284033 0
      vertex -1.10048 -0.475489 -2.18548e-15
    endloop
  endfacet
  facet normal -2.3988e-15 -7.96218e-15 1
    outer loop
      vertex -1.10048 -0.475489 -2.18548e-15
      vertex -0.824894 -0.284033 0
      vertex -0.82962 -0.282609 0
    endloop
  endfacet
  facet normal 0 0 1
    outer loop
      vertex -0.557289 -0.25857 0
      vertex -0.560114 -0.262618 0
      vertex -0.380859 -0.222324 0
    endloop
  endfacet
  facet normal 0 0 1
    outer loop
      vertex -0.560114 -0.262618 0
      vertex -0.563267 -0.266415 0
      vertex -0.380859 -0.222324 0
    endloop
  endfacet
  facet normal 0 0 1
    outer loop
      vertex -0.380859 -0.222324 0
      vertex -0.563267 -0.266415 0
      vertex -0.566726 -0.269936 0
    endloop
  endfacet
  facet normal 0 0 1
    outer loop
      vertex -0.517717 0.448615 0
      vertex -0.531968 0.445455 0
      vertex -0.521602 0.123785 0
    endloop
  endfacet
  facet normal 0 0 1
    outer loop
      vertex -0.531968 0.445455 0
      vertex -0.54644 0.44355 0
      vertex -0.521602 0.123785 0
    endloop
  endfacet
  facet normal 0 0 1
    outer loop
      vertex -0.521602 0.123785 0
      vertex -0.54644 0.44355 0
      vertex -0.533813 0.184837 0
    endloop
  endfacet
  facet normal 0 0 1
    outer loop
      vertex -0.54644 0.44355 0
      vertex -0.55081 0.244733 0
      vertex -0.533813 0.184837 0
    endloop
  endfacet
  facet normal 0 0 1
    outer loop
      vertex -0.511811 -0.00025469 0
      vertex -0.514293 -0.0624664 0
      vertex -0.354331 -4.00572e-17 0
    endloop
  endfacet
  facet normal 0 0 1
    outer loop
      vertex -0.514293 -0.0624664 0
      vertex -0.521682 -0.124288 0
      vertex -0.354331 -4.00572e-17 0
    endloop
  endfacet
  facet normal 0 0 1
    outer loop
      vertex -0.354331 -4.00572e-17 0
      vertex -0.521682 -0.124288 0
      vertex -0.357291 -0.0747312 0
    endloop
  endfacet
  facet normal 0 0 1
    outer loop
      vertex -0.918596 -0.44638 0
      vertex -0.911051 -0.444707 0
      vertex -0.380859 -0.222324 0
    endloop
  endfacet
  facet normal 0 0 1
    outer loop
      vertex -0.911051 -0.444707 0
      vertex -0.90339 -0.443698 0
      vertex -0.380859 -0.222324 0
    endloop
  endfacet
  facet normal 0 0 1
    outer loop
      vertex -0.380859 -0.222324 0
      vertex -0.90339 -0.443698 0
      vertex -0.401319 -0.29426 0
    endloop
  endfacet
  facet normal 0 0 1
    outer loop
      vertex -0.90339 -0.443698 0
      vertex -0.40767 -0.311208 0
      vertex -0.401319 -0.29426 0
    endloop
  endfacet
  facet normal 0 0 1
    outer loop
      vertex -0.587547 0.282158 0
      vertex -0.582954 0.280343 0
      vertex -0.54644 0.44355 0
    endloop
  endfacet
  facet normal -1.05924e-15 -4.77795e-15 1
    outer loop
      vertex -1.15563 -0.436872 -2.18548e-15
      vertex -1.06299 -1.02444e-16 0
      vertex -1.16401 -0.435014 -2.18548e-15
    endloop
  endfacet
  facet normal -6.41801e-16 -4.87489e-15 1
    outer loop
      vertex -1.06299 -1.02444e-16 0
      vertex -1.17252 -0.433893 -2.18548e-15
      vertex -1.16401 -0.435014 -2.18548e-15
    endloop
  endfacet
  facet normal -2.91166e-15 -5.59327e-15 1
    outer loop
      vertex -1.13189 -0.446705 -2.18548e-15
      vertex -0.88339 -0.185332 0
      vertex -1.13951 -0.44274 -2.18548e-15
    endloop
  endfacet
  facet normal -4.32283e-15 -4.18919e-15 1
    outer loop
      vertex -0.88339 -0.185332 0
      vertex -1.06299 -1.02444e-16 0
      vertex -1.13951 -0.44274 -2.18548e-15
    endloop
  endfacet
  facet normal -1.90808e-15 -4.6065e-15 1
    outer loop
      vertex -1.13951 -0.44274 -2.18548e-15
      vertex -1.06299 -1.02444e-16 0
      vertex -1.14744 -0.439454 -2.18548e-15
    endloop
  endfacet
  facet normal -1.47846e-15 -4.68906e-15 1
    outer loop
      vertex -1.06299 -1.02444e-16 0
      vertex -1.15563 -0.436872 -2.18548e-15
      vertex -1.14744 -0.439454 -2.18548e-15
    endloop
  endfacet
  facet normal -3.31749e-15 -5.20743e-15 1
    outer loop
      vertex -1.13189 -0.446705 -2.18548e-15
      vertex -1.12465 -0.451319 -2.18548e-15
      vertex -0.88339 -0.185332 0
    endloop
  endfacet
  facet normal -3.71742e-15 -4.84468e-15 1
    outer loop
      vertex -1.12465 -0.451319 -2.18548e-15
      vertex -1.11784 -0.456546 -2.18548e-15
      vertex -0.88339 -0.185332 0
    endloop
  endfacet
  facet normal -7.01379e-15 -1.9952e-15 1
    outer loop
      vertex -0.88339 -0.185332 0
      vertex -1.11784 -0.456546 -2.18548e-15
      vertex -0.866355 -0.245217 0
    endloop
  endfacet
  facet normal -4.53322e-15 -4.94708e-15 1
    outer loop
      vertex -1.11784 -0.456546 -2.18548e-15
      vertex -1.11151 -0.462347 -2.18548e-15
      vertex -0.866355 -0.245217 0
    endloop
  endfacet
  facet normal -6.69351e-15 -2.508e-15 1
    outer loop
      vertex -0.866355 -0.245217 0
      vertex -1.11151 -0.462347 -2.18548e-15
      vertex -0.864623 -0.249839 0
    endloop
  endfacet
  facet normal -6.28962e-15 -2.97722e-15 1
    outer loop
      vertex -1.11151 -0.462347 -2.18548e-15
      vertex -0.862511 -0.254301 0
      vertex -0.864623 -0.249839 0
    endloop
  endfacet
  facet normal -3.31438e-15 -6.6924e-15 1
    outer loop
      vertex -0.834211 -0.280796 0
      vertex -0.838634 -0.278605 0
      vertex -1.10048 -0.475489 -2.18548e-15
    endloop
  endfacet
  facet normal -3.71843e-15 -6.15504e-15 1
    outer loop
      vertex -0.838634 -0.278605 0
      vertex -0.842859 -0.276053 0
      vertex -1.10048 -0.475489 -2.18548e-15
    endloop
  endfacet
  facet normal -4.10146e-15 -5.66028e-15 1
    outer loop
      vertex -1.10048 -0.475489 -2.18548e-15
      vertex -0.842859 -0.276053 0
      vertex -0.846856 -0.273156 0
    endloop
  endfacet
  facet normal -4.47195e-15 -5.19586e-15 1
    outer loop
      vertex -0.846856 -0.273156 0
      vertex -0.850597 -0.269936 0
      vertex -1.10048 -0.475489 -2.18548e-15
    endloop
  endfacet
  facet normal -4.83707e-15 -4.75202e-15 1
    outer loop
      vertex -0.850597 -0.269936 0
      vertex -0.854056 -0.266415 0
      vertex -1.10048 -0.475489 -2.18548e-15
    endloop
  endfacet
  facet normal -5.37172e-15 -4.12186e-15 1
    outer loop
      vertex -1.10048 -0.475489 -2.18548e-15
      vertex -0.854056 -0.266415 0
      vertex -1.1057 -0.468677 -2.18548e-15
    endloop
  endfacet
  facet normal -5.20873e-15 -4.32465e-15 1
    outer loop
      vertex -0.854056 -0.266415 0
      vertex -0.857209 -0.262618 0
      vertex -1.1057 -0.468677 -2.18548e-15
    endloop
  endfacet
  facet normal -4.99749e-15 -4.57938e-15 1
    outer loop
      vertex -1.1057 -0.468677 -2.18548e-15
      vertex -0.857209 -0.262618 0
      vertex -1.11151 -0.462347 -2.18548e-15
    endloop
  endfacet
  facet normal -5.55129e-15 -3.87428e-15 1
    outer loop
      vertex -0.857209 -0.262618 0
      vertex -0.860034 -0.25857 0
      vertex -1.11151 -0.462347 -2.18548e-15
    endloop
  endfacet
  facet normal -5.91159e-15 -3.42965e-15 1
    outer loop
      vertex -1.11151 -0.462347 -2.18548e-15
      vertex -0.860034 -0.25857 0
      vertex -0.862511 -0.254301 0
    endloop
  endfacet
  facet normal 0 0 1
    outer loop
      vertex -0.60694 0.285433 0
      vertex -0.561024 0.442913 0
      vertex -0.810383 0.285433 0
    endloop
  endfacet
  facet normal 0 0 1
    outer loop
      vertex -0.561024 0.442913 0
      vertex -0.810383 0.442913 0
      vertex -0.810383 0.285433 0
    endloop
  endfacet
  facet normal 0 0 1
    outer loop
      vertex -0.810383 0.285433 0
      vertex -0.810383 0.442913 0
      vertex -0.815317 0.285227 0
    endloop
  endfacet
  facet normal 0 0 1
    outer loop
      vertex -0.810383 0.442913 0
      vertex -0.828475 0.442156 0
      vertex -0.815317 0.285227 0
    endloop
  endfacet
  facet normal 0 0 1
    outer loop
      vertex -0.815317 0.285227 0
      vertex -0.828475 0.442156 0
      vertex -0.820217 0.284609 0
    endloop
  endfacet
  facet normal 0 0 1
    outer loop
      vertex -0.828475 0.442156 0
      vertex -0.846441 0.43989 0
      vertex -0.820217 0.284609 0
    endloop
  endfacet
  facet normal 0 0 1
    outer loop
      vertex -0.820217 0.284609 0
      vertex -0.846441 0.43989 0
      vertex -0.825048 0.283583 0
    endloop
  endfacet
  facet normal 0 0 1
    outer loop
      vertex -0.846441 0.43989 0
      vertex -0.864154 0.436131 0
      vertex -0.825048 0.283583 0
    endloop
  endfacet
  facet normal 0 0 1
    outer loop
      vertex -0.825048 0.283583 0
      vertex -0.864154 0.436131 0
      vertex -0.829776 0.282158 0
    endloop
  endfacet
  facet normal 0 0 1
    outer loop
      vertex -0.864154 0.436131 0
      vertex -0.881491 0.430905 0
      vertex -0.829776 0.282158 0
    endloop
  endfacet
  facet normal 0 0 1
    outer loop
      vertex -0.829776 0.282158 0
      vertex -0.881491 0.430905 0
      vertex -0.834369 0.280343 0
    endloop
  endfacet
  facet normal 0 0 1
    outer loop
      vertex -0.881491 0.430905 0
      vertex -0.898331 0.424248 0
      vertex -0.834369 0.280343 0
    endloop
  endfacet
  facet normal 0 0 1
    outer loop
      vertex -0.834369 0.280343 0
      vertex -0.898331 0.424248 0
      vertex -0.838794 0.27815 0
    endloop
  endfacet
  facet normal 0 0 1
    outer loop
      vertex -0.898331 0.424248 0
      vertex -0.914556 0.416208 0
      vertex -0.838794 0.27815 0
    endloop
  endfacet
  facet normal 0 0 1
    outer loop
      vertex -0.838794 0.27815 0
      vertex -0.914556 0.416208 0
      vertex -0.84302 0.275595 0
    endloop
  endfacet
  facet normal 0 0 1
    outer loop
      vertex -0.914556 0.416208 0
      vertex -0.930053 0.40684 0
      vertex -0.84302 0.275595 0
    endloop
  endfacet
  facet normal 0 0 1
    outer loop
      vertex -0.84302 0.275595 0
      vertex -0.930053 0.40684 0
      vertex -0.847018 0.272696 0
    endloop
  endfacet
  facet normal 0 0 1
    outer loop
      vertex -0.930053 0.40684 0
      vertex -0.944713 0.396211 0
      vertex -0.847018 0.272696 0
    endloop
  endfacet
  facet normal 0 0 1
    outer loop
      vertex -0.847018 0.272696 0
      vertex -0.944713 0.396211 0
      vertex -0.85076 0.269473 0
    endloop
  endfacet
  facet normal 0 0 1
    outer loop
      vertex -0.944713 0.396211 0
      vertex -0.958433 0.384393 0
      vertex -0.85076 0.269473 0
    endloop
  endfacet
  facet normal 0 0 1
    outer loop
      vertex -0.85076 0.269473 0
      vertex -0.958433 0.384393 0
      vertex -0.85422 0.265949 0
    endloop
  endfacet
  facet normal 0 0 1
    outer loop
      vertex -0.958433 0.384393 0
      vertex -0.971118 0.371471 0
      vertex -0.85422 0.265949 0
    endloop
  endfacet
  facet normal 0 0 1
    outer loop
      vertex -0.85422 0.265949 0
      vertex -0.971118 0.371471 0
      vertex -0.857373 0.262148 0
    endloop
  endfacet
  facet normal 0 0 1
    outer loop
      vertex -0.971118 0.371471 0
      vertex -0.982679 0.357534 0
      vertex -0.857373 0.262148 0
    endloop
  endfacet
  facet normal 0 0 1
    outer loop
      vertex -0.857373 0.262148 0
      vertex -0.982679 0.357534 0
      vertex -0.860197 0.258096 0
    endloop
  endfacet
  facet normal 0 0 1
    outer loop
      vertex -0.982679 0.357534 0
      vertex -0.993035 0.342679 0
      vertex -0.860197 0.258096 0
    endloop
  endfacet
  facet normal 0 0 1
    outer loop
      vertex -0.860197 0.258096 0
      vertex -0.993035 0.342679 0
      vertex -0.862673 0.253823 0
    endloop
  endfacet
  facet normal 0 0 1
    outer loop
      vertex -0.993035 0.342679 0
      vertex -1.00211 0.327012 0
      vertex -0.862673 0.253823 0
    endloop
  endfacet
  facet normal 0 0 1
    outer loop
      vertex -0.862673 0.253823 0
      vertex -1.00211 0.327012 0
      vertex -0.864783 0.249359 0
    endloop
  endfacet
  facet normal 0 0 1
    outer loop
      vertex -1.00211 0.327012 0
      vertex -1.00985 0.31064 0
      vertex -0.864783 0.249359 0
    endloop
  endfacet
  facet normal 0 0 1
    outer loop
      vertex -0.864783 0.249359 0
      vertex -1.00985 0.31064 0
      vertex -0.866513 0.244733 0
    endloop
  endfacet
  facet normal 0 0 1
    outer loop
      vertex -1.00985 0.31064 0
      vertex -1.01619 0.29368 0
      vertex -0.866513 0.244733 0
    endloop
  endfacet
  facet normal 0 0 1
    outer loop
      vertex -0.866513 0.244733 0
      vertex -1.01619 0.29368 0
      vertex -0.88351 0.184837 0
    endloop
  endfacet
  facet normal 0 0 1
    outer loop
      vertex -1.01619 0.29368 0
      vertex -1.03657 0.221878 0
      vertex -0.88351 0.184837 0
    endloop
  endfacet
  facet normal 0 0 1
    outer loop
      vertex -0.88351 0.184837 0
      vertex -1.03657 0.221878 0
      vertex -0.895721 0.123785 0
    endloop
  endfacet
  facet normal 0 0 1
    outer loop
      vertex -1.03657 0.221878 0
      vertex -1.05122 0.148692 0
      vertex -0.895721 0.123785 0
    endloop
  endfacet
  facet normal 0 0 1
    outer loop
      vertex -0.895721 0.123785 0
      vertex -1.05122 0.148692 0
      vertex -0.90307 0.0619586 0
    endloop
  endfacet
  facet normal 0 0 1
    outer loop
      vertex -1.05122 0.148692 0
      vertex -1.06004 0.0745789 0
      vertex -0.90307 0.0619586 0
    endloop
  endfacet
  facet normal 0 0 1
    outer loop
      vertex -0.90307 0.0619586 0
      vertex -1.06004 0.0745789 0
      vertex -0.905512 -0.00025469 0
    endloop
  endfacet
  facet normal 0 0 1
    outer loop
      vertex -1.06004 0.0745789 0
      vertex -1.06299 -1.02444e-16 0
      vertex -0.905512 -0.00025469 0
    endloop
  endfacet
  facet normal 0 0 1
    outer loop
      vertex -0.905512 -0.00025469 0
      vertex -1.06299 -1.02444e-16 0
      vertex -0.90303 -0.0624664 0
    endloop
  endfacet
  facet normal 0 0 1
    outer loop
      vertex -1.06299 -1.02444e-16 0
      vertex -0.895641 -0.124288 0
      vertex -0.90303 -0.0624664 0
    endloop
  endfacet
  facet normal 0 0 1
    outer loop
      vertex -0.60694 0.285433 0
      vertex -0.602006 0.285227 0
      vertex -0.561024 0.442913 0
    endloop
  endfacet
  facet normal 0 0 1
    outer loop
      vertex -0.602006 0.285227 0
      vertex -0.597106 0.284609 0
      vertex -0.561024 0.442913 0
    endloop
  endfacet
  facet normal 0 0 1
    outer loop
      vertex -0.561024 0.442913 0
      vertex -0.597106 0.284609 0
      vertex -0.54644 0.44355 0
    endloop
  endfacet
  facet normal 0 0 1
    outer loop
      vertex -0.597106 0.284609 0
      vertex -0.592275 0.283583 0
      vertex -0.54644 0.44355 0
    endloop
  endfacet
  facet normal 0 0 1
    outer loop
      vertex -0.54644 0.44355 0
      vertex -0.592275 0.283583 0
      vertex -0.587547 0.282158 0
    endloop
  endfacet
  facet normal 1.02031e-15 -4.60231e-15 1
    outer loop
      vertex -1.20658 -0.436872 -2.18548e-15
      vertex -1.19819 -0.435014 -2.18548e-15
      vertex -1.37795 -2.73185e-16 0
    endloop
  endfacet
  facet normal 6.27296e-16 -4.76471e-15 1
    outer loop
      vertex -1.19819 -0.435014 -2.18548e-15
      vertex -1.18968 -0.433893 -2.18548e-15
      vertex -1.37795 -2.73185e-16 0
    endloop
  endfacet
  facet normal 2.73051e-30 -5.0369e-15 1
    outer loop
      vertex -1.37795 -2.73185e-16 0
      vertex -1.18968 -0.433893 -2.18548e-15
      vertex -1.06299 -1.02444e-16 0
    endloop
  endfacet
  facet normal 2.22737e-16 -5.10194e-15 1
    outer loop
      vertex -1.18968 -0.433893 -2.18548e-15
      vertex -1.1811 -0.433519 -2.18548e-15
      vertex -1.06299 -1.02444e-16 0
    endloop
  endfacet
  facet normal -2.17503e-16 -4.982e-15 1
    outer loop
      vertex -1.06299 -1.02444e-16 0
      vertex -1.1811 -0.433519 -2.18548e-15
      vertex -1.17252 -0.433893 -2.18548e-15
    endloop
  endfacet
  facet normal 0 0 1
    outer loop
      vertex -0.574464 -0.276053 0
      vertex -0.578689 -0.278605 0
      vertex -0.380859 -0.222324 0
    endloop
  endfacet
  facet normal 0 0 1
    outer loop
      vertex -0.578689 -0.278605 0
      vertex -0.583112 -0.280796 0
      vertex -0.380859 -0.222324 0
    endloop
  endfacet
  facet normal 1.01155e-14 -3.49894e-14 1
    outer loop
      vertex -0.380859 -0.222324 0
      vertex -0.583112 -0.280796 0
      vertex -1.0919 -0.490348 -2.18548e-15
    endloop
  endfacet
  facet normal 1.00913e-13 -2.55442e-13 1
    outer loop
      vertex -0.583112 -0.280796 0
      vertex -0.587703 -0.282609 0
      vertex -1.0919 -0.490348 -2.18548e-15
    endloop
  endfacet
  facet normal -3.56908e-15 -1.85794e-15 1
    outer loop
      vertex -1.0919 -0.490348 -2.18548e-15
      vertex -0.587703 -0.282609 0
      vertex -1.09586 -0.482731 -2.18548e-15
    endloop
  endfacet
  facet normal 1.40012e-14 -4.64732e-14 1
    outer loop
      vertex -0.587703 -0.282609 0
      vertex -0.592429 -0.284033 0
      vertex -1.09586 -0.482731 -2.18548e-15
    endloop
  endfacet
  facet normal 5.04348e-15 -2.37775e-14 1
    outer loop
      vertex -1.09586 -0.482731 -2.18548e-15
      vertex -0.592429 -0.284033 0
      vertex -0.597258 -0.285057 0
    endloop
  endfacet
  facet normal 2.0438e-15 -1.62112e-14 1
    outer loop
      vertex -0.597258 -0.285057 0
      vertex -0.602155 -0.285675 0
      vertex -1.09586 -0.482731 -2.18548e-15
    endloop
  endfacet
  facet normal 5.18209e-16 -1.23889e-14 1
    outer loop
      vertex -0.602155 -0.285675 0
      vertex -0.607087 -0.285881 0
      vertex -1.09586 -0.482731 -2.18548e-15
    endloop
  endfacet
  facet normal 0 -1.11022e-14 1
    outer loop
      vertex -1.09586 -0.482731 -2.18548e-15
      vertex -0.607087 -0.285881 0
      vertex -0.810236 -0.285881 0
    endloop
  endfacet
  facet normal 0 0 1
    outer loop
      vertex -0.357291 -0.0747312 0
      vertex -0.521682 -0.124288 0
      vertex -0.366152 -0.148994 0
    endloop
  endfacet
  facet normal 0 0 1
    outer loop
      vertex -0.521682 -0.124288 0
      vertex -0.533933 -0.185332 0
      vertex -0.366152 -0.148994 0
    endloop
  endfacet
  facet normal 0 0 1
    outer loop
      vertex -0.366152 -0.148994 0
      vertex -0.533933 -0.185332 0
      vertex -0.380859 -0.222324 0
    endloop
  endfacet
  facet normal 0 0 1
    outer loop
      vertex -0.533933 -0.185332 0
      vertex -0.550968 -0.245217 0
      vertex -0.380859 -0.222324 0
    endloop
  endfacet
  facet normal 0 0 1
    outer loop
      vertex -0.380859 -0.222324 0
      vertex -0.550968 -0.245217 0
      vertex -0.5527 -0.249839 0
    endloop
  endfacet
  facet normal 0 0 1
    outer loop
      vertex -0.582954 0.280343 0
      vertex -0.578529 0.27815 0
      vertex -0.54644 0.44355 0
    endloop
  endfacet
  facet normal 0 0 1
    outer loop
      vertex -0.578529 0.27815 0
      vertex -0.574303 0.275595 0
      vertex -0.54644 0.44355 0
    endloop
  endfacet
  facet normal 0 0 1
    outer loop
      vertex -0.54644 0.44355 0
      vertex -0.574303 0.275595 0
      vertex -0.570305 0.272696 0
    endloop
  endfacet
  facet normal 0 0 1
    outer loop
      vertex -0.570305 0.272696 0
      vertex -0.566563 0.269473 0
      vertex -0.54644 0.44355 0
    endloop
  endfacet
  facet normal 0 0 1
    outer loop
      vertex -0.566563 0.269473 0
      vertex -0.563103 0.265949 0
      vertex -0.54644 0.44355 0
    endloop
  endfacet
  facet normal 0 0 1
    outer loop
      vertex -0.54644 0.44355 0
      vertex -0.563103 0.265949 0
      vertex -0.55995 0.262148 0
    endloop
  endfacet
  facet normal 0 0 1
    outer loop
      vertex -0.472816 -0.396705 0
      vertex -0.459098 -0.384898 0
      vertex -0.90339 -0.443698 0
    endloop
  endfacet
  facet normal 0 0 1
    outer loop
      vertex -0.459098 -0.384898 0
      vertex -0.446414 -0.371988 0
      vertex -0.90339 -0.443698 0
    endloop
  endfacet
  facet normal 0 0 1
    outer loop
      vertex -0.90339 -0.443698 0
      vertex -0.446414 -0.371988 0
      vertex -0.434853 -0.358063 0
    endloop
  endfacet
  facet normal 0 0 1
    outer loop
      vertex -0.434853 -0.358063 0
      vertex -0.424495 -0.343222 0
      vertex -0.90339 -0.443698 0
    endloop
  endfacet
  facet normal 0 0 1
    outer loop
      vertex -0.424495 -0.343222 0
      vertex -0.415413 -0.327567 0
      vertex -0.90339 -0.443698 0
    endloop
  endfacet
  facet normal 0 0 1
    outer loop
      vertex -0.90339 -0.443698 0
      vertex -0.415413 -0.327567 0
      vertex -0.40767 -0.311208 0
    endloop
  endfacet
  facet normal 0.0418115 -0.999126 0
    outer loop
      vertex -0.810383 0.285433 -0.0393701
      vertex -0.810383 0.285433 0
      vertex -0.815317 0.285227 -0.0393701
    endloop
  endfacet
  facet normal 0.0418115 -0.999126 0
    outer loop
      vertex -0.810383 0.285433 0
      vertex -0.815317 0.285227 0
      vertex -0.815317 0.285227 -0.0393701
    endloop
  endfacet
  facet normal 0.125144 -0.992139 0
    outer loop
      vertex -0.815317 0.285227 -0.0393701
      vertex -0.815317 0.285227 0
      vertex -0.820217 0.284609 -0.0393701
    endloop
  endfacet
  facet normal 0.125144 -0.992139 0
    outer loop
      vertex -0.815317 0.285227 0
      vertex -0.820217 0.284609 0
      vertex -0.820217 0.284609 -0.0393701
    endloop
  endfacet
  facet normal 0.207605 -0.978213 0
    outer loop
      vertex -0.820217 0.284609 -0.0393701
      vertex -0.820217 0.284609 0
      vertex -0.825048 0.283583 -0.0393701
    endloop
  endfacet
  facet normal 0.207605 -0.978213 0
    outer loop
      vertex -0.820217 0.284609 0
      vertex -0.825048 0.283583 0
      vertex -0.825048 0.283583 -0.0393701
    endloop
  endfacet
  facet normal 0.288608 -0.957447 0
    outer loop
      vertex -0.825048 0.283583 -0.0393701
      vertex -0.825048 0.283583 0
      vertex -0.829776 0.282158 -0.0393701
    endloop
  endfacet
  facet normal 0.288608 -0.957447 0
    outer loop
      vertex -0.825048 0.283583 0
      vertex -0.829776 0.282158 0
      vertex -0.829776 0.282158 -0.0393701
    endloop
  endfacet
  facet normal 0.3676 -0.929984 0
    outer loop
      vertex -0.829776 0.282158 -0.0393701
      vertex -0.829776 0.282158 0
      vertex -0.834369 0.280343 -0.0393701
    endloop
  endfacet
  facet normal 0.3676 -0.929984 0
    outer loop
      vertex -0.829776 0.282158 0
      vertex -0.834369 0.280343 0
      vertex -0.834369 0.280343 -0.0393701
    endloop
  endfacet
  facet normal 0.444012 -0.896021 0
    outer loop
      vertex -0.834369 0.280343 -0.0393701
      vertex -0.834369 0.280343 0
      vertex -0.838794 0.27815 -0.0393701
    endloop
  endfacet
  facet normal 0.444012 -0.896021 0
    outer loop
      vertex -0.834369 0.280343 0
      vertex -0.838794 0.27815 0
      vertex -0.838794 0.27815 -0.0393701
    endloop
  endfacet
  facet normal 0.51733 -0.855786 0
    outer loop
      vertex -0.838794 0.27815 -0.0393701
      vertex -0.838794 0.27815 0
      vertex -0.84302 0.275595 -0.0393701
    endloop
  endfacet
  facet normal 0.51733 -0.855786 0
    outer loop
      vertex -0.838794 0.27815 0
      vertex -0.84302 0.275595 0
      vertex -0.84302 0.275595 -0.0393701
    endloop
  endfacet
  facet normal 0.587024 -0.80957 0
    outer loop
      vertex -0.84302 0.275595 -0.0393701
      vertex -0.84302 0.275595 0
      vertex -0.847018 0.272696 -0.0393701
    endloop
  endfacet
  facet normal 0.587024 -0.80957 0
    outer loop
      vertex -0.84302 0.275595 0
      vertex -0.847018 0.272696 0
      vertex -0.847018 0.272696 -0.0393701
    endloop
  endfacet
  facet normal 0.652612 -0.757692 0
    outer loop
      vertex -0.847018 0.272696 -0.0393701
      vertex -0.847018 0.272696 0
      vertex -0.85076 0.269473 -0.0393701
    endloop
  endfacet
  facet normal 0.652612 -0.757692 0
    outer loop
      vertex -0.847018 0.272696 0
      vertex -0.85076 0.269473 0
      vertex -0.85076 0.269473 -0.0393701
    endloop
  endfacet
  facet normal 0.713634 -0.700519 0
    outer loop
      vertex -0.85076 0.269473 -0.0393701
      vertex -0.85076 0.269473 0
      vertex -0.85422 0.265949 -0.0393701
    endloop
  endfacet
  facet normal 0.713634 -0.700519 0
    outer loop
      vertex -0.85076 0.269473 0
      vertex -0.85422 0.265949 0
      vertex -0.85422 0.265949 -0.0393701
    endloop
  endfacet
  facet normal 0.769674 -0.638437 0
    outer loop
      vertex -0.85422 0.265949 -0.0393701
      vertex -0.85422 0.265949 0
      vertex -0.857373 0.262148 -0.0393701
    endloop
  endfacet
  facet normal 0.769674 -0.638437 0
    outer loop
      vertex -0.85422 0.265949 0
      vertex -0.857373 0.262148 0
      vertex -0.857373 0.262148 -0.0393701
    endloop
  endfacet
  facet normal 0.820317 -0.571909 0
    outer loop
      vertex -0.857373 0.262148 -0.0393701
      vertex -0.857373 0.262148 0
      vertex -0.860197 0.258096 -0.0393701
    endloop
  endfacet
  facet normal 0.820317 -0.571909 0
    outer loop
      vertex -0.857373 0.262148 0
      vertex -0.860197 0.258096 0
      vertex -0.860197 0.258096 -0.0393701
    endloop
  endfacet
  facet normal 0.865243 -0.501353 0
    outer loop
      vertex -0.860197 0.258096 -0.0393701
      vertex -0.860197 0.258096 0
      vertex -0.862673 0.253823 -0.0393701
    endloop
  endfacet
  facet normal 0.865243 -0.501353 0
    outer loop
      vertex -0.860197 0.258096 0
      vertex -0.862673 0.253823 0
      vertex -0.862673 0.253823 -0.0393701
    endloop
  endfacet
  facet normal 0.904099 -0.427324 0
    outer loop
      vertex -0.862673 0.253823 -0.0393701
      vertex -0.862673 0.253823 0
      vertex -0.864783 0.249359 -0.0393701
    endloop
  endfacet
  facet normal 0.904099 -0.427324 0
    outer loop
      vertex -0.862673 0.253823 0
      vertex -0.864783 0.249359 0
      vertex -0.864783 0.249359 -0.0393701
    endloop
  endfacet
  facet normal 0.936646 -0.350276 0
    outer loop
      vertex -0.864783 0.249359 -0.0393701
      vertex -0.864783 0.249359 0
      vertex -0.866513 0.244733 -0.0393701
    endloop
  endfacet
  facet normal 0.936646 -0.350276 0
    outer loop
      vertex -0.864783 0.249359 0
      vertex -0.866513 0.244733 0
      vertex -0.866513 0.244733 -0.0393701
    endloop
  endfacet
  facet normal 1 1.04993e-16 0
    outer loop
      vertex -3.83739e-17 0 -0.0393701
      vertex -1.02444e-16 0.610236 -0.0393701
      vertex -3.83739e-17 0 0
    endloop
  endfacet
  facet normal 1 1.04993e-16 0
    outer loop
      vertex -1.02444e-16 0.610236 -0.0393701
      vertex -1.02444e-16 0.610236 0
      vertex -3.83739e-17 0 0
    endloop
  endfacet
  facet normal 0 0 -1
    outer loop
      vertex -0.28934 0.576573 -0.0393701
      vertex -0.477362 0.46533 -0.0393701
      vertex -0.465051 0.473173 -0.0393701
    endloop
  endfacet
  facet normal 0 0 -1
    outer loop
      vertex -0.260117 0.534839 -0.0393701
      vertex -0.253305 0.529612 -0.0393701
      vertex -0.533813 0.184837 -0.0393701
    endloop
  endfacet
  facet normal 0 0 -1
    outer loop
      vertex -1.08417 -0.514852 -0.0393701
      vertex -0.975952 -0.494507 -0.0393701
      vertex -0.97891 -0.501647 -0.0393701
    endloop
  endfacet
  facet normal 0 0 -1
    outer loop
      vertex -0.895669 -0.443361 -0.0393701
      vertex -0.90339 -0.443698 -0.0393701
      vertex -0.380859 -0.222324 -0.0393701
    endloop
  endfacet
  facet normal 0 0 -1
    outer loop
      vertex -1.27803 -0.514852 -0.0393701
      vertex -1.37795 -0.531944 -0.0393701
      vertex -1.27617 -0.50647 -0.0393701
    endloop
  endfacet
  facet normal 0 0 -1
    outer loop
      vertex -1.37795 -0.531944 -0.0393701
      vertex -1.27359 -0.49828 -0.0393701
      vertex -1.27617 -0.50647 -0.0393701
    endloop
  endfacet
  facet normal 0 0 -1
    outer loop
      vertex -0.246063 0.524998 -0.0393701
      vertex -0.238447 0.521033 -0.0393701
      vertex -0.354331 -4.00572e-17 -0.0393701
    endloop
  endfacet
  facet normal 0 0 -1
    outer loop
      vertex -0.946478 -0.459381 -0.0393701
      vertex -0.952609 -0.464086 -0.0393701
      vertex -1.08417 -0.514852 -0.0393701
    endloop
  endfacet
  facet normal 0 0 -1
    outer loop
      vertex -0.952609 -0.464086 -0.0393701
      vertex -0.958307 -0.469306 -0.0393701
      vertex -1.08417 -0.514852 -0.0393701
    endloop
  endfacet
  facet normal 0 0 -1
    outer loop
      vertex -1.08417 -0.514852 -0.0393701
      vertex -0.958307 -0.469306 -0.0393701
      vertex -0.963528 -0.475004 -0.0393701
    endloop
  endfacet
  facet normal 0 0 -1
    outer loop
      vertex -0.963528 -0.475004 -0.0393701
      vertex -0.968232 -0.481135 -0.0393701
      vertex -1.08417 -0.514852 -0.0393701
    endloop
  endfacet
  facet normal 0 0 -1
    outer loop
      vertex -0.968232 -0.481135 -0.0393701
      vertex -0.972384 -0.487653 -0.0393701
      vertex -1.08417 -0.514852 -0.0393701
    endloop
  endfacet
  facet normal 0 0 -1
    outer loop
      vertex -1.08417 -0.514852 -0.0393701
      vertex -0.972384 -0.487653 -0.0393701
      vertex -0.975952 -0.494507 -0.0393701
    endloop
  endfacet
  facet normal 0 0 -1
    outer loop
      vertex -0.895669 -0.443361 -0.0393701
      vertex -0.380859 -0.222324 -0.0393701
      vertex -0.607087 -0.443361 -0.0393701
    endloop
  endfacet
  facet normal 0 0 -1
    outer loop
      vertex -0.465051 0.473173 -0.0393701
      vertex -0.453471 0.482059 -0.0393701
      vertex -0.28934 0.576573 -0.0393701
    endloop
  endfacet
  facet normal 0 0 -1
    outer loop
      vertex -0.453471 0.482059 -0.0393701
      vertex -0.442709 0.491921 -0.0393701
      vertex -0.28934 0.576573 -0.0393701
    endloop
  endfacet
  facet normal 0 0 -1
    outer loop
      vertex -0.28934 0.576573 -0.0393701
      vertex -0.442709 0.491921 -0.0393701
      vertex -0.432847 0.502683 -0.0393701
    endloop
  endfacet
  facet normal 0 0 -1
    outer loop
      vertex -0.432847 0.502683 -0.0393701
      vertex -0.423961 0.514264 -0.0393701
      vertex -0.28934 0.576573 -0.0393701
    endloop
  endfacet
  facet normal 0 0 -1
    outer loop
      vertex -0.423961 0.514264 -0.0393701
      vertex -0.416118 0.526575 -0.0393701
      vertex -0.28934 0.576573 -0.0393701
    endloop
  endfacet
  facet normal 0 0 -1
    outer loop
      vertex -0.28934 0.576573 -0.0393701
      vertex -0.416118 0.526575 -0.0393701
      vertex -0.409378 0.539523 -0.0393701
    endloop
  endfacet
  facet normal 0 0 -1
    outer loop
      vertex -0.409378 0.539523 -0.0393701
      vertex -0.403792 0.553008 -0.0393701
      vertex -0.28934 0.576573 -0.0393701
    endloop
  endfacet
  facet normal 0 0 -1
    outer loop
      vertex -0.403792 0.553008 -0.0393701
      vertex -0.399402 0.56693 -0.0393701
      vertex -0.28934 0.576573 -0.0393701
    endloop
  endfacet
  facet normal 0 0 -1
    outer loop
      vertex -0.28934 0.576573 -0.0393701
      vertex -0.399402 0.56693 -0.0393701
      vertex -0.291922 0.584762 -0.0393701
    endloop
  endfacet
  facet normal 0 0 -1
    outer loop
      vertex -0.54644 0.44355 -0.0393701
      vertex -0.531968 0.445455 -0.0393701
      vertex -0.533813 0.184837 -0.0393701
    endloop
  endfacet
  facet normal 0 0 -1
    outer loop
      vertex -0.179759 0.513307 -0.0393701
      vertex -0.171376 0.515165 -0.0393701
      vertex -3.83739e-17 0 -0.0393701
    endloop
  endfacet
  facet normal 0 0 -1
    outer loop
      vertex -0.171376 0.515165 -0.0393701
      vertex -0.163187 0.517747 -0.0393701
      vertex -3.83739e-17 0 -0.0393701
    endloop
  endfacet
  facet normal 0 0 -1
    outer loop
      vertex -0.90339 -0.443698 -0.0393701
      vertex -0.911051 -0.444707 -0.0393701
      vertex -0.380859 -0.222324 -0.0393701
    endloop
  endfacet
  facet normal 0 0 -1
    outer loop
      vertex -0.911051 -0.444707 -0.0393701
      vertex -0.918596 -0.44638 -0.0393701
      vertex -0.380859 -0.222324 -0.0393701
    endloop
  endfacet
  facet normal 0 0 -1
    outer loop
      vertex -0.380859 -0.222324 -0.0393701
      vertex -0.918596 -0.44638 -0.0393701
      vertex -1.08861 -0.49828 -0.0393701
    endloop
  endfacet
  facet normal 0 0 -1
    outer loop
      vertex -0.918596 -0.44638 -0.0393701
      vertex -0.925966 -0.448703 -0.0393701
      vertex -1.08861 -0.49828 -0.0393701
    endloop
  endfacet
  facet normal 0 0 -1
    outer loop
      vertex -1.08861 -0.49828 -0.0393701
      vertex -0.925966 -0.448703 -0.0393701
      vertex -1.08603 -0.50647 -0.0393701
    endloop
  endfacet
  facet normal 0 0 -1
    outer loop
      vertex -0.925966 -0.448703 -0.0393701
      vertex -0.933106 -0.451661 -0.0393701
      vertex -1.08603 -0.50647 -0.0393701
    endloop
  endfacet
  facet normal 0 0 -1
    outer loop
      vertex -1.08603 -0.50647 -0.0393701
      vertex -0.933106 -0.451661 -0.0393701
      vertex -1.08417 -0.514852 -0.0393701
    endloop
  endfacet
  facet normal 0 0 -1
    outer loop
      vertex -0.933106 -0.451661 -0.0393701
      vertex -0.939961 -0.455229 -0.0393701
      vertex -1.08417 -0.514852 -0.0393701
    endloop
  endfacet
  facet normal 0 0 -1
    outer loop
      vertex -1.08417 -0.514852 -0.0393701
      vertex -0.939961 -0.455229 -0.0393701
      vertex -0.946478 -0.459381 -0.0393701
    endloop
  endfacet
  facet normal 0 0 -1
    outer loop
      vertex -0.82962 -0.282609 -0.0393701
      vertex -0.824894 -0.284033 -0.0393701
      vertex -1.10048 -0.475489 -0.0393701
    endloop
  endfacet
  facet normal 0 0 -1
    outer loop
      vertex -1.23031 -0.446705 -0.0393701
      vertex -1.23756 -0.451319 -0.0393701
      vertex -1.37795 -2.73185e-16 -0.0393701
    endloop
  endfacet
  facet normal 0 0 -1
    outer loop
      vertex -0.238447 0.521033 -0.0393701
      vertex -0.230514 0.517747 -0.0393701
      vertex -0.354331 -4.00572e-17 -0.0393701
    endloop
  endfacet
  facet normal 0 0 -1
    outer loop
      vertex -0.230514 0.517747 -0.0393701
      vertex -0.222325 0.515165 -0.0393701
      vertex -0.354331 -4.00572e-17 -0.0393701
    endloop
  endfacet
  facet normal 0 0 -1
    outer loop
      vertex -0.354331 -4.00572e-17 -0.0393701
      vertex -0.222325 0.515165 -0.0393701
      vertex -0.213942 0.513307 -0.0393701
    endloop
  endfacet
  facet normal 0 0 -1
    outer loop
      vertex -0.163187 0.517747 -0.0393701
      vertex -0.155254 0.521033 -0.0393701
      vertex -3.83739e-17 0 -0.0393701
    endloop
  endfacet
  facet normal 0 0 -1
    outer loop
      vertex -0.155254 0.521033 -0.0393701
      vertex -0.147638 0.524998 -0.0393701
      vertex -3.83739e-17 0 -0.0393701
    endloop
  endfacet
  facet normal 0 0 -1
    outer loop
      vertex -3.83739e-17 0 -0.0393701
      vertex -0.147638 0.524998 -0.0393701
      vertex -0.140396 0.529612 -0.0393701
    endloop
  endfacet
  facet normal 0 0 -1
    outer loop
      vertex -0.291922 0.584762 -0.0393701
      vertex -0.399402 0.56693 -0.0393701
      vertex -0.29378 0.593145 -0.0393701
    endloop
  endfacet
  facet normal 0 0 -1
    outer loop
      vertex -0.399402 0.56693 -0.0393701
      vertex -0.396243 0.581181 -0.0393701
      vertex -0.29378 0.593145 -0.0393701
    endloop
  endfacet
  facet normal 0 0 -1
    outer loop
      vertex -0.29378 0.593145 -0.0393701
      vertex -0.396243 0.581181 -0.0393701
      vertex -0.294901 0.601658 -0.0393701
    endloop
  endfacet
  facet normal 0 0 -1
    outer loop
      vertex -0.396243 0.581181 -0.0393701
      vertex -0.394337 0.595653 -0.0393701
      vertex -0.294901 0.601658 -0.0393701
    endloop
  endfacet
  facet normal 0 0 -1
    outer loop
      vertex -0.294901 0.601658 -0.0393701
      vertex -0.394337 0.595653 -0.0393701
      vertex -0.295276 0.610237 -0.0393701
    endloop
  endfacet
  facet normal 0 0 -1
    outer loop
      vertex -0.394337 0.595653 -0.0393701
      vertex -0.393701 0.610236 -0.0393701
      vertex -0.295276 0.610237 -0.0393701
    endloop
  endfacet
  facet normal 0 0 -1
    outer loop
      vertex -0.295276 0.610237 -0.0393701
      vertex -0.393701 0.610236 -0.0393701
      vertex -0.294901 0.618815 -0.0393701
    endloop
  endfacet
  facet normal 0 0 -1
    outer loop
      vertex -0.393701 0.610236 -0.0393701
      vertex -0.392952 0.627393 -0.0393701
      vertex -0.294901 0.618815 -0.0393701
    endloop
  endfacet
  facet normal 0 0 -1
    outer loop
      vertex -0.294901 0.618815 -0.0393701
      vertex -0.392952 0.627393 -0.0393701
      vertex -0.29378 0.627328 -0.0393701
    endloop
  endfacet
  facet normal 0 0 -1
    outer loop
      vertex -0.392952 0.627393 -0.0393701
      vertex -0.39071 0.644419 -0.0393701
      vertex -0.29378 0.627328 -0.0393701
    endloop
  endfacet
  facet normal 0 0 -1
    outer loop
      vertex -0.29378 0.627328 -0.0393701
      vertex -0.39071 0.644419 -0.0393701
      vertex -0.291922 0.635711 -0.0393701
    endloop
  endfacet
  facet normal 0 0 -1
    outer loop
      vertex -0.39071 0.644419 -0.0393701
      vertex -0.386993 0.661185 -0.0393701
      vertex -0.291922 0.635711 -0.0393701
    endloop
  endfacet
  facet normal 0 0 -1
    outer loop
      vertex -0.291922 0.635711 -0.0393701
      vertex -0.386993 0.661185 -0.0393701
      vertex -0.28934 0.6439 -0.0393701
    endloop
  endfacet
  facet normal 0 0 -1
    outer loop
      vertex -0.386993 0.661185 -0.0393701
      vertex -0.381829 0.677563 -0.0393701
      vertex -0.28934 0.6439 -0.0393701
    endloop
  endfacet
  facet normal 0 0 -1
    outer loop
      vertex -0.28934 0.6439 -0.0393701
      vertex -0.381829 0.677563 -0.0393701
      vertex -0.286054 0.651833 -0.0393701
    endloop
  endfacet
  facet normal 0 0 -1
    outer loop
      vertex -0.381829 0.677563 -0.0393701
      vertex -0.375257 0.693429 -0.0393701
      vertex -0.286054 0.651833 -0.0393701
    endloop
  endfacet
  facet normal 0 0 -1
    outer loop
      vertex -0.286054 0.651833 -0.0393701
      vertex -0.375257 0.693429 -0.0393701
      vertex -0.282089 0.659449 -0.0393701
    endloop
  endfacet
  facet normal 0 0 -1
    outer loop
      vertex -0.375257 0.693429 -0.0393701
      vertex -0.367328 0.708661 -0.0393701
      vertex -0.282089 0.659449 -0.0393701
    endloop
  endfacet
  facet normal 0 0 -1
    outer loop
      vertex -0.282089 0.659449 -0.0393701
      vertex -0.367328 0.708661 -0.0393701
      vertex -0.277476 0.666691 -0.0393701
    endloop
  endfacet
  facet normal 0 0 -1
    outer loop
      vertex -0.367328 0.708661 -0.0393701
      vertex -0.358101 0.723145 -0.0393701
      vertex -0.277476 0.666691 -0.0393701
    endloop
  endfacet
  facet normal 0 0 -1
    outer loop
      vertex -0.277476 0.666691 -0.0393701
      vertex -0.358101 0.723145 -0.0393701
      vertex -0.272248 0.673503 -0.0393701
    endloop
  endfacet
  facet normal 0 0 -1
    outer loop
      vertex -0.358101 0.723145 -0.0393701
      vertex -0.347647 0.736769 -0.0393701
      vertex -0.272248 0.673503 -0.0393701
    endloop
  endfacet
  facet normal 0 0 -1
    outer loop
      vertex -0.272248 0.673503 -0.0393701
      vertex -0.347647 0.736769 -0.0393701
      vertex -0.266448 0.679834 -0.0393701
    endloop
  endfacet
  facet normal 0 0 -1
    outer loop
      vertex -0.347647 0.736769 -0.0393701
      vertex -0.336045 0.74943 -0.0393701
      vertex -0.266448 0.679834 -0.0393701
    endloop
  endfacet
  facet normal 0 0 -1
    outer loop
      vertex -0.266448 0.679834 -0.0393701
      vertex -0.336045 0.74943 -0.0393701
      vertex -0.260117 0.685635 -0.0393701
    endloop
  endfacet
  facet normal 0 0 -1
    outer loop
      vertex -0.336045 0.74943 -0.0393701
      vertex -0.323383 0.761032 -0.0393701
      vertex -0.260117 0.685635 -0.0393701
    endloop
  endfacet
  facet normal 0 0 -1
    outer loop
      vertex -0.260117 0.685635 -0.0393701
      vertex -0.323383 0.761032 -0.0393701
      vertex -0.253305 0.690862 -0.0393701
    endloop
  endfacet
  facet normal 0 0 -1
    outer loop
      vertex -0.323383 0.761032 -0.0393701
      vertex -0.309759 0.771487 -0.0393701
      vertex -0.253305 0.690862 -0.0393701
    endloop
  endfacet
  facet normal 0 0 -1
    outer loop
      vertex -0.253305 0.690862 -0.0393701
      vertex -0.309759 0.771487 -0.0393701
      vertex -0.246063 0.695476 -0.0393701
    endloop
  endfacet
  facet normal 0 0 -1
    outer loop
      vertex -0.309759 0.771487 -0.0393701
      vertex -0.295276 0.780714 -0.0393701
      vertex -0.246063 0.695476 -0.0393701
    endloop
  endfacet
  facet normal 0 0 -1
    outer loop
      vertex -0.246063 0.695476 -0.0393701
      vertex -0.295276 0.780714 -0.0393701
      vertex -0.238447 0.69944 -0.0393701
    endloop
  endfacet
  facet normal 0 0 -1
    outer loop
      vertex -0.295276 0.780714 -0.0393701
      vertex -0.280043 0.788643 -0.0393701
      vertex -0.238447 0.69944 -0.0393701
    endloop
  endfacet
  facet normal 0 0 -1
    outer loop
      vertex -0.238447 0.69944 -0.0393701
      vertex -0.280043 0.788643 -0.0393701
      vertex -0.230514 0.702726 -0.0393701
    endloop
  endfacet
  facet normal 0 0 -1
    outer loop
      vertex -0.280043 0.788643 -0.0393701
      vertex -0.264177 0.795215 -0.0393701
      vertex -0.230514 0.702726 -0.0393701
    endloop
  endfacet
  facet normal 0 0 -1
    outer loop
      vertex -0.230514 0.702726 -0.0393701
      vertex -0.264177 0.795215 -0.0393701
      vertex -0.222325 0.705308 -0.0393701
    endloop
  endfacet
  facet normal 0 0 -1
    outer loop
      vertex -0.264177 0.795215 -0.0393701
      vertex -0.247799 0.800379 -0.0393701
      vertex -0.222325 0.705308 -0.0393701
    endloop
  endfacet
  facet normal 0 0 -1
    outer loop
      vertex -0.222325 0.705308 -0.0393701
      vertex -0.247799 0.800379 -0.0393701
      vertex -0.213942 0.707167 -0.0393701
    endloop
  endfacet
  facet normal 0 0 -1
    outer loop
      vertex -0.247799 0.800379 -0.0393701
      vertex -0.231033 0.804096 -0.0393701
      vertex -0.213942 0.707167 -0.0393701
    endloop
  endfacet
  facet normal 0 0 -1
    outer loop
      vertex -0.213942 0.707167 -0.0393701
      vertex -0.231033 0.804096 -0.0393701
      vertex -0.205429 0.708287 -0.0393701
    endloop
  endfacet
  facet normal 0 0 -1
    outer loop
      vertex -0.231033 0.804096 -0.0393701
      vertex -0.214007 0.806338 -0.0393701
      vertex -0.205429 0.708287 -0.0393701
    endloop
  endfacet
  facet normal 0 0 -1
    outer loop
      vertex -0.205429 0.708287 -0.0393701
      vertex -0.214007 0.806338 -0.0393701
      vertex -0.19685 0.708662 -0.0393701
    endloop
  endfacet
  facet normal 0 0 -1
    outer loop
      vertex -0.214007 0.806338 -0.0393701
      vertex -0.19685 0.807087 -0.0393701
      vertex -0.19685 0.708662 -0.0393701
    endloop
  endfacet
  facet normal 0 0 -1
    outer loop
      vertex -0.19685 0.708662 -0.0393701
      vertex -0.19685 0.807087 -0.0393701
      vertex -0.188272 0.708287 -0.0393701
    endloop
  endfacet
  facet normal 0 0 -1
    outer loop
      vertex -0.19685 0.807087 -0.0393701
      vertex -0.179694 0.806338 -0.0393701
      vertex -0.188272 0.708287 -0.0393701
    endloop
  endfacet
  facet normal 0 0 -1
    outer loop
      vertex -0.188272 0.708287 -0.0393701
      vertex -0.179694 0.806338 -0.0393701
      vertex -0.179759 0.707167 -0.0393701
    endloop
  endfacet
  facet normal 0 0 -1
    outer loop
      vertex -0.179694 0.806338 -0.0393701
      vertex -0.162668 0.804096 -0.0393701
      vertex -0.179759 0.707167 -0.0393701
    endloop
  endfacet
  facet normal 0 0 -1
    outer loop
      vertex -0.179759 0.707167 -0.0393701
      vertex -0.162668 0.804096 -0.0393701
      vertex -0.171376 0.705308 -0.0393701
    endloop
  endfacet
  facet normal 0 0 -1
    outer loop
      vertex -0.162668 0.804096 -0.0393701
      vertex -0.145902 0.800379 -0.0393701
      vertex -0.171376 0.705308 -0.0393701
    endloop
  endfacet
  facet normal 0 0 -1
    outer loop
      vertex -0.171376 0.705308 -0.0393701
      vertex -0.145902 0.800379 -0.0393701
      vertex -0.163187 0.702726 -0.0393701
    endloop
  endfacet
  facet normal 0 0 -1
    outer loop
      vertex -0.145902 0.800379 -0.0393701
      vertex -0.129524 0.795215 -0.0393701
      vertex -0.163187 0.702726 -0.0393701
    endloop
  endfacet
  facet normal 0 0 -1
    outer loop
      vertex -0.163187 0.702726 -0.0393701
      vertex -0.129524 0.795215 -0.0393701
      vertex -0.155254 0.69944 -0.0393701
    endloop
  endfacet
  facet normal 0 0 -1
    outer loop
      vertex -0.129524 0.795215 -0.0393701
      vertex -0.113658 0.788643 -0.0393701
      vertex -0.155254 0.69944 -0.0393701
    endloop
  endfacet
  facet normal 0 0 -1
    outer loop
      vertex -0.155254 0.69944 -0.0393701
      vertex -0.113658 0.788643 -0.0393701
      vertex -0.147638 0.695476 -0.0393701
    endloop
  endfacet
  facet normal 0 0 -1
    outer loop
      vertex -0.113658 0.788643 -0.0393701
      vertex -0.0984252 0.780714 -0.0393701
      vertex -0.147638 0.695476 -0.0393701
    endloop
  endfacet
  facet normal 0 0 -1
    outer loop
      vertex -0.147638 0.695476 -0.0393701
      vertex -0.0984252 0.780714 -0.0393701
      vertex -0.140396 0.690862 -0.0393701
    endloop
  endfacet
  facet normal 0 0 -1
    outer loop
      vertex -0.0984252 0.780714 -0.0393701
      vertex -0.0839416 0.771487 -0.0393701
      vertex -0.140396 0.690862 -0.0393701
    endloop
  endfacet
  facet normal 0 0 -1
    outer loop
      vertex -0.140396 0.690862 -0.0393701
      vertex -0.0839416 0.771487 -0.0393701
      vertex -0.133584 0.685635 -0.0393701
    endloop
  endfacet
  facet normal 0 0 -1
    outer loop
      vertex -0.0839416 0.771487 -0.0393701
      vertex -0.0703174 0.761032 -0.0393701
      vertex -0.133584 0.685635 -0.0393701
    endloop
  endfacet
  facet normal 0 0 -1
    outer loop
      vertex -0.133584 0.685635 -0.0393701
      vertex -0.0703174 0.761032 -0.0393701
      vertex -0.127253 0.679834 -0.0393701
    endloop
  endfacet
  facet normal 0 0 -1
    outer loop
      vertex -0.0703174 0.761032 -0.0393701
      vertex -0.0576561 0.74943 -0.0393701
      vertex -0.127253 0.679834 -0.0393701
    endloop
  endfacet
  facet normal 0 0 -1
    outer loop
      vertex -0.127253 0.679834 -0.0393701
      vertex -0.0576561 0.74943 -0.0393701
      vertex -0.121452 0.673503 -0.0393701
    endloop
  endfacet
  facet normal 0 0 -1
    outer loop
      vertex -0.0576561 0.74943 -0.0393701
      vertex -0.0460542 0.736769 -0.0393701
      vertex -0.121452 0.673503 -0.0393701
    endloop
  endfacet
  facet normal 0 0 -1
    outer loop
      vertex -0.121452 0.673503 -0.0393701
      vertex -0.0460542 0.736769 -0.0393701
      vertex -0.116225 0.666691 -0.0393701
    endloop
  endfacet
  facet normal 0 0 -1
    outer loop
      vertex -0.0460542 0.736769 -0.0393701
      vertex -0.0356 0.723145 -0.0393701
      vertex -0.116225 0.666691 -0.0393701
    endloop
  endfacet
  facet normal 0 0 -1
    outer loop
      vertex -0.116225 0.666691 -0.0393701
      vertex -0.0356 0.723145 -0.0393701
      vertex -0.111612 0.659449 -0.0393701
    endloop
  endfacet
  facet normal 0 0 -1
    outer loop
      vertex -0.0356 0.723145 -0.0393701
      vertex -0.026373 0.708661 -0.0393701
      vertex -0.111612 0.659449 -0.0393701
    endloop
  endfacet
  facet normal 0 0 -1
    outer loop
      vertex -0.111612 0.659449 -0.0393701
      vertex -0.026373 0.708661 -0.0393701
      vertex -0.107647 0.651833 -0.0393701
    endloop
  endfacet
  facet normal 0 0 -1
    outer loop
      vertex -0.026373 0.708661 -0.0393701
      vertex -0.0184433 0.693429 -0.0393701
      vertex -0.107647 0.651833 -0.0393701
    endloop
  endfacet
  facet normal 0 0 -1
    outer loop
      vertex -0.107647 0.651833 -0.0393701
      vertex -0.0184433 0.693429 -0.0393701
      vertex -0.104361 0.6439 -0.0393701
    endloop
  endfacet
  facet normal 0 0 -1
    outer loop
      vertex -0.0184433 0.693429 -0.0393701
      vertex -0.0118715 0.677563 -0.0393701
      vertex -0.104361 0.6439 -0.0393701
    endloop
  endfacet
  facet normal 0 0 -1
    outer loop
      vertex -0.104361 0.6439 -0.0393701
      vertex -0.0118715 0.677563 -0.0393701
      vertex -0.101779 0.635711 -0.0393701
    endloop
  endfacet
  facet normal 0 0 -1
    outer loop
      vertex -0.0118715 0.677563 -0.0393701
      vertex -0.00670751 0.661185 -0.0393701
      vertex -0.101779 0.635711 -0.0393701
    endloop
  endfacet
  facet normal 0 0 -1
    outer loop
      vertex -0.101779 0.635711 -0.0393701
      vertex -0.00670751 0.661185 -0.0393701
      vertex -0.0999205 0.627328 -0.0393701
    endloop
  endfacet
  facet normal 0 0 -1
    outer loop
      vertex -0.00670751 0.661185 -0.0393701
      vertex -0.0029906 0.644419 -0.0393701
      vertex -0.0999205 0.627328 -0.0393701
    endloop
  endfacet
  facet normal 0 0 -1
    outer loop
      vertex -0.0999205 0.627328 -0.0393701
      vertex -0.0029906 0.644419 -0.0393701
      vertex -0.0987997 0.618815 -0.0393701
    endloop
  endfacet
  facet normal 0 0 -1
    outer loop
      vertex -0.0029906 0.644419 -0.0393701
      vertex -0.000749075 0.627393 -0.0393701
      vertex -0.0987997 0.618815 -0.0393701
    endloop
  endfacet
  facet normal 0 0 -1
    outer loop
      vertex -0.0987997 0.618815 -0.0393701
      vertex -0.000749075 0.627393 -0.0393701
      vertex -0.0984252 0.610237 -0.0393701
    endloop
  endfacet
  facet normal 0 0 -1
    outer loop
      vertex -0.000749075 0.627393 -0.0393701
      vertex -1.02444e-16 0.610236 -0.0393701
      vertex -0.0984252 0.610237 -0.0393701
    endloop
  endfacet
  facet normal 0 0 -1
    outer loop
      vertex -0.0984252 0.610237 -0.0393701
      vertex -1.02444e-16 0.610236 -0.0393701
      vertex -0.0987997 0.601658 -0.0393701
    endloop
  endfacet
  facet normal 0 0 -1
    outer loop
      vertex -0.380859 -0.222324 -0.0393701
      vertex -0.578689 -0.278605 -0.0393701
      vertex -0.574464 -0.276053 -0.0393701
    endloop
  endfacet
  facet normal 0 0 -1
    outer loop
      vertex -0.28934 0.576573 -0.0393701
      vertex -0.286054 0.568641 -0.0393701
      vertex -0.477362 0.46533 -0.0393701
    endloop
  endfacet
  facet normal 0 0 -1
    outer loop
      vertex -0.286054 0.568641 -0.0393701
      vertex -0.282089 0.561024 -0.0393701
      vertex -0.477362 0.46533 -0.0393701
    endloop
  endfacet
  facet normal 0 0 -1
    outer loop
      vertex -0.477362 0.46533 -0.0393701
      vertex -0.282089 0.561024 -0.0393701
      vertex -0.49031 0.45859 -0.0393701
    endloop
  endfacet
  facet normal 0 0 -1
    outer loop
      vertex -0.104361 0.576573 -0.0393701
      vertex -0.101779 0.584762 -0.0393701
      vertex -1.02444e-16 0.610236 -0.0393701
    endloop
  endfacet
  facet normal 0 0 -1
    outer loop
      vertex -0.101779 0.584762 -0.0393701
      vertex -0.0999205 0.593145 -0.0393701
      vertex -1.02444e-16 0.610236 -0.0393701
    endloop
  endfacet
  facet normal 0 0 -1
    outer loop
      vertex -1.02444e-16 0.610236 -0.0393701
      vertex -0.0999205 0.593145 -0.0393701
      vertex -0.0987997 0.601658 -0.0393701
    endloop
  endfacet
  facet normal 0 0 -1
    outer loop
      vertex -0.574464 -0.276053 -0.0393701
      vertex -0.570467 -0.273156 -0.0393701
      vertex -0.380859 -0.222324 -0.0393701
    endloop
  endfacet
  facet normal 0 0 -1
    outer loop
      vertex -0.570467 -0.273156 -0.0393701
      vertex -0.566726 -0.269936 -0.0393701
      vertex -0.380859 -0.222324 -0.0393701
    endloop
  endfacet
  facet normal 0 0 -1
    outer loop
      vertex -0.380859 -0.222324 -0.0393701
      vertex -0.566726 -0.269936 -0.0393701
      vertex -0.563267 -0.266415 -0.0393701
    endloop
  endfacet
  facet normal 0 0 -1
    outer loop
      vertex -0.380859 -0.222324 -0.0393701
      vertex -0.554812 -0.254301 -0.0393701
      vertex -0.5527 -0.249839 -0.0393701
    endloop
  endfacet
  facet normal 0 0 -1
    outer loop
      vertex -1.2565 -0.468677 -0.0393701
      vertex -1.26173 -0.475489 -0.0393701
      vertex -1.37795 -2.73185e-16 -0.0393701
    endloop
  endfacet
  facet normal 0 0 -1
    outer loop
      vertex -1.26173 -0.475489 -0.0393701
      vertex -1.26634 -0.482731 -0.0393701
      vertex -1.37795 -2.73185e-16 -0.0393701
    endloop
  endfacet
  facet normal 0 0 -1
    outer loop
      vertex -1.37795 -2.73185e-16 -0.0393701
      vertex -1.26634 -0.482731 -0.0393701
      vertex -1.37795 -0.531944 -0.0393701
    endloop
  endfacet
  facet normal 0 0 -1
    outer loop
      vertex -1.26634 -0.482731 -0.0393701
      vertex -1.27031 -0.490348 -0.0393701
      vertex -1.37795 -0.531944 -0.0393701
    endloop
  endfacet
  facet normal 0 0 -1
    outer loop
      vertex -1.37795 -0.531944 -0.0393701
      vertex -1.27031 -0.490348 -0.0393701
      vertex -1.27359 -0.49828 -0.0393701
    endloop
  endfacet
  facet normal 0 0 -1
    outer loop
      vertex -0.531968 0.445455 -0.0393701
      vertex -0.517717 0.448615 -0.0393701
      vertex -0.533813 0.184837 -0.0393701
    endloop
  endfacet
  facet normal 0 0 -1
    outer loop
      vertex -0.517717 0.448615 -0.0393701
      vertex -0.503796 0.453004 -0.0393701
      vertex -0.533813 0.184837 -0.0393701
    endloop
  endfacet
  facet normal 0 0 -1
    outer loop
      vertex -0.533813 0.184837 -0.0393701
      vertex -0.503796 0.453004 -0.0393701
      vertex -0.49031 0.45859 -0.0393701
    endloop
  endfacet
  facet normal 0 0 -1
    outer loop
      vertex -0.213942 0.513307 -0.0393701
      vertex -0.205429 0.512186 -0.0393701
      vertex -0.354331 -4.00572e-17 -0.0393701
    endloop
  endfacet
  facet normal 0 0 -1
    outer loop
      vertex -0.205429 0.512186 -0.0393701
      vertex -0.19685 0.511812 -0.0393701
      vertex -0.354331 -4.00572e-17 -0.0393701
    endloop
  endfacet
  facet normal 0 0 -1
    outer loop
      vertex -0.354331 -4.00572e-17 -0.0393701
      vertex -0.19685 0.511812 -0.0393701
      vertex -3.83739e-17 0 -0.0393701
    endloop
  endfacet
  facet normal 0 0 -1
    outer loop
      vertex -0.19685 0.511812 -0.0393701
      vertex -0.188272 0.512186 -0.0393701
      vertex -3.83739e-17 0 -0.0393701
    endloop
  endfacet
  facet normal 0 0 -1
    outer loop
      vertex -3.83739e-17 0 -0.0393701
      vertex -0.188272 0.512186 -0.0393701
      vertex -0.179759 0.513307 -0.0393701
    endloop
  endfacet
  facet normal 0 0 -1
    outer loop
      vertex -0.140396 0.529612 -0.0393701
      vertex -0.133584 0.534839 -0.0393701
      vertex -3.83739e-17 0 -0.0393701
    endloop
  endfacet
  facet normal 0 0 -1
    outer loop
      vertex -0.133584 0.534839 -0.0393701
      vertex -0.127253 0.54064 -0.0393701
      vertex -3.83739e-17 0 -0.0393701
    endloop
  endfacet
  facet normal 0 0 -1
    outer loop
      vertex -3.83739e-17 0 -0.0393701
      vertex -0.127253 0.54064 -0.0393701
      vertex -0.121452 0.54697 -0.0393701
    endloop
  endfacet
  facet normal 0 0 -1
    outer loop
      vertex -0.607087 -0.285881 -0.0393701
      vertex -0.602155 -0.285675 -0.0393701
      vertex -1.08861 -0.49828 -0.0393701
    endloop
  endfacet
  facet normal 0 0 -1
    outer loop
      vertex -0.602155 -0.285675 -0.0393701
      vertex -0.597258 -0.285057 -0.0393701
      vertex -1.08861 -0.49828 -0.0393701
    endloop
  endfacet
  facet normal 0 0 -1
    outer loop
      vertex -0.563267 -0.266415 -0.0393701
      vertex -0.560114 -0.262618 -0.0393701
      vertex -0.380859 -0.222324 -0.0393701
    endloop
  endfacet
  facet normal 0 0 -1
    outer loop
      vertex -0.560114 -0.262618 -0.0393701
      vertex -0.557289 -0.25857 -0.0393701
      vertex -0.380859 -0.222324 -0.0393701
    endloop
  endfacet
  facet normal 0 0 -1
    outer loop
      vertex -0.380859 -0.222324 -0.0393701
      vertex -0.557289 -0.25857 -0.0393701
      vertex -0.554812 -0.254301 -0.0393701
    endloop
  endfacet
  facet normal 0 0 -1
    outer loop
      vertex -1.10048 -0.475489 -0.0393701
      vertex -0.824894 -0.284033 -0.0393701
      vertex -1.09586 -0.482731 -0.0393701
    endloop
  endfacet
  facet normal 0 0 -1
    outer loop
      vertex -0.824894 -0.284033 -0.0393701
      vertex -0.820065 -0.285057 -0.0393701
      vertex -1.09586 -0.482731 -0.0393701
    endloop
  endfacet
  facet normal 0 0 -1
    outer loop
      vertex -1.09586 -0.482731 -0.0393701
      vertex -0.820065 -0.285057 -0.0393701
      vertex -0.815168 -0.285675 -0.0393701
    endloop
  endfacet
  facet normal 0 0 -1
    outer loop
      vertex -1.19819 -0.435014 -0.0393701
      vertex -1.20658 -0.436872 -0.0393701
      vertex -1.37795 -2.73185e-16 -0.0393701
    endloop
  endfacet
  facet normal 0 0 -1
    outer loop
      vertex -1.23756 -0.451319 -0.0393701
      vertex -1.24437 -0.456546 -0.0393701
      vertex -1.37795 -2.73185e-16 -0.0393701
    endloop
  endfacet
  facet normal 0 0 -1
    outer loop
      vertex -1.24437 -0.456546 -0.0393701
      vertex -1.2507 -0.462347 -0.0393701
      vertex -1.37795 -2.73185e-16 -0.0393701
    endloop
  endfacet
  facet normal 0 0 -1
    outer loop
      vertex -1.37795 -2.73185e-16 -0.0393701
      vertex -1.2507 -0.462347 -0.0393701
      vertex -1.2565 -0.468677 -0.0393701
    endloop
  endfacet
  facet normal 0 0 -1
    outer loop
      vertex -0.282089 0.561024 -0.0393701
      vertex -0.277476 0.553782 -0.0393701
      vertex -0.49031 0.45859 -0.0393701
    endloop
  endfacet
  facet normal 0 0 -1
    outer loop
      vertex -0.277476 0.553782 -0.0393701
      vertex -0.272248 0.54697 -0.0393701
      vertex -0.49031 0.45859 -0.0393701
    endloop
  endfacet
  facet normal 0 0 -1
    outer loop
      vertex -0.49031 0.45859 -0.0393701
      vertex -0.272248 0.54697 -0.0393701
      vertex -0.533813 0.184837 -0.0393701
    endloop
  endfacet
  facet normal 0 0 -1
    outer loop
      vertex -0.272248 0.54697 -0.0393701
      vertex -0.266448 0.54064 -0.0393701
      vertex -0.533813 0.184837 -0.0393701
    endloop
  endfacet
  facet normal 0 0 -1
    outer loop
      vertex -0.533813 0.184837 -0.0393701
      vertex -0.266448 0.54064 -0.0393701
      vertex -0.260117 0.534839 -0.0393701
    endloop
  endfacet
  facet normal 0 0 -1
    outer loop
      vertex -0.121452 0.54697 -0.0393701
      vertex -0.116225 0.553782 -0.0393701
      vertex -3.83739e-17 0 -0.0393701
    endloop
  endfacet
  facet normal 0 0 -1
    outer loop
      vertex -0.116225 0.553782 -0.0393701
      vertex -0.111612 0.561024 -0.0393701
      vertex -3.83739e-17 0 -0.0393701
    endloop
  endfacet
  facet normal 0 0 -1
    outer loop
      vertex -3.83739e-17 0 -0.0393701
      vertex -0.111612 0.561024 -0.0393701
      vertex -1.02444e-16 0.610236 -0.0393701
    endloop
  endfacet
  facet normal 0 0 -1
    outer loop
      vertex -0.111612 0.561024 -0.0393701
      vertex -0.107647 0.568641 -0.0393701
      vertex -1.02444e-16 0.610236 -0.0393701
    endloop
  endfacet
  facet normal 0 0 -1
    outer loop
      vertex -1.02444e-16 0.610236 -0.0393701
      vertex -0.107647 0.568641 -0.0393701
      vertex -0.104361 0.576573 -0.0393701
    endloop
  endfacet
  facet normal 0 0 -1
    outer loop
      vertex -0.597258 -0.285057 -0.0393701
      vertex -0.592429 -0.284033 -0.0393701
      vertex -1.08861 -0.49828 -0.0393701
    endloop
  endfacet
  facet normal 0 0 -1
    outer loop
      vertex -0.592429 -0.284033 -0.0393701
      vertex -0.587703 -0.282609 -0.0393701
      vertex -1.08861 -0.49828 -0.0393701
    endloop
  endfacet
  facet normal 0 0 -1
    outer loop
      vertex -1.08861 -0.49828 -0.0393701
      vertex -0.587703 -0.282609 -0.0393701
      vertex -0.380859 -0.222324 -0.0393701
    endloop
  endfacet
  facet normal 0 0 -1
    outer loop
      vertex -0.587703 -0.282609 -0.0393701
      vertex -0.583112 -0.280796 -0.0393701
      vertex -0.380859 -0.222324 -0.0393701
    endloop
  endfacet
  facet normal 0 0 -1
    outer loop
      vertex -0.380859 -0.222324 -0.0393701
      vertex -0.583112 -0.280796 -0.0393701
      vertex -0.578689 -0.278605 -0.0393701
    endloop
  endfacet
  facet normal 0 0 -1
    outer loop
      vertex -0.253305 0.529612 -0.0393701
      vertex -0.246063 0.524998 -0.0393701
      vertex -0.533813 0.184837 -0.0393701
    endloop
  endfacet
  facet normal 0 0 -1
    outer loop
      vertex -0.246063 0.524998 -0.0393701
      vertex -0.354331 -4.00572e-17 -0.0393701
      vertex -0.533813 0.184837 -0.0393701
    endloop
  endfacet
  facet normal 0 0 -1
    outer loop
      vertex -0.533813 0.184837 -0.0393701
      vertex -0.354331 -4.00572e-17 -0.0393701
      vertex -0.521602 0.123785 -0.0393701
    endloop
  endfacet
  facet normal 0 0 -1
    outer loop
      vertex -0.354331 -4.00572e-17 -0.0393701
      vertex -0.514253 0.0619586 -0.0393701
      vertex -0.521602 0.123785 -0.0393701
    endloop
  endfacet
  facet normal 0 0 -1
    outer loop
      vertex -1.08861 -0.49828 -0.0393701
      vertex -1.0919 -0.490348 -0.0393701
      vertex -0.607087 -0.285881 -0.0393701
    endloop
  endfacet
  facet normal 0 0 -1
    outer loop
      vertex -1.0919 -0.490348 -0.0393701
      vertex -1.09586 -0.482731 -0.0393701
      vertex -0.607087 -0.285881 -0.0393701
    endloop
  endfacet
  facet normal 0 0 -1
    outer loop
      vertex -0.607087 -0.285881 -0.0393701
      vertex -1.09586 -0.482731 -0.0393701
      vertex -0.810236 -0.285881 -0.0393701
    endloop
  endfacet
  facet normal 0 0 -1
    outer loop
      vertex -1.09586 -0.482731 -0.0393701
      vertex -0.815168 -0.285675 -0.0393701
      vertex -0.810236 -0.285881 -0.0393701
    endloop
  endfacet
  facet normal 0 0 -1
    outer loop
      vertex -1.20658 -0.436872 -0.0393701
      vertex -1.21477 -0.439454 -0.0393701
      vertex -1.37795 -2.73185e-16 -0.0393701
    endloop
  endfacet
  facet normal 0 0 -1
    outer loop
      vertex -1.21477 -0.439454 -0.0393701
      vertex -1.2227 -0.44274 -0.0393701
      vertex -1.37795 -2.73185e-16 -0.0393701
    endloop
  endfacet
  facet normal 0 0 -1
    outer loop
      vertex -1.37795 -2.73185e-16 -0.0393701
      vertex -1.2227 -0.44274 -0.0393701
      vertex -1.23031 -0.446705 -0.0393701
    endloop
  endfacet
  facet normal 0 0 -1
    outer loop
      vertex -0.842859 -0.276053 -0.0393701
      vertex -1.10048 -0.475489 -0.0393701
      vertex -0.846856 -0.273156 -0.0393701
    endloop
  endfacet
  facet normal 0 0 -1
    outer loop
      vertex -1.10048 -0.475489 -0.0393701
      vertex -0.850597 -0.269936 -0.0393701
      vertex -0.846856 -0.273156 -0.0393701
    endloop
  endfacet
  facet normal 0 0 -1
    outer loop
      vertex -0.842859 -0.276053 -0.0393701
      vertex -0.838634 -0.278605 -0.0393701
      vertex -1.10048 -0.475489 -0.0393701
    endloop
  endfacet
  facet normal 0 0 -1
    outer loop
      vertex -0.838634 -0.278605 -0.0393701
      vertex -0.834211 -0.280796 -0.0393701
      vertex -1.10048 -0.475489 -0.0393701
    endloop
  endfacet
  facet normal 0 0 -1
    outer loop
      vertex -1.10048 -0.475489 -0.0393701
      vertex -0.834211 -0.280796 -0.0393701
      vertex -0.82962 -0.282609 -0.0393701
    endloop
  endfacet
  facet normal 0 0 -1
    outer loop
      vertex -0.864623 -0.249839 -0.0393701
      vertex -0.862511 -0.254301 -0.0393701
      vertex -1.11151 -0.462347 -0.0393701
    endloop
  endfacet
  facet normal 0 0 -1
    outer loop
      vertex -0.862511 -0.254301 -0.0393701
      vertex -0.860034 -0.25857 -0.0393701
      vertex -1.11151 -0.462347 -0.0393701
    endloop
  endfacet
  facet normal 0 0 -1
    outer loop
      vertex -1.11151 -0.462347 -0.0393701
      vertex -0.860034 -0.25857 -0.0393701
      vertex -1.1057 -0.468677 -0.0393701
    endloop
  endfacet
  facet normal 0 0 -1
    outer loop
      vertex -0.860034 -0.25857 -0.0393701
      vertex -0.857209 -0.262618 -0.0393701
      vertex -1.1057 -0.468677 -0.0393701
    endloop
  endfacet
  facet normal 0 0 -1
    outer loop
      vertex -1.1057 -0.468677 -0.0393701
      vertex -0.857209 -0.262618 -0.0393701
      vertex -1.10048 -0.475489 -0.0393701
    endloop
  endfacet
  facet normal 0 0 -1
    outer loop
      vertex -0.857209 -0.262618 -0.0393701
      vertex -0.854056 -0.266415 -0.0393701
      vertex -1.10048 -0.475489 -0.0393701
    endloop
  endfacet
  facet normal 0 0 -1
    outer loop
      vertex -1.10048 -0.475489 -0.0393701
      vertex -0.854056 -0.266415 -0.0393701
      vertex -0.850597 -0.269936 -0.0393701
    endloop
  endfacet
  facet normal 0 0 -1
    outer loop
      vertex -1.13951 -0.44274 -0.0393701
      vertex -0.905512 -0.00025469 -0.0393701
      vertex -1.13189 -0.446705 -0.0393701
    endloop
  endfacet
  facet normal 0 0 -1
    outer loop
      vertex -0.905512 -0.00025469 -0.0393701
      vertex -0.90303 -0.0624664 -0.0393701
      vertex -1.13189 -0.446705 -0.0393701
    endloop
  endfacet
  facet normal 0 0 -1
    outer loop
      vertex -1.13189 -0.446705 -0.0393701
      vertex -0.90303 -0.0624664 -0.0393701
      vertex -1.12465 -0.451319 -0.0393701
    endloop
  endfacet
  facet normal 0 0 -1
    outer loop
      vertex -0.90303 -0.0624664 -0.0393701
      vertex -0.895641 -0.124288 -0.0393701
      vertex -1.12465 -0.451319 -0.0393701
    endloop
  endfacet
  facet normal 0 0 -1
    outer loop
      vertex -1.12465 -0.451319 -0.0393701
      vertex -0.895641 -0.124288 -0.0393701
      vertex -1.11784 -0.456546 -0.0393701
    endloop
  endfacet
  facet normal 0 0 -1
    outer loop
      vertex -0.895641 -0.124288 -0.0393701
      vertex -0.88339 -0.185332 -0.0393701
      vertex -1.11784 -0.456546 -0.0393701
    endloop
  endfacet
  facet normal 0 0 -1
    outer loop
      vertex -1.11784 -0.456546 -0.0393701
      vertex -0.88339 -0.185332 -0.0393701
      vertex -1.11151 -0.462347 -0.0393701
    endloop
  endfacet
  facet normal 0 0 -1
    outer loop
      vertex -0.88339 -0.185332 -0.0393701
      vertex -0.866355 -0.245217 -0.0393701
      vertex -1.11151 -0.462347 -0.0393701
    endloop
  endfacet
  facet normal 0 0 -1
    outer loop
      vertex -1.11151 -0.462347 -0.0393701
      vertex -0.866355 -0.245217 -0.0393701
      vertex -0.864623 -0.249839 -0.0393701
    endloop
  endfacet
  facet normal 0 0 -1
    outer loop
      vertex -0.97891 -0.501647 -0.0393701
      vertex -0.981234 -0.509017 -0.0393701
      vertex -1.08417 -0.514852 -0.0393701
    endloop
  endfacet
  facet normal 0 0 -1
    outer loop
      vertex -0.981234 -0.509017 -0.0393701
      vertex -0.982906 -0.516562 -0.0393701
      vertex -1.08417 -0.514852 -0.0393701
    endloop
  endfacet
  facet normal 0 0 -1
    outer loop
      vertex -1.08417 -0.514852 -0.0393701
      vertex -0.982906 -0.516562 -0.0393701
      vertex -1.08305 -0.523366 -0.0393701
    endloop
  endfacet
  facet normal 0 0 -1
    outer loop
      vertex -0.982906 -0.516562 -0.0393701
      vertex -0.983915 -0.524223 -0.0393701
      vertex -1.08305 -0.523366 -0.0393701
    endloop
  endfacet
  facet normal 0 0 -1
    outer loop
      vertex -1.08305 -0.523366 -0.0393701
      vertex -0.983915 -0.524223 -0.0393701
      vertex -1.08268 -0.531944 -0.0393701
    endloop
  endfacet
  facet normal 0 0 -1
    outer loop
      vertex -0.983915 -0.524223 -0.0393701
      vertex -0.984252 -0.531944 -0.0393701
      vertex -1.08268 -0.531944 -0.0393701
    endloop
  endfacet
  facet normal 0 0 -1
    outer loop
      vertex -1.08268 -0.531944 -0.0393701
      vertex -0.984252 -0.531944 -0.0393701
      vertex -1.08305 -0.540522 -0.0393701
    endloop
  endfacet
  facet normal 0 0 -1
    outer loop
      vertex -0.984252 -0.531944 -0.0393701
      vertex -0.985001 -0.5491 -0.0393701
      vertex -1.08305 -0.540522 -0.0393701
    endloop
  endfacet
  facet normal 0 0 -1
    outer loop
      vertex -1.08305 -0.540522 -0.0393701
      vertex -0.985001 -0.5491 -0.0393701
      vertex -1.08417 -0.549035 -0.0393701
    endloop
  endfacet
  facet normal 0 0 -1
    outer loop
      vertex -0.985001 -0.5491 -0.0393701
      vertex -0.987243 -0.566127 -0.0393701
      vertex -1.08417 -0.549035 -0.0393701
    endloop
  endfacet
  facet normal 0 0 -1
    outer loop
      vertex -1.08417 -0.549035 -0.0393701
      vertex -0.987243 -0.566127 -0.0393701
      vertex -1.08603 -0.557418 -0.0393701
    endloop
  endfacet
  facet normal 0 0 -1
    outer loop
      vertex -0.987243 -0.566127 -0.0393701
      vertex -0.990959 -0.582892 -0.0393701
      vertex -1.08603 -0.557418 -0.0393701
    endloop
  endfacet
  facet normal 0 0 -1
    outer loop
      vertex -1.08603 -0.557418 -0.0393701
      vertex -0.990959 -0.582892 -0.0393701
      vertex -1.08861 -0.565607 -0.0393701
    endloop
  endfacet
  facet normal 0 0 -1
    outer loop
      vertex -0.990959 -0.582892 -0.0393701
      vertex -0.996123 -0.599271 -0.0393701
      vertex -1.08861 -0.565607 -0.0393701
    endloop
  endfacet
  facet normal 0 0 -1
    outer loop
      vertex -1.08861 -0.565607 -0.0393701
      vertex -0.996123 -0.599271 -0.0393701
      vertex -1.0919 -0.57354 -0.0393701
    endloop
  endfacet
  facet normal 0 0 -1
    outer loop
      vertex -0.996123 -0.599271 -0.0393701
      vertex -1.0027 -0.615136 -0.0393701
      vertex -1.0919 -0.57354 -0.0393701
    endloop
  endfacet
  facet normal 0 0 -1
    outer loop
      vertex -1.0919 -0.57354 -0.0393701
      vertex -1.0027 -0.615136 -0.0393701
      vertex -1.09586 -0.581156 -0.0393701
    endloop
  endfacet
  facet normal 0 0 -1
    outer loop
      vertex -1.0027 -0.615136 -0.0393701
      vertex -1.01062 -0.630369 -0.0393701
      vertex -1.09586 -0.581156 -0.0393701
    endloop
  endfacet
  facet normal 0 0 -1
    outer loop
      vertex -1.09586 -0.581156 -0.0393701
      vertex -1.01062 -0.630369 -0.0393701
      vertex -1.10048 -0.588398 -0.0393701
    endloop
  endfacet
  facet normal 0 0 -1
    outer loop
      vertex -1.01062 -0.630369 -0.0393701
      vertex -1.01985 -0.644853 -0.0393701
      vertex -1.10048 -0.588398 -0.0393701
    endloop
  endfacet
  facet normal 0 0 -1
    outer loop
      vertex -1.10048 -0.588398 -0.0393701
      vertex -1.01985 -0.644853 -0.0393701
      vertex -1.1057 -0.59521 -0.0393701
    endloop
  endfacet
  facet normal 0 0 -1
    outer loop
      vertex -1.01985 -0.644853 -0.0393701
      vertex -1.03031 -0.658477 -0.0393701
      vertex -1.1057 -0.59521 -0.0393701
    endloop
  endfacet
  facet normal 0 0 -1
    outer loop
      vertex -1.1057 -0.59521 -0.0393701
      vertex -1.03031 -0.658477 -0.0393701
      vertex -1.11151 -0.601541 -0.0393701
    endloop
  endfacet
  facet normal 0 0 -1
    outer loop
      vertex -1.03031 -0.658477 -0.0393701
      vertex -1.04191 -0.671138 -0.0393701
      vertex -1.11151 -0.601541 -0.0393701
    endloop
  endfacet
  facet normal 0 0 -1
    outer loop
      vertex -1.11151 -0.601541 -0.0393701
      vertex -1.04191 -0.671138 -0.0393701
      vertex -1.11784 -0.607342 -0.0393701
    endloop
  endfacet
  facet normal 0 0 -1
    outer loop
      vertex -1.04191 -0.671138 -0.0393701
      vertex -1.05457 -0.68274 -0.0393701
      vertex -1.11784 -0.607342 -0.0393701
    endloop
  endfacet
  facet normal 0 0 -1
    outer loop
      vertex -1.11784 -0.607342 -0.0393701
      vertex -1.05457 -0.68274 -0.0393701
      vertex -1.12465 -0.612569 -0.0393701
    endloop
  endfacet
  facet normal 0 0 -1
    outer loop
      vertex -1.05457 -0.68274 -0.0393701
      vertex -1.06819 -0.693194 -0.0393701
      vertex -1.12465 -0.612569 -0.0393701
    endloop
  endfacet
  facet normal 0 0 -1
    outer loop
      vertex -1.12465 -0.612569 -0.0393701
      vertex -1.06819 -0.693194 -0.0393701
      vertex -1.13189 -0.617183 -0.0393701
    endloop
  endfacet
  facet normal 0 0 -1
    outer loop
      vertex -1.06819 -0.693194 -0.0393701
      vertex -1.08268 -0.702421 -0.0393701
      vertex -1.13189 -0.617183 -0.0393701
    endloop
  endfacet
  facet normal 0 0 -1
    outer loop
      vertex -1.13189 -0.617183 -0.0393701
      vertex -1.08268 -0.702421 -0.0393701
      vertex -1.13951 -0.621147 -0.0393701
    endloop
  endfacet
  facet normal 0 0 -1
    outer loop
      vertex -1.08268 -0.702421 -0.0393701
      vertex -1.09791 -0.710351 -0.0393701
      vertex -1.13951 -0.621147 -0.0393701
    endloop
  endfacet
  facet normal 0 0 -1
    outer loop
      vertex -1.13951 -0.621147 -0.0393701
      vertex -1.09791 -0.710351 -0.0393701
      vertex -1.14744 -0.624433 -0.0393701
    endloop
  endfacet
  facet normal 0 0 -1
    outer loop
      vertex -1.09791 -0.710351 -0.0393701
      vertex -1.11378 -0.716923 -0.0393701
      vertex -1.14744 -0.624433 -0.0393701
    endloop
  endfacet
  facet normal 0 0 -1
    outer loop
      vertex -1.14744 -0.624433 -0.0393701
      vertex -1.11378 -0.716923 -0.0393701
      vertex -1.15563 -0.627015 -0.0393701
    endloop
  endfacet
  facet normal 0 0 -1
    outer loop
      vertex -1.11378 -0.716923 -0.0393701
      vertex -1.13015 -0.722087 -0.0393701
      vertex -1.15563 -0.627015 -0.0393701
    endloop
  endfacet
  facet normal 0 0 -1
    outer loop
      vertex -1.15563 -0.627015 -0.0393701
      vertex -1.13015 -0.722087 -0.0393701
      vertex -1.16401 -0.628874 -0.0393701
    endloop
  endfacet
  facet normal 0 0 -1
    outer loop
      vertex -1.13015 -0.722087 -0.0393701
      vertex -1.14692 -0.725804 -0.0393701
      vertex -1.16401 -0.628874 -0.0393701
    endloop
  endfacet
  facet normal 0 0 -1
    outer loop
      vertex -1.16401 -0.628874 -0.0393701
      vertex -1.14692 -0.725804 -0.0393701
      vertex -1.17252 -0.629995 -0.0393701
    endloop
  endfacet
  facet normal 0 0 -1
    outer loop
      vertex -1.14692 -0.725804 -0.0393701
      vertex -1.16395 -0.728045 -0.0393701
      vertex -1.17252 -0.629995 -0.0393701
    endloop
  endfacet
  facet normal 0 0 -1
    outer loop
      vertex -1.17252 -0.629995 -0.0393701
      vertex -1.16395 -0.728045 -0.0393701
      vertex -1.1811 -0.630369 -0.0393701
    endloop
  endfacet
  facet normal 0 0 -1
    outer loop
      vertex -1.16395 -0.728045 -0.0393701
      vertex -1.1811 -0.728794 -0.0393701
      vertex -1.1811 -0.630369 -0.0393701
    endloop
  endfacet
  facet normal 0 0 -1
    outer loop
      vertex -1.1811 -0.630369 -0.0393701
      vertex -1.1811 -0.728794 -0.0393701
      vertex -1.18968 -0.629995 -0.0393701
    endloop
  endfacet
  facet normal 0 0 -1
    outer loop
      vertex -1.1811 -0.728794 -0.0393701
      vertex -1.19826 -0.728045 -0.0393701
      vertex -1.18968 -0.629995 -0.0393701
    endloop
  endfacet
  facet normal 0 0 -1
    outer loop
      vertex -1.18968 -0.629995 -0.0393701
      vertex -1.19826 -0.728045 -0.0393701
      vertex -1.19819 -0.628874 -0.0393701
    endloop
  endfacet
  facet normal 0 0 -1
    outer loop
      vertex -1.19826 -0.728045 -0.0393701
      vertex -1.21529 -0.725804 -0.0393701
      vertex -1.19819 -0.628874 -0.0393701
    endloop
  endfacet
  facet normal 0 0 -1
    outer loop
      vertex -1.19819 -0.628874 -0.0393701
      vertex -1.21529 -0.725804 -0.0393701
      vertex -1.20658 -0.627015 -0.0393701
    endloop
  endfacet
  facet normal 0 0 -1
    outer loop
      vertex -1.21529 -0.725804 -0.0393701
      vertex -1.23205 -0.722087 -0.0393701
      vertex -1.20658 -0.627015 -0.0393701
    endloop
  endfacet
  facet normal 0 0 -1
    outer loop
      vertex -1.20658 -0.627015 -0.0393701
      vertex -1.23205 -0.722087 -0.0393701
      vertex -1.21477 -0.624433 -0.0393701
    endloop
  endfacet
  facet normal 0 0 -1
    outer loop
      vertex -1.23205 -0.722087 -0.0393701
      vertex -1.24843 -0.716923 -0.0393701
      vertex -1.21477 -0.624433 -0.0393701
    endloop
  endfacet
  facet normal 0 0 -1
    outer loop
      vertex -1.21477 -0.624433 -0.0393701
      vertex -1.24843 -0.716923 -0.0393701
      vertex -1.2227 -0.621147 -0.0393701
    endloop
  endfacet
  facet normal 0 0 -1
    outer loop
      vertex -1.24843 -0.716923 -0.0393701
      vertex -1.26429 -0.710351 -0.0393701
      vertex -1.2227 -0.621147 -0.0393701
    endloop
  endfacet
  facet normal 0 0 -1
    outer loop
      vertex -1.2227 -0.621147 -0.0393701
      vertex -1.26429 -0.710351 -0.0393701
      vertex -1.23031 -0.617183 -0.0393701
    endloop
  endfacet
  facet normal 0 0 -1
    outer loop
      vertex -1.26429 -0.710351 -0.0393701
      vertex -1.27953 -0.702421 -0.0393701
      vertex -1.23031 -0.617183 -0.0393701
    endloop
  endfacet
  facet normal 0 0 -1
    outer loop
      vertex -1.23031 -0.617183 -0.0393701
      vertex -1.27953 -0.702421 -0.0393701
      vertex -1.23756 -0.612569 -0.0393701
    endloop
  endfacet
  facet normal 0 0 -1
    outer loop
      vertex -1.27953 -0.702421 -0.0393701
      vertex -1.29401 -0.693194 -0.0393701
      vertex -1.23756 -0.612569 -0.0393701
    endloop
  endfacet
  facet normal 0 0 -1
    outer loop
      vertex -1.23756 -0.612569 -0.0393701
      vertex -1.29401 -0.693194 -0.0393701
      vertex -1.24437 -0.607342 -0.0393701
    endloop
  endfacet
  facet normal 0 0 -1
    outer loop
      vertex -1.29401 -0.693194 -0.0393701
      vertex -1.30764 -0.68274 -0.0393701
      vertex -1.24437 -0.607342 -0.0393701
    endloop
  endfacet
  facet normal 0 0 -1
    outer loop
      vertex -1.24437 -0.607342 -0.0393701
      vertex -1.30764 -0.68274 -0.0393701
      vertex -1.2507 -0.601541 -0.0393701
    endloop
  endfacet
  facet normal 0 0 -1
    outer loop
      vertex -1.30764 -0.68274 -0.0393701
      vertex -1.3203 -0.671138 -0.0393701
      vertex -1.2507 -0.601541 -0.0393701
    endloop
  endfacet
  facet normal 0 0 -1
    outer loop
      vertex -1.2507 -0.601541 -0.0393701
      vertex -1.3203 -0.671138 -0.0393701
      vertex -1.2565 -0.59521 -0.0393701
    endloop
  endfacet
  facet normal 0 0 -1
    outer loop
      vertex -1.3203 -0.671138 -0.0393701
      vertex -1.3319 -0.658477 -0.0393701
      vertex -1.2565 -0.59521 -0.0393701
    endloop
  endfacet
  facet normal 0 0 -1
    outer loop
      vertex -1.2565 -0.59521 -0.0393701
      vertex -1.3319 -0.658477 -0.0393701
      vertex -1.26173 -0.588398 -0.0393701
    endloop
  endfacet
  facet normal 0 0 -1
    outer loop
      vertex -1.3319 -0.658477 -0.0393701
      vertex -1.34235 -0.644853 -0.0393701
      vertex -1.26173 -0.588398 -0.0393701
    endloop
  endfacet
  facet normal 0 0 -1
    outer loop
      vertex -1.26173 -0.588398 -0.0393701
      vertex -1.34235 -0.644853 -0.0393701
      vertex -1.26634 -0.581156 -0.0393701
    endloop
  endfacet
  facet normal 0 0 -1
    outer loop
      vertex -1.34235 -0.644853 -0.0393701
      vertex -1.35158 -0.630369 -0.0393701
      vertex -1.26634 -0.581156 -0.0393701
    endloop
  endfacet
  facet normal 0 0 -1
    outer loop
      vertex -1.26634 -0.581156 -0.0393701
      vertex -1.35158 -0.630369 -0.0393701
      vertex -1.27031 -0.57354 -0.0393701
    endloop
  endfacet
  facet normal 0 0 -1
    outer loop
      vertex -1.35158 -0.630369 -0.0393701
      vertex -1.35951 -0.615136 -0.0393701
      vertex -1.27031 -0.57354 -0.0393701
    endloop
  endfacet
  facet normal 0 0 -1
    outer loop
      vertex -1.27031 -0.57354 -0.0393701
      vertex -1.35951 -0.615136 -0.0393701
      vertex -1.27359 -0.565607 -0.0393701
    endloop
  endfacet
  facet normal 0 0 -1
    outer loop
      vertex -1.35951 -0.615136 -0.0393701
      vertex -1.36608 -0.599271 -0.0393701
      vertex -1.27359 -0.565607 -0.0393701
    endloop
  endfacet
  facet normal 0 0 -1
    outer loop
      vertex -1.27359 -0.565607 -0.0393701
      vertex -1.36608 -0.599271 -0.0393701
      vertex -1.27617 -0.557418 -0.0393701
    endloop
  endfacet
  facet normal 0 0 -1
    outer loop
      vertex -1.36608 -0.599271 -0.0393701
      vertex -1.37125 -0.582892 -0.0393701
      vertex -1.27617 -0.557418 -0.0393701
    endloop
  endfacet
  facet normal 0 0 -1
    outer loop
      vertex -1.27617 -0.557418 -0.0393701
      vertex -1.37125 -0.582892 -0.0393701
      vertex -1.27803 -0.549035 -0.0393701
    endloop
  endfacet
  facet normal 0 0 -1
    outer loop
      vertex -1.37125 -0.582892 -0.0393701
      vertex -1.37496 -0.566127 -0.0393701
      vertex -1.27803 -0.549035 -0.0393701
    endloop
  endfacet
  facet normal 0 0 -1
    outer loop
      vertex -1.27803 -0.549035 -0.0393701
      vertex -1.37496 -0.566127 -0.0393701
      vertex -1.27915 -0.540522 -0.0393701
    endloop
  endfacet
  facet normal 0 0 -1
    outer loop
      vertex -1.37496 -0.566127 -0.0393701
      vertex -1.3772 -0.5491 -0.0393701
      vertex -1.27915 -0.540522 -0.0393701
    endloop
  endfacet
  facet normal 0 0 -1
    outer loop
      vertex -1.27915 -0.540522 -0.0393701
      vertex -1.3772 -0.5491 -0.0393701
      vertex -1.27953 -0.531944 -0.0393701
    endloop
  endfacet
  facet normal 0 0 -1
    outer loop
      vertex -1.3772 -0.5491 -0.0393701
      vertex -1.37795 -0.531944 -0.0393701
      vertex -1.27953 -0.531944 -0.0393701
    endloop
  endfacet
  facet normal 0 0 -1
    outer loop
      vertex -1.27953 -0.531944 -0.0393701
      vertex -1.37795 -0.531944 -0.0393701
      vertex -1.27915 -0.523366 -0.0393701
    endloop
  endfacet
  facet normal 0 0 -1
    outer loop
      vertex -1.37795 -0.531944 -0.0393701
      vertex -1.27803 -0.514852 -0.0393701
      vertex -1.27915 -0.523366 -0.0393701
    endloop
  endfacet
  facet normal 0 0 -1
    outer loop
      vertex -0.380859 -0.222324 -0.0393701
      vertex -0.401319 -0.29426 -0.0393701
      vertex -0.607087 -0.443361 -0.0393701
    endloop
  endfacet
  facet normal 0 0 -1
    outer loop
      vertex -0.401319 -0.29426 -0.0393701
      vertex -0.40767 -0.311208 -0.0393701
      vertex -0.607087 -0.443361 -0.0393701
    endloop
  endfacet
  facet normal 0 0 -1
    outer loop
      vertex -0.607087 -0.443361 -0.0393701
      vertex -0.40767 -0.311208 -0.0393701
      vertex -0.589004 -0.442605 -0.0393701
    endloop
  endfacet
  facet normal 0 0 -1
    outer loop
      vertex -0.40767 -0.311208 -0.0393701
      vertex -0.415413 -0.327567 -0.0393701
      vertex -0.589004 -0.442605 -0.0393701
    endloop
  endfacet
  facet normal 0 0 -1
    outer loop
      vertex -0.589004 -0.442605 -0.0393701
      vertex -0.415413 -0.327567 -0.0393701
      vertex -0.424495 -0.343222 -0.0393701
    endloop
  endfacet
  facet normal 0 0 -1
    outer loop
      vertex -0.424495 -0.343222 -0.0393701
      vertex -0.434853 -0.358063 -0.0393701
      vertex -0.589004 -0.442605 -0.0393701
    endloop
  endfacet
  facet normal 0 0 -1
    outer loop
      vertex -0.434853 -0.358063 -0.0393701
      vertex -0.446414 -0.371988 -0.0393701
      vertex -0.589004 -0.442605 -0.0393701
    endloop
  endfacet
  facet normal 0 0 -1
    outer loop
      vertex -0.589004 -0.442605 -0.0393701
      vertex -0.446414 -0.371988 -0.0393701
      vertex -0.459098 -0.384898 -0.0393701
    endloop
  endfacet
  facet normal 0 0 -1
    outer loop
      vertex -0.459098 -0.384898 -0.0393701
      vertex -0.472816 -0.396705 -0.0393701
      vertex -0.589004 -0.442605 -0.0393701
    endloop
  endfacet
  facet normal 0 0 -1
    outer loop
      vertex -0.472816 -0.396705 -0.0393701
      vertex -0.487471 -0.407324 -0.0393701
      vertex -0.589004 -0.442605 -0.0393701
    endloop
  endfacet
  facet normal 0 0 -1
    outer loop
      vertex -0.589004 -0.442605 -0.0393701
      vertex -0.487471 -0.407324 -0.0393701
      vertex -0.571047 -0.440341 -0.0393701
    endloop
  endfacet
  facet normal 0 0 -1
    outer loop
      vertex -0.487471 -0.407324 -0.0393701
      vertex -0.553343 -0.436586 -0.0393701
      vertex -0.571047 -0.440341 -0.0393701
    endloop
  endfacet
  facet normal 0 0 -1
    outer loop
      vertex -1.14744 -0.439454 -0.0393701
      vertex -1.15563 -0.436872 -0.0393701
      vertex -1.06299 -1.02444e-16 -0.0393701
    endloop
  endfacet
  facet normal 0 0 -1
    outer loop
      vertex -1.15563 -0.436872 -0.0393701
      vertex -1.16401 -0.435014 -0.0393701
      vertex -1.06299 -1.02444e-16 -0.0393701
    endloop
  endfacet
  facet normal 0 0 -1
    outer loop
      vertex -0.533813 0.184837 -0.0393701
      vertex -0.55081 0.244733 -0.0393701
      vertex -0.54644 0.44355 -0.0393701
    endloop
  endfacet
  facet normal 0 0 -1
    outer loop
      vertex -0.55081 0.244733 -0.0393701
      vertex -0.55254 0.249359 -0.0393701
      vertex -0.54644 0.44355 -0.0393701
    endloop
  endfacet
  facet normal 0 0 -1
    outer loop
      vertex -0.54644 0.44355 -0.0393701
      vertex -0.55254 0.249359 -0.0393701
      vertex -0.55465 0.253823 -0.0393701
    endloop
  endfacet
  facet normal 0 0 -1
    outer loop
      vertex -0.553343 -0.436586 -0.0393701
      vertex -0.487471 -0.407324 -0.0393701
      vertex -0.536014 -0.431365 -0.0393701
    endloop
  endfacet
  facet normal 0 0 -1
    outer loop
      vertex -0.487471 -0.407324 -0.0393701
      vertex -0.502962 -0.416683 -0.0393701
      vertex -0.536014 -0.431365 -0.0393701
    endloop
  endfacet
  facet normal 0 0 -1
    outer loop
      vertex -0.536014 -0.431365 -0.0393701
      vertex -0.502962 -0.416683 -0.0393701
      vertex -0.519181 -0.424715 -0.0393701
    endloop
  endfacet
  facet normal 0 0 -1
    outer loop
      vertex -1.16401 -0.435014 -0.0393701
      vertex -1.17252 -0.433893 -0.0393701
      vertex -1.06299 -1.02444e-16 -0.0393701
    endloop
  endfacet
  facet normal 0 0 -1
    outer loop
      vertex -1.17252 -0.433893 -0.0393701
      vertex -1.1811 -0.433519 -0.0393701
      vertex -1.06299 -1.02444e-16 -0.0393701
    endloop
  endfacet
  facet normal 0 0 -1
    outer loop
      vertex -1.06299 -1.02444e-16 -0.0393701
      vertex -1.1811 -0.433519 -0.0393701
      vertex -1.37795 -2.73185e-16 -0.0393701
    endloop
  endfacet
  facet normal 0 0 -1
    outer loop
      vertex -1.1811 -0.433519 -0.0393701
      vertex -1.18968 -0.433893 -0.0393701
      vertex -1.37795 -2.73185e-16 -0.0393701
    endloop
  endfacet
  facet normal 0 0 -1
    outer loop
      vertex -1.37795 -2.73185e-16 -0.0393701
      vertex -1.18968 -0.433893 -0.0393701
      vertex -1.19819 -0.435014 -0.0393701
    endloop
  endfacet
  facet normal 0 0 -1
    outer loop
      vertex -0.5527 -0.249839 -0.0393701
      vertex -0.550968 -0.245217 -0.0393701
      vertex -0.380859 -0.222324 -0.0393701
    endloop
  endfacet
  facet normal 0 0 -1
    outer loop
      vertex -0.550968 -0.245217 -0.0393701
      vertex -0.533933 -0.185332 -0.0393701
      vertex -0.380859 -0.222324 -0.0393701
    endloop
  endfacet
  facet normal 0 0 -1
    outer loop
      vertex -0.380859 -0.222324 -0.0393701
      vertex -0.533933 -0.185332 -0.0393701
      vertex -0.366152 -0.148994 -0.0393701
    endloop
  endfacet
  facet normal 0 0 -1
    outer loop
      vertex -0.533933 -0.185332 -0.0393701
      vertex -0.521682 -0.124288 -0.0393701
      vertex -0.366152 -0.148994 -0.0393701
    endloop
  endfacet
  facet normal 0 0 -1
    outer loop
      vertex -0.366152 -0.148994 -0.0393701
      vertex -0.521682 -0.124288 -0.0393701
      vertex -0.357291 -0.0747312 -0.0393701
    endloop
  endfacet
  facet normal 0 0 -1
    outer loop
      vertex -0.521682 -0.124288 -0.0393701
      vertex -0.514293 -0.0624664 -0.0393701
      vertex -0.357291 -0.0747312 -0.0393701
    endloop
  endfacet
  facet normal 0 0 -1
    outer loop
      vertex -0.357291 -0.0747312 -0.0393701
      vertex -0.514293 -0.0624664 -0.0393701
      vertex -0.354331 -4.00572e-17 -0.0393701
    endloop
  endfacet
  facet normal 0 0 -1
    outer loop
      vertex -0.514293 -0.0624664 -0.0393701
      vertex -0.511811 -0.00025469 -0.0393701
      vertex -0.354331 -4.00572e-17 -0.0393701
    endloop
  endfacet
  facet normal 0 0 -1
    outer loop
      vertex -0.354331 -4.00572e-17 -0.0393701
      vertex -0.511811 -0.00025469 -0.0393701
      vertex -0.514253 0.0619586 -0.0393701
    endloop
  endfacet
  facet normal 0 0 -1
    outer loop
      vertex -1.13951 -0.44274 -0.0393701
      vertex -1.14744 -0.439454 -0.0393701
      vertex -0.905512 -0.00025469 -0.0393701
    endloop
  endfacet
  facet normal 0 0 -1
    outer loop
      vertex -1.14744 -0.439454 -0.0393701
      vertex -1.06299 -1.02444e-16 -0.0393701
      vertex -0.905512 -0.00025469 -0.0393701
    endloop
  endfacet
  facet normal 0 0 -1
    outer loop
      vertex -0.905512 -0.00025469 -0.0393701
      vertex -1.06299 -1.02444e-16 -0.0393701
      vertex -0.90307 0.0619586 -0.0393701
    endloop
  endfacet
  facet normal 0 0 -1
    outer loop
      vertex -1.06299 -1.02444e-16 -0.0393701
      vertex -1.06004 0.0745789 -0.0393701
      vertex -0.90307 0.0619586 -0.0393701
    endloop
  endfacet
  facet normal 0 0 -1
    outer loop
      vertex -0.90307 0.0619586 -0.0393701
      vertex -1.06004 0.0745789 -0.0393701
      vertex -0.895721 0.123785 -0.0393701
    endloop
  endfacet
  facet normal 0 0 -1
    outer loop
      vertex -1.06004 0.0745789 -0.0393701
      vertex -1.05122 0.148692 -0.0393701
      vertex -0.895721 0.123785 -0.0393701
    endloop
  endfacet
  facet normal 0 0 -1
    outer loop
      vertex -0.895721 0.123785 -0.0393701
      vertex -1.05122 0.148692 -0.0393701
      vertex -0.88351 0.184837 -0.0393701
    endloop
  endfacet
  facet normal 0 0 -1
    outer loop
      vertex -1.05122 0.148692 -0.0393701
      vertex -1.03657 0.221878 -0.0393701
      vertex -0.88351 0.184837 -0.0393701
    endloop
  endfacet
  facet normal 0 0 -1
    outer loop
      vertex -0.88351 0.184837 -0.0393701
      vertex -1.03657 0.221878 -0.0393701
      vertex -0.866513 0.244733 -0.0393701
    endloop
  endfacet
  facet normal 0 0 -1
    outer loop
      vertex -1.03657 0.221878 -0.0393701
      vertex -1.01619 0.29368 -0.0393701
      vertex -0.866513 0.244733 -0.0393701
    endloop
  endfacet
  facet normal 0 0 -1
    outer loop
      vertex -0.866513 0.244733 -0.0393701
      vertex -1.01619 0.29368 -0.0393701
      vertex -0.864783 0.249359 -0.0393701
    endloop
  endfacet
  facet normal 0 0 -1
    outer loop
      vertex -1.01619 0.29368 -0.0393701
      vertex -1.00985 0.31064 -0.0393701
      vertex -0.864783 0.249359 -0.0393701
    endloop
  endfacet
  facet normal 0 0 -1
    outer loop
      vertex -0.864783 0.249359 -0.0393701
      vertex -1.00985 0.31064 -0.0393701
      vertex -0.862673 0.253823 -0.0393701
    endloop
  endfacet
  facet normal 0 0 -1
    outer loop
      vertex -1.00985 0.31064 -0.0393701
      vertex -1.00211 0.327012 -0.0393701
      vertex -0.862673 0.253823 -0.0393701
    endloop
  endfacet
  facet normal 0 0 -1
    outer loop
      vertex -0.862673 0.253823 -0.0393701
      vertex -1.00211 0.327012 -0.0393701
      vertex -0.860197 0.258096 -0.0393701
    endloop
  endfacet
  facet normal 0 0 -1
    outer loop
      vertex -1.00211 0.327012 -0.0393701
      vertex -0.993035 0.342679 -0.0393701
      vertex -0.860197 0.258096 -0.0393701
    endloop
  endfacet
  facet normal 0 0 -1
    outer loop
      vertex -0.860197 0.258096 -0.0393701
      vertex -0.993035 0.342679 -0.0393701
      vertex -0.857373 0.262148 -0.0393701
    endloop
  endfacet
  facet normal 0 0 -1
    outer loop
      vertex -0.993035 0.342679 -0.0393701
      vertex -0.982679 0.357534 -0.0393701
      vertex -0.857373 0.262148 -0.0393701
    endloop
  endfacet
  facet normal 0 0 -1
    outer loop
      vertex -0.857373 0.262148 -0.0393701
      vertex -0.982679 0.357534 -0.0393701
      vertex -0.85422 0.265949 -0.0393701
    endloop
  endfacet
  facet normal 0 0 -1
    outer loop
      vertex -0.982679 0.357534 -0.0393701
      vertex -0.971118 0.371471 -0.0393701
      vertex -0.85422 0.265949 -0.0393701
    endloop
  endfacet
  facet normal 0 0 -1
    outer loop
      vertex -0.85422 0.265949 -0.0393701
      vertex -0.971118 0.371471 -0.0393701
      vertex -0.85076 0.269473 -0.0393701
    endloop
  endfacet
  facet normal 0 0 -1
    outer loop
      vertex -0.971118 0.371471 -0.0393701
      vertex -0.958433 0.384393 -0.0393701
      vertex -0.85076 0.269473 -0.0393701
    endloop
  endfacet
  facet normal 0 0 -1
    outer loop
      vertex -0.85076 0.269473 -0.0393701
      vertex -0.958433 0.384393 -0.0393701
      vertex -0.847018 0.272696 -0.0393701
    endloop
  endfacet
  facet normal 0 0 -1
    outer loop
      vertex -0.958433 0.384393 -0.0393701
      vertex -0.944713 0.396211 -0.0393701
      vertex -0.847018 0.272696 -0.0393701
    endloop
  endfacet
  facet normal 0 0 -1
    outer loop
      vertex -0.847018 0.272696 -0.0393701
      vertex -0.944713 0.396211 -0.0393701
      vertex -0.84302 0.275595 -0.0393701
    endloop
  endfacet
  facet normal 0 0 -1
    outer loop
      vertex -0.944713 0.396211 -0.0393701
      vertex -0.930053 0.40684 -0.0393701
      vertex -0.84302 0.275595 -0.0393701
    endloop
  endfacet
  facet normal 0 0 -1
    outer loop
      vertex -0.84302 0.275595 -0.0393701
      vertex -0.930053 0.40684 -0.0393701
      vertex -0.838794 0.27815 -0.0393701
    endloop
  endfacet
  facet normal 0 0 -1
    outer loop
      vertex -0.930053 0.40684 -0.0393701
      vertex -0.914556 0.416208 -0.0393701
      vertex -0.838794 0.27815 -0.0393701
    endloop
  endfacet
  facet normal 0 0 -1
    outer loop
      vertex -0.838794 0.27815 -0.0393701
      vertex -0.914556 0.416208 -0.0393701
      vertex -0.834369 0.280343 -0.0393701
    endloop
  endfacet
  facet normal 0 0 -1
    outer loop
      vertex -0.914556 0.416208 -0.0393701
      vertex -0.898331 0.424248 -0.0393701
      vertex -0.834369 0.280343 -0.0393701
    endloop
  endfacet
  facet normal 0 0 -1
    outer loop
      vertex -0.834369 0.280343 -0.0393701
      vertex -0.898331 0.424248 -0.0393701
      vertex -0.829776 0.282158 -0.0393701
    endloop
  endfacet
  facet normal 0 0 -1
    outer loop
      vertex -0.898331 0.424248 -0.0393701
      vertex -0.881491 0.430905 -0.0393701
      vertex -0.829776 0.282158 -0.0393701
    endloop
  endfacet
  facet normal 0 0 -1
    outer loop
      vertex -0.829776 0.282158 -0.0393701
      vertex -0.881491 0.430905 -0.0393701
      vertex -0.825048 0.283583 -0.0393701
    endloop
  endfacet
  facet normal 0 0 -1
    outer loop
      vertex -0.881491 0.430905 -0.0393701
      vertex -0.864154 0.436131 -0.0393701
      vertex -0.825048 0.283583 -0.0393701
    endloop
  endfacet
  facet normal 0 0 -1
    outer loop
      vertex -0.825048 0.283583 -0.0393701
      vertex -0.864154 0.436131 -0.0393701
      vertex -0.820217 0.284609 -0.0393701
    endloop
  endfacet
  facet normal 0 0 -1
    outer loop
      vertex -0.864154 0.436131 -0.0393701
      vertex -0.846441 0.43989 -0.0393701
      vertex -0.820217 0.284609 -0.0393701
    endloop
  endfacet
  facet normal 0 0 -1
    outer loop
      vertex -0.820217 0.284609 -0.0393701
      vertex -0.846441 0.43989 -0.0393701
      vertex -0.815317 0.285227 -0.0393701
    endloop
  endfacet
  facet normal 0 0 -1
    outer loop
      vertex -0.846441 0.43989 -0.0393701
      vertex -0.828475 0.442156 -0.0393701
      vertex -0.815317 0.285227 -0.0393701
    endloop
  endfacet
  facet normal 0 0 -1
    outer loop
      vertex -0.815317 0.285227 -0.0393701
      vertex -0.828475 0.442156 -0.0393701
      vertex -0.810383 0.285433 -0.0393701
    endloop
  endfacet
  facet normal 0 0 -1
    outer loop
      vertex -0.828475 0.442156 -0.0393701
      vertex -0.810383 0.442913 -0.0393701
      vertex -0.810383 0.285433 -0.0393701
    endloop
  endfacet
  facet normal 0 0 -1
    outer loop
      vertex -0.810383 0.285433 -0.0393701
      vertex -0.810383 0.442913 -0.0393701
      vertex -0.60694 0.285433 -0.0393701
    endloop
  endfacet
  facet normal 0 0 -1
    outer loop
      vertex -0.810383 0.442913 -0.0393701
      vertex -0.561024 0.442913 -0.0393701
      vertex -0.60694 0.285433 -0.0393701
    endloop
  endfacet
  facet normal 0 0 -1
    outer loop
      vertex -0.60694 0.285433 -0.0393701
      vertex -0.561024 0.442913 -0.0393701
      vertex -0.602006 0.285227 -0.0393701
    endloop
  endfacet
  facet normal 0 0 -1
    outer loop
      vertex -0.55465 0.253823 -0.0393701
      vertex -0.557126 0.258096 -0.0393701
      vertex -0.54644 0.44355 -0.0393701
    endloop
  endfacet
  facet normal 0 0 -1
    outer loop
      vertex -0.557126 0.258096 -0.0393701
      vertex -0.55995 0.262148 -0.0393701
      vertex -0.54644 0.44355 -0.0393701
    endloop
  endfacet
  facet normal 0 0 -1
    outer loop
      vertex -0.54644 0.44355 -0.0393701
      vertex -0.55995 0.262148 -0.0393701
      vertex -0.563103 0.265949 -0.0393701
    endloop
  endfacet
  facet normal 0 0 -1
    outer loop
      vertex -0.574303 0.275595 -0.0393701
      vertex -0.578529 0.27815 -0.0393701
      vertex -0.54644 0.44355 -0.0393701
    endloop
  endfacet
  facet normal 0 0 -1
    outer loop
      vertex -0.578529 0.27815 -0.0393701
      vertex -0.582954 0.280343 -0.0393701
      vertex -0.54644 0.44355 -0.0393701
    endloop
  endfacet
  facet normal 0 0 -1
    outer loop
      vertex -0.563103 0.265949 -0.0393701
      vertex -0.566563 0.269473 -0.0393701
      vertex -0.54644 0.44355 -0.0393701
    endloop
  endfacet
  facet normal 0 0 -1
    outer loop
      vertex -0.566563 0.269473 -0.0393701
      vertex -0.570305 0.272696 -0.0393701
      vertex -0.54644 0.44355 -0.0393701
    endloop
  endfacet
  facet normal 0 0 -1
    outer loop
      vertex -0.54644 0.44355 -0.0393701
      vertex -0.570305 0.272696 -0.0393701
      vertex -0.574303 0.275595 -0.0393701
    endloop
  endfacet
  facet normal 0 0 -1
    outer loop
      vertex -0.582954 0.280343 -0.0393701
      vertex -0.587547 0.282158 -0.0393701
      vertex -0.54644 0.44355 -0.0393701
    endloop
  endfacet
  facet normal 0 0 -1
    outer loop
      vertex -0.587547 0.282158 -0.0393701
      vertex -0.592275 0.283583 -0.0393701
      vertex -0.54644 0.44355 -0.0393701
    endloop
  endfacet
  facet normal 0 0 -1
    outer loop
      vertex -0.54644 0.44355 -0.0393701
      vertex -0.592275 0.283583 -0.0393701
      vertex -0.561024 0.442913 -0.0393701
    endloop
  endfacet
  facet normal 0 0 -1
    outer loop
      vertex -0.592275 0.283583 -0.0393701
      vertex -0.597106 0.284609 -0.0393701
      vertex -0.561024 0.442913 -0.0393701
    endloop
  endfacet
  facet normal 0 0 -1
    outer loop
      vertex -0.561024 0.442913 -0.0393701
      vertex -0.597106 0.284609 -0.0393701
      vertex -0.602006 0.285227 -0.0393701
    endloop
  endfacet
  facet normal 0.962017 -0.27299 0
    outer loop
      vertex -0.866513 0.244733 -0.0393701
      vertex -0.866513 0.244733 0
      vertex -0.88351 0.184837 -0.0393701
    endloop
  endfacet
  facet normal 0.962017 -0.27299 0
    outer loop
      vertex -0.866513 0.244733 0
      vertex -0.88351 0.184837 0
      vertex -0.88351 0.184837 -0.0393701
    endloop
  endfacet
  facet normal 0.980578 -0.196127 0
    outer loop
      vertex -0.88351 0.184837 -0.0393701
      vertex -0.88351 0.184837 0
      vertex -0.895721 0.123785 -0.0393701
    endloop
  endfacet
  facet normal 0.980578 -0.196127 0
    outer loop
      vertex -0.88351 0.184837 0
      vertex -0.895721 0.123785 0
      vertex -0.895721 0.123785 -0.0393701
    endloop
  endfacet
  facet normal 0.993009 -0.11804 0
    outer loop
      vertex -0.895721 0.123785 -0.0393701
      vertex -0.895721 0.123785 0
      vertex -0.90307 0.0619586 -0.0393701
    endloop
  endfacet
  facet normal 0.993009 -0.11804 0
    outer loop
      vertex -0.895721 0.123785 0
      vertex -0.90307 0.0619586 0
      vertex -0.90307 0.0619586 -0.0393701
    endloop
  endfacet
  facet normal 0.999231 -0.039212 0
    outer loop
      vertex -0.90307 0.0619586 -0.0393701
      vertex -0.90307 0.0619586 0
      vertex -0.905512 -0.00025469 -0.0393701
    endloop
  endfacet
  facet normal 0.999231 -0.039212 0
    outer loop
      vertex -0.90307 0.0619586 0
      vertex -0.905512 -0.00025469 0
      vertex -0.905512 -0.00025469 -0.0393701
    endloop
  endfacet
  facet normal 0.999205 0.0398586 0
    outer loop
      vertex -0.905512 -0.00025469 -0.0393701
      vertex -0.905512 -0.00025469 0
      vertex -0.90303 -0.0624664 -0.0393701
    endloop
  endfacet
  facet normal 0.999205 0.0398586 0
    outer loop
      vertex -0.905512 -0.00025469 0
      vertex -0.90303 -0.0624664 0
      vertex -0.90303 -0.0624664 -0.0393701
    endloop
  endfacet
  facet normal 0.992932 0.118682 0
    outer loop
      vertex -0.90303 -0.0624664 -0.0393701
      vertex -0.90303 -0.0624664 0
      vertex -0.895641 -0.124288 -0.0393701
    endloop
  endfacet
  facet normal 0.992932 0.118682 0
    outer loop
      vertex -0.90303 -0.0624664 0
      vertex -0.895641 -0.124288 0
      vertex -0.895641 -0.124288 -0.0393701
    endloop
  endfacet
  facet normal 0.980451 0.196762 0
    outer loop
      vertex -0.895641 -0.124288 -0.0393701
      vertex -0.895641 -0.124288 0
      vertex -0.88339 -0.185332 -0.0393701
    endloop
  endfacet
  facet normal 0.980451 0.196762 0
    outer loop
      vertex -0.895641 -0.124288 0
      vertex -0.88339 -0.185332 0
      vertex -0.88339 -0.185332 -0.0393701
    endloop
  endfacet
  facet normal 0.96184 0.273612 0
    outer loop
      vertex -0.88339 -0.185332 -0.0393701
      vertex -0.88339 -0.185332 0
      vertex -0.866355 -0.245217 -0.0393701
    endloop
  endfacet
  facet normal 0.96184 0.273612 0
    outer loop
      vertex -0.88339 -0.185332 0
      vertex -0.866355 -0.245217 0
      vertex -0.866355 -0.245217 -0.0393701
    endloop
  endfacet
  facet normal 1.1305e-16 -1 0
    outer loop
      vertex -0.354331 -4.00572e-17 -0.0393701
      vertex -3.83739e-17 0 -0.0393701
      vertex -0.354331 -4.00572e-17 0
    endloop
  endfacet
  facet normal 1.1305e-16 -1 0
    outer loop
      vertex -3.83739e-17 0 -0.0393701
      vertex -3.83739e-17 0 0
      vertex -0.354331 -4.00572e-17 0
    endloop
  endfacet
endsolid Mesh
