solid Mesh
  facet normal 0.0768177 0 -0.997045
    outer loop
      vertex 0.142893 0.270539 1.23353
      vertex 0.140765 0.270439 1.23336
      vertex 0.140765 0.331042 1.23336
    endloop
  endfacet
  facet normal -0.0528905 0 0.9986
    outer loop
      vertex 0.147147 0.270571 1.1352
      vertex 0.149277 0.270501 1.13531
      vertex 0.149277 0.331042 1.13531
    endloop
  endfacet
  facet normal -0.952098 0 0.305794
    outer loop
      vertex 0.192854 0.257675 1.17061
      vertex 0.192854 0.331042 1.17061
      vertex 0.192042 0.258085 1.16808
    endloop
  endfacet
  facet normal -0.94698 -0.000593954 0.321291
    outer loop
      vertex 0.192854 0.331042 1.17061
      vertex 0.191485 0.331042 1.16658
      vertex 0.192042 0.258085 1.16808
    endloop
  endfacet
  facet normal -0.915642 -0.000638036 0.401993
    outer loop
      vertex 0.189772 0.331042 1.16267
      vertex 0.19067 0.258766 1.1646
      vertex 0.191485 0.331042 1.16658
    endloop
  endfacet
  facet normal -0.924107 -9.16126e-7 0.382133
    outer loop
      vertex 0.19067 0.258766 1.1646
      vertex 0.191484 0.258364 1.16657
      vertex 0.191485 0.331042 1.16658
    endloop
  endfacet
  facet normal -0.937962 3.97945e-7 0.346739
    outer loop
      vertex 0.191485 0.331042 1.16658
      vertex 0.191484 0.258364 1.16657
      vertex 0.192042 0.258085 1.16808
    endloop
  endfacet
  facet normal -0.662455 0 0.749102
    outer loop
      vertex 0.176585 0.331042 1.14615
      vertex 0.179776 0.263593 1.14897
      vertex 0.179776 0.331042 1.14897
    endloop
  endfacet
  facet normal -0.724775 0 0.688986
    outer loop
      vertex 0.179776 0.263593 1.14897
      vertex 0.182712 0.262399 1.15206
      vertex 0.179776 0.331042 1.14897
    endloop
  endfacet
  facet normal -0.724775 0 0.688986
    outer loop
      vertex 0.179776 0.331042 1.14897
      vertex 0.182712 0.262399 1.15206
      vertex 0.182712 0.331042 1.15206
    endloop
  endfacet
  facet normal -0.75572 0 0.654895
    outer loop
      vertex 0.182712 0.262399 1.15206
      vertex 0.18289 0.262324 1.15226
      vertex 0.182712 0.331042 1.15206
    endloop
  endfacet
  facet normal -0.781646 -0.000160674 0.623723
    outer loop
      vertex 0.182712 0.331042 1.15206
      vertex 0.18289 0.262324 1.15226
      vertex 0.185369 0.331042 1.15539
    endloop
  endfacet
  facet normal -0.783369 0 0.621556
    outer loop
      vertex 0.18289 0.262324 1.15226
      vertex 0.185369 0.261248 1.15539
      vertex 0.185369 0.331042 1.15539
    endloop
  endfacet
  facet normal -0.818333 0 0.574745
    outer loop
      vertex 0.185369 0.331042 1.15539
      vertex 0.185369 0.261248 1.15539
      vertex 0.186382 0.331042 1.15683
    endloop
  endfacet
  facet normal -0.832579 0.000637284 0.553906
    outer loop
      vertex 0.185369 0.261248 1.15539
      vertex 0.187728 0.260173 1.15894
      vertex 0.186382 0.331042 1.15683
    endloop
  endfacet
  facet normal -0.842452 0 0.538771
    outer loop
      vertex 0.186382 0.331042 1.15683
      vertex 0.187728 0.260173 1.15894
      vertex 0.187728 0.331042 1.15894
    endloop
  endfacet
  facet normal -0.862763 0 0.505608
    outer loop
      vertex 0.187728 0.260173 1.15894
      vertex 0.188401 0.259858 1.16008
      vertex 0.187728 0.331042 1.15894
    endloop
  endfacet
  facet normal -0.877438 -0.000556461 0.479689
    outer loop
      vertex 0.187728 0.331042 1.15894
      vertex 0.188401 0.259858 1.16008
      vertex 0.189772 0.331042 1.16267
    endloop
  endfacet
  facet normal -0.883841 0 0.467788
    outer loop
      vertex 0.188401 0.259858 1.16008
      vertex 0.189772 0.259203 1.16267
      vertex 0.189772 0.331042 1.16267
    endloop
  endfacet
  facet normal -0.906718 0 0.421738
    outer loop
      vertex 0.189772 0.331042 1.16267
      vertex 0.189772 0.259203 1.16267
      vertex 0.19067 0.258766 1.1646
    endloop
  endfacet
  facet normal -0.575591 -0.00158326 0.817736
    outer loop
      vertex 0.173161 0.265973 1.14361
      vertex 0.174665 0.265471 1.14467
      vertex 0.176585 0.331042 1.14615
    endloop
  endfacet
  facet normal -0.6101 0 0.792324
    outer loop
      vertex 0.174665 0.265471 1.14467
      vertex 0.176585 0.264797 1.14615
      vertex 0.176585 0.331042 1.14615
    endloop
  endfacet
  facet normal -0.662455 0 0.749102
    outer loop
      vertex 0.176585 0.331042 1.14615
      vertex 0.176585 0.264797 1.14615
      vertex 0.179776 0.263593 1.14897
    endloop
  endfacet
  facet normal -0.595197 0 0.80358
    outer loop
      vertex 0.176585 0.331042 1.14615
      vertex 0.173161 0.331042 1.14361
      vertex 0.173161 0.265973 1.14361
    endloop
  endfacet
  facet normal -0.523458 0 0.852052
    outer loop
      vertex 0.173161 0.331042 1.14361
      vertex 0.169531 0.331042 1.14138
      vertex 0.173161 0.265973 1.14361
    endloop
  endfacet
  facet normal -0.523458 0 0.852052
    outer loop
      vertex 0.173161 0.265973 1.14361
      vertex 0.169531 0.331042 1.14138
      vertex 0.169531 0.267085 1.14138
    endloop
  endfacet
  facet normal -0.447795 0 0.894136
    outer loop
      vertex 0.165721 0.331042 1.13947
      vertex 0.165721 0.268096 1.13947
      vertex 0.169531 0.331042 1.14138
    endloop
  endfacet
  facet normal -0.42871 -0.00143701 0.903441
    outer loop
      vertex 0.165721 0.268096 1.13947
      vertex 0.167654 0.267603 1.14039
      vertex 0.169531 0.331042 1.14138
    endloop
  endfacet
  facet normal -0.467122 0 0.884193
    outer loop
      vertex 0.169531 0.331042 1.14138
      vertex 0.167654 0.267603 1.14039
      vertex 0.169531 0.267085 1.14138
    endloop
  endfacet
  facet normal -0.286998 0 0.957931
    outer loop
      vertex 0.161761 0.331042 1.1379
      vertex 0.15768 0.331042 1.13668
      vertex 0.15768 0.26968 1.13668
    endloop
  endfacet
  facet normal -0.27259 -0.00104197 0.96213
    outer loop
      vertex 0.15768 0.26968 1.13668
      vertex 0.160342 0.26924 1.13743
      vertex 0.161761 0.331042 1.1379
    endloop
  endfacet
  facet normal -0.313794 0 0.949491
    outer loop
      vertex 0.160342 0.26924 1.13743
      vertex 0.161761 0.268971 1.1379
      vertex 0.161761 0.331042 1.1379
    endloop
  endfacet
  facet normal -0.36879 0 0.929513
    outer loop
      vertex 0.161761 0.331042 1.1379
      vertex 0.161761 0.268971 1.1379
      vertex 0.165721 0.331042 1.13947
    endloop
  endfacet
  facet normal -0.348834 -0.00146735 0.937183
    outer loop
      vertex 0.161761 0.268971 1.1379
      vertex 0.163757 0.268552 1.13865
      vertex 0.165721 0.331042 1.13947
    endloop
  endfacet
  facet normal -0.388815 0 0.921316
    outer loop
      vertex 0.165721 0.331042 1.13947
      vertex 0.163757 0.268552 1.13865
      vertex 0.165721 0.268096 1.13947
    endloop
  endfacet
  facet normal -0.117629 0 0.993058
    outer loop
      vertex 0.149277 0.331042 1.13531
      vertex 0.149277 0.270501 1.13531
      vertex 0.153508 0.331042 1.13581
    endloop
  endfacet
  facet normal -0.0961621 -0.0015193 0.995365
    outer loop
      vertex 0.149277 0.270501 1.13531
      vertex 0.151394 0.270376 1.13552
      vertex 0.153508 0.331042 1.13581
    endloop
  endfacet
  facet normal -0.139044 0 0.990286
    outer loop
      vertex 0.151394 0.270376 1.13552
      vertex 0.153508 0.270196 1.13581
      vertex 0.153508 0.331042 1.13581
    endloop
  endfacet
  facet normal -0.203088 0 0.979161
    outer loop
      vertex 0.153508 0.331042 1.13581
      vertex 0.153508 0.270196 1.13581
      vertex 0.15768 0.331042 1.13668
    endloop
  endfacet
  facet normal -0.182074 -0.0014994 0.983284
    outer loop
      vertex 0.153508 0.270196 1.13581
      vertex 0.155611 0.269962 1.1362
      vertex 0.15768 0.331042 1.13668
    endloop
  endfacet
  facet normal -0.224315 0 0.974517
    outer loop
      vertex 0.15768 0.331042 1.13668
      vertex 0.155611 0.269962 1.1362
      vertex 0.15768 0.26968 1.13668
    endloop
  endfacet
  facet normal -0.00962513 -0.00152707 0.999953
    outer loop
      vertex 0.147147 0.270571 1.1352
      vertex 0.149277 0.331042 1.13531
      vertex 0.145019 0.270583 1.13518
    endloop
  endfacet
  facet normal -0.0312919 0 0.99951
    outer loop
      vertex 0.149277 0.331042 1.13531
      vertex 0.145019 0.331042 1.13518
      vertex 0.145019 0.270583 1.13518
    endloop
  endfacet
  facet normal 0.033605 0 0.999435
    outer loop
      vertex 0.145019 0.270583 1.13518
      vertex 0.145019 0.331042 1.13518
      vertex 0.14289 0.270539 1.13525
    endloop
  endfacet
  facet normal 0.0552686 -0.000763314 0.998471
    outer loop
      vertex 0.145019 0.331042 1.13518
      vertex 0.140765 0.331042 1.13542
      vertex 0.14289 0.270539 1.13525
    endloop
  endfacet
  facet normal 0.0768876 0 0.99704
    outer loop
      vertex 0.14289 0.270539 1.13525
      vertex 0.140765 0.331042 1.13542
      vertex 0.140765 0.270439 1.13542
    endloop
  endfacet
  facet normal 0.11991 0 0.992785
    outer loop
      vertex 0.140765 0.270439 1.13542
      vertex 0.140765 0.331042 1.13542
      vertex 0.138655 0.270284 1.13567
    endloop
  endfacet
  facet normal 0.141416 -0.000758908 0.98995
    outer loop
      vertex 0.140765 0.331042 1.13542
      vertex 0.136547 0.331042 1.13602
      vertex 0.138655 0.270284 1.13567
    endloop
  endfacet
  facet normal 0.162756 0 0.986666
    outer loop
      vertex 0.138655 0.270284 1.13567
      vertex 0.136547 0.331042 1.13602
      vertex 0.136547 0.270074 1.13602
    endloop
  endfacet
  facet normal 0.205476 0 0.978662
    outer loop
      vertex 0.136547 0.270074 1.13602
      vertex 0.136547 0.331042 1.13602
      vertex 0.134451 0.269811 1.13646
    endloop
  endfacet
  facet normal 0.226513 -0.000753573 0.974008
    outer loop
      vertex 0.136547 0.331042 1.13602
      vertex 0.132398 0.331042 1.13698
      vertex 0.134451 0.269811 1.13646
    endloop
  endfacet
  facet normal 0.247661 0 0.968847
    outer loop
      vertex 0.134451 0.269811 1.13646
      vertex 0.132398 0.331042 1.13698
      vertex 0.132398 0.269502 1.13698
    endloop
  endfacet
  facet normal 0.283972 0 0.958833
    outer loop
      vertex 0.132398 0.269502 1.13698
      vertex 0.132398 0.331042 1.13698
      vertex 0.130877 0.26924 1.13743
    endloop
  endfacet
  facet normal 0.309907 -0.000697116 0.950766
    outer loop
      vertex 0.132398 0.331042 1.13698
      vertex 0.128347 0.331042 1.1383
      vertex 0.130877 0.26924 1.13743
    endloop
  endfacet
  facet normal 0.32518 0 0.945652
    outer loop
      vertex 0.130877 0.26924 1.13743
      vertex 0.128347 0.331042 1.1383
      vertex 0.128347 0.268744 1.1383
    endloop
  endfacet
  facet normal 0.370998 0 0.928634
    outer loop
      vertex 0.128347 0.268744 1.1383
      vertex 0.128347 0.331042 1.1383
      vertex 0.126367 0.268303 1.13909
    endloop
  endfacet
  facet normal 0.390977 -0.000734478 0.9204
    outer loop
      vertex 0.128347 0.331042 1.1383
      vertex 0.124426 0.331042 1.13997
      vertex 0.126367 0.268303 1.13909
    endloop
  endfacet
  facet normal 0.410807 0 0.911722
    outer loop
      vertex 0.126367 0.268303 1.13909
      vertex 0.124426 0.331042 1.13997
      vertex 0.124426 0.267828 1.13997
    endloop
  endfacet
  facet normal 0.449863 0 0.893097
    outer loop
      vertex 0.124426 0.267828 1.13997
      vertex 0.124426 0.331042 1.13997
      vertex 0.122525 0.267321 1.14093
    endloop
  endfacet
  facet normal 0.469121 -0.000724053 0.883133
    outer loop
      vertex 0.124426 0.331042 1.13997
      vertex 0.120663 0.331042 1.14197
      vertex 0.122525 0.267321 1.14093
    endloop
  endfacet
  facet normal 0.48811 0 0.872782
    outer loop
      vertex 0.122525 0.267321 1.14093
      vertex 0.120663 0.331042 1.14197
      vertex 0.120663 0.266785 1.14197
    endloop
  endfacet
  facet normal 0.543751 0 0.839246
    outer loop
      vertex 0.120663 0.331042 1.14197
      vertex 0.117087 0.331042 1.14428
      vertex 0.120663 0.266785 1.14197
    endloop
  endfacet
  facet normal 0.543751 0 0.839246
    outer loop
      vertex 0.120663 0.266785 1.14197
      vertex 0.117087 0.331042 1.14428
      vertex 0.117087 0.265652 1.14428
    endloop
  endfacet
  facet normal 0.58519 0 0.810896
    outer loop
      vertex 0.117087 0.265652 1.14428
      vertex 0.117087 0.331042 1.14428
      vertex 0.116534 0.265465 1.14468
    endloop
  endfacet
  facet normal 0.614302 -0.000378532 0.789071
    outer loop
      vertex 0.117087 0.331042 1.14428
      vertex 0.113726 0.331042 1.1469
      vertex 0.116534 0.265465 1.14468
    endloop
  endfacet
  facet normal 0.619761 0 0.784791
    outer loop
      vertex 0.116534 0.265465 1.14468
      vertex 0.113726 0.331042 1.1469
      vertex 0.113726 0.264465 1.1469
    endloop
  endfacet
  facet normal 0.680246 0 0.732984
    outer loop
      vertex 0.113726 0.331042 1.1469
      vertex 0.110603 0.331042 1.1498
      vertex 0.113726 0.264465 1.1469
    endloop
  endfacet
  facet normal 0.680246 0 0.732984
    outer loop
      vertex 0.113726 0.264465 1.1469
      vertex 0.110603 0.331042 1.1498
      vertex 0.110603 0.26326 1.1498
    endloop
  endfacet
  facet normal 0.734746 0 0.678342
    outer loop
      vertex 0.110603 0.26326 1.1498
      vertex 0.110603 0.331042 1.1498
      vertex 0.108339 0.262328 1.15225
    endloop
  endfacet
  facet normal 0.741093 -0.000456664 0.671402
    outer loop
      vertex 0.110603 0.331042 1.1498
      vertex 0.107742 0.331042 1.15296
      vertex 0.108339 0.262328 1.15225
    endloop
  endfacet
  facet normal 0.763454 0 0.645862
    outer loop
      vertex 0.108339 0.262328 1.15225
      vertex 0.107742 0.331042 1.15296
      vertex 0.107742 0.262074 1.15296
    endloop
  endfacet
  facet normal 0.796382 0 0.604793
    outer loop
      vertex 0.107742 0.331042 1.15296
      vertex 0.105166 0.331042 1.15635
      vertex 0.107742 0.262074 1.15296
    endloop
  endfacet
  facet normal 0.796382 0 0.604793
    outer loop
      vertex 0.107742 0.262074 1.15296
      vertex 0.105166 0.331042 1.15635
      vertex 0.105166 0.260941 1.15635
    endloop
  endfacet
  facet normal 0.84571 0 0.533642
    outer loop
      vertex 0.105166 0.331042 1.15635
      vertex 0.102892 0.331042 1.15995
      vertex 0.105166 0.260941 1.15635
    endloop
  endfacet
  facet normal 0.84571 0 0.533642
    outer loop
      vertex 0.105166 0.260941 1.15635
      vertex 0.102892 0.331042 1.15995
      vertex 0.102892 0.259893 1.15995
    endloop
  endfacet
  facet normal 0.868847 0 0.495081
    outer loop
      vertex 0.102892 0.259893 1.15995
      vertex 0.102892 0.331042 1.15995
      vertex 0.102818 0.259858 1.16008
    endloop
  endfacet
  facet normal 0.888699 -8.72953e-5 0.458491
    outer loop
      vertex 0.102892 0.331042 1.15995
      vertex 0.100939 0.331042 1.16374
      vertex 0.102818 0.259858 1.16008
    endloop
  endfacet
  facet normal 0.889391 0 0.457148
    outer loop
      vertex 0.102818 0.259858 1.16008
      vertex 0.100939 0.331042 1.16374
      vertex 0.100939 0.258956 1.16374
    endloop
  endfacet
  facet normal 0.916575 0 0.399863
    outer loop
      vertex 0.100939 0.258956 1.16374
      vertex 0.100939 0.331042 1.16374
      vertex 0.100087 0.258538 1.16569
    endloop
  endfacet
  facet normal 0.925023 -0.00063619 0.37991
    outer loop
      vertex 0.100939 0.331042 1.16374
      vertex 0.0993201 0.331042 1.16768
      vertex 0.100087 0.258538 1.16569
    endloop
  endfacet
  facet normal 0.933024 0 0.359813
    outer loop
      vertex 0.100087 0.258538 1.16569
      vertex 0.0993201 0.331042 1.16768
      vertex 0.0993201 0.258156 1.16768
    endloop
  endfacet
  facet normal 0.94205 0 0.335474
    outer loop
      vertex 0.0993201 0.258156 1.16768
      vertex 0.0993201 0.331042 1.16768
      vertex 0.0991773 0.258085 1.16808
    endloop
  endfacet
  facet normal 0.954416 -0.000227451 0.298479
    outer loop
      vertex 0.0993201 0.331042 1.16768
      vertex 0.0980484 0.331042 1.17175
      vertex 0.0991773 0.258085 1.16808
    endloop
  endfacet
  facet normal 0.955699 0 0.294347
    outer loop
      vertex 0.0991773 0.258085 1.16808
      vertex 0.0980484 0.331042 1.17175
      vertex 0.0980484 0.257513 1.17175
    endloop
  endfacet
  facet normal 0.971765 0 0.23595
    outer loop
      vertex 0.0980484 0.257513 1.17175
      vertex 0.0980484 0.331042 1.17175
      vertex 0.0975466 0.257255 1.17381
    endloop
  endfacet
  facet normal 0.976655 -0.000625288 0.214813
    outer loop
      vertex 0.0980484 0.331042 1.17175
      vertex 0.0971332 0.331042 1.17591
      vertex 0.0975466 0.257255 1.17381
    endloop
  endfacet
  facet normal 0.98107 0 0.193655
    outer loop
      vertex 0.0975466 0.257255 1.17381
      vertex 0.0971332 0.331042 1.17591
      vertex 0.0971332 0.257042 1.17591
    endloop
  endfacet
  facet normal 0.985553 0 0.169369
    outer loop
      vertex 0.0971332 0.257042 1.17591
      vertex 0.0971332 0.331042 1.17591
      vertex 0.0970824 0.257016 1.1762
    endloop
  endfacet
  facet normal 0.991575 -0.00016299 0.129537
    outer loop
      vertex 0.0971332 0.331042 1.17591
      vertex 0.0965813 0.331042 1.18013
      vertex 0.0970824 0.257016 1.1762
    endloop
  endfacet
  facet normal 0.98922 -0.00107575 0.146432
    outer loop
      vertex 0.0970824 0.257016 1.1762
      vertex 0.0965813 0.331042 1.18013
      vertex 0.0967931 0.256865 1.17816
    endloop
  endfacet
  facet normal 0.999063 -0.000620277 0.0432864
    outer loop
      vertex 0.0963969 0.331042 1.18439
      vertex 0.0964427 0.256682 1.18227
      vertex 0.0965813 0.331042 1.18013
    endloop
  endfacet
  facet normal 0.997896 0 0.0648416
    outer loop
      vertex 0.0964427 0.256682 1.18227
      vertex 0.0965813 0.256755 1.18013
      vertex 0.0965813 0.331042 1.18013
    endloop
  endfacet
  facet normal 0.994303 0 0.106594
    outer loop
      vertex 0.0965813 0.331042 1.18013
      vertex 0.0965813 0.256755 1.18013
      vertex 0.0967931 0.256865 1.17816
    endloop
  endfacet
  facet normal 0.994312 0 -0.106506
    outer loop
      vertex 0.0967921 0.256865 1.19061
      vertex 0.0965813 0.256755 1.18865
      vertex 0.0965813 0.331042 1.18865
    endloop
  endfacet
  facet normal 0.99789 0 -0.0649238
    outer loop
      vertex 0.0965813 0.256755 1.18865
      vertex 0.0964431 0.256682 1.18652
      vertex 0.0965813 0.331042 1.18865
    endloop
  endfacet
  facet normal 0.999063 -0.000620295 -0.0432864
    outer loop
      vertex 0.0965813 0.331042 1.18865
      vertex 0.0964431 0.256682 1.18652
      vertex 0.0963969 0.331042 1.18439
    endloop
  endfacet
  facet normal 0.999765 0 -0.0216701
    outer loop
      vertex 0.0964431 0.256682 1.18652
      vertex 0.0963969 0.256658 1.18439
      vertex 0.0963969 0.331042 1.18439
    endloop
  endfacet
  facet normal 0.999767 0 0.0215885
    outer loop
      vertex 0.0963969 0.331042 1.18439
      vertex 0.0963969 0.256658 1.18439
      vertex 0.0964427 0.256682 1.18227
    endloop
  endfacet
  facet normal 0.976655 -0.000625242 -0.214813
    outer loop
      vertex 0.0980484 0.331042 1.19703
      vertex 0.0975452 0.257255 1.19496
      vertex 0.0971332 0.331042 1.19287
    endloop
  endfacet
  facet normal 0.981082 -3.82132e-8 -0.193593
    outer loop
      vertex 0.0975452 0.257255 1.19496
      vertex 0.0971332 0.257042 1.19287
      vertex 0.0971332 0.331042 1.19287
    endloop
  endfacet
  facet normal 0.991575 2.23501e-7 -0.129537
    outer loop
      vertex 0.0971332 0.331042 1.19287
      vertex 0.0971332 0.257042 1.19287
      vertex 0.0965813 0.331042 1.18865
    endloop
  endfacet
  facet normal 0.985591 -0.00230481 -0.169129
    outer loop
      vertex 0.0971332 0.257042 1.19287
      vertex 0.0970823 0.257015 1.19257
      vertex 0.0965813 0.331042 1.18865
    endloop
  endfacet
  facet normal 0.989232 -0.00107132 -0.146349
    outer loop
      vertex 0.0965813 0.331042 1.18865
      vertex 0.0970823 0.257015 1.19257
      vertex 0.0967921 0.256865 1.19061
    endloop
  endfacet
  facet normal 0.954416 -0.000227151 -0.298479
    outer loop
      vertex 0.0993201 0.331042 1.2011
      vertex 0.0991773 0.258085 1.2007
      vertex 0.0980484 0.331042 1.19703
    endloop
  endfacet
  facet normal 0.955697 0 -0.294352
    outer loop
      vertex 0.0991773 0.258085 1.2007
      vertex 0.0980484 0.257513 1.19703
      vertex 0.0980484 0.331042 1.19703
    endloop
  endfacet
  facet normal 0.971781 0 -0.235885
    outer loop
      vertex 0.0980484 0.331042 1.19703
      vertex 0.0980484 0.257513 1.19703
      vertex 0.0975452 0.257255 1.19496
    endloop
  endfacet
  facet normal 0.925023 -0.000636094 -0.37991
    outer loop
      vertex 0.100939 0.331042 1.20504
      vertex 0.100088 0.258539 1.20309
      vertex 0.0993201 0.331042 1.2011
    endloop
  endfacet
  facet normal 0.933013 -8.01956e-8 -0.359843
    outer loop
      vertex 0.100088 0.258539 1.20309
      vertex 0.0993203 0.258156 1.2011
      vertex 0.0993201 0.331042 1.2011
    endloop
  endfacet
  facet normal 0.942061 1.43518e-7 -0.335442
    outer loop
      vertex 0.0993201 0.331042 1.2011
      vertex 0.0993203 0.258156 1.2011
      vertex 0.0991773 0.258085 1.2007
    endloop
  endfacet
  facet normal 0.796382 0 -0.604793
    outer loop
      vertex 0.107742 0.331042 1.21582
      vertex 0.105166 0.260941 1.21243
      vertex 0.105166 0.331042 1.21243
    endloop
  endfacet
  facet normal 0.845715 0 -0.533635
    outer loop
      vertex 0.105166 0.260941 1.21243
      vertex 0.102892 0.259893 1.20883
      vertex 0.105166 0.331042 1.21243
    endloop
  endfacet
  facet normal 0.845715 0 -0.533635
    outer loop
      vertex 0.105166 0.331042 1.21243
      vertex 0.102892 0.259893 1.20883
      vertex 0.102892 0.331042 1.20883
    endloop
  endfacet
  facet normal 0.868727 0 -0.495292
    outer loop
      vertex 0.102892 0.259893 1.20883
      vertex 0.102818 0.259858 1.2087
      vertex 0.102892 0.331042 1.20883
    endloop
  endfacet
  facet normal 0.888695 -8.77511e-5 -0.458498
    outer loop
      vertex 0.102892 0.331042 1.20883
      vertex 0.102818 0.259858 1.2087
      vertex 0.100939 0.331042 1.20504
    endloop
  endfacet
  facet normal 0.889391 0 -0.457148
    outer loop
      vertex 0.102818 0.259858 1.2087
      vertex 0.100939 0.258956 1.20504
      vertex 0.100939 0.331042 1.20504
    endloop
  endfacet
  facet normal 0.916566 0 -0.399883
    outer loop
      vertex 0.100939 0.331042 1.20504
      vertex 0.100939 0.258956 1.20504
      vertex 0.100088 0.258539 1.20309
    endloop
  endfacet
  facet normal 0.680246 0 -0.732984
    outer loop
      vertex 0.113726 0.331042 1.22188
      vertex 0.110603 0.26326 1.21898
      vertex 0.110603 0.331042 1.21898
    endloop
  endfacet
  facet normal 0.734756 0 -0.678331
    outer loop
      vertex 0.110603 0.26326 1.21898
      vertex 0.108339 0.262328 1.21653
      vertex 0.110603 0.331042 1.21898
    endloop
  endfacet
  facet normal 0.741093 -0.000455947 -0.671402
    outer loop
      vertex 0.110603 0.331042 1.21898
      vertex 0.108339 0.262328 1.21653
      vertex 0.107742 0.331042 1.21582
    endloop
  endfacet
  facet normal 0.763421 0 -0.645901
    outer loop
      vertex 0.108339 0.262328 1.21653
      vertex 0.107742 0.262074 1.21582
      vertex 0.107742 0.331042 1.21582
    endloop
  endfacet
  facet normal 0.796382 0 -0.604793
    outer loop
      vertex 0.107742 0.331042 1.21582
      vertex 0.107742 0.262074 1.21582
      vertex 0.105166 0.260941 1.21243
    endloop
  endfacet
  facet normal 0.585707 -0.00232867 -0.81052
    outer loop
      vertex 0.117087 0.265652 1.22449
      vertex 0.116534 0.265465 1.22409
      vertex 0.113726 0.331042 1.22188
    endloop
  endfacet
  facet normal 0.619761 0 -0.784791
    outer loop
      vertex 0.116534 0.265465 1.22409
      vertex 0.113726 0.264465 1.22188
      vertex 0.113726 0.331042 1.22188
    endloop
  endfacet
  facet normal 0.680246 0 -0.732984
    outer loop
      vertex 0.113726 0.331042 1.22188
      vertex 0.113726 0.264465 1.22188
      vertex 0.110603 0.26326 1.21898
    endloop
  endfacet
  facet normal 0.614303 0 -0.789071
    outer loop
      vertex 0.113726 0.331042 1.22188
      vertex 0.117087 0.331042 1.22449
      vertex 0.117087 0.265652 1.22449
    endloop
  endfacet
  facet normal 0.543739 0 -0.839254
    outer loop
      vertex 0.117087 0.331042 1.22449
      vertex 0.120663 0.331042 1.22681
      vertex 0.117087 0.265652 1.22449
    endloop
  endfacet
  facet normal 0.543739 0 -0.839254
    outer loop
      vertex 0.117087 0.265652 1.22449
      vertex 0.120663 0.331042 1.22681
      vertex 0.120663 0.266785 1.22681
    endloop
  endfacet
  facet normal 0.469135 0 -0.883126
    outer loop
      vertex 0.124426 0.331042 1.22881
      vertex 0.124426 0.267828 1.22881
      vertex 0.120663 0.331042 1.22681
    endloop
  endfacet
  facet normal 0.450242 -0.00143373 -0.892905
    outer loop
      vertex 0.124426 0.267828 1.22881
      vertex 0.122519 0.267319 1.22785
      vertex 0.120663 0.331042 1.22681
    endloop
  endfacet
  facet normal 0.488182 0 -0.872742
    outer loop
      vertex 0.120663 0.331042 1.22681
      vertex 0.122519 0.267319 1.22785
      vertex 0.120663 0.266785 1.22681
    endloop
  endfacet
  facet normal 0.309923 -1.36558e-6 -0.950762
    outer loop
      vertex 0.128347 0.331042 1.23047
      vertex 0.132398 0.331042 1.2318
      vertex 0.132395 0.269501 1.23179
    endloop
  endfacet
  facet normal 0.284231 -0.00186279 -0.958754
    outer loop
      vertex 0.132395 0.269501 1.23179
      vertex 0.130877 0.26924 1.23134
      vertex 0.128347 0.331042 1.23047
    endloop
  endfacet
  facet normal 0.325229 0 -0.945635
    outer loop
      vertex 0.130877 0.26924 1.23134
      vertex 0.128347 0.268744 1.23047
      vertex 0.128347 0.331042 1.23047
    endloop
  endfacet
  facet normal 0.390962 0 -0.920407
    outer loop
      vertex 0.128347 0.331042 1.23047
      vertex 0.128347 0.268744 1.23047
      vertex 0.124426 0.331042 1.22881
    endloop
  endfacet
  facet normal 0.371291 -0.001455 -0.928515
    outer loop
      vertex 0.128347 0.268744 1.23047
      vertex 0.12636 0.268302 1.22968
      vertex 0.124426 0.331042 1.22881
    endloop
  endfacet
  facet normal 0.410891 0 -0.911684
    outer loop
      vertex 0.124426 0.331042 1.22881
      vertex 0.12636 0.268302 1.22968
      vertex 0.124426 0.267828 1.22881
    endloop
  endfacet
  facet normal 0.141416 0 -0.98995
    outer loop
      vertex 0.140765 0.331042 1.23336
      vertex 0.140765 0.270439 1.23336
      vertex 0.136547 0.331042 1.23276
    endloop
  endfacet
  facet normal 0.12013 -0.00150932 -0.992757
    outer loop
      vertex 0.140765 0.270439 1.23336
      vertex 0.138643 0.270283 1.23311
      vertex 0.136547 0.331042 1.23276
    endloop
  endfacet
  facet normal 0.162877 0 -0.986646
    outer loop
      vertex 0.138643 0.270283 1.23311
      vertex 0.136547 0.270074 1.23276
      vertex 0.136547 0.331042 1.23276
    endloop
  endfacet
  facet normal 0.226513 0 -0.974008
    outer loop
      vertex 0.136547 0.331042 1.23276
      vertex 0.136547 0.270074 1.23276
      vertex 0.132398 0.331042 1.2318
    endloop
  endfacet
  facet normal 0.205564 -0.00149928 -0.978643
    outer loop
      vertex 0.136547 0.270074 1.23276
      vertex 0.13446 0.269812 1.23232
      vertex 0.132398 0.331042 1.2318
    endloop
  endfacet
  facet normal 0.247621 1.40206e-6 -0.968857
    outer loop
      vertex 0.132398 0.331042 1.2318
      vertex 0.13446 0.269812 1.23232
      vertex 0.132395 0.269501 1.23179
    endloop
  endfacet
  facet normal 0.0336822 -0.00152381 -0.999431
    outer loop
      vertex 0.142893 0.270539 1.23353
      vertex 0.140765 0.331042 1.23336
      vertex 0.145019 0.270583 1.2336
    endloop
  endfacet
  facet normal 0.0552858 0 -0.998471
    outer loop
      vertex 0.140765 0.331042 1.23336
      vertex 0.145019 0.331042 1.2336
      vertex 0.145019 0.270583 1.2336
    endloop
  endfacet
  facet normal -0.00975153 0 -0.999952
    outer loop
      vertex 0.145019 0.270583 1.2336
      vertex 0.145019 0.331042 1.2336
      vertex 0.147155 0.27057 1.23358
    endloop
  endfacet
  facet normal -0.0313263 -0.000762089 -0.999509
    outer loop
      vertex 0.145019 0.331042 1.2336
      vertex 0.149277 0.331042 1.23347
      vertex 0.147155 0.27057 1.23358
    endloop
  endfacet
  facet normal -0.0529873 0 -0.998595
    outer loop
      vertex 0.147155 0.27057 1.23358
      vertex 0.149277 0.331042 1.23347
      vertex 0.149277 0.270501 1.23347
    endloop
  endfacet
  facet normal -0.0960502 0 -0.995376
    outer loop
      vertex 0.149277 0.270501 1.23347
      vertex 0.149277 0.331042 1.23347
      vertex 0.151399 0.270376 1.23326
    endloop
  endfacet
  facet normal -0.117629 -0.000762536 -0.993057
    outer loop
      vertex 0.149277 0.331042 1.23347
      vertex 0.153508 0.331042 1.23296
      vertex 0.151399 0.270376 1.23326
    endloop
  endfacet
  facet normal -0.13917 0 -0.990269
    outer loop
      vertex 0.151399 0.270376 1.23326
      vertex 0.153508 0.331042 1.23296
      vertex 0.153508 0.270196 1.23296
    endloop
  endfacet
  facet normal -0.181785 0 -0.983338
    outer loop
      vertex 0.153508 0.270196 1.23296
      vertex 0.153508 0.331042 1.23296
      vertex 0.1556 0.269964 1.23258
    endloop
  endfacet
  facet normal -0.203071 -0.000755534 -0.979164
    outer loop
      vertex 0.153508 0.331042 1.23296
      vertex 0.15768 0.331042 1.2321
      vertex 0.1556 0.269964 1.23258
    endloop
  endfacet
  facet normal -0.224198 0 -0.974544
    outer loop
      vertex 0.1556 0.269964 1.23258
      vertex 0.15768 0.331042 1.2321
      vertex 0.15768 0.26968 1.2321
    endloop
  endfacet
  facet normal -0.272406 0 -0.962182
    outer loop
      vertex 0.15768 0.26968 1.2321
      vertex 0.15768 0.331042 1.2321
      vertex 0.160342 0.26924 1.23134
    endloop
  endfacet
  facet normal -0.286998 -0.000680423 -0.957931
    outer loop
      vertex 0.15768 0.331042 1.2321
      vertex 0.161761 0.331042 1.23088
      vertex 0.160342 0.26924 1.23134
    endloop
  endfacet
  facet normal -0.313865 6.6784e-7 -0.949468
    outer loop
      vertex 0.160342 0.26924 1.23134
      vertex 0.161761 0.331042 1.23088
      vertex 0.161764 0.26897 1.23088
    endloop
  endfacet
  facet normal -0.348688 -9.24913e-7 -0.937239
    outer loop
      vertex 0.161764 0.26897 1.23088
      vertex 0.161761 0.331042 1.23088
      vertex 0.163765 0.268551 1.23013
    endloop
  endfacet
  facet normal -0.368789 -0.000737637 -0.929513
    outer loop
      vertex 0.161761 0.331042 1.23088
      vertex 0.165721 0.331042 1.2293
      vertex 0.163765 0.268551 1.23013
    endloop
  endfacet
  facet normal -0.38888 0 -0.921289
    outer loop
      vertex 0.163765 0.268551 1.23013
      vertex 0.165721 0.331042 1.2293
      vertex 0.165721 0.268096 1.2293
    endloop
  endfacet
  facet normal -0.428366 0 -0.903605
    outer loop
      vertex 0.165721 0.268096 1.2293
      vertex 0.165721 0.331042 1.2293
      vertex 0.167649 0.267604 1.22839
    endloop
  endfacet
  facet normal -0.447795 -0.000726759 -0.894136
    outer loop
      vertex 0.165721 0.331042 1.2293
      vertex 0.169531 0.331042 1.2274
      vertex 0.167649 0.267604 1.22839
    endloop
  endfacet
  facet normal -0.46706 0 -0.884226
    outer loop
      vertex 0.167649 0.267604 1.22839
      vertex 0.169531 0.331042 1.2274
      vertex 0.169531 0.267085 1.2274
    endloop
  endfacet
  facet normal -0.523458 0 -0.852052
    outer loop
      vertex 0.169531 0.331042 1.2274
      vertex 0.173161 0.331042 1.22517
      vertex 0.169531 0.267085 1.2274
    endloop
  endfacet
  facet normal -0.523458 0 -0.852052
    outer loop
      vertex 0.169531 0.267085 1.2274
      vertex 0.173161 0.331042 1.22517
      vertex 0.173161 0.265973 1.22517
    endloop
  endfacet
  facet normal -0.575238 0 -0.817986
    outer loop
      vertex 0.173161 0.265973 1.22517
      vertex 0.173161 0.331042 1.22517
      vertex 0.174665 0.265471 1.22411
    endloop
  endfacet
  facet normal -0.595197 -0.00069011 -0.80358
    outer loop
      vertex 0.173161 0.331042 1.22517
      vertex 0.176585 0.331042 1.22263
      vertex 0.174665 0.265471 1.22411
    endloop
  endfacet
  facet normal -0.6101 0 -0.792324
    outer loop
      vertex 0.174665 0.265471 1.22411
      vertex 0.176585 0.331042 1.22263
      vertex 0.176585 0.264797 1.22263
    endloop
  endfacet
  facet normal -0.662464 0 -0.749093
    outer loop
      vertex 0.176585 0.331042 1.22263
      vertex 0.179776 0.331042 1.21981
      vertex 0.176585 0.264797 1.22263
    endloop
  endfacet
  facet normal -0.662464 0 -0.749093
    outer loop
      vertex 0.176585 0.264797 1.22263
      vertex 0.179776 0.331042 1.21981
      vertex 0.179776 0.263593 1.21981
    endloop
  endfacet
  facet normal -0.724766 0 -0.688995
    outer loop
      vertex 0.179776 0.331042 1.21981
      vertex 0.182712 0.331042 1.21672
      vertex 0.179776 0.263593 1.21981
    endloop
  endfacet
  facet normal -0.724766 0 -0.688995
    outer loop
      vertex 0.179776 0.263593 1.21981
      vertex 0.182712 0.331042 1.21672
      vertex 0.182712 0.262399 1.21672
    endloop
  endfacet
  facet normal -0.75572 0 -0.654895
    outer loop
      vertex 0.182712 0.262399 1.21672
      vertex 0.182712 0.331042 1.21672
      vertex 0.18289 0.262324 1.21651
    endloop
  endfacet
  facet normal -0.781652 -0.000160717 -0.623714
    outer loop
      vertex 0.182712 0.331042 1.21672
      vertex 0.185369 0.331042 1.21339
      vertex 0.18289 0.262324 1.21651
    endloop
  endfacet
  facet normal -0.783377 0 -0.621547
    outer loop
      vertex 0.18289 0.262324 1.21651
      vertex 0.185369 0.331042 1.21339
      vertex 0.185369 0.261248 1.21339
    endloop
  endfacet
  facet normal -0.818319 0 -0.574765
    outer loop
      vertex 0.185369 0.331042 1.21339
      vertex 0.186382 0.331042 1.21195
      vertex 0.185369 0.261248 1.21339
    endloop
  endfacet
  facet normal -0.832574 0.000637623 -0.553914
    outer loop
      vertex 0.185369 0.261248 1.21339
      vertex 0.186382 0.331042 1.21195
      vertex 0.187728 0.260173 1.20984
    endloop
  endfacet
  facet normal -0.842452 0 -0.538771
    outer loop
      vertex 0.186382 0.331042 1.21195
      vertex 0.187728 0.331042 1.20984
      vertex 0.187728 0.260173 1.20984
    endloop
  endfacet
  facet normal -0.862763 0 -0.505608
    outer loop
      vertex 0.187728 0.260173 1.20984
      vertex 0.187728 0.331042 1.20984
      vertex 0.188401 0.259858 1.2087
    endloop
  endfacet
  facet normal -0.877438 -0.000556461 -0.479689
    outer loop
      vertex 0.187728 0.331042 1.20984
      vertex 0.189772 0.331042 1.2061
      vertex 0.188401 0.259858 1.2087
    endloop
  endfacet
  facet normal -0.883841 0 -0.467788
    outer loop
      vertex 0.188401 0.259858 1.2087
      vertex 0.189772 0.331042 1.2061
      vertex 0.189772 0.259203 1.2061
    endloop
  endfacet
  facet normal -0.906704 0 -0.421767
    outer loop
      vertex 0.189772 0.259203 1.2061
      vertex 0.189772 0.331042 1.2061
      vertex 0.190669 0.258766 1.20418
    endloop
  endfacet
  facet normal -0.915645 -0.000638352 -0.401987
    outer loop
      vertex 0.189772 0.331042 1.2061
      vertex 0.191485 0.331042 1.2022
      vertex 0.190669 0.258766 1.20418
    endloop
  endfacet
  facet normal -0.924115 0 -0.382115
    outer loop
      vertex 0.190669 0.258766 1.20418
      vertex 0.191485 0.331042 1.2022
      vertex 0.191485 0.258363 1.2022
    endloop
  endfacet
  facet normal -0.937968 0 -0.346722
    outer loop
      vertex 0.191485 0.258363 1.2022
      vertex 0.191485 0.331042 1.2022
      vertex 0.192042 0.258085 1.2007
    endloop
  endfacet
  facet normal -0.946978 -0.000593832 -0.321297
    outer loop
      vertex 0.191485 0.331042 1.2022
      vertex 0.192854 0.331042 1.19817
      vertex 0.192042 0.258085 1.2007
    endloop
  endfacet
  facet normal -0.952095 0 -0.305802
    outer loop
      vertex 0.192042 0.258085 1.2007
      vertex 0.192854 0.331042 1.19817
      vertex 0.192854 0.257675 1.19817
    endloop
  endfacet
  facet normal 0 -1 0
    outer loop
      vertex 0.110603 0.331042 1.21898
      vertex 0.107742 0.331042 1.21582
      vertex 0.114113 0.331042 1.21195
    endloop
  endfacet
  facet normal 0 -1 0
    outer loop
      vertex 0.114113 0.331042 1.21195
      vertex 0.186382 0.331042 1.21195
      vertex 0.185369 0.331042 1.21339
    endloop
  endfacet
  facet normal 0 -1 0
    outer loop
      vertex 0.149277 0.331042 1.13531
      vertex 0.153508 0.331042 1.13581
      vertex 0.114113 0.331042 1.15683
    endloop
  endfacet
  facet normal 0 -1 0
    outer loop
      vertex 0.182712 0.331042 1.21672
      vertex 0.140765 0.331042 1.23336
      vertex 0.185369 0.331042 1.21339
    endloop
  endfacet
  facet normal 0 -1 0
    outer loop
      vertex 0.140765 0.331042 1.23336
      vertex 0.136547 0.331042 1.23276
      vertex 0.185369 0.331042 1.21339
    endloop
  endfacet
  facet normal 0 -1 0
    outer loop
      vertex 0.176585 0.331042 1.14615
      vertex 0.179776 0.331042 1.14897
      vertex 0.114113 0.331042 1.15683
    endloop
  endfacet
  facet normal 0 -1 0
    outer loop
      vertex 0.136547 0.331042 1.23276
      vertex 0.132398 0.331042 1.2318
      vertex 0.185369 0.331042 1.21339
    endloop
  endfacet
  facet normal 0 -1 0
    outer loop
      vertex 0.132398 0.331042 1.2318
      vertex 0.128347 0.331042 1.23047
      vertex 0.185369 0.331042 1.21339
    endloop
  endfacet
  facet normal 0 -1 0
    outer loop
      vertex 0.185369 0.331042 1.21339
      vertex 0.128347 0.331042 1.23047
      vertex 0.124426 0.331042 1.22881
    endloop
  endfacet
  facet normal 0 -1 0
    outer loop
      vertex 0.105166 0.331042 1.15635
      vertex 0.107742 0.331042 1.15296
      vertex 0.114113 0.331042 1.15683
    endloop
  endfacet
  facet normal 0 -1 0
    outer loop
      vertex 0.107742 0.331042 1.15296
      vertex 0.110603 0.331042 1.1498
      vertex 0.114113 0.331042 1.15683
    endloop
  endfacet
  facet normal 0 -1 0
    outer loop
      vertex 0.153508 0.331042 1.13581
      vertex 0.15768 0.331042 1.13668
      vertex 0.114113 0.331042 1.15683
    endloop
  endfacet
  facet normal 0 -1 0
    outer loop
      vertex 0.15768 0.331042 1.13668
      vertex 0.161761 0.331042 1.1379
      vertex 0.114113 0.331042 1.15683
    endloop
  endfacet
  facet normal 0 -1 0
    outer loop
      vertex 0.114113 0.331042 1.15683
      vertex 0.161761 0.331042 1.1379
      vertex 0.165721 0.331042 1.13947
    endloop
  endfacet
  facet normal 0 -1 0
    outer loop
      vertex 0.179776 0.331042 1.14897
      vertex 0.182712 0.331042 1.15206
      vertex 0.114113 0.331042 1.15683
    endloop
  endfacet
  facet normal 0 -1 0
    outer loop
      vertex 0.182712 0.331042 1.15206
      vertex 0.185369 0.331042 1.15539
      vertex 0.114113 0.331042 1.15683
    endloop
  endfacet
  facet normal 0 -1 0
    outer loop
      vertex 0.114113 0.331042 1.15683
      vertex 0.185369 0.331042 1.15539
      vertex 0.186382 0.331042 1.15683
    endloop
  endfacet
  facet normal 0 -1 0
    outer loop
      vertex 0.107742 0.331042 1.21582
      vertex 0.105166 0.331042 1.21243
      vertex 0.114113 0.331042 1.21195
    endloop
  endfacet
  facet normal 0 -1 0
    outer loop
      vertex 0.105166 0.331042 1.21243
      vertex 0.102892 0.331042 1.20883
      vertex 0.114113 0.331042 1.21195
    endloop
  endfacet
  facet normal 0 -1 0
    outer loop
      vertex 0.114113 0.331042 1.21195
      vertex 0.102892 0.331042 1.20883
      vertex 0.114113 0.331042 1.15683
    endloop
  endfacet
  facet normal 0 -1 0
    outer loop
      vertex 0.102892 0.331042 1.20883
      vertex 0.100939 0.331042 1.20504
      vertex 0.114113 0.331042 1.15683
    endloop
  endfacet
  facet normal 0 -1 0
    outer loop
      vertex 0.114113 0.331042 1.15683
      vertex 0.100939 0.331042 1.20504
      vertex 0.0993201 0.331042 1.2011
    endloop
  endfacet
  facet normal 0 -1 0
    outer loop
      vertex 0.0965813 0.331042 1.18865
      vertex 0.0963969 0.331042 1.18439
      vertex 0.114113 0.331042 1.15683
    endloop
  endfacet
  facet normal 0 -1 0
    outer loop
      vertex 0.0963969 0.331042 1.18439
      vertex 0.0965813 0.331042 1.18013
      vertex 0.114113 0.331042 1.15683
    endloop
  endfacet
  facet normal 0 -1 0
    outer loop
      vertex 0.114113 0.331042 1.15683
      vertex 0.120663 0.331042 1.14197
      vertex 0.124426 0.331042 1.13997
    endloop
  endfacet
  facet normal 0 -1 0
    outer loop
      vertex 0.165721 0.331042 1.13947
      vertex 0.169531 0.331042 1.14138
      vertex 0.114113 0.331042 1.15683
    endloop
  endfacet
  facet normal 0 -1 0
    outer loop
      vertex 0.169531 0.331042 1.14138
      vertex 0.173161 0.331042 1.14361
      vertex 0.114113 0.331042 1.15683
    endloop
  endfacet
  facet normal 0 -1 0
    outer loop
      vertex 0.114113 0.331042 1.15683
      vertex 0.173161 0.331042 1.14361
      vertex 0.176585 0.331042 1.14615
    endloop
  endfacet
  facet normal 0 -1 0
    outer loop
      vertex 0.0993201 0.331042 1.2011
      vertex 0.0980484 0.331042 1.19703
      vertex 0.114113 0.331042 1.15683
    endloop
  endfacet
  facet normal 0 -1 0
    outer loop
      vertex 0.0980484 0.331042 1.19703
      vertex 0.0971332 0.331042 1.19287
      vertex 0.114113 0.331042 1.15683
    endloop
  endfacet
  facet normal 0 -1 0
    outer loop
      vertex 0.114113 0.331042 1.15683
      vertex 0.0971332 0.331042 1.19287
      vertex 0.0965813 0.331042 1.18865
    endloop
  endfacet
  facet normal 0 -1 0
    outer loop
      vertex 0.0965813 0.331042 1.18013
      vertex 0.0971332 0.331042 1.17591
      vertex 0.114113 0.331042 1.15683
    endloop
  endfacet
  facet normal 0 -1 0
    outer loop
      vertex 0.0971332 0.331042 1.17591
      vertex 0.0980484 0.331042 1.17175
      vertex 0.114113 0.331042 1.15683
    endloop
  endfacet
  facet normal 0 -1 0
    outer loop
      vertex 0.114113 0.331042 1.15683
      vertex 0.0980484 0.331042 1.17175
      vertex 0.0993201 0.331042 1.16768
    endloop
  endfacet
  facet normal 0 -1 0
    outer loop
      vertex 0.0993201 0.331042 1.16768
      vertex 0.100939 0.331042 1.16374
      vertex 0.114113 0.331042 1.15683
    endloop
  endfacet
  facet normal 0 -1 0
    outer loop
      vertex 0.100939 0.331042 1.16374
      vertex 0.102892 0.331042 1.15995
      vertex 0.114113 0.331042 1.15683
    endloop
  endfacet
  facet normal 0 -1 0
    outer loop
      vertex 0.114113 0.331042 1.15683
      vertex 0.102892 0.331042 1.15995
      vertex 0.105166 0.331042 1.15635
    endloop
  endfacet
  facet normal 0 -1 0
    outer loop
      vertex 0.182712 0.331042 1.21672
      vertex 0.179776 0.331042 1.21981
      vertex 0.176585 0.331042 1.22263
    endloop
  endfacet
  facet normal 0 -1 0
    outer loop
      vertex 0.124426 0.331042 1.22881
      vertex 0.120663 0.331042 1.22681
      vertex 0.185369 0.331042 1.21339
    endloop
  endfacet
  facet normal 0 -1 0
    outer loop
      vertex 0.120663 0.331042 1.22681
      vertex 0.117087 0.331042 1.22449
      vertex 0.185369 0.331042 1.21339
    endloop
  endfacet
  facet normal 0 -1 0
    outer loop
      vertex 0.185369 0.331042 1.21339
      vertex 0.117087 0.331042 1.22449
      vertex 0.114113 0.331042 1.21195
    endloop
  endfacet
  facet normal 0 -1 0
    outer loop
      vertex 0.117087 0.331042 1.22449
      vertex 0.113726 0.331042 1.22188
      vertex 0.114113 0.331042 1.21195
    endloop
  endfacet
  facet normal 0 -1 0
    outer loop
      vertex 0.114113 0.331042 1.21195
      vertex 0.113726 0.331042 1.22188
      vertex 0.110603 0.331042 1.21898
    endloop
  endfacet
  facet normal 0 -1 0
    outer loop
      vertex 0.110603 0.331042 1.1498
      vertex 0.113726 0.331042 1.1469
      vertex 0.114113 0.331042 1.15683
    endloop
  endfacet
  facet normal 0 -1 0
    outer loop
      vertex 0.113726 0.331042 1.1469
      vertex 0.117087 0.331042 1.14428
      vertex 0.114113 0.331042 1.15683
    endloop
  endfacet
  facet normal 0 -1 0
    outer loop
      vertex 0.114113 0.331042 1.15683
      vertex 0.117087 0.331042 1.14428
      vertex 0.120663 0.331042 1.14197
    endloop
  endfacet
  facet normal 0 -1 0
    outer loop
      vertex 0.124426 0.331042 1.13997
      vertex 0.128347 0.331042 1.1383
      vertex 0.114113 0.331042 1.15683
    endloop
  endfacet
  facet normal 0 -1 0
    outer loop
      vertex 0.128347 0.331042 1.1383
      vertex 0.132398 0.331042 1.13698
      vertex 0.114113 0.331042 1.15683
    endloop
  endfacet
  facet normal 0 -1 0
    outer loop
      vertex 0.114113 0.331042 1.15683
      vertex 0.132398 0.331042 1.13698
      vertex 0.136547 0.331042 1.13602
    endloop
  endfacet
  facet normal 0 -1 0
    outer loop
      vertex 0.136547 0.331042 1.13602
      vertex 0.140765 0.331042 1.13542
      vertex 0.114113 0.331042 1.15683
    endloop
  endfacet
  facet normal 0 -1 0
    outer loop
      vertex 0.140765 0.331042 1.13542
      vertex 0.145019 0.331042 1.13518
      vertex 0.114113 0.331042 1.15683
    endloop
  endfacet
  facet normal 0 -1 0
    outer loop
      vertex 0.114113 0.331042 1.15683
      vertex 0.145019 0.331042 1.13518
      vertex 0.149277 0.331042 1.13531
    endloop
  endfacet
  facet normal 0 -1 0
    outer loop
      vertex 0.176585 0.331042 1.22263
      vertex 0.173161 0.331042 1.22517
      vertex 0.182712 0.331042 1.21672
    endloop
  endfacet
  facet normal 0 -1 0
    outer loop
      vertex 0.173161 0.331042 1.22517
      vertex 0.169531 0.331042 1.2274
      vertex 0.182712 0.331042 1.21672
    endloop
  endfacet
  facet normal 0 -1 0
    outer loop
      vertex 0.182712 0.331042 1.21672
      vertex 0.169531 0.331042 1.2274
      vertex 0.165721 0.331042 1.2293
    endloop
  endfacet
  facet normal 0 -1 0
    outer loop
      vertex 0.165721 0.331042 1.2293
      vertex 0.161761 0.331042 1.23088
      vertex 0.182712 0.331042 1.21672
    endloop
  endfacet
  facet normal 0 -1 0
    outer loop
      vertex 0.161761 0.331042 1.23088
      vertex 0.15768 0.331042 1.2321
      vertex 0.182712 0.331042 1.21672
    endloop
  endfacet
  facet normal 0 -1 0
    outer loop
      vertex 0.182712 0.331042 1.21672
      vertex 0.15768 0.331042 1.2321
      vertex 0.153508 0.331042 1.23296
    endloop
  endfacet
  facet normal 0 -1 0
    outer loop
      vertex 0.153508 0.331042 1.23296
      vertex 0.149277 0.331042 1.23347
      vertex 0.182712 0.331042 1.21672
    endloop
  endfacet
  facet normal 0 -1 0
    outer loop
      vertex 0.149277 0.331042 1.23347
      vertex 0.145019 0.331042 1.2336
      vertex 0.182712 0.331042 1.21672
    endloop
  endfacet
  facet normal 0 -1 0
    outer loop
      vertex 0.182712 0.331042 1.21672
      vertex 0.145019 0.331042 1.2336
      vertex 0.140765 0.331042 1.23336
    endloop
  endfacet
  facet normal 0 0 -1
    outer loop
      vertex 0.114113 0.331042 1.21195
      vertex 0.114113 0.440346 1.21195
      vertex 0.186382 0.331042 1.21195
    endloop
  endfacet
  facet normal 0 0 -1
    outer loop
      vertex 0.114113 0.440346 1.21195
      vertex 0.192854 0.440346 1.21195
      vertex 0.186382 0.331042 1.21195
    endloop
  endfacet
  facet normal 0 0 -1
    outer loop
      vertex 0.186382 0.331042 1.21195
      vertex 0.192854 0.440346 1.21195
      vertex 0.192854 0.331042 1.21195
    endloop
  endfacet
  facet normal 1 0 0
    outer loop
      vertex 0.114113 0.44128 1.2087
      vertex 0.114113 0.440346 1.21195
      vertex 0.114113 0.331042 1.21195
    endloop
  endfacet
  facet normal 1 0 0
    outer loop
      vertex 0.114113 0.331042 1.21195
      vertex 0.114113 0.331042 1.15683
      vertex 0.114113 0.440346 1.15683
    endloop
  endfacet
  facet normal 1 0 0
    outer loop
      vertex 0.114113 0.44128 1.2087
      vertex 0.114113 0.331042 1.21195
      vertex 0.114113 0.443054 1.2007
    endloop
  endfacet
  facet normal 1 0 0
    outer loop
      vertex 0.114113 0.440346 1.15683
      vertex 0.114113 0.44128 1.16008
      vertex 0.114113 0.331042 1.21195
    endloop
  endfacet
  facet normal 1 0 0
    outer loop
      vertex 0.114113 0.44128 1.16008
      vertex 0.114113 0.443054 1.16808
      vertex 0.114113 0.331042 1.21195
    endloop
  endfacet
  facet normal 1 0 0
    outer loop
      vertex 0.114113 0.331042 1.21195
      vertex 0.114113 0.443054 1.16808
      vertex 0.114113 0.444123 1.1762
    endloop
  endfacet
  facet normal 1 0 0
    outer loop
      vertex 0.114113 0.444123 1.1762
      vertex 0.114113 0.44448 1.18439
      vertex 0.114113 0.331042 1.21195
    endloop
  endfacet
  facet normal 1 0 0
    outer loop
      vertex 0.114113 0.44448 1.18439
      vertex 0.114113 0.444123 1.19257
      vertex 0.114113 0.331042 1.21195
    endloop
  endfacet
  facet normal 1 0 0
    outer loop
      vertex 0.114113 0.331042 1.21195
      vertex 0.114113 0.444123 1.19257
      vertex 0.114113 0.443054 1.2007
    endloop
  endfacet
  facet normal 0 -0.866025 -0.5
    outer loop
      vertex 0.0353733 0.25817 1.13104
      vertex 0.0353733 0.101871 1.40176
      vertex -0.104627 0.25817 1.13104
    endloop
  endfacet
  facet normal 0 -0.866025 -0.5
    outer loop
      vertex 0.0353733 0.101871 1.40176
      vertex -0.104627 0.101871 1.40176
      vertex -0.104627 0.25817 1.13104
    endloop
  endfacet
  facet normal 0 1 0
    outer loop
      vertex 0.192854 0.331042 1.15683
      vertex 0.186382 0.331042 1.15683
      vertex 0.187728 0.331042 1.15894
    endloop
  endfacet
  facet normal 0 1 0
    outer loop
      vertex 0.187728 0.331042 1.15894
      vertex 0.189772 0.331042 1.16267
      vertex 0.192854 0.331042 1.15683
    endloop
  endfacet
  facet normal 0 1 0
    outer loop
      vertex 0.189772 0.331042 1.16267
      vertex 0.191485 0.331042 1.16658
      vertex 0.192854 0.331042 1.15683
    endloop
  endfacet
  facet normal 0 1 0
    outer loop
      vertex 0.192854 0.331042 1.15683
      vertex 0.191485 0.331042 1.16658
      vertex 0.192854 0.331042 1.17061
    endloop
  endfacet
  facet normal 0 0.999048 -0.043619
    outer loop
      vertex 0.0353733 -0.00691113 1.65354
      vertex -0.104627 -0.00691113 1.65354
      vertex 0.0353733 -0.00658154 1.66109
    endloop
  endfacet
  facet normal 0 0.999048 -0.043619
    outer loop
      vertex -0.104627 -0.00691113 1.65354
      vertex -0.104627 -0.00658154 1.66109
      vertex 0.0353733 -0.00658154 1.66109
    endloop
  endfacet
  facet normal 0 0.991445 -0.130528
    outer loop
      vertex 0.0353733 -0.00658154 1.66109
      vertex -0.104627 -0.00658154 1.66109
      vertex 0.0353733 -0.00559527 1.66858
    endloop
  endfacet
  facet normal 0 0.991445 -0.130528
    outer loop
      vertex -0.104627 -0.00658154 1.66109
      vertex -0.104627 -0.00559527 1.66858
      vertex 0.0353733 -0.00559527 1.66858
    endloop
  endfacet
  facet normal 0 0.976297 -0.216437
    outer loop
      vertex 0.0353733 -0.00559527 1.66858
      vertex -0.104627 -0.00559527 1.66858
      vertex 0.0353733 -0.00395982 1.67596
    endloop
  endfacet
  facet normal 0 0.976297 -0.216437
    outer loop
      vertex -0.104627 -0.00559527 1.66858
      vertex -0.104627 -0.00395982 1.67596
      vertex 0.0353733 -0.00395982 1.67596
    endloop
  endfacet
  facet normal 0 0.953717 -0.300706
    outer loop
      vertex 0.0353733 -0.00395982 1.67596
      vertex -0.104627 -0.00395982 1.67596
      vertex 0.0353733 -0.00168766 1.68317
    endloop
  endfacet
  facet normal 0 0.953717 -0.300706
    outer loop
      vertex -0.104627 -0.00395982 1.67596
      vertex -0.104627 -0.00168766 1.68317
      vertex 0.0353733 -0.00168766 1.68317
    endloop
  endfacet
  facet normal 0 0.92388 -0.382682
    outer loop
      vertex 0.0353733 -0.00168766 1.68317
      vertex -0.104627 -0.00168766 1.68317
      vertex 0.0353733 0.00120394 1.69015
    endloop
  endfacet
  facet normal 0 0.92388 -0.382682
    outer loop
      vertex -0.104627 -0.00168766 1.68317
      vertex -0.104627 0.00120394 1.69015
      vertex 0.0353733 0.00120394 1.69015
    endloop
  endfacet
  facet normal 0 0.887009 -0.461752
    outer loop
      vertex 0.0353733 0.00120394 1.69015
      vertex -0.104627 0.00120394 1.69015
      vertex 0.0353733 0.00469297 1.69685
    endloop
  endfacet
  facet normal 0 0.887009 -0.461752
    outer loop
      vertex -0.104627 0.00120394 1.69015
      vertex -0.104627 0.00469297 1.69685
      vertex 0.0353733 0.00469297 1.69685
    endloop
  endfacet
  facet normal 0 0.843391 -0.537301
    outer loop
      vertex 0.0353733 0.00469297 1.69685
      vertex -0.104627 0.00469297 1.69685
      vertex 0.0353733 0.00875287 1.70322
    endloop
  endfacet
  facet normal 0 0.843391 -0.537301
    outer loop
      vertex -0.104627 0.00469297 1.69685
      vertex -0.104627 0.00875287 1.70322
      vertex 0.0353733 0.00875287 1.70322
    endloop
  endfacet
  facet normal 0 0.793359 -0.608754
    outer loop
      vertex 0.0353733 0.00875287 1.70322
      vertex -0.104627 0.00875287 1.70322
      vertex 0.0353733 0.0133527 1.70922
    endloop
  endfacet
  facet normal 0 0.793359 -0.608754
    outer loop
      vertex -0.104627 0.00875287 1.70322
      vertex -0.104627 0.0133527 1.70922
      vertex 0.0353733 0.0133527 1.70922
    endloop
  endfacet
  facet normal 0 0.737276 -0.675592
    outer loop
      vertex 0.0353733 0.0133527 1.70922
      vertex -0.104627 0.0133527 1.70922
      vertex 0.0353733 0.0184576 1.71479
    endloop
  endfacet
  facet normal 0 0.737276 -0.675592
    outer loop
      vertex -0.104627 0.0133527 1.70922
      vertex -0.104627 0.0184576 1.71479
      vertex 0.0353733 0.0184576 1.71479
    endloop
  endfacet
  facet normal 0 0.675589 -0.737278
    outer loop
      vertex 0.0353733 0.0184576 1.71479
      vertex -0.104627 0.0184576 1.71479
      vertex 0.0353733 0.0240285 1.71989
    endloop
  endfacet
  facet normal 0 0.675589 -0.737278
    outer loop
      vertex -0.104627 0.0184576 1.71479
      vertex -0.104627 0.0240285 1.71989
      vertex 0.0353733 0.0240285 1.71989
    endloop
  endfacet
  facet normal 0 0.60876 -0.793354
    outer loop
      vertex 0.0353733 0.0240285 1.71989
      vertex -0.104627 0.0240285 1.71989
      vertex 0.0353733 0.0300232 1.72449
    endloop
  endfacet
  facet normal 0 0.60876 -0.793354
    outer loop
      vertex -0.104627 0.0240285 1.71989
      vertex -0.104627 0.0300232 1.72449
      vertex 0.0353733 0.0300232 1.72449
    endloop
  endfacet
  facet normal 0 0.537294 -0.843395
    outer loop
      vertex 0.0353733 0.0300232 1.72449
      vertex -0.104627 0.0300232 1.72449
      vertex 0.0353733 0.036396 1.72855
    endloop
  endfacet
  facet normal 0 0.537294 -0.843395
    outer loop
      vertex -0.104627 0.0300232 1.72449
      vertex -0.104627 0.036396 1.72855
      vertex 0.0353733 0.036396 1.72855
    endloop
  endfacet
  facet normal 0 0.461747 -0.887012
    outer loop
      vertex 0.0353733 0.036396 1.72855
      vertex -0.104627 0.036396 1.72855
      vertex 0.0353733 0.0430983 1.73204
    endloop
  endfacet
  facet normal 0 0.461747 -0.887012
    outer loop
      vertex -0.104627 0.036396 1.72855
      vertex -0.104627 0.0430983 1.73204
      vertex 0.0353733 0.0430983 1.73204
    endloop
  endfacet
  facet normal 0 0.382689 -0.923877
    outer loop
      vertex 0.0353733 0.0430983 1.73204
      vertex -0.104627 0.0430983 1.73204
      vertex 0.0353733 0.0500792 1.73493
    endloop
  endfacet
  facet normal 0 0.382689 -0.923877
    outer loop
      vertex -0.104627 0.0430983 1.73204
      vertex -0.104627 0.0500792 1.73493
      vertex 0.0353733 0.0500792 1.73493
    endloop
  endfacet
  facet normal 0 0.300702 -0.953718
    outer loop
      vertex 0.0353733 0.0500792 1.73493
      vertex -0.104627 0.0500792 1.73493
      vertex 0.0353733 0.0572856 1.73721
    endloop
  endfacet
  facet normal 0 0.300702 -0.953718
    outer loop
      vertex -0.104627 0.0500792 1.73493
      vertex -0.104627 0.0572856 1.73721
      vertex 0.0353733 0.0572856 1.73721
    endloop
  endfacet
  facet normal 0 0.216442 -0.976295
    outer loop
      vertex 0.0353733 0.0572856 1.73721
      vertex -0.104627 0.0572856 1.73721
      vertex 0.0353733 0.0646626 1.73884
    endloop
  endfacet
  facet normal 0 0.216442 -0.976295
    outer loop
      vertex -0.104627 0.0572856 1.73721
      vertex -0.104627 0.0646626 1.73884
      vertex 0.0353733 0.0646626 1.73884
    endloop
  endfacet
  facet normal 0 0.130533 -0.991444
    outer loop
      vertex 0.0353733 0.0646626 1.73884
      vertex -0.104627 0.0646626 1.73884
      vertex 0.0353733 0.0721541 1.73983
    endloop
  endfacet
  facet normal 0 0.130533 -0.991444
    outer loop
      vertex -0.104627 0.0646626 1.73884
      vertex -0.104627 0.0721541 1.73983
      vertex 0.0353733 0.0721541 1.73983
    endloop
  endfacet
  facet normal 0 0.0436145 -0.999048
    outer loop
      vertex 0.0353733 0.0721541 1.73983
      vertex -0.104627 0.0721541 1.73983
      vertex 0.0353733 0.079703 1.74016
    endloop
  endfacet
  facet normal 0 0.0436145 -0.999048
    outer loop
      vertex -0.104627 0.0721541 1.73983
      vertex -0.104627 0.079703 1.74016
      vertex 0.0353733 0.079703 1.74016
    endloop
  endfacet
  facet normal 0 -0.0436145 -0.999048
    outer loop
      vertex 0.0353733 0.079703 1.74016
      vertex -0.104627 0.079703 1.74016
      vertex 0.0353733 0.087252 1.73983
    endloop
  endfacet
  facet normal 0 -0.0436145 -0.999048
    outer loop
      vertex -0.104627 0.079703 1.74016
      vertex -0.104627 0.087252 1.73983
      vertex 0.0353733 0.087252 1.73983
    endloop
  endfacet
  facet normal 0 -0.130533 -0.991444
    outer loop
      vertex 0.0353733 0.087252 1.73983
      vertex -0.104627 0.087252 1.73983
      vertex 0.0353733 0.0947434 1.73884
    endloop
  endfacet
  facet normal 0 -0.130533 -0.991444
    outer loop
      vertex -0.104627 0.087252 1.73983
      vertex -0.104627 0.0947434 1.73884
      vertex 0.0353733 0.0947434 1.73884
    endloop
  endfacet
  facet normal 0 -0.216442 -0.976295
    outer loop
      vertex 0.0353733 0.0947434 1.73884
      vertex -0.104627 0.0947434 1.73884
      vertex 0.0353733 0.10212 1.73721
    endloop
  endfacet
  facet normal 0 -0.216442 -0.976295
    outer loop
      vertex -0.104627 0.0947434 1.73884
      vertex -0.104627 0.10212 1.73721
      vertex 0.0353733 0.10212 1.73721
    endloop
  endfacet
  facet normal 0 -0.300701 -0.953718
    outer loop
      vertex 0.0353733 0.10212 1.73721
      vertex -0.104627 0.10212 1.73721
      vertex 0.0353733 0.109327 1.73493
    endloop
  endfacet
  facet normal 0 -0.300701 -0.953718
    outer loop
      vertex -0.104627 0.10212 1.73721
      vertex -0.104627 0.109327 1.73493
      vertex 0.0353733 0.109327 1.73493
    endloop
  endfacet
  facet normal 0 -0.382689 -0.923877
    outer loop
      vertex 0.0353733 0.109327 1.73493
      vertex -0.104627 0.109327 1.73493
      vertex 0.0353733 0.116308 1.73204
    endloop
  endfacet
  facet normal 0 -0.382689 -0.923877
    outer loop
      vertex -0.104627 0.109327 1.73493
      vertex -0.104627 0.116308 1.73204
      vertex 0.0353733 0.116308 1.73204
    endloop
  endfacet
  facet normal 0 -0.461747 -0.887012
    outer loop
      vertex 0.0353733 0.116308 1.73204
      vertex -0.104627 0.116308 1.73204
      vertex 0.0353733 0.12301 1.72855
    endloop
  endfacet
  facet normal 0 -0.461747 -0.887012
    outer loop
      vertex -0.104627 0.116308 1.73204
      vertex -0.104627 0.12301 1.72855
      vertex 0.0353733 0.12301 1.72855
    endloop
  endfacet
  facet normal 0 -0.537294 -0.843395
    outer loop
      vertex 0.0353733 0.12301 1.72855
      vertex -0.104627 0.12301 1.72855
      vertex 0.0353733 0.129383 1.72449
    endloop
  endfacet
  facet normal 0 -0.537294 -0.843395
    outer loop
      vertex -0.104627 0.12301 1.72855
      vertex -0.104627 0.129383 1.72449
      vertex 0.0353733 0.129383 1.72449
    endloop
  endfacet
  facet normal 0 -0.60876 -0.793355
    outer loop
      vertex 0.0353733 0.129383 1.72449
      vertex -0.104627 0.129383 1.72449
      vertex 0.0353733 0.135378 1.71989
    endloop
  endfacet
  facet normal 0 -0.60876 -0.793355
    outer loop
      vertex -0.104627 0.129383 1.72449
      vertex -0.104627 0.135378 1.71989
      vertex 0.0353733 0.135378 1.71989
    endloop
  endfacet
  facet normal 0 -0.675589 -0.737278
    outer loop
      vertex 0.0353733 0.135378 1.71989
      vertex -0.104627 0.135378 1.71989
      vertex 0.0353733 0.140949 1.71479
    endloop
  endfacet
  facet normal 0 -0.675589 -0.737278
    outer loop
      vertex -0.104627 0.135378 1.71989
      vertex -0.104627 0.140949 1.71479
      vertex 0.0353733 0.140949 1.71479
    endloop
  endfacet
  facet normal 0 -0.737275 -0.675592
    outer loop
      vertex 0.0353733 0.140949 1.71479
      vertex -0.104627 0.140949 1.71479
      vertex 0.0353733 0.146053 1.70922
    endloop
  endfacet
  facet normal 0 -0.737275 -0.675592
    outer loop
      vertex -0.104627 0.140949 1.71479
      vertex -0.104627 0.146053 1.70922
      vertex 0.0353733 0.146053 1.70922
    endloop
  endfacet
  facet normal 0 -0.793359 -0.608754
    outer loop
      vertex 0.0353733 0.146053 1.70922
      vertex -0.104627 0.146053 1.70922
      vertex 0.0353733 0.150653 1.70322
    endloop
  endfacet
  facet normal 0 -0.793359 -0.608754
    outer loop
      vertex -0.104627 0.146053 1.70922
      vertex -0.104627 0.150653 1.70322
      vertex 0.0353733 0.150653 1.70322
    endloop
  endfacet
  facet normal 0 -0.843391 -0.537301
    outer loop
      vertex 0.0353733 0.150653 1.70322
      vertex -0.104627 0.150653 1.70322
      vertex 0.0353733 0.154713 1.69685
    endloop
  endfacet
  facet normal 0 -0.843391 -0.537301
    outer loop
      vertex -0.104627 0.150653 1.70322
      vertex -0.104627 0.154713 1.69685
      vertex 0.0353733 0.154713 1.69685
    endloop
  endfacet
  facet normal 0 -0.88701 -0.461751
    outer loop
      vertex 0.0353733 0.154713 1.69685
      vertex -0.104627 0.154713 1.69685
      vertex 0.0353733 0.158202 1.69015
    endloop
  endfacet
  facet normal 0 -0.88701 -0.461751
    outer loop
      vertex -0.104627 0.154713 1.69685
      vertex -0.104627 0.158202 1.69015
      vertex 0.0353733 0.158202 1.69015
    endloop
  endfacet
  facet normal 0 -0.923879 -0.382684
    outer loop
      vertex 0.0353733 0.158202 1.69015
      vertex -0.104627 0.158202 1.69015
      vertex 0.0353733 0.161094 1.68317
    endloop
  endfacet
  facet normal 0 -0.923879 -0.382684
    outer loop
      vertex -0.104627 0.158202 1.69015
      vertex -0.104627 0.161094 1.68317
      vertex 0.0353733 0.161094 1.68317
    endloop
  endfacet
  facet normal 0 -0.953717 -0.300707
    outer loop
      vertex 0.0353733 0.161094 1.68317
      vertex -0.104627 0.161094 1.68317
      vertex 0.0353733 0.163366 1.67596
    endloop
  endfacet
  facet normal 0 -0.953717 -0.300707
    outer loop
      vertex -0.104627 0.161094 1.68317
      vertex -0.104627 0.163366 1.67596
      vertex 0.0353733 0.163366 1.67596
    endloop
  endfacet
  facet normal 0 -0.976297 -0.216437
    outer loop
      vertex 0.0353733 0.163366 1.67596
      vertex -0.104627 0.163366 1.67596
      vertex 0.0353733 0.165001 1.66858
    endloop
  endfacet
  facet normal 0 -0.976297 -0.216437
    outer loop
      vertex -0.104627 0.163366 1.67596
      vertex -0.104627 0.165001 1.66858
      vertex 0.0353733 0.165001 1.66858
    endloop
  endfacet
  facet normal 0 -0.991445 -0.130528
    outer loop
      vertex 0.0353733 0.165001 1.66858
      vertex -0.104627 0.165001 1.66858
      vertex 0.0353733 0.165988 1.66109
    endloop
  endfacet
  facet normal 0 -0.991445 -0.130528
    outer loop
      vertex -0.104627 0.165001 1.66858
      vertex -0.104627 0.165988 1.66109
      vertex 0.0353733 0.165988 1.66109
    endloop
  endfacet
  facet normal 0 -0.999048 -0.043619
    outer loop
      vertex 0.0353733 0.165988 1.66109
      vertex -0.104627 0.165988 1.66109
      vertex 0.0353733 0.166317 1.65354
    endloop
  endfacet
  facet normal 0 -0.999048 -0.043619
    outer loop
      vertex -0.104627 0.165988 1.66109
      vertex -0.104627 0.166317 1.65354
      vertex 0.0353733 0.166317 1.65354
    endloop
  endfacet
  facet normal 0 -0.999048 0.0436198
    outer loop
      vertex 0.0353733 0.166317 1.65354
      vertex -0.104627 0.166317 1.65354
      vertex 0.0353733 0.165988 1.64599
    endloop
  endfacet
  facet normal 0 -0.999048 0.0436198
    outer loop
      vertex -0.104627 0.166317 1.65354
      vertex -0.104627 0.165988 1.64599
      vertex 0.0353733 0.165988 1.64599
    endloop
  endfacet
  facet normal 0 -0.991445 0.130525
    outer loop
      vertex 0.0353733 0.165988 1.64599
      vertex -0.104627 0.165988 1.64599
      vertex 0.0353733 0.165001 1.6385
    endloop
  endfacet
  facet normal 0 -0.991445 0.130525
    outer loop
      vertex -0.104627 0.165988 1.64599
      vertex -0.104627 0.165001 1.6385
      vertex 0.0353733 0.165001 1.6385
    endloop
  endfacet
  facet normal 0 -0.976297 0.216437
    outer loop
      vertex 0.0353733 0.165001 1.6385
      vertex -0.104627 0.165001 1.6385
      vertex 0.0353733 0.163366 1.63113
    endloop
  endfacet
  facet normal 0 -0.976297 0.216437
    outer loop
      vertex -0.104627 0.165001 1.6385
      vertex -0.104627 0.163366 1.63113
      vertex 0.0353733 0.163366 1.63113
    endloop
  endfacet
  facet normal 0 -0.953717 0.300707
    outer loop
      vertex 0.0353733 0.163366 1.63113
      vertex -0.104627 0.163366 1.63113
      vertex 0.0353733 0.161094 1.62392
    endloop
  endfacet
  facet normal 0 -0.953717 0.300707
    outer loop
      vertex -0.104627 0.163366 1.63113
      vertex -0.104627 0.161094 1.62392
      vertex 0.0353733 0.161094 1.62392
    endloop
  endfacet
  facet normal 0 -0.923877 0.382691
    outer loop
      vertex 0.0353733 0.161094 1.62392
      vertex -0.104627 0.161094 1.62392
      vertex 0.0353733 0.158202 1.61694
    endloop
  endfacet
  facet normal 0 -0.923877 0.382691
    outer loop
      vertex -0.104627 0.161094 1.62392
      vertex -0.104627 0.158202 1.61694
      vertex 0.0353733 0.158202 1.61694
    endloop
  endfacet
  facet normal 0 -0.887014 0.461743
    outer loop
      vertex 0.0353733 0.158202 1.61694
      vertex -0.104627 0.158202 1.61694
      vertex 0.0353733 0.154713 1.61024
    endloop
  endfacet
  facet normal 0 -0.887014 0.461743
    outer loop
      vertex -0.104627 0.158202 1.61694
      vertex -0.104627 0.154713 1.61024
      vertex 0.0353733 0.154713 1.61024
    endloop
  endfacet
  facet normal 0 -0.843391 0.537301
    outer loop
      vertex 0.0353733 0.154713 1.61024
      vertex -0.104627 0.154713 1.61024
      vertex 0.0353733 0.150653 1.60386
    endloop
  endfacet
  facet normal 0 -0.843391 0.537301
    outer loop
      vertex -0.104627 0.154713 1.61024
      vertex -0.104627 0.150653 1.60386
      vertex 0.0353733 0.150653 1.60386
    endloop
  endfacet
  facet normal 0 -0.793352 0.608763
    outer loop
      vertex 0.0353733 0.150653 1.60386
      vertex -0.104627 0.150653 1.60386
      vertex 0.0353733 0.146053 1.59787
    endloop
  endfacet
  facet normal 0 -0.793352 0.608763
    outer loop
      vertex -0.104627 0.150653 1.60386
      vertex -0.104627 0.146053 1.59787
      vertex 0.0353733 0.146053 1.59787
    endloop
  endfacet
  facet normal 0 -0.737275 0.675592
    outer loop
      vertex 0.0353733 0.146053 1.59787
      vertex -0.104627 0.146053 1.59787
      vertex 0.0353733 0.140949 1.5923
    endloop
  endfacet
  facet normal 0 -0.737275 0.675592
    outer loop
      vertex -0.104627 0.146053 1.59787
      vertex -0.104627 0.140949 1.5923
      vertex 0.0353733 0.140949 1.5923
    endloop
  endfacet
  facet normal 0 -0.6756 0.737269
    outer loop
      vertex 0.0353733 0.140949 1.5923
      vertex -0.104627 0.140949 1.5923
      vertex 0.0353733 0.135378 1.58719
    endloop
  endfacet
  facet normal 0 -0.6756 0.737269
    outer loop
      vertex -0.104627 0.140949 1.5923
      vertex -0.104627 0.135378 1.58719
      vertex 0.0353733 0.135378 1.58719
    endloop
  endfacet
  facet normal 0 -0.60876 0.793355
    outer loop
      vertex 0.0353733 0.135378 1.58719
      vertex -0.104627 0.135378 1.58719
      vertex 0.0353733 0.129383 1.58259
    endloop
  endfacet
  facet normal 0 -0.60876 0.793355
    outer loop
      vertex -0.104627 0.135378 1.58719
      vertex -0.104627 0.129383 1.58259
      vertex 0.0353733 0.129383 1.58259
    endloop
  endfacet
  facet normal 0 -0.537294 0.843395
    outer loop
      vertex 0.0353733 0.129383 1.58259
      vertex -0.104627 0.129383 1.58259
      vertex 0.0353733 0.12301 1.57853
    endloop
  endfacet
  facet normal 0 -0.537294 0.843395
    outer loop
      vertex -0.104627 0.129383 1.58259
      vertex -0.104627 0.12301 1.57853
      vertex 0.0353733 0.12301 1.57853
    endloop
  endfacet
  facet normal 0 -0.461747 0.887012
    outer loop
      vertex 0.0353733 0.12301 1.57853
      vertex -0.104627 0.12301 1.57853
      vertex 0.0353733 0.116308 1.57504
    endloop
  endfacet
  facet normal 0 -0.461747 0.887012
    outer loop
      vertex -0.104627 0.12301 1.57853
      vertex -0.104627 0.116308 1.57504
      vertex 0.0353733 0.116308 1.57504
    endloop
  endfacet
  facet normal 0 -0.382689 0.923877
    outer loop
      vertex 0.0353733 0.116308 1.57504
      vertex -0.104627 0.116308 1.57504
      vertex 0.0353733 0.109327 1.57215
    endloop
  endfacet
  facet normal 0 -0.382689 0.923877
    outer loop
      vertex -0.104627 0.116308 1.57504
      vertex -0.104627 0.109327 1.57215
      vertex 0.0353733 0.109327 1.57215
    endloop
  endfacet
  facet normal 0 -0.300701 0.953718
    outer loop
      vertex 0.0353733 0.109327 1.57215
      vertex -0.104627 0.109327 1.57215
      vertex 0.0353733 0.10212 1.56988
    endloop
  endfacet
  facet normal 0 -0.300701 0.953718
    outer loop
      vertex -0.104627 0.109327 1.57215
      vertex -0.104627 0.10212 1.56988
      vertex 0.0353733 0.10212 1.56988
    endloop
  endfacet
  facet normal 0 -0.216442 0.976295
    outer loop
      vertex 0.0353733 0.10212 1.56988
      vertex -0.104627 0.10212 1.56988
      vertex 0.0353733 0.0947434 1.56824
    endloop
  endfacet
  facet normal 0 -0.216442 0.976295
    outer loop
      vertex -0.104627 0.10212 1.56988
      vertex -0.104627 0.0947434 1.56824
      vertex 0.0353733 0.0947434 1.56824
    endloop
  endfacet
  facet normal 0 -0.130533 0.991444
    outer loop
      vertex 0.0353733 0.0947434 1.56824
      vertex -0.104627 0.0947434 1.56824
      vertex 0.0353733 0.087252 1.56726
    endloop
  endfacet
  facet normal 0 -0.130533 0.991444
    outer loop
      vertex -0.104627 0.0947434 1.56824
      vertex -0.104627 0.087252 1.56726
      vertex 0.0353733 0.087252 1.56726
    endloop
  endfacet
  facet normal 0 -0.0436145 0.999048
    outer loop
      vertex 0.0353733 0.087252 1.56726
      vertex -0.104627 0.087252 1.56726
      vertex 0.0353733 0.079703 1.56693
    endloop
  endfacet
  facet normal 0 -0.0436145 0.999048
    outer loop
      vertex -0.104627 0.087252 1.56726
      vertex -0.104627 0.079703 1.56693
      vertex 0.0353733 0.079703 1.56693
    endloop
  endfacet
  facet normal 0 0.0436145 0.999048
    outer loop
      vertex 0.0353733 0.079703 1.56693
      vertex -0.104627 0.079703 1.56693
      vertex 0.0353733 0.0721541 1.56726
    endloop
  endfacet
  facet normal 0 0.0436145 0.999048
    outer loop
      vertex -0.104627 0.079703 1.56693
      vertex -0.104627 0.0721541 1.56726
      vertex 0.0353733 0.0721541 1.56726
    endloop
  endfacet
  facet normal 0 0.130533 0.991444
    outer loop
      vertex 0.0353733 0.0721541 1.56726
      vertex -0.104627 0.0721541 1.56726
      vertex 0.0353733 0.0646626 1.56824
    endloop
  endfacet
  facet normal 0 0.130533 0.991444
    outer loop
      vertex -0.104627 0.0721541 1.56726
      vertex -0.104627 0.0646626 1.56824
      vertex 0.0353733 0.0646626 1.56824
    endloop
  endfacet
  facet normal 0 0.216442 0.976295
    outer loop
      vertex 0.0353733 0.0646626 1.56824
      vertex -0.104627 0.0646626 1.56824
      vertex 0.0353733 0.0572856 1.56988
    endloop
  endfacet
  facet normal 0 0.216442 0.976295
    outer loop
      vertex -0.104627 0.0646626 1.56824
      vertex -0.104627 0.0572856 1.56988
      vertex 0.0353733 0.0572856 1.56988
    endloop
  endfacet
  facet normal 0 0.300702 0.953718
    outer loop
      vertex 0.0353733 0.0572856 1.56988
      vertex -0.104627 0.0572856 1.56988
      vertex 0.0353733 0.0500792 1.57215
    endloop
  endfacet
  facet normal 0 0.300702 0.953718
    outer loop
      vertex -0.104627 0.0572856 1.56988
      vertex -0.104627 0.0500792 1.57215
      vertex 0.0353733 0.0500792 1.57215
    endloop
  endfacet
  facet normal 0 0.382689 0.923877
    outer loop
      vertex 0.0353733 0.0500792 1.57215
      vertex -0.104627 0.0500792 1.57215
      vertex 0.0353733 0.0430983 1.57504
    endloop
  endfacet
  facet normal 0 0.382689 0.923877
    outer loop
      vertex -0.104627 0.0500792 1.57215
      vertex -0.104627 0.0430983 1.57504
      vertex 0.0353733 0.0430983 1.57504
    endloop
  endfacet
  facet normal 0 0.461747 0.887012
    outer loop
      vertex 0.0353733 0.0430983 1.57504
      vertex -0.104627 0.0430983 1.57504
      vertex 0.0353733 0.036396 1.57853
    endloop
  endfacet
  facet normal 0 0.461747 0.887012
    outer loop
      vertex -0.104627 0.0430983 1.57504
      vertex -0.104627 0.036396 1.57853
      vertex 0.0353733 0.036396 1.57853
    endloop
  endfacet
  facet normal 0 0.537294 0.843395
    outer loop
      vertex 0.0353733 0.036396 1.57853
      vertex -0.104627 0.036396 1.57853
      vertex 0.0353733 0.0300232 1.58259
    endloop
  endfacet
  facet normal 0 0.537294 0.843395
    outer loop
      vertex -0.104627 0.036396 1.57853
      vertex -0.104627 0.0300232 1.58259
      vertex 0.0353733 0.0300232 1.58259
    endloop
  endfacet
  facet normal 0 0.60876 0.793354
    outer loop
      vertex 0.0353733 0.0300232 1.58259
      vertex -0.104627 0.0300232 1.58259
      vertex 0.0353733 0.0240285 1.58719
    endloop
  endfacet
  facet normal 0 0.60876 0.793354
    outer loop
      vertex -0.104627 0.0300232 1.58259
      vertex -0.104627 0.0240285 1.58719
      vertex 0.0353733 0.0240285 1.58719
    endloop
  endfacet
  facet normal 0 0.6756 0.737269
    outer loop
      vertex 0.0353733 0.0240285 1.58719
      vertex -0.104627 0.0240285 1.58719
      vertex 0.0353733 0.0184576 1.5923
    endloop
  endfacet
  facet normal 0 0.6756 0.737269
    outer loop
      vertex -0.104627 0.0240285 1.58719
      vertex -0.104627 0.0184576 1.5923
      vertex 0.0353733 0.0184576 1.5923
    endloop
  endfacet
  facet normal 0 0.737276 0.675592
    outer loop
      vertex 0.0353733 0.0184576 1.5923
      vertex -0.104627 0.0184576 1.5923
      vertex 0.0353733 0.0133527 1.59787
    endloop
  endfacet
  facet normal 0 0.737276 0.675592
    outer loop
      vertex -0.104627 0.0184576 1.5923
      vertex -0.104627 0.0133527 1.59787
      vertex 0.0353733 0.0133527 1.59787
    endloop
  endfacet
  facet normal 0 0.793352 0.608763
    outer loop
      vertex 0.0353733 0.0133527 1.59787
      vertex -0.104627 0.0133527 1.59787
      vertex 0.0353733 0.00875287 1.60386
    endloop
  endfacet
  facet normal 0 0.793352 0.608763
    outer loop
      vertex -0.104627 0.0133527 1.59787
      vertex -0.104627 0.00875287 1.60386
      vertex 0.0353733 0.00875287 1.60386
    endloop
  endfacet
  facet normal 0 0.843391 0.537301
    outer loop
      vertex 0.0353733 0.00875287 1.60386
      vertex -0.104627 0.00875287 1.60386
      vertex 0.0353733 0.00469297 1.61024
    endloop
  endfacet
  facet normal 0 0.843391 0.537301
    outer loop
      vertex -0.104627 0.00875287 1.60386
      vertex -0.104627 0.00469297 1.61024
      vertex 0.0353733 0.00469297 1.61024
    endloop
  endfacet
  facet normal 0 0.887013 0.461744
    outer loop
      vertex 0.0353733 0.00469297 1.61024
      vertex -0.104627 0.00469297 1.61024
      vertex 0.0353733 0.00120394 1.61694
    endloop
  endfacet
  facet normal 0 0.887013 0.461744
    outer loop
      vertex -0.104627 0.00469297 1.61024
      vertex -0.104627 0.00120394 1.61694
      vertex 0.0353733 0.00120394 1.61694
    endloop
  endfacet
  facet normal 0 0.923877 0.382689
    outer loop
      vertex 0.0353733 0.00120394 1.61694
      vertex -0.104627 0.00120394 1.61694
      vertex 0.0353733 -0.00168766 1.62392
    endloop
  endfacet
  facet normal 0 0.923877 0.382689
    outer loop
      vertex -0.104627 0.00120394 1.61694
      vertex -0.104627 -0.00168766 1.62392
      vertex 0.0353733 -0.00168766 1.62392
    endloop
  endfacet
  facet normal 0 0.953717 0.300706
    outer loop
      vertex 0.0353733 -0.00168766 1.62392
      vertex -0.104627 -0.00168766 1.62392
      vertex 0.0353733 -0.00395982 1.63113
    endloop
  endfacet
  facet normal 0 0.953717 0.300706
    outer loop
      vertex -0.104627 -0.00168766 1.62392
      vertex -0.104627 -0.00395982 1.63113
      vertex 0.0353733 -0.00395982 1.63113
    endloop
  endfacet
  facet normal 0 0.976297 0.216437
    outer loop
      vertex 0.0353733 -0.00395982 1.63113
      vertex -0.104627 -0.00395982 1.63113
      vertex 0.0353733 -0.00559527 1.6385
    endloop
  endfacet
  facet normal 0 0.976297 0.216437
    outer loop
      vertex -0.104627 -0.00395982 1.63113
      vertex -0.104627 -0.00559527 1.6385
      vertex 0.0353733 -0.00559527 1.6385
    endloop
  endfacet
  facet normal 0 0.991445 0.130526
    outer loop
      vertex 0.0353733 -0.00559527 1.6385
      vertex -0.104627 -0.00559527 1.6385
      vertex 0.0353733 -0.00658154 1.64599
    endloop
  endfacet
  facet normal 0 0.991445 0.130526
    outer loop
      vertex -0.104627 -0.00559527 1.6385
      vertex -0.104627 -0.00658154 1.64599
      vertex 0.0353733 -0.00658154 1.64599
    endloop
  endfacet
  facet normal 0 0.999048 0.0436198
    outer loop
      vertex 0.0353733 -0.00658154 1.64599
      vertex -0.104627 -0.00658154 1.64599
      vertex 0.0353733 -0.00691113 1.65354
    endloop
  endfacet
  facet normal 0 0.999048 0.0436198
    outer loop
      vertex -0.104627 -0.00658154 1.64599
      vertex -0.104627 -0.00691113 1.65354
      vertex 0.0353733 -0.00691113 1.65354
    endloop
  endfacet
  facet normal 0 1 0
    outer loop
      vertex 0.192854 0.331042 1.21195
      vertex 0.192854 0.331042 1.19817
      vertex 0.191485 0.331042 1.2022
    endloop
  endfacet
  facet normal 0 1 0
    outer loop
      vertex 0.191485 0.331042 1.2022
      vertex 0.189772 0.331042 1.2061
      vertex 0.192854 0.331042 1.21195
    endloop
  endfacet
  facet normal 0 1 0
    outer loop
      vertex 0.189772 0.331042 1.2061
      vertex 0.187728 0.331042 1.20984
      vertex 0.192854 0.331042 1.21195
    endloop
  endfacet
  facet normal 0 1 0
    outer loop
      vertex 0.192854 0.331042 1.21195
      vertex 0.187728 0.331042 1.20984
      vertex 0.186382 0.331042 1.21195
    endloop
  endfacet
  facet normal 0 -0.479764 -0.877398
    outer loop
      vertex 0.0353733 -0.16985 1.69366
      vertex 0.0353733 -0.293983 1.76153
      vertex -0.104627 -0.16985 1.69366
    endloop
  endfacet
  facet normal 0 -0.479764 -0.877398
    outer loop
      vertex 0.0353733 -0.293983 1.76153
      vertex -0.104627 -0.293983 1.76153
      vertex -0.104627 -0.16985 1.69366
    endloop
  endfacet
  facet normal 0 -0.987085 -0.160198
    outer loop
      vertex 0.192042 0.258085 1.16808
      vertex 0.192854 0.258085 1.16808
      vertex 0.192854 0.257675 1.17061
    endloop
  endfacet
  facet normal -9.5094e-6 -0.945544 -0.325495
    outer loop
      vertex 0.185369 0.261248 1.15539
      vertex 0.18289 0.262324 1.15226
      vertex 0.192854 0.262322 1.15227
    endloop
  endfacet
  facet normal 2.84579e-6 -0.911629 0.411013
    outer loop
      vertex 0.113726 0.264465 1.22188
      vertex 0.116534 0.265465 1.22409
      vertex 0.0353733 0.265457 1.22408
    endloop
  endfacet
  facet normal 0 0.948141 -0.317849
    outer loop
      vertex 0.114113 0.440346 1.15683
      vertex 0.192854 0.440346 1.15683
      vertex 0.192854 0.438817 1.15227
    endloop
  endfacet
  facet normal -0.00266494 0.961102 -0.276181
    outer loop
      vertex 0.114113 0.44128 1.16008
      vertex 0.114113 0.440346 1.15683
      vertex 0.0353733 0.438817 1.15227
    endloop
  endfacet
  facet normal 0 0.976296 0.216438
    outer loop
      vertex 0.0353733 0.44128 1.2087
      vertex 0.114113 0.443054 1.2007
      vertex 0.0353733 0.443054 1.2007
    endloop
  endfacet
  facet normal 0 0.991445 0.130527
    outer loop
      vertex 0.114113 0.443054 1.2007
      vertex 0.114113 0.444123 1.19257
      vertex 0.0353733 0.443054 1.2007
    endloop
  endfacet
  facet normal 0 0.991445 0.130527
    outer loop
      vertex 0.0353733 0.443054 1.2007
      vertex 0.114113 0.444123 1.19257
      vertex 0.0353733 0.444123 1.19257
    endloop
  endfacet
  facet normal 0 0.999048 0.0436182
    outer loop
      vertex 0.114113 0.444123 1.19257
      vertex 0.114113 0.44448 1.18439
      vertex 0.0353733 0.444123 1.19257
    endloop
  endfacet
  facet normal 0 0.999048 0.0436182
    outer loop
      vertex 0.0353733 0.444123 1.19257
      vertex 0.114113 0.44448 1.18439
      vertex 0.0353733 0.44448 1.18439
    endloop
  endfacet
  facet normal 0 0.999048 -0.0436178
    outer loop
      vertex 0.114113 0.44448 1.18439
      vertex 0.114113 0.444123 1.1762
      vertex 0.0353733 0.44448 1.18439
    endloop
  endfacet
  facet normal 0 0.999048 -0.0436178
    outer loop
      vertex 0.0353733 0.44448 1.18439
      vertex 0.114113 0.444123 1.1762
      vertex 0.0353733 0.444123 1.1762
    endloop
  endfacet
  facet normal 0 0.991445 -0.130527
    outer loop
      vertex 0.114113 0.444123 1.1762
      vertex 0.114113 0.443054 1.16808
      vertex 0.0353733 0.444123 1.1762
    endloop
  endfacet
  facet normal 0 0.991445 -0.130527
    outer loop
      vertex 0.0353733 0.444123 1.1762
      vertex 0.114113 0.443054 1.16808
      vertex 0.0353733 0.443054 1.16808
    endloop
  endfacet
  facet normal 0 0.976296 -0.21644
    outer loop
      vertex 0.114113 0.443054 1.16808
      vertex 0.114113 0.44128 1.16008
      vertex 0.0353733 0.443054 1.16808
    endloop
  endfacet
  facet normal 0 0.976296 -0.21644
    outer loop
      vertex 0.0353733 0.443054 1.16808
      vertex 0.114113 0.44128 1.16008
      vertex 0.0353733 0.44128 1.16008
    endloop
  endfacet
  facet normal 0 0.953716 -0.300708
    outer loop
      vertex 0.114113 0.44128 1.16008
      vertex 0.0353733 0.438817 1.15227
      vertex 0.0353733 0.44128 1.16008
    endloop
  endfacet
  facet normal 0 0.948141 0.317849
    outer loop
      vertex 0.192854 0.438817 1.21651
      vertex 0.192854 0.440346 1.21195
      vertex 0.114113 0.440346 1.21195
    endloop
  endfacet
  facet normal 0 -0.96951 0.245053
    outer loop
      vertex 0.192854 0.259858 1.2087
      vertex 0.188401 0.259858 1.2087
      vertex 0.189772 0.259203 1.2061
    endloop
  endfacet
  facet normal 0.015399 -0.973593 0.227769
    outer loop
      vertex 0.189772 0.259203 1.2061
      vertex 0.190669 0.258766 1.20418
      vertex 0.192854 0.259858 1.2087
    endloop
  endfacet
  facet normal 0.0405113 -0.975532 0.216092
    outer loop
      vertex 0.190669 0.258766 1.20418
      vertex 0.191485 0.258363 1.2022
      vertex 0.192854 0.259858 1.2087
    endloop
  endfacet
  facet normal 0.039665 -0.975528 0.21627
    outer loop
      vertex 0.192854 0.259858 1.2087
      vertex 0.191485 0.258363 1.2022
      vertex 0.192854 0.258085 1.2007
    endloop
  endfacet
  facet normal 0 -0.983358 0.181678
    outer loop
      vertex 0.191485 0.258363 1.2022
      vertex 0.192042 0.258085 1.2007
      vertex 0.192854 0.258085 1.2007
    endloop
  endfacet
  facet normal 0 -0.987084 0.160202
    outer loop
      vertex 0.192854 0.258085 1.2007
      vertex 0.192042 0.258085 1.2007
      vertex 0.192854 0.257675 1.19817
    endloop
  endfacet
  facet normal 0 -0.964268 0.26493
    outer loop
      vertex 0.188401 0.259858 1.2087
      vertex 0.192854 0.259858 1.2087
      vertex 0.187728 0.260173 1.20984
    endloop
  endfacet
  facet normal 0.00865859 -0.953681 0.300694
    outer loop
      vertex 0.192854 0.259858 1.2087
      vertex 0.192854 0.262322 1.21651
      vertex 0.187728 0.260173 1.20984
    endloop
  endfacet
  facet normal 0.0128329 -0.954553 0.297766
    outer loop
      vertex 0.187728 0.260173 1.20984
      vertex 0.192854 0.262322 1.21651
      vertex 0.185369 0.261248 1.21339
    endloop
  endfacet
  facet normal 0.00219984 -0.918963 0.394338
    outer loop
      vertex 0.176585 0.264797 1.22263
      vertex 0.179776 0.263593 1.21981
      vertex 0.192854 0.265457 1.22408
    endloop
  endfacet
  facet normal 0.0114823 -0.928869 0.37023
    outer loop
      vertex 0.179776 0.263593 1.21981
      vertex 0.182712 0.262399 1.21672
      vertex 0.192854 0.265457 1.22408
    endloop
  endfacet
  facet normal 0.000945203 -0.92388 0.382682
    outer loop
      vertex 0.192854 0.265457 1.22408
      vertex 0.182712 0.262399 1.21672
      vertex 0.192854 0.262322 1.21651
    endloop
  endfacet
  facet normal 2.36739e-6 -0.939279 0.343155
    outer loop
      vertex 0.182712 0.262399 1.21672
      vertex 0.18289 0.262324 1.21651
      vertex 0.192854 0.262322 1.21651
    endloop
  endfacet
  facet normal -9.51398e-6 -0.945546 0.325489
    outer loop
      vertex 0.192854 0.262322 1.21651
      vertex 0.18289 0.262324 1.21651
      vertex 0.185369 0.261248 1.21339
    endloop
  endfacet
  facet normal 0.000124935 -0.871012 0.491261
    outer loop
      vertex 0.161764 0.26897 1.23088
      vertex 0.163765 0.268551 1.23013
      vertex 0.192854 0.26924 1.23134
    endloop
  endfacet
  facet normal 0.000541944 -0.875247 0.483676
    outer loop
      vertex 0.163765 0.268551 1.23013
      vertex 0.165721 0.268096 1.2293
      vertex 0.192854 0.26924 1.23134
    endloop
  endfacet
  facet normal 0.00133562 -0.879662 0.475598
    outer loop
      vertex 0.192854 0.26924 1.23134
      vertex 0.165721 0.268096 1.2293
      vertex 0.167649 0.267604 1.22839
    endloop
  endfacet
  facet normal 0.00261682 -0.884168 0.467161
    outer loop
      vertex 0.167649 0.267604 1.22839
      vertex 0.169531 0.267085 1.2274
      vertex 0.192854 0.26924 1.23134
    endloop
  endfacet
  facet normal 0.00560275 -0.891286 0.453407
    outer loop
      vertex 0.169531 0.267085 1.2274
      vertex 0.173161 0.265973 1.22517
      vertex 0.192854 0.26924 1.23134
    endloop
  endfacet
  facet normal 0.00227697 -0.887009 0.461746
    outer loop
      vertex 0.192854 0.26924 1.23134
      vertex 0.173161 0.265973 1.22517
      vertex 0.192854 0.265457 1.22408
    endloop
  endfacet
  facet normal 1.13073e-5 -0.903501 0.428587
    outer loop
      vertex 0.173161 0.265973 1.22517
      vertex 0.174665 0.265471 1.22411
      vertex 0.192854 0.265457 1.22408
    endloop
  endfacet
  facet normal -1.68751e-5 -0.909787 0.415076
    outer loop
      vertex 0.192854 0.265457 1.22408
      vertex 0.174665 0.265471 1.22411
      vertex 0.176585 0.264797 1.22263
    endloop
  endfacet
  facet normal -0.00158479 -0.851734 0.523971
    outer loop
      vertex 0.136547 0.270074 1.23276
      vertex 0.138643 0.270283 1.23311
      vertex 0.0353733 0.273642 1.23825
    endloop
  endfacet
  facet normal -0.00192386 -0.854467 0.519502
    outer loop
      vertex 0.136547 0.270074 1.23276
      vertex 0.0353733 0.273642 1.23825
      vertex 0.13446 0.269812 1.23232
    endloop
  endfacet
  facet normal -0.0013044 -0.849256 0.527979
    outer loop
      vertex 0.138643 0.270283 1.23311
      vertex 0.140765 0.270439 1.23336
      vertex 0.0353733 0.273642 1.23825
    endloop
  endfacet
  facet normal -0.0010321 -0.846654 0.532142
    outer loop
      vertex 0.140765 0.270439 1.23336
      vertex 0.142893 0.270539 1.23353
      vertex 0.0353733 0.273642 1.23825
    endloop
  endfacet
  facet normal -0.000683554 -0.843109 0.537742
    outer loop
      vertex 0.0353733 0.273642 1.23825
      vertex 0.142893 0.270539 1.23353
      vertex 0.145019 0.270583 1.2336
    endloop
  endfacet
  facet normal 0.000328249 -0.837342 0.546679
    outer loop
      vertex 0.192854 0.273642 1.23825
      vertex 0.145019 0.270583 1.2336
      vertex 0.147155 0.27057 1.23358
    endloop
  endfacet
  facet normal 0.00126251 -0.841489 0.540273
    outer loop
      vertex 0.147155 0.27057 1.23358
      vertex 0.149277 0.270501 1.23347
      vertex 0.192854 0.273642 1.23825
    endloop
  endfacet
  facet normal 0.00191402 -0.844156 0.536094
    outer loop
      vertex 0.149277 0.270501 1.23347
      vertex 0.151399 0.270376 1.23326
      vertex 0.192854 0.273642 1.23825
    endloop
  endfacet
  facet normal 0.00259539 -0.846683 0.532091
    outer loop
      vertex 0.192854 0.273642 1.23825
      vertex 0.151399 0.270376 1.23326
      vertex 0.153508 0.270196 1.23296
    endloop
  endfacet
  facet normal 0.00331008 -0.849043 0.528313
    outer loop
      vertex 0.153508 0.270196 1.23296
      vertex 0.1556 0.269964 1.23258
      vertex 0.192854 0.273642 1.23825
    endloop
  endfacet
  facet normal 0.00421753 -0.85167 0.524061
    outer loop
      vertex 0.1556 0.269964 1.23258
      vertex 0.15768 0.26968 1.2321
      vertex 0.192854 0.273642 1.23825
    endloop
  endfacet
  facet normal 0.000966506 -0.843387 0.537306
    outer loop
      vertex 0.192854 0.273642 1.23825
      vertex 0.15768 0.26968 1.2321
      vertex 0.192854 0.26924 1.23134
    endloop
  endfacet
  facet normal 0 -0.863678 0.504043
    outer loop
      vertex 0.15768 0.26968 1.2321
      vertex 0.160342 0.26924 1.23134
      vertex 0.192854 0.26924 1.23134
    endloop
  endfacet
  facet normal 0 -0.867467 0.497494
    outer loop
      vertex 0.192854 0.26924 1.23134
      vertex 0.160342 0.26924 1.23134
      vertex 0.161764 0.26897 1.23088
    endloop
  endfacet
  facet normal -9.96927e-6 -0.887011 0.461748
    outer loop
      vertex 0.0353733 0.265457 1.22408
      vertex 0.116534 0.265465 1.22409
      vertex 0.0353733 0.26924 1.23134
    endloop
  endfacet
  facet normal -0.00368125 -0.903247 0.429105
    outer loop
      vertex 0.116534 0.265465 1.22409
      vertex 0.117087 0.265652 1.22449
      vertex 0.0353733 0.26924 1.23134
    endloop
  endfacet
  facet normal -0.00229578 -0.896869 0.44229
    outer loop
      vertex 0.0353733 0.26924 1.23134
      vertex 0.117087 0.265652 1.22449
      vertex 0.120663 0.266785 1.22681
    endloop
  endfacet
  facet normal -0.000105891 -0.873533 0.486765
    outer loop
      vertex 0.12636 0.268302 1.22968
      vertex 0.128347 0.268744 1.23047
      vertex 0.0353733 0.26924 1.23134
    endloop
  endfacet
  facet normal 0 -0.868706 0.495328
    outer loop
      vertex 0.128347 0.268744 1.23047
      vertex 0.130877 0.26924 1.23134
      vertex 0.0353733 0.26924 1.23134
    endloop
  endfacet
  facet normal 0 -0.843388 0.537306
    outer loop
      vertex 0.0353733 0.26924 1.23134
      vertex 0.130877 0.26924 1.23134
      vertex 0.0353733 0.273642 1.23825
    endloop
  endfacet
  facet normal -0.00279913 -0.860468 0.509498
    outer loop
      vertex 0.130877 0.26924 1.23134
      vertex 0.132395 0.269501 1.23179
      vertex 0.0353733 0.273642 1.23825
    endloop
  endfacet
  facet normal -0.00235084 -0.857565 0.51437
    outer loop
      vertex 0.0353733 0.273642 1.23825
      vertex 0.132395 0.269501 1.23179
      vertex 0.13446 0.269812 1.23232
    endloop
  endfacet
  facet normal -0.00117206 -0.888492 0.458891
    outer loop
      vertex 0.120663 0.266785 1.22681
      vertex 0.122519 0.267319 1.22785
      vertex 0.0353733 0.26924 1.23134
    endloop
  endfacet
  facet normal -0.000654785 -0.883248 0.468905
    outer loop
      vertex 0.122519 0.267319 1.22785
      vertex 0.124426 0.267828 1.22881
      vertex 0.0353733 0.26924 1.23134
    endloop
  endfacet
  facet normal -0.000311683 -0.878263 0.478178
    outer loop
      vertex 0.0353733 0.26924 1.23134
      vertex 0.124426 0.267828 1.22881
      vertex 0.12636 0.268302 1.22968
    endloop
  endfacet
  facet normal -0.000229837 -0.948475 0.316852
    outer loop
      vertex 0.105166 0.260941 1.21243
      vertex 0.107742 0.262074 1.21582
      vertex 0.0353733 0.262322 1.21651
    endloop
  endfacet
  facet normal 1.1955e-6 -0.940978 0.338468
    outer loop
      vertex 0.107742 0.262074 1.21582
      vertex 0.108339 0.262328 1.21653
      vertex 0.0353733 0.262322 1.21651
    endloop
  endfacet
  facet normal -1.12778e-5 -0.92388 0.382682
    outer loop
      vertex 0.0353733 0.262322 1.21651
      vertex 0.108339 0.262328 1.21653
      vertex 0.0353733 0.265457 1.22408
    endloop
  endfacet
  facet normal -0.00302007 -0.933821 0.357727
    outer loop
      vertex 0.108339 0.262328 1.21653
      vertex 0.110603 0.26326 1.21898
      vertex 0.0353733 0.265457 1.22408
    endloop
  endfacet
  facet normal -0.000883776 -0.923077 0.384614
    outer loop
      vertex 0.0353733 0.265457 1.22408
      vertex 0.110603 0.26326 1.21898
      vertex 0.113726 0.264465 1.22188
    endloop
  endfacet
  facet normal -0.00171911 -0.977649 0.210235
    outer loop
      vertex 0.100088 0.258539 1.20309
      vertex 0.100939 0.258956 1.20504
      vertex 0.0353733 0.259858 1.2087
    endloop
  endfacet
  facet normal 0 -0.970921 0.239401
    outer loop
      vertex 0.100939 0.258956 1.20504
      vertex 0.102818 0.259858 1.2087
      vertex 0.0353733 0.259858 1.2087
    endloop
  endfacet
  facet normal 0 -0.953717 0.300706
    outer loop
      vertex 0.0353733 0.259858 1.2087
      vertex 0.102818 0.259858 1.2087
      vertex 0.0353733 0.262322 1.21651
    endloop
  endfacet
  facet normal -0.00489059 -0.965039 0.262061
    outer loop
      vertex 0.102818 0.259858 1.2087
      vertex 0.102892 0.259893 1.20883
      vertex 0.0353733 0.262322 1.21651
    endloop
  endfacet
  facet normal -0.00255323 -0.959728 0.28092
    outer loop
      vertex 0.0353733 0.262322 1.21651
      vertex 0.102892 0.259893 1.20883
      vertex 0.105166 0.260941 1.21243
    endloop
  endfacet
  facet normal -0.00180118 -0.992278 0.124024
    outer loop
      vertex 0.0975452 0.257255 1.19496
      vertex 0.0980484 0.257513 1.19703
      vertex 0.0353733 0.258085 1.2007
    endloop
  endfacet
  facet normal 0 -0.988045 0.154163
    outer loop
      vertex 0.0980484 0.257513 1.19703
      vertex 0.0991773 0.258085 1.2007
      vertex 0.0353733 0.258085 1.2007
    endloop
  endfacet
  facet normal 0 -0.976296 0.21644
    outer loop
      vertex 0.0353733 0.258085 1.2007
      vertex 0.0991773 0.258085 1.2007
      vertex 0.0353733 0.259858 1.2087
    endloop
  endfacet
  facet normal -0.0050912 -0.984097 0.177557
    outer loop
      vertex 0.0991773 0.258085 1.2007
      vertex 0.0993203 0.258156 1.2011
      vertex 0.0353733 0.259858 1.2087
    endloop
  endfacet
  facet normal -0.00356867 -0.981805 0.18986
    outer loop
      vertex 0.0353733 0.259858 1.2087
      vertex 0.0993203 0.258156 1.2011
      vertex 0.100088 0.258539 1.20309
    endloop
  endfacet
  facet normal -0.000668941 -0.998437 0.0558784
    outer loop
      vertex 0.0965813 0.256755 1.18865
      vertex 0.0967921 0.256865 1.19061
      vertex 0.0353733 0.257015 1.19257
    endloop
  endfacet
  facet normal 0 -0.997052 0.0767264
    outer loop
      vertex 0.0967921 0.256865 1.19061
      vertex 0.0970823 0.257015 1.19257
      vertex 0.0353733 0.257015 1.19257
    endloop
  endfacet
  facet normal 0 -0.991445 0.130525
    outer loop
      vertex 0.0353733 0.257015 1.19257
      vertex 0.0970823 0.257015 1.19257
      vertex 0.0353733 0.258085 1.2007
    endloop
  endfacet
  facet normal -0.0054623 -0.995961 0.0896216
    outer loop
      vertex 0.0970823 0.257015 1.19257
      vertex 0.0971332 0.257042 1.19287
      vertex 0.0353733 0.258085 1.2007
    endloop
  endfacet
  facet normal -0.00385016 -0.994758 0.102183
    outer loop
      vertex 0.0353733 0.258085 1.2007
      vertex 0.0971332 0.257042 1.19287
      vertex 0.0975452 0.257255 1.19496
    endloop
  endfacet
  facet normal -0.000666073 -0.998435 -0.0559219
    outer loop
      vertex 0.0967931 0.256865 1.17816
      vertex 0.0965813 0.256755 1.18013
      vertex 0.0353733 0.257015 1.1762
    endloop
  endfacet
  facet normal -0.00207068 -0.999416 -0.0341021
    outer loop
      vertex 0.0965813 0.256755 1.18013
      vertex 0.0964427 0.256682 1.18227
      vertex 0.0353733 0.257015 1.1762
    endloop
  endfacet
  facet normal -0.00112408 -0.999048 -0.0436201
    outer loop
      vertex 0.0353733 0.257015 1.1762
      vertex 0.0964427 0.256682 1.18227
      vertex 0.0353733 0.256658 1.18439
    endloop
  endfacet
  facet normal 0 -0.999936 -0.0113139
    outer loop
      vertex 0.0964427 0.256682 1.18227
      vertex 0.0963969 0.256658 1.18439
      vertex 0.0353733 0.256658 1.18439
    endloop
  endfacet
  facet normal 0 -0.999048 0.0436205
    outer loop
      vertex 0.0353733 0.256658 1.18439
      vertex 0.0963969 0.256658 1.18439
      vertex 0.0353733 0.257015 1.19257
    endloop
  endfacet
  facet normal -0.00431996 -0.999925 0.0114506
    outer loop
      vertex 0.0963969 0.256658 1.18439
      vertex 0.0964431 0.256682 1.18652
      vertex 0.0353733 0.257015 1.19257
    endloop
  endfacet
  facet normal -0.00206798 -0.999415 0.0341447
    outer loop
      vertex 0.0353733 0.257015 1.19257
      vertex 0.0964431 0.256682 1.18652
      vertex 0.0965813 0.256755 1.18865
    endloop
  endfacet
  facet normal -0.00179907 -0.992273 -0.124057
    outer loop
      vertex 0.0980484 0.257513 1.17175
      vertex 0.0975466 0.257255 1.17381
      vertex 0.0353733 0.258085 1.16808
    endloop
  endfacet
  facet normal -0.00384627 -0.994755 -0.102211
    outer loop
      vertex 0.0975466 0.257255 1.17381
      vertex 0.0971332 0.257042 1.17591
      vertex 0.0353733 0.258085 1.16808
    endloop
  endfacet
  facet normal -0.000202316 -0.991445 -0.130525
    outer loop
      vertex 0.0353733 0.258085 1.16808
      vertex 0.0971332 0.257042 1.17591
      vertex 0.0353733 0.257015 1.1762
    endloop
  endfacet
  facet normal -8.20277e-8 -0.996053 -0.0887566
    outer loop
      vertex 0.0971332 0.257042 1.17591
      vertex 0.0970824 0.257016 1.1762
      vertex 0.0353733 0.257015 1.1762
    endloop
  endfacet
  facet normal 9.00749e-8 -0.997049 -0.0767709
    outer loop
      vertex 0.0353733 0.257015 1.1762
      vertex 0.0970824 0.257016 1.1762
      vertex 0.0967931 0.256865 1.17816
    endloop
  endfacet
  facet normal -0.00171983 -0.977652 -0.210222
    outer loop
      vertex 0.100939 0.258956 1.16374
      vertex 0.100087 0.258538 1.16569
      vertex 0.0353733 0.259858 1.16008
    endloop
  endfacet
  facet normal -0.00357027 -0.981807 -0.189846
    outer loop
      vertex 0.100087 0.258538 1.16569
      vertex 0.0993201 0.258156 1.16768
      vertex 0.0353733 0.259858 1.16008
    endloop
  endfacet
  facet normal -0.000263717 -0.976295 -0.216442
    outer loop
      vertex 0.0353733 0.259858 1.16008
      vertex 0.0993201 0.258156 1.16768
      vertex 0.0353733 0.258085 1.16808
    endloop
  endfacet
  facet normal 0 -0.984422 -0.175822
    outer loop
      vertex 0.0993201 0.258156 1.16768
      vertex 0.0991773 0.258085 1.16808
      vertex 0.0353733 0.258085 1.16808
    endloop
  endfacet
  facet normal 0 -0.988046 -0.15416
    outer loop
      vertex 0.0353733 0.258085 1.16808
      vertex 0.0991773 0.258085 1.16808
      vertex 0.0980484 0.257513 1.17175
    endloop
  endfacet
  facet normal 8.63998e-7 -0.940989 -0.338438
    outer loop
      vertex 0.0353733 0.262322 1.15227
      vertex 0.108339 0.262328 1.15225
      vertex 0.107742 0.262074 1.15296
    endloop
  endfacet
  facet normal -0.000229837 -0.948475 -0.316852
    outer loop
      vertex 0.107742 0.262074 1.15296
      vertex 0.105166 0.260941 1.15635
      vertex 0.0353733 0.262322 1.15227
    endloop
  endfacet
  facet normal -0.00255291 -0.959726 -0.280926
    outer loop
      vertex 0.105166 0.260941 1.15635
      vertex 0.102892 0.259893 1.15995
      vertex 0.0353733 0.262322 1.15227
    endloop
  endfacet
  facet normal -8.57292e-5 -0.953717 -0.300706
    outer loop
      vertex 0.0353733 0.262322 1.15227
      vertex 0.102892 0.259893 1.15995
      vertex 0.0353733 0.259858 1.16008
    endloop
  endfacet
  facet normal 0 -0.965789 -0.259327
    outer loop
      vertex 0.102892 0.259893 1.15995
      vertex 0.102818 0.259858 1.16008
      vertex 0.0353733 0.259858 1.16008
    endloop
  endfacet
  facet normal 0 -0.970921 -0.239401
    outer loop
      vertex 0.0353733 0.259858 1.16008
      vertex 0.102818 0.259858 1.16008
      vertex 0.100939 0.258956 1.16374
    endloop
  endfacet
  facet normal -3.88609e-6 -0.93475 -0.355306
    outer loop
      vertex 0.108339 0.262328 1.15225
      vertex 0.0353733 0.262322 1.15227
      vertex 0.110603 0.26326 1.1498
    endloop
  endfacet
  facet normal -0.0010382 -0.92388 -0.382682
    outer loop
      vertex 0.0353733 0.262322 1.15227
      vertex 0.0353733 0.265457 1.1447
      vertex 0.110603 0.26326 1.1498
    endloop
  endfacet
  facet normal -0.000883776 -0.923077 -0.384614
    outer loop
      vertex 0.110603 0.26326 1.1498
      vertex 0.0353733 0.265457 1.1447
      vertex 0.113726 0.264465 1.1469
    endloop
  endfacet
  facet normal 0 -0.86867 -0.495392
    outer loop
      vertex 0.0353733 0.26924 1.13743
      vertex 0.130877 0.26924 1.13743
      vertex 0.128347 0.268744 1.1383
    endloop
  endfacet
  facet normal -0.000107205 -0.873558 -0.486721
    outer loop
      vertex 0.128347 0.268744 1.1383
      vertex 0.126367 0.268303 1.13909
      vertex 0.0353733 0.26924 1.13743
    endloop
  endfacet
  facet normal -0.000310705 -0.878243 -0.478215
    outer loop
      vertex 0.126367 0.268303 1.13909
      vertex 0.124426 0.267828 1.13997
      vertex 0.0353733 0.26924 1.13743
    endloop
  endfacet
  facet normal -0.000654194 -0.883234 -0.468931
    outer loop
      vertex 0.0353733 0.26924 1.13743
      vertex 0.124426 0.267828 1.13997
      vertex 0.122525 0.267321 1.14093
    endloop
  endfacet
  facet normal -0.00117074 -0.888476 -0.458922
    outer loop
      vertex 0.122525 0.267321 1.14093
      vertex 0.120663 0.266785 1.14197
      vertex 0.0353733 0.26924 1.13743
    endloop
  endfacet
  facet normal -0.00229718 -0.896874 -0.44228
    outer loop
      vertex 0.120663 0.266785 1.14197
      vertex 0.117087 0.265652 1.14428
      vertex 0.0353733 0.26924 1.13743
    endloop
  endfacet
  facet normal -0.000231603 -0.887009 -0.461751
    outer loop
      vertex 0.0353733 0.26924 1.13743
      vertex 0.117087 0.265652 1.14428
      vertex 0.0353733 0.265457 1.1447
    endloop
  endfacet
  facet normal -6.36597e-7 -0.905225 -0.424933
    outer loop
      vertex 0.117087 0.265652 1.14428
      vertex 0.116534 0.265465 1.14468
      vertex 0.0353733 0.265457 1.1447
    endloop
  endfacet
  facet normal 2.84579e-6 -0.911629 -0.411013
    outer loop
      vertex 0.0353733 0.265457 1.1447
      vertex 0.116534 0.265465 1.14468
      vertex 0.113726 0.264465 1.1469
    endloop
  endfacet
  facet normal 0.00257447 -0.846614 -0.532202
    outer loop
      vertex 0.153508 0.270196 1.13581
      vertex 0.151394 0.270376 1.13552
      vertex 0.192854 0.273642 1.13052
    endloop
  endfacet
  facet normal 0.00331786 -0.849069 -0.528272
    outer loop
      vertex 0.153508 0.270196 1.13581
      vertex 0.192854 0.273642 1.13052
      vertex 0.155611 0.269962 1.1362
    endloop
  endfacet
  facet normal 0.00193518 -0.844242 -0.535958
    outer loop
      vertex 0.151394 0.270376 1.13552
      vertex 0.149277 0.270501 1.13531
      vertex 0.192854 0.273642 1.13052
    endloop
  endfacet
  facet normal 0.0012529 -0.841449 -0.540335
    outer loop
      vertex 0.149277 0.270501 1.13531
      vertex 0.147147 0.270571 1.1352
      vertex 0.192854 0.273642 1.13052
    endloop
  endfacet
  facet normal 0.000302543 -0.837229 -0.546852
    outer loop
      vertex 0.192854 0.273642 1.13052
      vertex 0.147147 0.270571 1.1352
      vertex 0.145019 0.270583 1.13518
    endloop
  endfacet
  facet normal -0.00104208 -0.846754 -0.531984
    outer loop
      vertex 0.0353733 0.273642 1.13052
      vertex 0.14289 0.270539 1.13525
      vertex 0.140765 0.270439 1.13542
    endloop
  endfacet
  facet normal -0.000693319 -0.843392 -0.537298
    outer loop
      vertex 0.0353733 0.273642 1.13052
      vertex 0.140765 0.270439 1.13542
      vertex 0.0353733 0.26924 1.13743
    endloop
  endfacet
  facet normal -0.000287801 -0.853037 -0.52185
    outer loop
      vertex 0.140765 0.270439 1.13542
      vertex 0.138655 0.270284 1.13567
      vertex 0.0353733 0.26924 1.13743
    endloop
  endfacet
  facet normal -0.000194894 -0.855472 -0.517849
    outer loop
      vertex 0.0353733 0.26924 1.13743
      vertex 0.138655 0.270284 1.13567
      vertex 0.136547 0.270074 1.13602
    endloop
  endfacet
  facet normal -0.000105249 -0.858318 -0.513118
    outer loop
      vertex 0.136547 0.270074 1.13602
      vertex 0.134451 0.269811 1.13646
      vertex 0.0353733 0.26924 1.13743
    endloop
  endfacet
  facet normal -3.28236e-5 -0.861558 -0.507658
    outer loop
      vertex 0.134451 0.269811 1.13646
      vertex 0.132398 0.269502 1.13698
      vertex 0.0353733 0.26924 1.13743
    endloop
  endfacet
  facet normal 0 -0.864645 -0.502383
    outer loop
      vertex 0.0353733 0.26924 1.13743
      vertex 0.132398 0.269502 1.13698
      vertex 0.130877 0.26924 1.13743
    endloop
  endfacet
  facet normal 0.00262167 -0.884177 -0.467146
    outer loop
      vertex 0.169531 0.267085 1.14138
      vertex 0.167654 0.267603 1.14039
      vertex 0.192854 0.26924 1.13743
    endloop
  endfacet
  facet normal 0.00133721 -0.879664 -0.475595
    outer loop
      vertex 0.167654 0.267603 1.14039
      vertex 0.165721 0.268096 1.13947
      vertex 0.192854 0.26924 1.13743
    endloop
  endfacet
  facet normal 0.00054304 -0.875246 -0.483678
    outer loop
      vertex 0.192854 0.26924 1.13743
      vertex 0.165721 0.268096 1.13947
      vertex 0.163757 0.268552 1.13865
    endloop
  endfacet
  facet normal 0.000124594 -0.870984 -0.491312
    outer loop
      vertex 0.163757 0.268552 1.13865
      vertex 0.161761 0.268971 1.1379
      vertex 0.192854 0.26924 1.13743
    endloop
  endfacet
  facet normal 0 -0.867441 -0.497541
    outer loop
      vertex 0.161761 0.268971 1.1379
      vertex 0.160342 0.26924 1.13743
      vertex 0.192854 0.26924 1.13743
    endloop
  endfacet
  facet normal 0 -0.843393 -0.537298
    outer loop
      vertex 0.192854 0.26924 1.13743
      vertex 0.160342 0.26924 1.13743
      vertex 0.192854 0.273642 1.13052
    endloop
  endfacet
  facet normal 0.00555581 -0.855021 -0.518564
    outer loop
      vertex 0.160342 0.26924 1.13743
      vertex 0.15768 0.26968 1.13668
      vertex 0.192854 0.273642 1.13052
    endloop
  endfacet
  facet normal 0.00422161 -0.851683 -0.52404
    outer loop
      vertex 0.192854 0.273642 1.13052
      vertex 0.15768 0.26968 1.13668
      vertex 0.155611 0.269962 1.1362
    endloop
  endfacet
  facet normal 2.92469e-5 -0.92388 -0.382682
    outer loop
      vertex 0.192854 0.262322 1.15227
      vertex 0.18289 0.262324 1.15226
      vertex 0.192854 0.265457 1.1447
    endloop
  endfacet
  facet normal 0.0208996 -0.933101 -0.359007
    outer loop
      vertex 0.18289 0.262324 1.15226
      vertex 0.182712 0.262399 1.15206
      vertex 0.192854 0.265457 1.1447
    endloop
  endfacet
  facet normal 0.0114861 -0.928871 -0.370226
    outer loop
      vertex 0.192854 0.265457 1.1447
      vertex 0.182712 0.262399 1.15206
      vertex 0.179776 0.263593 1.14897
    endloop
  endfacet
  facet normal 0.00219901 -0.918959 -0.394346
    outer loop
      vertex 0.179776 0.263593 1.14897
      vertex 0.176585 0.264797 1.14615
      vertex 0.192854 0.265457 1.1447
    endloop
  endfacet
  facet normal -1.68751e-5 -0.909787 -0.415076
    outer loop
      vertex 0.176585 0.264797 1.14615
      vertex 0.174665 0.265471 1.14467
      vertex 0.192854 0.265457 1.1447
    endloop
  endfacet
  facet normal 8.1333e-5 -0.887009 -0.461751
    outer loop
      vertex 0.192854 0.265457 1.1447
      vertex 0.174665 0.265471 1.14467
      vertex 0.192854 0.26924 1.13743
    endloop
  endfacet
  facet normal 0.0105945 -0.897539 -0.440808
    outer loop
      vertex 0.174665 0.265471 1.14467
      vertex 0.173161 0.265973 1.14361
      vertex 0.192854 0.26924 1.13743
    endloop
  endfacet
  facet normal 0.00560386 -0.891285 -0.453409
    outer loop
      vertex 0.192854 0.26924 1.13743
      vertex 0.173161 0.265973 1.14361
      vertex 0.169531 0.267085 1.14138
    endloop
  endfacet
  facet normal 0.015409 -0.973596 -0.227758
    outer loop
      vertex 0.19067 0.258766 1.1646
      vertex 0.189772 0.259203 1.16267
      vertex 0.192854 0.259858 1.16008
    endloop
  endfacet
  facet normal 0 -0.96951 -0.245053
    outer loop
      vertex 0.189772 0.259203 1.16267
      vertex 0.188401 0.259858 1.16008
      vertex 0.192854 0.259858 1.16008
    endloop
  endfacet
  facet normal 0 -0.953717 -0.300706
    outer loop
      vertex 0.192854 0.259858 1.16008
      vertex 0.188401 0.259858 1.16008
      vertex 0.192854 0.262322 1.15227
    endloop
  endfacet
  facet normal 0.033626 -0.958514 -0.283055
    outer loop
      vertex 0.188401 0.259858 1.16008
      vertex 0.187728 0.260173 1.15894
      vertex 0.192854 0.262322 1.15227
    endloop
  endfacet
  facet normal 0.0128372 -0.954554 -0.297763
    outer loop
      vertex 0.192854 0.262322 1.15227
      vertex 0.187728 0.260173 1.15894
      vertex 0.185369 0.261248 1.15539
    endloop
  endfacet
  facet normal 0 -0.976295 -0.216442
    outer loop
      vertex 0.192854 0.258085 1.16808
      vertex 0.192042 0.258085 1.16808
      vertex 0.192854 0.259858 1.16008
    endloop
  endfacet
  facet normal 0.0764173 -0.975052 -0.208409
    outer loop
      vertex 0.192042 0.258085 1.16808
      vertex 0.191484 0.258364 1.16657
      vertex 0.192854 0.259858 1.16008
    endloop
  endfacet
  facet normal 0.040511 -0.975531 -0.216098
    outer loop
      vertex 0.192854 0.259858 1.16008
      vertex 0.191484 0.258364 1.16657
      vertex 0.19067 0.258766 1.1646
    endloop
  endfacet
  facet normal 0 0.948141 -0.317849
    outer loop
      vertex 0.114113 0.440346 1.15683
      vertex 0.192854 0.438817 1.15227
      vertex 0.0353733 0.438817 1.15227
    endloop
  endfacet
  facet normal 0 0.923879 -0.382684
    outer loop
      vertex 0.192854 0.438817 1.15227
      vertex 0.192854 0.435682 1.1447
      vertex 0.0353733 0.438817 1.15227
    endloop
  endfacet
  facet normal 0 0.923879 -0.382684
    outer loop
      vertex 0.0353733 0.438817 1.15227
      vertex 0.192854 0.435682 1.1447
      vertex 0.0353733 0.435682 1.1447
    endloop
  endfacet
  facet normal 0 0.887011 -0.461748
    outer loop
      vertex 0.192854 0.435682 1.1447
      vertex 0.192854 0.431899 1.13743
      vertex 0.0353733 0.435682 1.1447
    endloop
  endfacet
  facet normal 0 0.887011 -0.461748
    outer loop
      vertex 0.0353733 0.435682 1.1447
      vertex 0.192854 0.431899 1.13743
      vertex 0.0353733 0.431899 1.13743
    endloop
  endfacet
  facet normal 0 0.843393 -0.537298
    outer loop
      vertex 0.192854 0.431899 1.13743
      vertex 0.192854 0.427497 1.13052
      vertex 0.0353733 0.431899 1.13743
    endloop
  endfacet
  facet normal 0 0.843393 -0.537298
    outer loop
      vertex 0.0353733 0.431899 1.13743
      vertex 0.192854 0.427497 1.13052
      vertex 0.0353733 0.427497 1.13052
    endloop
  endfacet
  facet normal 0 0.793351 -0.608764
    outer loop
      vertex 0.192854 0.427497 1.13052
      vertex 0.192854 0.422509 1.12402
      vertex 0.0353733 0.427497 1.13052
    endloop
  endfacet
  facet normal 0 0.793351 -0.608764
    outer loop
      vertex 0.0353733 0.427497 1.13052
      vertex 0.192854 0.422509 1.12402
      vertex 0.0353733 0.422509 1.12402
    endloop
  endfacet
  facet normal 0 0.737281 -0.675586
    outer loop
      vertex 0.192854 0.422509 1.12402
      vertex 0.192854 0.416974 1.11798
      vertex 0.0353733 0.422509 1.12402
    endloop
  endfacet
  facet normal 0 0.737281 -0.675586
    outer loop
      vertex 0.0353733 0.422509 1.12402
      vertex 0.192854 0.416974 1.11798
      vertex 0.0353733 0.416974 1.11798
    endloop
  endfacet
  facet normal 0 0.675591 -0.737277
    outer loop
      vertex 0.192854 0.416974 1.11798
      vertex 0.192854 0.410934 1.11245
      vertex 0.0353733 0.416974 1.11798
    endloop
  endfacet
  facet normal 0 0.675591 -0.737277
    outer loop
      vertex 0.0353733 0.416974 1.11798
      vertex 0.192854 0.410934 1.11245
      vertex 0.0353733 0.410934 1.11245
    endloop
  endfacet
  facet normal 0 0.608756 -0.793357
    outer loop
      vertex 0.192854 0.410934 1.11245
      vertex 0.192854 0.404434 1.10746
      vertex 0.0353733 0.410934 1.11245
    endloop
  endfacet
  facet normal 0 0.608756 -0.793357
    outer loop
      vertex 0.0353733 0.410934 1.11245
      vertex 0.192854 0.404434 1.10746
      vertex 0.0353733 0.404434 1.10746
    endloop
  endfacet
  facet normal 0 0.5373 -0.843391
    outer loop
      vertex 0.192854 0.404434 1.10746
      vertex 0.192854 0.397525 1.10306
      vertex 0.0353733 0.404434 1.10746
    endloop
  endfacet
  facet normal 0 0.5373 -0.843391
    outer loop
      vertex 0.0353733 0.404434 1.10746
      vertex 0.192854 0.397525 1.10306
      vertex 0.0353733 0.397525 1.10306
    endloop
  endfacet
  facet normal 0 0.461753 -0.887009
    outer loop
      vertex 0.192854 0.397525 1.10306
      vertex 0.192854 0.390258 1.09928
      vertex 0.0353733 0.397525 1.10306
    endloop
  endfacet
  facet normal 0 0.461753 -0.887009
    outer loop
      vertex 0.0353733 0.397525 1.10306
      vertex 0.192854 0.390258 1.09928
      vertex 0.0353733 0.390258 1.09928
    endloop
  endfacet
  facet normal 0 0.38268 -0.923881
    outer loop
      vertex 0.192854 0.390258 1.09928
      vertex 0.192854 0.382689 1.09614
      vertex 0.0353733 0.390258 1.09928
    endloop
  endfacet
  facet normal 0 0.38268 -0.923881
    outer loop
      vertex 0.0353733 0.390258 1.09928
      vertex 0.192854 0.382689 1.09614
      vertex 0.0353733 0.382689 1.09614
    endloop
  endfacet
  facet normal 0 0.300708 -0.953716
    outer loop
      vertex 0.192854 0.382689 1.09614
      vertex 0.192854 0.374875 1.09368
      vertex 0.0353733 0.382689 1.09614
    endloop
  endfacet
  facet normal 0 0.300708 -0.953716
    outer loop
      vertex 0.0353733 0.382689 1.09614
      vertex 0.192854 0.374875 1.09368
      vertex 0.0353733 0.374875 1.09368
    endloop
  endfacet
  facet normal 0 0.216435 -0.976297
    outer loop
      vertex 0.192854 0.374875 1.09368
      vertex 0.192854 0.366877 1.09191
      vertex 0.0353733 0.374875 1.09368
    endloop
  endfacet
  facet normal 0 0.216435 -0.976297
    outer loop
      vertex 0.0353733 0.374875 1.09368
      vertex 0.192854 0.366877 1.09191
      vertex 0.0353733 0.366877 1.09191
    endloop
  endfacet
  facet normal 0 0.130532 -0.991444
    outer loop
      vertex 0.192854 0.366877 1.09191
      vertex 0.192854 0.358754 1.09084
      vertex 0.0353733 0.366877 1.09191
    endloop
  endfacet
  facet normal 0 0.130532 -0.991444
    outer loop
      vertex 0.0353733 0.366877 1.09191
      vertex 0.192854 0.358754 1.09084
      vertex 0.0353733 0.358754 1.09084
    endloop
  endfacet
  facet normal 0 0.043618 -0.999048
    outer loop
      vertex 0.192854 0.358754 1.09084
      vertex 0.192854 0.350569 1.09048
      vertex 0.0353733 0.358754 1.09084
    endloop
  endfacet
  facet normal 0 0.043618 -0.999048
    outer loop
      vertex 0.0353733 0.358754 1.09084
      vertex 0.192854 0.350569 1.09048
      vertex 0.0353733 0.350569 1.09048
    endloop
  endfacet
  facet normal 0 -0.043618 -0.999048
    outer loop
      vertex 0.192854 0.350569 1.09048
      vertex 0.192854 0.342384 1.09084
      vertex 0.0353733 0.350569 1.09048
    endloop
  endfacet
  facet normal 0 -0.043618 -0.999048
    outer loop
      vertex 0.0353733 0.350569 1.09048
      vertex 0.192854 0.342384 1.09084
      vertex 0.0353733 0.342384 1.09084
    endloop
  endfacet
  facet normal 0 -0.130532 -0.991444
    outer loop
      vertex 0.192854 0.342384 1.09084
      vertex 0.192854 0.334262 1.09191
      vertex 0.0353733 0.342384 1.09084
    endloop
  endfacet
  facet normal 0 -0.130532 -0.991444
    outer loop
      vertex 0.0353733 0.342384 1.09084
      vertex 0.192854 0.334262 1.09191
      vertex 0.0353733 0.334262 1.09191
    endloop
  endfacet
  facet normal 0 -0.216435 -0.976297
    outer loop
      vertex 0.192854 0.334262 1.09191
      vertex 0.192854 0.326263 1.09368
      vertex 0.0353733 0.334262 1.09191
    endloop
  endfacet
  facet normal 0 -0.216435 -0.976297
    outer loop
      vertex 0.0353733 0.334262 1.09191
      vertex 0.192854 0.326263 1.09368
      vertex 0.0353733 0.326263 1.09368
    endloop
  endfacet
  facet normal 0 -0.300708 -0.953716
    outer loop
      vertex 0.192854 0.326263 1.09368
      vertex 0.192854 0.31845 1.09614
      vertex 0.0353733 0.326263 1.09368
    endloop
  endfacet
  facet normal 0 -0.300708 -0.953716
    outer loop
      vertex 0.0353733 0.326263 1.09368
      vertex 0.192854 0.31845 1.09614
      vertex 0.0353733 0.31845 1.09614
    endloop
  endfacet
  facet normal 0 -0.382681 -0.92388
    outer loop
      vertex 0.192854 0.31845 1.09614
      vertex 0.192854 0.310881 1.09928
      vertex 0.0353733 0.31845 1.09614
    endloop
  endfacet
  facet normal 0 -0.382681 -0.92388
    outer loop
      vertex 0.0353733 0.31845 1.09614
      vertex 0.192854 0.310881 1.09928
      vertex 0.0353733 0.310881 1.09928
    endloop
  endfacet
  facet normal 0 -0.461752 -0.887009
    outer loop
      vertex 0.192854 0.310881 1.09928
      vertex 0.192854 0.303614 1.10306
      vertex 0.0353733 0.310881 1.09928
    endloop
  endfacet
  facet normal 0 -0.461752 -0.887009
    outer loop
      vertex 0.0353733 0.310881 1.09928
      vertex 0.192854 0.303614 1.10306
      vertex 0.0353733 0.303614 1.10306
    endloop
  endfacet
  facet normal 0 -0.5373 -0.843391
    outer loop
      vertex 0.192854 0.303614 1.10306
      vertex 0.192854 0.296704 1.10746
      vertex 0.0353733 0.303614 1.10306
    endloop
  endfacet
  facet normal 0 -0.5373 -0.843391
    outer loop
      vertex 0.0353733 0.303614 1.10306
      vertex 0.192854 0.296704 1.10746
      vertex 0.0353733 0.296704 1.10746
    endloop
  endfacet
  facet normal 0 -0.608758 -0.793356
    outer loop
      vertex 0.192854 0.296704 1.10746
      vertex 0.192854 0.290204 1.11245
      vertex 0.0353733 0.296704 1.10746
    endloop
  endfacet
  facet normal 0 -0.608758 -0.793356
    outer loop
      vertex 0.0353733 0.296704 1.10746
      vertex 0.192854 0.290204 1.11245
      vertex 0.0353733 0.290204 1.11245
    endloop
  endfacet
  facet normal 0 -0.675591 -0.737277
    outer loop
      vertex 0.192854 0.290204 1.11245
      vertex 0.192854 0.284164 1.11798
      vertex 0.0353733 0.290204 1.11245
    endloop
  endfacet
  facet normal 0 -0.675591 -0.737277
    outer loop
      vertex 0.0353733 0.290204 1.11245
      vertex 0.192854 0.284164 1.11798
      vertex 0.0353733 0.284164 1.11798
    endloop
  endfacet
  facet normal 0 -0.73728 -0.675588
    outer loop
      vertex 0.192854 0.284164 1.11798
      vertex 0.192854 0.278629 1.12402
      vertex 0.0353733 0.284164 1.11798
    endloop
  endfacet
  facet normal 0 -0.73728 -0.675588
    outer loop
      vertex 0.0353733 0.284164 1.11798
      vertex 0.192854 0.278629 1.12402
      vertex 0.0353733 0.278629 1.12402
    endloop
  endfacet
  facet normal 0 -0.793352 -0.608763
    outer loop
      vertex 0.192854 0.278629 1.12402
      vertex 0.192854 0.273642 1.13052
      vertex 0.0353733 0.278629 1.12402
    endloop
  endfacet
  facet normal 0 -0.793352 -0.608763
    outer loop
      vertex 0.0353733 0.278629 1.12402
      vertex 0.192854 0.273642 1.13052
      vertex 0.0353733 0.273642 1.13052
    endloop
  endfacet
  facet normal 0 -0.835806 -0.549025
    outer loop
      vertex 0.192854 0.273642 1.13052
      vertex 0.145019 0.270583 1.13518
      vertex 0.0353733 0.273642 1.13052
    endloop
  endfacet
  facet normal -0.000658197 -0.842848 -0.538151
    outer loop
      vertex 0.0353733 0.273642 1.13052
      vertex 0.145019 0.270583 1.13518
      vertex 0.14289 0.270539 1.13525
    endloop
  endfacet
  facet normal 0 -0.835798 0.549037
    outer loop
      vertex 0.145019 0.270583 1.2336
      vertex 0.192854 0.273642 1.23825
      vertex 0.0353733 0.273642 1.23825
    endloop
  endfacet
  facet normal 0 -0.793356 0.608759
    outer loop
      vertex 0.192854 0.273642 1.23825
      vertex 0.192854 0.278629 1.24475
      vertex 0.0353733 0.273642 1.23825
    endloop
  endfacet
  facet normal 0 -0.793356 0.608759
    outer loop
      vertex 0.0353733 0.273642 1.23825
      vertex 0.192854 0.278629 1.24475
      vertex 0.0353733 0.278629 1.24475
    endloop
  endfacet
  facet normal 0 -0.737276 0.675592
    outer loop
      vertex 0.192854 0.278629 1.24475
      vertex 0.192854 0.284164 1.25079
      vertex 0.0353733 0.278629 1.24475
    endloop
  endfacet
  facet normal 0 -0.737276 0.675592
    outer loop
      vertex 0.0353733 0.278629 1.24475
      vertex 0.192854 0.284164 1.25079
      vertex 0.0353733 0.284164 1.25079
    endloop
  endfacet
  facet normal 0 -0.675596 0.737272
    outer loop
      vertex 0.192854 0.284164 1.25079
      vertex 0.192854 0.290204 1.25633
      vertex 0.0353733 0.284164 1.25079
    endloop
  endfacet
  facet normal 0 -0.675596 0.737272
    outer loop
      vertex 0.0353733 0.284164 1.25079
      vertex 0.192854 0.290204 1.25633
      vertex 0.0353733 0.290204 1.25633
    endloop
  endfacet
  facet normal 0 -0.608758 0.793356
    outer loop
      vertex 0.192854 0.290204 1.25633
      vertex 0.192854 0.296704 1.26132
      vertex 0.0353733 0.290204 1.25633
    endloop
  endfacet
  facet normal 0 -0.608758 0.793356
    outer loop
      vertex 0.0353733 0.290204 1.25633
      vertex 0.192854 0.296704 1.26132
      vertex 0.0353733 0.296704 1.26132
    endloop
  endfacet
  facet normal 0 -0.537306 0.843387
    outer loop
      vertex 0.192854 0.296704 1.26132
      vertex 0.192854 0.303614 1.26572
      vertex 0.0353733 0.296704 1.26132
    endloop
  endfacet
  facet normal 0 -0.537306 0.843387
    outer loop
      vertex 0.0353733 0.296704 1.26132
      vertex 0.192854 0.303614 1.26572
      vertex 0.0353733 0.303614 1.26572
    endloop
  endfacet
  facet normal 0 -0.461745 0.887013
    outer loop
      vertex 0.192854 0.303614 1.26572
      vertex 0.192854 0.310881 1.2695
      vertex 0.0353733 0.303614 1.26572
    endloop
  endfacet
  facet normal 0 -0.461745 0.887013
    outer loop
      vertex 0.0353733 0.303614 1.26572
      vertex 0.192854 0.310881 1.2695
      vertex 0.0353733 0.310881 1.2695
    endloop
  endfacet
  facet normal 0 -0.382674 0.923884
    outer loop
      vertex 0.192854 0.310881 1.2695
      vertex 0.192854 0.31845 1.27264
      vertex 0.0353733 0.310881 1.2695
    endloop
  endfacet
  facet normal 0 -0.382674 0.923884
    outer loop
      vertex 0.0353733 0.310881 1.2695
      vertex 0.192854 0.31845 1.27264
      vertex 0.0353733 0.31845 1.27264
    endloop
  endfacet
  facet normal 0 -0.300716 0.953714
    outer loop
      vertex 0.192854 0.31845 1.27264
      vertex 0.192854 0.326263 1.2751
      vertex 0.0353733 0.31845 1.27264
    endloop
  endfacet
  facet normal 0 -0.300716 0.953714
    outer loop
      vertex 0.0353733 0.31845 1.27264
      vertex 0.192854 0.326263 1.2751
      vertex 0.0353733 0.326263 1.2751
    endloop
  endfacet
  facet normal 0 -0.216435 0.976297
    outer loop
      vertex 0.192854 0.326263 1.2751
      vertex 0.192854 0.334262 1.27687
      vertex 0.0353733 0.326263 1.2751
    endloop
  endfacet
  facet normal 0 -0.216435 0.976297
    outer loop
      vertex 0.0353733 0.326263 1.2751
      vertex 0.192854 0.334262 1.27687
      vertex 0.0353733 0.334262 1.27687
    endloop
  endfacet
  facet normal 0 -0.130523 0.991445
    outer loop
      vertex 0.192854 0.334262 1.27687
      vertex 0.192854 0.342384 1.27794
      vertex 0.0353733 0.334262 1.27687
    endloop
  endfacet
  facet normal 0 -0.130523 0.991445
    outer loop
      vertex 0.0353733 0.334262 1.27687
      vertex 0.192854 0.342384 1.27794
      vertex 0.0353733 0.342384 1.27794
    endloop
  endfacet
  facet normal 0 -0.043627 0.999048
    outer loop
      vertex 0.192854 0.342384 1.27794
      vertex 0.192854 0.350569 1.2783
      vertex 0.0353733 0.342384 1.27794
    endloop
  endfacet
  facet normal 0 -0.043627 0.999048
    outer loop
      vertex 0.0353733 0.342384 1.27794
      vertex 0.192854 0.350569 1.2783
      vertex 0.0353733 0.350569 1.2783
    endloop
  endfacet
  facet normal 0 0.043627 0.999048
    outer loop
      vertex 0.192854 0.350569 1.2783
      vertex 0.192854 0.358754 1.27794
      vertex 0.0353733 0.350569 1.2783
    endloop
  endfacet
  facet normal 0 0.043627 0.999048
    outer loop
      vertex 0.0353733 0.350569 1.2783
      vertex 0.192854 0.358754 1.27794
      vertex 0.0353733 0.358754 1.27794
    endloop
  endfacet
  facet normal 0 0.130523 0.991445
    outer loop
      vertex 0.192854 0.358754 1.27794
      vertex 0.192854 0.366877 1.27687
      vertex 0.0353733 0.358754 1.27794
    endloop
  endfacet
  facet normal 0 0.130523 0.991445
    outer loop
      vertex 0.0353733 0.358754 1.27794
      vertex 0.192854 0.366877 1.27687
      vertex 0.0353733 0.366877 1.27687
    endloop
  endfacet
  facet normal 0 0.216435 0.976297
    outer loop
      vertex 0.192854 0.366877 1.27687
      vertex 0.192854 0.374875 1.2751
      vertex 0.0353733 0.366877 1.27687
    endloop
  endfacet
  facet normal 0 0.216435 0.976297
    outer loop
      vertex 0.0353733 0.366877 1.27687
      vertex 0.192854 0.374875 1.2751
      vertex 0.0353733 0.374875 1.2751
    endloop
  endfacet
  facet normal 0 0.300716 0.953714
    outer loop
      vertex 0.192854 0.374875 1.2751
      vertex 0.192854 0.382689 1.27264
      vertex 0.0353733 0.374875 1.2751
    endloop
  endfacet
  facet normal 0 0.300716 0.953714
    outer loop
      vertex 0.0353733 0.374875 1.2751
      vertex 0.192854 0.382689 1.27264
      vertex 0.0353733 0.382689 1.27264
    endloop
  endfacet
  facet normal 0 0.382672 0.923884
    outer loop
      vertex 0.192854 0.382689 1.27264
      vertex 0.192854 0.390258 1.2695
      vertex 0.0353733 0.382689 1.27264
    endloop
  endfacet
  facet normal 0 0.382672 0.923884
    outer loop
      vertex 0.0353733 0.382689 1.27264
      vertex 0.192854 0.390258 1.2695
      vertex 0.0353733 0.390258 1.2695
    endloop
  endfacet
  facet normal 0 0.461746 0.887012
    outer loop
      vertex 0.192854 0.390258 1.2695
      vertex 0.192854 0.397525 1.26572
      vertex 0.0353733 0.390258 1.2695
    endloop
  endfacet
  facet normal 0 0.461746 0.887012
    outer loop
      vertex 0.0353733 0.390258 1.2695
      vertex 0.192854 0.397525 1.26572
      vertex 0.0353733 0.397525 1.26572
    endloop
  endfacet
  facet normal 0 0.537306 0.843387
    outer loop
      vertex 0.192854 0.397525 1.26572
      vertex 0.192854 0.404434 1.26132
      vertex 0.0353733 0.397525 1.26572
    endloop
  endfacet
  facet normal 0 0.537306 0.843387
    outer loop
      vertex 0.0353733 0.397525 1.26572
      vertex 0.192854 0.404434 1.26132
      vertex 0.0353733 0.404434 1.26132
    endloop
  endfacet
  facet normal 0 0.608756 0.793357
    outer loop
      vertex 0.192854 0.404434 1.26132
      vertex 0.192854 0.410934 1.25633
      vertex 0.0353733 0.404434 1.26132
    endloop
  endfacet
  facet normal 0 0.608756 0.793357
    outer loop
      vertex 0.0353733 0.404434 1.26132
      vertex 0.192854 0.410934 1.25633
      vertex 0.0353733 0.410934 1.25633
    endloop
  endfacet
  facet normal 0 0.675596 0.737272
    outer loop
      vertex 0.192854 0.410934 1.25633
      vertex 0.192854 0.416974 1.25079
      vertex 0.0353733 0.410934 1.25633
    endloop
  endfacet
  facet normal 0 0.675596 0.737272
    outer loop
      vertex 0.0353733 0.410934 1.25633
      vertex 0.192854 0.416974 1.25079
      vertex 0.0353733 0.416974 1.25079
    endloop
  endfacet
  facet normal 0 0.737277 0.675591
    outer loop
      vertex 0.192854 0.416974 1.25079
      vertex 0.192854 0.422509 1.24475
      vertex 0.0353733 0.416974 1.25079
    endloop
  endfacet
  facet normal 0 0.737277 0.675591
    outer loop
      vertex 0.0353733 0.416974 1.25079
      vertex 0.192854 0.422509 1.24475
      vertex 0.0353733 0.422509 1.24475
    endloop
  endfacet
  facet normal 0 0.793354 0.60876
    outer loop
      vertex 0.192854 0.422509 1.24475
      vertex 0.192854 0.427497 1.23825
      vertex 0.0353733 0.422509 1.24475
    endloop
  endfacet
  facet normal 0 0.793354 0.60876
    outer loop
      vertex 0.0353733 0.422509 1.24475
      vertex 0.192854 0.427497 1.23825
      vertex 0.0353733 0.427497 1.23825
    endloop
  endfacet
  facet normal 0 0.843388 0.537306
    outer loop
      vertex 0.192854 0.427497 1.23825
      vertex 0.192854 0.431899 1.23134
      vertex 0.0353733 0.427497 1.23825
    endloop
  endfacet
  facet normal 0 0.843388 0.537306
    outer loop
      vertex 0.0353733 0.427497 1.23825
      vertex 0.192854 0.431899 1.23134
      vertex 0.0353733 0.431899 1.23134
    endloop
  endfacet
  facet normal 0 0.887013 0.461744
    outer loop
      vertex 0.192854 0.431899 1.23134
      vertex 0.192854 0.435682 1.22408
      vertex 0.0353733 0.431899 1.23134
    endloop
  endfacet
  facet normal 0 0.887013 0.461744
    outer loop
      vertex 0.0353733 0.431899 1.23134
      vertex 0.192854 0.435682 1.22408
      vertex 0.0353733 0.435682 1.22408
    endloop
  endfacet
  facet normal 0 0.923879 0.382684
    outer loop
      vertex 0.192854 0.435682 1.22408
      vertex 0.192854 0.438817 1.21651
      vertex 0.0353733 0.435682 1.22408
    endloop
  endfacet
  facet normal 0 0.923879 0.382684
    outer loop
      vertex 0.0353733 0.435682 1.22408
      vertex 0.192854 0.438817 1.21651
      vertex 0.0353733 0.438817 1.21651
    endloop
  endfacet
  facet normal 0 0.948141 0.317849
    outer loop
      vertex 0.192854 0.438817 1.21651
      vertex 0.114113 0.440346 1.21195
      vertex 0.0353733 0.438817 1.21651
    endloop
  endfacet
  facet normal -0.001101 0.953716 0.300707
    outer loop
      vertex 0.0353733 0.438817 1.21651
      vertex 0.114113 0.440346 1.21195
      vertex 0.0353733 0.44128 1.2087
    endloop
  endfacet
  facet normal 0 0.961105 0.276182
    outer loop
      vertex 0.114113 0.440346 1.21195
      vertex 0.114113 0.44128 1.2087
      vertex 0.0353733 0.44128 1.2087
    endloop
  endfacet
  facet normal 0 0.976296 0.216438
    outer loop
      vertex 0.0353733 0.44128 1.2087
      vertex 0.114113 0.44128 1.2087
      vertex 0.114113 0.443054 1.2007
    endloop
  endfacet
  facet normal 0 -0.993269 0.115826
    outer loop
      vertex 0.0353733 -0.16985 1.69366
      vertex -0.104627 -0.16985 1.69366
      vertex -0.104627 -0.172383 1.67193
    endloop
  endfacet
  facet normal 0 -0.993269 0.115826
    outer loop
      vertex 0.0353733 -0.16985 1.69366
      vertex -0.104627 -0.172383 1.67193
      vertex 0.0353733 -0.172383 1.67193
    endloop
  endfacet
  facet normal 0 -0.999564 0.0295122
    outer loop
      vertex -0.104627 -0.172383 1.67193
      vertex -0.104627 -0.173029 1.65006
      vertex 0.0353733 -0.172383 1.67193
    endloop
  endfacet
  facet normal 0 -0.999564 0.0295122
    outer loop
      vertex 0.0353733 -0.172383 1.67193
      vertex -0.104627 -0.173029 1.65006
      vertex 0.0353733 -0.173029 1.65006
    endloop
  endfacet
  facet normal 0 -0.998373 -0.0570231
    outer loop
      vertex -0.104627 -0.173029 1.65006
      vertex -0.104627 -0.171782 1.62822
      vertex 0.0353733 -0.173029 1.65006
    endloop
  endfacet
  facet normal 0 -0.998373 -0.0570231
    outer loop
      vertex 0.0353733 -0.173029 1.65006
      vertex -0.104627 -0.171782 1.62822
      vertex 0.0353733 -0.171782 1.62822
    endloop
  endfacet
  facet normal 0 -0.989704 -0.143132
    outer loop
      vertex -0.104627 -0.171782 1.62822
      vertex -0.104627 -0.168651 1.60658
      vertex 0.0353733 -0.171782 1.62822
    endloop
  endfacet
  facet normal 0 -0.989704 -0.143132
    outer loop
      vertex 0.0353733 -0.171782 1.62822
      vertex -0.104627 -0.168651 1.60658
      vertex 0.0353733 -0.168651 1.60658
    endloop
  endfacet
  facet normal 0 -0.973622 -0.228168
    outer loop
      vertex -0.104627 -0.168651 1.60658
      vertex -0.104627 -0.16366 1.58528
      vertex 0.0353733 -0.168651 1.60658
    endloop
  endfacet
  facet normal 0 -0.973622 -0.228168
    outer loop
      vertex 0.0353733 -0.168651 1.60658
      vertex -0.104627 -0.16366 1.58528
      vertex 0.0353733 -0.16366 1.58528
    endloop
  endfacet
  facet normal 0 -0.950247 -0.311496
    outer loop
      vertex -0.104627 -0.16366 1.58528
      vertex -0.104627 -0.156846 1.56449
      vertex 0.0353733 -0.16366 1.58528
    endloop
  endfacet
  facet normal 0 -0.950247 -0.311496
    outer loop
      vertex 0.0353733 -0.16366 1.58528
      vertex -0.104627 -0.156846 1.56449
      vertex 0.0353733 -0.156846 1.56449
    endloop
  endfacet
  facet normal 0 -0.919756 -0.39249
    outer loop
      vertex -0.104627 -0.156846 1.56449
      vertex -0.104627 -0.14826 1.54437
      vertex 0.0353733 -0.156846 1.56449
    endloop
  endfacet
  facet normal 0 -0.919756 -0.39249
    outer loop
      vertex 0.0353733 -0.156846 1.56449
      vertex -0.104627 -0.14826 1.54437
      vertex 0.0353733 -0.14826 1.54437
    endloop
  endfacet
  facet normal 0 -0.882375 -0.470547
    outer loop
      vertex -0.104627 -0.14826 1.54437
      vertex -0.104627 -0.137967 1.52507
      vertex 0.0353733 -0.14826 1.54437
    endloop
  endfacet
  facet normal 0 -0.882375 -0.470547
    outer loop
      vertex 0.0353733 -0.14826 1.54437
      vertex -0.104627 -0.137967 1.52507
      vertex 0.0353733 -0.137967 1.52507
    endloop
  endfacet
  facet normal 0 -0.838387 -0.545075
    outer loop
      vertex -0.104627 -0.137967 1.52507
      vertex -0.104627 -0.126044 1.50673
      vertex 0.0353733 -0.137967 1.52507
    endloop
  endfacet
  facet normal 0 -0.838387 -0.545075
    outer loop
      vertex 0.0353733 -0.137967 1.52507
      vertex -0.104627 -0.126044 1.50673
      vertex 0.0353733 -0.126044 1.50673
    endloop
  endfacet
  facet normal 0 -0.788117 -0.615525
    outer loop
      vertex -0.104627 -0.126044 1.50673
      vertex -0.104627 -0.11258 1.48949
      vertex 0.0353733 -0.126044 1.50673
    endloop
  endfacet
  facet normal 0 -0.788117 -0.615525
    outer loop
      vertex 0.0353733 -0.126044 1.50673
      vertex -0.104627 -0.11258 1.48949
      vertex 0.0353733 -0.11258 1.48949
    endloop
  endfacet
  facet normal 0 -0.731948 -0.68136
    outer loop
      vertex -0.104627 -0.11258 1.48949
      vertex -0.104627 -0.0976755 1.47348
      vertex 0.0353733 -0.11258 1.48949
    endloop
  endfacet
  facet normal 0 -0.731948 -0.68136
    outer loop
      vertex 0.0353733 -0.11258 1.48949
      vertex -0.104627 -0.0976755 1.47348
      vertex 0.0353733 -0.0976755 1.47348
    endloop
  endfacet
  facet normal 0 -0.670296 -0.742094
    outer loop
      vertex -0.104627 -0.0976755 1.47348
      vertex -0.104627 -0.0814425 1.45882
      vertex 0.0353733 -0.0976755 1.47348
    endloop
  endfacet
  facet normal 0 -0.670296 -0.742094
    outer loop
      vertex 0.0353733 -0.0976755 1.47348
      vertex -0.104627 -0.0814425 1.45882
      vertex 0.0353733 -0.0814425 1.45882
    endloop
  endfacet
  facet normal 0 -0.603619 -0.797273
    outer loop
      vertex -0.104627 -0.0814425 1.45882
      vertex -0.104627 -0.0640026 1.44561
      vertex 0.0353733 -0.0814425 1.45882
    endloop
  endfacet
  facet normal 0 -0.603619 -0.797273
    outer loop
      vertex 0.0353733 -0.0814425 1.45882
      vertex -0.104627 -0.0640026 1.44561
      vertex 0.0353733 -0.0640026 1.44561
    endloop
  endfacet
  facet normal 0 -0.532426 -0.846477
    outer loop
      vertex -0.104627 -0.0640026 1.44561
      vertex -0.104627 -0.0454864 1.43397
      vertex 0.0353733 -0.0640026 1.44561
    endloop
  endfacet
  facet normal 0 -0.532426 -0.846477
    outer loop
      vertex 0.0353733 -0.0640026 1.44561
      vertex -0.104627 -0.0454864 1.43397
      vertex 0.0353733 -0.0454864 1.43397
    endloop
  endfacet
  facet normal 0 -0.457244 -0.889341
    outer loop
      vertex -0.104627 -0.0454864 1.43397
      vertex -0.104627 -0.0260325 1.42397
      vertex 0.0353733 -0.0454864 1.43397
    endloop
  endfacet
  facet normal 0 -0.457244 -0.889341
    outer loop
      vertex 0.0353733 -0.0454864 1.43397
      vertex -0.104627 -0.0260325 1.42397
      vertex 0.0353733 -0.0260325 1.42397
    endloop
  endfacet
  facet normal 0 -0.378636 -0.925546
    outer loop
      vertex -0.104627 -0.0260325 1.42397
      vertex -0.104627 -0.00578674 1.41568
      vertex 0.0353733 -0.0260325 1.42397
    endloop
  endfacet
  facet normal 0 -0.378636 -0.925546
    outer loop
      vertex 0.0353733 -0.0260325 1.42397
      vertex -0.104627 -0.00578674 1.41568
      vertex 0.0353733 -0.00578674 1.41568
    endloop
  endfacet
  facet normal 0 -0.297186 -0.954819
    outer loop
      vertex -0.104627 -0.00578674 1.41568
      vertex -0.104627 0.0150994 1.40918
      vertex 0.0353733 -0.00578674 1.41568
    endloop
  endfacet
  facet normal 0 -0.297186 -0.954819
    outer loop
      vertex 0.0353733 -0.00578674 1.41568
      vertex -0.104627 0.0150994 1.40918
      vertex 0.0353733 0.0150994 1.40918
    endloop
  endfacet
  facet normal 0 -0.213529 -0.976937
    outer loop
      vertex -0.104627 0.0150994 1.40918
      vertex -0.104627 0.0364693 1.40451
      vertex 0.0353733 0.0150994 1.40918
    endloop
  endfacet
  facet normal 0 -0.213529 -0.976937
    outer loop
      vertex 0.0353733 0.0150994 1.40918
      vertex -0.104627 0.0364693 1.40451
      vertex 0.0353733 0.0364693 1.40451
    endloop
  endfacet
  facet normal 0 -0.128251 -0.991742
    outer loop
      vertex -0.104627 0.0364693 1.40451
      vertex -0.104627 0.0581631 1.40171
      vertex 0.0353733 0.0364693 1.40451
    endloop
  endfacet
  facet normal 0 -0.128251 -0.991742
    outer loop
      vertex 0.0353733 0.0364693 1.40451
      vertex -0.104627 0.0581631 1.40171
      vertex 0.0353733 0.0581631 1.40171
    endloop
  endfacet
  facet normal 0 -0.042026 -0.999117
    outer loop
      vertex -0.104627 0.0581631 1.40171
      vertex -0.104627 0.0800183 1.40079
      vertex 0.0353733 0.0581631 1.40171
    endloop
  endfacet
  facet normal 0 -0.042026 -0.999117
    outer loop
      vertex 0.0353733 0.0581631 1.40171
      vertex -0.104627 0.0800183 1.40079
      vertex 0.0353733 0.0800183 1.40079
    endloop
  endfacet
  facet normal 0 0.0445202 -0.999008
    outer loop
      vertex -0.104627 0.0800183 1.40079
      vertex -0.104627 0.101871 1.40176
      vertex 0.0353733 0.0800183 1.40079
    endloop
  endfacet
  facet normal 0 0.0445202 -0.999008
    outer loop
      vertex 0.0353733 0.0800183 1.40079
      vertex -0.104627 0.101871 1.40176
      vertex 0.0353733 0.101871 1.40176
    endloop
  endfacet
  facet normal 0 0.571539 0.820575
    outer loop
      vertex 0.0353733 0.315278 1.96307
      vertex -0.104627 0.315278 1.96307
      vertex -0.104627 0.288363 1.98182
    endloop
  endfacet
  facet normal 0 0.571539 0.820575
    outer loop
      vertex 0.0353733 0.315278 1.96307
      vertex -0.104627 0.288363 1.98182
      vertex 0.0353733 0.288363 1.98182
    endloop
  endfacet
  facet normal 0 0.500375 0.865809
    outer loop
      vertex -0.104627 0.288363 1.98182
      vertex -0.104627 0.259965 1.99823
      vertex 0.0353733 0.288363 1.98182
    endloop
  endfacet
  facet normal 0 0.500375 0.865809
    outer loop
      vertex 0.0353733 0.288363 1.98182
      vertex -0.104627 0.259965 1.99823
      vertex 0.0353733 0.259965 1.99823
    endloop
  endfacet
  facet normal 0 0.425653 0.904887
    outer loop
      vertex -0.104627 0.259965 1.99823
      vertex -0.104627 0.230284 2.01219
      vertex 0.0353733 0.259965 1.99823
    endloop
  endfacet
  facet normal 0 0.425653 0.904887
    outer loop
      vertex 0.0353733 0.259965 1.99823
      vertex -0.104627 0.230284 2.01219
      vertex 0.0353733 0.230284 2.01219
    endloop
  endfacet
  facet normal 0 0.347903 0.937531
    outer loop
      vertex -0.104627 0.230284 2.01219
      vertex -0.104627 0.199533 2.0236
      vertex 0.0353733 0.230284 2.01219
    endloop
  endfacet
  facet normal 0 0.347903 0.937531
    outer loop
      vertex 0.0353733 0.230284 2.01219
      vertex -0.104627 0.199533 2.0236
      vertex 0.0353733 0.199533 2.0236
    endloop
  endfacet
  facet normal 0 0.26768 0.963508
    outer loop
      vertex -0.104627 0.199533 2.0236
      vertex -0.104627 0.16793 2.03238
      vertex 0.0353733 0.199533 2.0236
    endloop
  endfacet
  facet normal 0 0.26768 0.963508
    outer loop
      vertex 0.0353733 0.199533 2.0236
      vertex -0.104627 0.16793 2.03238
      vertex 0.0353733 0.16793 2.03238
    endloop
  endfacet
  facet normal 0 0.185553 0.982634
    outer loop
      vertex -0.104627 0.16793 2.03238
      vertex -0.104627 0.135699 2.03847
      vertex 0.0353733 0.16793 2.03238
    endloop
  endfacet
  facet normal 0 0.185553 0.982634
    outer loop
      vertex 0.0353733 0.16793 2.03238
      vertex -0.104627 0.135699 2.03847
      vertex 0.0353733 0.135699 2.03847
    endloop
  endfacet
  facet normal 0 0.102106 0.994774
    outer loop
      vertex -0.104627 0.135699 2.03847
      vertex -0.104627 0.103071 2.04182
      vertex 0.0353733 0.135699 2.03847
    endloop
  endfacet
  facet normal 0 0.102106 0.994774
    outer loop
      vertex 0.0353733 0.135699 2.03847
      vertex -0.104627 0.103071 2.04182
      vertex 0.0353733 0.103071 2.04182
    endloop
  endfacet
  facet normal 0 0.0179351 0.999839
    outer loop
      vertex -0.104627 0.103071 2.04182
      vertex -0.104627 0.0702757 2.04241
      vertex 0.0353733 0.103071 2.04182
    endloop
  endfacet
  facet normal 0 0.0179351 0.999839
    outer loop
      vertex 0.0353733 0.103071 2.04182
      vertex -0.104627 0.0702757 2.04241
      vertex 0.0353733 0.0702757 2.04241
    endloop
  endfacet
  facet normal 0 -0.0663611 0.997796
    outer loop
      vertex -0.104627 0.0702757 2.04241
      vertex -0.104627 0.0375479 2.04023
      vertex 0.0353733 0.0702757 2.04241
    endloop
  endfacet
  facet normal 0 -0.0663611 0.997796
    outer loop
      vertex 0.0353733 0.0702757 2.04241
      vertex -0.104627 0.0375479 2.04023
      vertex 0.0353733 0.0375479 2.04023
    endloop
  endfacet
  facet normal 0 -0.150192 0.988657
    outer loop
      vertex -0.104627 0.0375479 2.04023
      vertex -0.104627 0.00511978 2.0353
      vertex 0.0353733 0.0375479 2.04023
    endloop
  endfacet
  facet normal 0 -0.150192 0.988657
    outer loop
      vertex 0.0353733 0.0375479 2.04023
      vertex -0.104627 0.00511978 2.0353
      vertex 0.0353733 0.00511978 2.0353
    endloop
  endfacet
  facet normal 0 -0.232955 0.972488
    outer loop
      vertex -0.104627 0.00511978 2.0353
      vertex -0.104627 -0.026778 2.02766
      vertex 0.0353733 0.00511978 2.0353
    endloop
  endfacet
  facet normal 0 -0.232955 0.972488
    outer loop
      vertex 0.0353733 0.00511978 2.0353
      vertex -0.104627 -0.026778 2.02766
      vertex 0.0353733 -0.026778 2.02766
    endloop
  endfacet
  facet normal 0 -0.314054 0.949405
    outer loop
      vertex -0.104627 -0.026778 2.02766
      vertex -0.104627 -0.0579186 2.01736
      vertex 0.0353733 -0.026778 2.02766
    endloop
  endfacet
  facet normal 0 -0.314054 0.949405
    outer loop
      vertex 0.0353733 -0.026778 2.02766
      vertex -0.104627 -0.0579186 2.01736
      vertex 0.0353733 -0.0579186 2.01736
    endloop
  endfacet
  facet normal 0 -0.392926 0.91957
    outer loop
      vertex -0.104627 -0.0579186 2.01736
      vertex -0.104627 -0.0880807 2.00447
      vertex 0.0353733 -0.0579186 2.01736
    endloop
  endfacet
  facet normal 0 -0.392926 0.91957
    outer loop
      vertex 0.0353733 -0.0579186 2.01736
      vertex -0.104627 -0.0880807 2.00447
      vertex 0.0353733 -0.0880807 2.00447
    endloop
  endfacet
  facet normal 0 -0.469 0.883198
    outer loop
      vertex -0.104627 -0.0880807 2.00447
      vertex -0.104627 -0.11705 1.98909
      vertex 0.0353733 -0.0880807 2.00447
    endloop
  endfacet
  facet normal 0 -0.469 0.883198
    outer loop
      vertex 0.0353733 -0.0880807 2.00447
      vertex -0.104627 -0.11705 1.98909
      vertex 0.0353733 -0.11705 1.98909
    endloop
  endfacet
  facet normal 0 -0.541745 0.840543
    outer loop
      vertex -0.104627 -0.11705 1.98909
      vertex -0.104627 -0.14462 1.97132
      vertex 0.0353733 -0.11705 1.98909
    endloop
  endfacet
  facet normal 0 -0.541745 0.840543
    outer loop
      vertex 0.0353733 -0.11705 1.98909
      vertex -0.104627 -0.14462 1.97132
      vertex 0.0353733 -0.14462 1.97132
    endloop
  endfacet
  facet normal 0 -0.61063 0.791916
    outer loop
      vertex -0.104627 -0.14462 1.97132
      vertex -0.104627 -0.170595 1.95129
      vertex 0.0353733 -0.14462 1.97132
    endloop
  endfacet
  facet normal 0 -0.61063 0.791916
    outer loop
      vertex 0.0353733 -0.14462 1.97132
      vertex -0.104627 -0.170595 1.95129
      vertex 0.0353733 -0.170595 1.95129
    endloop
  endfacet
  facet normal 0 -0.675179 0.737654
    outer loop
      vertex -0.104627 -0.170595 1.95129
      vertex -0.104627 -0.19479 1.92915
      vertex 0.0353733 -0.170595 1.95129
    endloop
  endfacet
  facet normal 0 -0.675179 0.737654
    outer loop
      vertex 0.0353733 -0.170595 1.95129
      vertex -0.104627 -0.19479 1.92915
      vertex 0.0353733 -0.19479 1.92915
    endloop
  endfacet
  facet normal 0 -0.734926 0.678147
    outer loop
      vertex -0.104627 -0.19479 1.92915
      vertex -0.104627 -0.217033 1.90504
      vertex 0.0353733 -0.19479 1.92915
    endloop
  endfacet
  facet normal 0 -0.734926 0.678147
    outer loop
      vertex 0.0353733 -0.19479 1.92915
      vertex -0.104627 -0.217033 1.90504
      vertex 0.0353733 -0.217033 1.90504
    endloop
  endfacet
  facet normal 0 -0.789446 0.613819
    outer loop
      vertex -0.104627 -0.217033 1.90504
      vertex -0.104627 -0.237167 1.87915
      vertex 0.0353733 -0.217033 1.90504
    endloop
  endfacet
  facet normal 0 -0.789446 0.613819
    outer loop
      vertex 0.0353733 -0.217033 1.90504
      vertex -0.104627 -0.237167 1.87915
      vertex 0.0353733 -0.237167 1.87915
    endloop
  endfacet
  facet normal 0 -0.838354 0.545126
    outer loop
      vertex -0.104627 -0.237167 1.87915
      vertex -0.104627 -0.255047 1.85165
      vertex 0.0353733 -0.237167 1.87915
    endloop
  endfacet
  facet normal 0 -0.838354 0.545126
    outer loop
      vertex 0.0353733 -0.237167 1.87915
      vertex -0.104627 -0.255047 1.85165
      vertex 0.0353733 -0.255047 1.85165
    endloop
  endfacet
  facet normal 0 -0.881299 0.47256
    outer loop
      vertex -0.104627 -0.255047 1.85165
      vertex -0.104627 -0.270547 1.82274
      vertex 0.0353733 -0.255047 1.85165
    endloop
  endfacet
  facet normal 0 -0.881299 0.47256
    outer loop
      vertex 0.0353733 -0.255047 1.85165
      vertex -0.104627 -0.270547 1.82274
      vertex 0.0353733 -0.270547 1.82274
    endloop
  endfacet
  facet normal 0 -0.917979 0.396629
    outer loop
      vertex -0.104627 -0.270547 1.82274
      vertex -0.104627 -0.283556 1.79263
      vertex 0.0353733 -0.270547 1.82274
    endloop
  endfacet
  facet normal 0 -0.917979 0.396629
    outer loop
      vertex 0.0353733 -0.270547 1.82274
      vertex -0.104627 -0.283556 1.79263
      vertex 0.0353733 -0.283556 1.79263
    endloop
  endfacet
  facet normal 0 -0.948131 0.31788
    outer loop
      vertex -0.104627 -0.283556 1.79263
      vertex -0.104627 -0.293983 1.76153
      vertex 0.0353733 -0.283556 1.79263
    endloop
  endfacet
  facet normal 0 -0.948131 0.31788
    outer loop
      vertex 0.0353733 -0.283556 1.79263
      vertex -0.104627 -0.293983 1.76153
      vertex 0.0353733 -0.293983 1.76153
    endloop
  endfacet
  facet normal 0 0.982156 -0.188067
    outer loop
      vertex 0.0353733 0.315278 1.96307
      vertex 0.0353733 0.284401 1.80181
      vertex -0.104627 0.315278 1.96307
    endloop
  endfacet
  facet normal 0 0.982156 -0.188067
    outer loop
      vertex 0.0353733 0.284401 1.80181
      vertex -0.104627 0.284401 1.80181
      vertex -0.104627 0.315278 1.96307
    endloop
  endfacet
  facet normal 1 0 0
    outer loop
      vertex 0.192854 0.438817 1.15227
      vertex 0.192854 0.440346 1.15683
      vertex 0.192854 0.331042 1.15683
    endloop
  endfacet
  facet normal 1 0 0
    outer loop
      vertex 0.192854 0.438817 1.15227
      vertex 0.192854 0.331042 1.15683
      vertex 0.192854 0.435682 1.1447
    endloop
  endfacet
  facet normal 1 0 0
    outer loop
      vertex 0.192854 0.358754 1.09084
      vertex 0.192854 0.366877 1.09191
      vertex 0.192854 0.331042 1.15683
    endloop
  endfacet
  facet normal 1 0 0
    outer loop
      vertex 0.192854 0.257675 1.17061
      vertex 0.192854 0.258085 1.16808
      vertex 0.192854 0.331042 1.17061
    endloop
  endfacet
  facet normal 1 0 0
    outer loop
      vertex 0.192854 0.258085 1.16808
      vertex 0.192854 0.259858 1.16008
      vertex 0.192854 0.331042 1.17061
    endloop
  endfacet
  facet normal 1 0 0
    outer loop
      vertex 0.192854 0.259858 1.16008
      vertex 0.192854 0.262322 1.15227
      vertex 0.192854 0.331042 1.17061
    endloop
  endfacet
  facet normal 1 0 0
    outer loop
      vertex 0.192854 0.262322 1.15227
      vertex 0.192854 0.265457 1.1447
      vertex 0.192854 0.331042 1.17061
    endloop
  endfacet
  facet normal 1 0 0
    outer loop
      vertex 0.192854 0.331042 1.17061
      vertex 0.192854 0.265457 1.1447
      vertex 0.192854 0.26924 1.13743
    endloop
  endfacet
  facet normal 1 0 0
    outer loop
      vertex 0.192854 0.290204 1.11245
      vertex 0.192854 0.331042 1.15683
      vertex 0.192854 0.284164 1.11798
    endloop
  endfacet
  facet normal 1 0 0
    outer loop
      vertex 0.192854 0.331042 1.15683
      vertex 0.192854 0.331042 1.17061
      vertex 0.192854 0.284164 1.11798
    endloop
  endfacet
  facet normal 1 0 0
    outer loop
      vertex 0.192854 0.290204 1.11245
      vertex 0.192854 0.296704 1.10746
      vertex 0.192854 0.331042 1.15683
    endloop
  endfacet
  facet normal 1 0 0
    outer loop
      vertex 0.192854 0.296704 1.10746
      vertex 0.192854 0.303614 1.10306
      vertex 0.192854 0.331042 1.15683
    endloop
  endfacet
  facet normal 1 0 0
    outer loop
      vertex 0.192854 0.331042 1.15683
      vertex 0.192854 0.303614 1.10306
      vertex 0.192854 0.310881 1.09928
    endloop
  endfacet
  facet normal 1 0 0
    outer loop
      vertex 0.192854 0.26924 1.13743
      vertex 0.192854 0.273642 1.13052
      vertex 0.192854 0.331042 1.17061
    endloop
  endfacet
  facet normal 1 0 0
    outer loop
      vertex 0.192854 0.273642 1.13052
      vertex 0.192854 0.278629 1.12402
      vertex 0.192854 0.331042 1.17061
    endloop
  endfacet
  facet normal 1 0 0
    outer loop
      vertex 0.192854 0.331042 1.17061
      vertex 0.192854 0.278629 1.12402
      vertex 0.192854 0.284164 1.11798
    endloop
  endfacet
  facet normal 1 0 0
    outer loop
      vertex 0.192854 0.310881 1.09928
      vertex 0.192854 0.31845 1.09614
      vertex 0.192854 0.331042 1.15683
    endloop
  endfacet
  facet normal 1 0 0
    outer loop
      vertex 0.192854 0.31845 1.09614
      vertex 0.192854 0.326263 1.09368
      vertex 0.192854 0.331042 1.15683
    endloop
  endfacet
  facet normal 1 0 0
    outer loop
      vertex 0.192854 0.331042 1.15683
      vertex 0.192854 0.326263 1.09368
      vertex 0.192854 0.334262 1.09191
    endloop
  endfacet
  facet normal 1 0 0
    outer loop
      vertex 0.192854 0.366877 1.09191
      vertex 0.192854 0.374875 1.09368
      vertex 0.192854 0.331042 1.15683
    endloop
  endfacet
  facet normal 1 0 0
    outer loop
      vertex 0.192854 0.374875 1.09368
      vertex 0.192854 0.382689 1.09614
      vertex 0.192854 0.331042 1.15683
    endloop
  endfacet
  facet normal 1 0 0
    outer loop
      vertex 0.192854 0.331042 1.15683
      vertex 0.192854 0.382689 1.09614
      vertex 0.192854 0.390258 1.09928
    endloop
  endfacet
  facet normal 1 0 0
    outer loop
      vertex 0.192854 0.410934 1.11245
      vertex 0.192854 0.416974 1.11798
      vertex 0.192854 0.331042 1.15683
    endloop
  endfacet
  facet normal 1 0 0
    outer loop
      vertex 0.192854 0.416974 1.11798
      vertex 0.192854 0.422509 1.12402
      vertex 0.192854 0.331042 1.15683
    endloop
  endfacet
  facet normal 1 0 0
    outer loop
      vertex 0.192854 0.334262 1.09191
      vertex 0.192854 0.342384 1.09084
      vertex 0.192854 0.331042 1.15683
    endloop
  endfacet
  facet normal 1 0 0
    outer loop
      vertex 0.192854 0.342384 1.09084
      vertex 0.192854 0.350569 1.09048
      vertex 0.192854 0.331042 1.15683
    endloop
  endfacet
  facet normal 1 0 0
    outer loop
      vertex 0.192854 0.331042 1.15683
      vertex 0.192854 0.350569 1.09048
      vertex 0.192854 0.358754 1.09084
    endloop
  endfacet
  facet normal 1 0 0
    outer loop
      vertex 0.192854 0.390258 1.09928
      vertex 0.192854 0.397525 1.10306
      vertex 0.192854 0.331042 1.15683
    endloop
  endfacet
  facet normal 1 0 0
    outer loop
      vertex 0.192854 0.397525 1.10306
      vertex 0.192854 0.404434 1.10746
      vertex 0.192854 0.331042 1.15683
    endloop
  endfacet
  facet normal 1 0 0
    outer loop
      vertex 0.192854 0.331042 1.15683
      vertex 0.192854 0.404434 1.10746
      vertex 0.192854 0.410934 1.11245
    endloop
  endfacet
  facet normal 1 0 0
    outer loop
      vertex 0.192854 0.422509 1.12402
      vertex 0.192854 0.427497 1.13052
      vertex 0.192854 0.331042 1.15683
    endloop
  endfacet
  facet normal 1 0 0
    outer loop
      vertex 0.192854 0.427497 1.13052
      vertex 0.192854 0.431899 1.13743
      vertex 0.192854 0.331042 1.15683
    endloop
  endfacet
  facet normal 1 0 0
    outer loop
      vertex 0.192854 0.331042 1.15683
      vertex 0.192854 0.431899 1.13743
      vertex 0.192854 0.435682 1.1447
    endloop
  endfacet
  facet normal 0 -0.843392 -0.537299
    outer loop
      vertex 0.0353733 0.25817 1.13104
      vertex -0.104627 0.25817 1.13104
      vertex -0.104627 0.263171 1.12319
    endloop
  endfacet
  facet normal 0 -0.843392 -0.537299
    outer loop
      vertex 0.0353733 0.25817 1.13104
      vertex -0.104627 0.263171 1.12319
      vertex 0.0353733 0.263171 1.12319
    endloop
  endfacet
  facet normal 0 -0.793354 -0.60876
    outer loop
      vertex -0.104627 0.263171 1.12319
      vertex -0.104627 0.268838 1.11581
      vertex 0.0353733 0.263171 1.12319
    endloop
  endfacet
  facet normal 0 -0.793354 -0.60876
    outer loop
      vertex 0.0353733 0.263171 1.12319
      vertex -0.104627 0.268838 1.11581
      vertex 0.0353733 0.268838 1.11581
    endloop
  endfacet
  facet normal 0 -0.737276 -0.675592
    outer loop
      vertex -0.104627 0.268838 1.11581
      vertex -0.104627 0.275126 1.10895
      vertex 0.0353733 0.268838 1.11581
    endloop
  endfacet
  facet normal 0 -0.737276 -0.675592
    outer loop
      vertex 0.0353733 0.268838 1.11581
      vertex -0.104627 0.275126 1.10895
      vertex 0.0353733 0.275126 1.10895
    endloop
  endfacet
  facet normal 0 -0.675592 -0.737276
    outer loop
      vertex -0.104627 0.275126 1.10895
      vertex -0.104627 0.281988 1.10266
      vertex 0.0353733 0.275126 1.10895
    endloop
  endfacet
  facet normal 0 -0.675592 -0.737276
    outer loop
      vertex 0.0353733 0.275126 1.10895
      vertex -0.104627 0.281988 1.10266
      vertex 0.0353733 0.281988 1.10266
    endloop
  endfacet
  facet normal 0 -0.60876 -0.793355
    outer loop
      vertex -0.104627 0.281988 1.10266
      vertex -0.104627 0.289373 1.09699
      vertex 0.0353733 0.281988 1.10266
    endloop
  endfacet
  facet normal 0 -0.60876 -0.793355
    outer loop
      vertex 0.0353733 0.281988 1.10266
      vertex -0.104627 0.289373 1.09699
      vertex 0.0353733 0.289373 1.09699
    endloop
  endfacet
  facet normal 0 -0.5373 -0.843391
    outer loop
      vertex -0.104627 0.289373 1.09699
      vertex -0.104627 0.297223 1.09199
      vertex 0.0353733 0.289373 1.09699
    endloop
  endfacet
  facet normal 0 -0.5373 -0.843391
    outer loop
      vertex 0.0353733 0.289373 1.09699
      vertex -0.104627 0.297223 1.09199
      vertex 0.0353733 0.297223 1.09199
    endloop
  endfacet
  facet normal 0 -0.461751 -0.88701
    outer loop
      vertex -0.104627 0.297223 1.09199
      vertex -0.104627 0.305479 1.08769
      vertex 0.0353733 0.297223 1.09199
    endloop
  endfacet
  facet normal 0 -0.461751 -0.88701
    outer loop
      vertex 0.0353733 0.297223 1.09199
      vertex -0.104627 0.305479 1.08769
      vertex 0.0353733 0.305479 1.08769
    endloop
  endfacet
  facet normal 0 -0.382682 -0.92388
    outer loop
      vertex -0.104627 0.305479 1.08769
      vertex -0.104627 0.314078 1.08413
      vertex 0.0353733 0.305479 1.08769
    endloop
  endfacet
  facet normal 0 -0.382682 -0.92388
    outer loop
      vertex 0.0353733 0.305479 1.08769
      vertex -0.104627 0.314078 1.08413
      vertex 0.0353733 0.314078 1.08413
    endloop
  endfacet
  facet normal 0 -0.300704 -0.953717
    outer loop
      vertex -0.104627 0.314078 1.08413
      vertex -0.104627 0.322955 1.08133
      vertex 0.0353733 0.314078 1.08413
    endloop
  endfacet
  facet normal 0 -0.300704 -0.953717
    outer loop
      vertex 0.0353733 0.314078 1.08413
      vertex -0.104627 0.322955 1.08133
      vertex 0.0353733 0.322955 1.08133
    endloop
  endfacet
  facet normal 0 -0.216442 -0.976296
    outer loop
      vertex -0.104627 0.322955 1.08133
      vertex -0.104627 0.332042 1.07932
      vertex 0.0353733 0.322955 1.08133
    endloop
  endfacet
  facet normal 0 -0.216442 -0.976296
    outer loop
      vertex 0.0353733 0.322955 1.08133
      vertex -0.104627 0.332042 1.07932
      vertex 0.0353733 0.332042 1.07932
    endloop
  endfacet
  facet normal 0 -0.130526 -0.991445
    outer loop
      vertex -0.104627 0.332042 1.07932
      vertex -0.104627 0.34127 1.0781
      vertex 0.0353733 0.332042 1.07932
    endloop
  endfacet
  facet normal 0 -0.130526 -0.991445
    outer loop
      vertex 0.0353733 0.332042 1.07932
      vertex -0.104627 0.34127 1.0781
      vertex 0.0353733 0.34127 1.0781
    endloop
  endfacet
  facet normal 0 -0.0436162 -0.999048
    outer loop
      vertex -0.104627 0.34127 1.0781
      vertex -0.104627 0.350569 1.0777
      vertex 0.0353733 0.34127 1.0781
    endloop
  endfacet
  facet normal 0 -0.0436162 -0.999048
    outer loop
      vertex 0.0353733 0.34127 1.0781
      vertex -0.104627 0.350569 1.0777
      vertex 0.0353733 0.350569 1.0777
    endloop
  endfacet
  facet normal 0 0.043616 -0.999048
    outer loop
      vertex -0.104627 0.350569 1.0777
      vertex -0.104627 0.359868 1.0781
      vertex 0.0353733 0.350569 1.0777
    endloop
  endfacet
  facet normal 0 0.043616 -0.999048
    outer loop
      vertex 0.0353733 0.350569 1.0777
      vertex -0.104627 0.359868 1.0781
      vertex 0.0353733 0.359868 1.0781
    endloop
  endfacet
  facet normal 0 0.130526 -0.991445
    outer loop
      vertex -0.104627 0.359868 1.0781
      vertex -0.104627 0.369096 1.07932
      vertex 0.0353733 0.359868 1.0781
    endloop
  endfacet
  facet normal 0 0.130526 -0.991445
    outer loop
      vertex 0.0353733 0.359868 1.0781
      vertex -0.104627 0.369096 1.07932
      vertex 0.0353733 0.369096 1.07932
    endloop
  endfacet
  facet normal 0 0.216442 -0.976295
    outer loop
      vertex -0.104627 0.369096 1.07932
      vertex -0.104627 0.378183 1.08133
      vertex 0.0353733 0.369096 1.07932
    endloop
  endfacet
  facet normal 0 0.216442 -0.976295
    outer loop
      vertex 0.0353733 0.369096 1.07932
      vertex -0.104627 0.378183 1.08133
      vertex 0.0353733 0.378183 1.08133
    endloop
  endfacet
  facet normal 0 0.300704 -0.953717
    outer loop
      vertex -0.104627 0.378183 1.08133
      vertex -0.104627 0.38706 1.08413
      vertex 0.0353733 0.378183 1.08133
    endloop
  endfacet
  facet normal 0 0.300704 -0.953717
    outer loop
      vertex 0.0353733 0.378183 1.08133
      vertex -0.104627 0.38706 1.08413
      vertex 0.0353733 0.38706 1.08413
    endloop
  endfacet
  facet normal 0 0.382681 -0.92388
    outer loop
      vertex -0.104627 0.38706 1.08413
      vertex -0.104627 0.39566 1.08769
      vertex 0.0353733 0.38706 1.08413
    endloop
  endfacet
  facet normal 0 0.382681 -0.92388
    outer loop
      vertex 0.0353733 0.38706 1.08413
      vertex -0.104627 0.39566 1.08769
      vertex 0.0353733 0.39566 1.08769
    endloop
  endfacet
  facet normal 0 0.461752 -0.887009
    outer loop
      vertex -0.104627 0.39566 1.08769
      vertex -0.104627 0.403916 1.09199
      vertex 0.0353733 0.39566 1.08769
    endloop
  endfacet
  facet normal 0 0.461752 -0.887009
    outer loop
      vertex 0.0353733 0.39566 1.08769
      vertex -0.104627 0.403916 1.09199
      vertex 0.0353733 0.403916 1.09199
    endloop
  endfacet
  facet normal 0 0.537299 -0.843392
    outer loop
      vertex -0.104627 0.403916 1.09199
      vertex -0.104627 0.411766 1.09699
      vertex 0.0353733 0.403916 1.09199
    endloop
  endfacet
  facet normal 0 0.537299 -0.843392
    outer loop
      vertex 0.0353733 0.403916 1.09199
      vertex -0.104627 0.411766 1.09699
      vertex 0.0353733 0.411766 1.09699
    endloop
  endfacet
  facet normal 0 0.608759 -0.793355
    outer loop
      vertex -0.104627 0.411766 1.09699
      vertex -0.104627 0.41915 1.10266
      vertex 0.0353733 0.411766 1.09699
    endloop
  endfacet
  facet normal 0 0.608759 -0.793355
    outer loop
      vertex 0.0353733 0.411766 1.09699
      vertex -0.104627 0.41915 1.10266
      vertex 0.0353733 0.41915 1.10266
    endloop
  endfacet
  facet normal 0 0.675593 -0.737275
    outer loop
      vertex -0.104627 0.41915 1.10266
      vertex -0.104627 0.426012 1.10895
      vertex 0.0353733 0.41915 1.10266
    endloop
  endfacet
  facet normal 0 0.675593 -0.737275
    outer loop
      vertex 0.0353733 0.41915 1.10266
      vertex -0.104627 0.426012 1.10895
      vertex 0.0353733 0.426012 1.10895
    endloop
  endfacet
  facet normal 0 0.737277 -0.675591
    outer loop
      vertex -0.104627 0.426012 1.10895
      vertex -0.104627 0.432301 1.11581
      vertex 0.0353733 0.426012 1.10895
    endloop
  endfacet
  facet normal 0 0.737277 -0.675591
    outer loop
      vertex 0.0353733 0.426012 1.10895
      vertex -0.104627 0.432301 1.11581
      vertex 0.0353733 0.432301 1.11581
    endloop
  endfacet
  facet normal 0 0.793353 -0.608761
    outer loop
      vertex -0.104627 0.432301 1.11581
      vertex -0.104627 0.437967 1.12319
      vertex 0.0353733 0.432301 1.11581
    endloop
  endfacet
  facet normal 0 0.793353 -0.608761
    outer loop
      vertex 0.0353733 0.432301 1.11581
      vertex -0.104627 0.437967 1.12319
      vertex 0.0353733 0.437967 1.12319
    endloop
  endfacet
  facet normal 0 0.843392 -0.537299
    outer loop
      vertex -0.104627 0.437967 1.12319
      vertex -0.104627 0.442968 1.13104
      vertex 0.0353733 0.437967 1.12319
    endloop
  endfacet
  facet normal 0 0.843392 -0.537299
    outer loop
      vertex 0.0353733 0.437967 1.12319
      vertex -0.104627 0.442968 1.13104
      vertex 0.0353733 0.442968 1.13104
    endloop
  endfacet
  facet normal 0 0.887011 -0.461748
    outer loop
      vertex -0.104627 0.442968 1.13104
      vertex -0.104627 0.447266 1.1393
      vertex 0.0353733 0.442968 1.13104
    endloop
  endfacet
  facet normal 0 0.887011 -0.461748
    outer loop
      vertex 0.0353733 0.442968 1.13104
      vertex -0.104627 0.447266 1.1393
      vertex 0.0353733 0.447266 1.1393
    endloop
  endfacet
  facet normal 0 0.923879 -0.382685
    outer loop
      vertex -0.104627 0.447266 1.1393
      vertex -0.104627 0.450828 1.1479
      vertex 0.0353733 0.447266 1.1393
    endloop
  endfacet
  facet normal 0 0.923879 -0.382685
    outer loop
      vertex 0.0353733 0.447266 1.1393
      vertex -0.104627 0.450828 1.1479
      vertex 0.0353733 0.450828 1.1479
    endloop
  endfacet
  facet normal 0 0.953717 -0.300704
    outer loop
      vertex -0.104627 0.450828 1.1479
      vertex -0.104627 0.453627 1.15678
      vertex 0.0353733 0.450828 1.1479
    endloop
  endfacet
  facet normal 0 0.953717 -0.300704
    outer loop
      vertex 0.0353733 0.450828 1.1479
      vertex -0.104627 0.453627 1.15678
      vertex 0.0353733 0.453627 1.15678
    endloop
  endfacet
  facet normal 0 0.976296 -0.216442
    outer loop
      vertex -0.104627 0.453627 1.15678
      vertex -0.104627 0.455641 1.16586
      vertex 0.0353733 0.453627 1.15678
    endloop
  endfacet
  facet normal 0 0.976296 -0.216442
    outer loop
      vertex 0.0353733 0.453627 1.15678
      vertex -0.104627 0.455641 1.16586
      vertex 0.0353733 0.455641 1.16586
    endloop
  endfacet
  facet normal 0 0.991445 -0.130526
    outer loop
      vertex -0.104627 0.455641 1.16586
      vertex -0.104627 0.456856 1.17509
      vertex 0.0353733 0.455641 1.16586
    endloop
  endfacet
  facet normal 0 0.991445 -0.130526
    outer loop
      vertex 0.0353733 0.455641 1.16586
      vertex -0.104627 0.456856 1.17509
      vertex 0.0353733 0.456856 1.17509
    endloop
  endfacet
  facet normal 0 0.999048 -0.04362
    outer loop
      vertex -0.104627 0.456856 1.17509
      vertex -0.104627 0.457262 1.18439
      vertex 0.0353733 0.456856 1.17509
    endloop
  endfacet
  facet normal 0 0.999048 -0.04362
    outer loop
      vertex 0.0353733 0.456856 1.17509
      vertex -0.104627 0.457262 1.18439
      vertex 0.0353733 0.457262 1.18439
    endloop
  endfacet
  facet normal 0 0.999048 0.04362
    outer loop
      vertex -0.104627 0.457262 1.18439
      vertex -0.104627 0.456856 1.19369
      vertex 0.0353733 0.457262 1.18439
    endloop
  endfacet
  facet normal 0 0.999048 0.04362
    outer loop
      vertex 0.0353733 0.457262 1.18439
      vertex -0.104627 0.456856 1.19369
      vertex 0.0353733 0.456856 1.19369
    endloop
  endfacet
  facet normal 0 0.991445 0.130526
    outer loop
      vertex -0.104627 0.456856 1.19369
      vertex -0.104627 0.455641 1.20292
      vertex 0.0353733 0.456856 1.19369
    endloop
  endfacet
  facet normal 0 0.991445 0.130526
    outer loop
      vertex 0.0353733 0.456856 1.19369
      vertex -0.104627 0.455641 1.20292
      vertex 0.0353733 0.455641 1.20292
    endloop
  endfacet
  facet normal 0 0.976296 0.216442
    outer loop
      vertex -0.104627 0.455641 1.20292
      vertex -0.104627 0.453627 1.212
      vertex 0.0353733 0.455641 1.20292
    endloop
  endfacet
  facet normal 0 0.976296 0.216442
    outer loop
      vertex 0.0353733 0.455641 1.20292
      vertex -0.104627 0.453627 1.212
      vertex 0.0353733 0.453627 1.212
    endloop
  endfacet
  facet normal 0 0.953717 0.300704
    outer loop
      vertex -0.104627 0.453627 1.212
      vertex -0.104627 0.450828 1.22088
      vertex 0.0353733 0.453627 1.212
    endloop
  endfacet
  facet normal 0 0.953717 0.300704
    outer loop
      vertex 0.0353733 0.453627 1.212
      vertex -0.104627 0.450828 1.22088
      vertex 0.0353733 0.450828 1.22088
    endloop
  endfacet
  facet normal 0 0.923879 0.382685
    outer loop
      vertex -0.104627 0.450828 1.22088
      vertex -0.104627 0.447266 1.22948
      vertex 0.0353733 0.450828 1.22088
    endloop
  endfacet
  facet normal 0 0.923879 0.382685
    outer loop
      vertex 0.0353733 0.450828 1.22088
      vertex -0.104627 0.447266 1.22948
      vertex 0.0353733 0.447266 1.22948
    endloop
  endfacet
  facet normal 0 0.887013 0.461745
    outer loop
      vertex -0.104627 0.447266 1.22948
      vertex -0.104627 0.442968 1.23774
      vertex 0.0353733 0.447266 1.22948
    endloop
  endfacet
  facet normal 0 0.887013 0.461745
    outer loop
      vertex 0.0353733 0.447266 1.22948
      vertex -0.104627 0.442968 1.23774
      vertex 0.0353733 0.442968 1.23774
    endloop
  endfacet
  facet normal 0 0.866025 0.5
    outer loop
      vertex 0.0353733 0.286669 1.50845
      vertex 0.0353733 0.442968 1.23774
      vertex -0.104627 0.286669 1.50845
    endloop
  endfacet
  facet normal 0 0.866025 0.5
    outer loop
      vertex 0.0353733 0.442968 1.23774
      vertex -0.104627 0.442968 1.23774
      vertex -0.104627 0.286669 1.50845
    endloop
  endfacet
  facet normal 0 0 1
    outer loop
      vertex 0.192854 0.331042 1.15683
      vertex 0.192854 0.440346 1.15683
      vertex 0.186382 0.331042 1.15683
    endloop
  endfacet
  facet normal 0 0 1
    outer loop
      vertex 0.192854 0.440346 1.15683
      vertex 0.114113 0.440346 1.15683
      vertex 0.186382 0.331042 1.15683
    endloop
  endfacet
  facet normal 0 0 1
    outer loop
      vertex 0.186382 0.331042 1.15683
      vertex 0.114113 0.440346 1.15683
      vertex 0.114113 0.331042 1.15683
    endloop
  endfacet
  facet normal 0 0.841825 -0.53975
    outer loop
      vertex 0.0353733 0.286669 1.50845
      vertex -0.104627 0.286669 1.50845
      vertex -0.104627 0.297928 1.52601
    endloop
  endfacet
  facet normal 0 0.841825 -0.53975
    outer loop
      vertex 0.0353733 0.286669 1.50845
      vertex -0.104627 0.297928 1.52601
      vertex 0.0353733 0.297928 1.52601
    endloop
  endfacet
  facet normal 0 0.883465 -0.468498
    outer loop
      vertex -0.104627 0.297928 1.52601
      vertex -0.104627 0.3077 1.54444
      vertex 0.0353733 0.297928 1.52601
    endloop
  endfacet
  facet normal 0 0.883465 -0.468498
    outer loop
      vertex 0.0353733 0.297928 1.52601
      vertex -0.104627 0.3077 1.54444
      vertex 0.0353733 0.3077 1.54444
    endloop
  endfacet
  facet normal 0 0.919089 -0.394049
    outer loop
      vertex -0.104627 0.3077 1.54444
      vertex -0.104627 0.31592 1.56362
      vertex 0.0353733 0.3077 1.54444
    endloop
  endfacet
  facet normal 0 0.919089 -0.394049
    outer loop
      vertex 0.0353733 0.3077 1.54444
      vertex -0.104627 0.31592 1.56362
      vertex 0.0353733 0.31592 1.56362
    endloop
  endfacet
  facet normal 0 0.948452 -0.316922
    outer loop
      vertex -0.104627 0.31592 1.56362
      vertex -0.104627 0.322531 1.5834
      vertex 0.0353733 0.31592 1.56362
    endloop
  endfacet
  facet normal 0 0.948452 -0.316922
    outer loop
      vertex 0.0353733 0.31592 1.56362
      vertex -0.104627 0.322531 1.5834
      vertex 0.0353733 0.322531 1.5834
    endloop
  endfacet
  facet normal 0 0.971355 -0.237632
    outer loop
      vertex -0.104627 0.322531 1.5834
      vertex -0.104627 0.327488 1.60366
      vertex 0.0353733 0.322531 1.5834
    endloop
  endfacet
  facet normal 0 0.971355 -0.237632
    outer loop
      vertex 0.0353733 0.322531 1.5834
      vertex -0.104627 0.327488 1.60366
      vertex 0.0353733 0.327488 1.60366
    endloop
  endfacet
  facet normal 0 0.987642 -0.156726
    outer loop
      vertex -0.104627 0.327488 1.60366
      vertex -0.104627 0.330757 1.62426
      vertex 0.0353733 0.327488 1.60366
    endloop
  endfacet
  facet normal 0 0.987642 -0.156726
    outer loop
      vertex 0.0353733 0.327488 1.60366
      vertex -0.104627 0.330757 1.62426
      vertex 0.0353733 0.330757 1.62426
    endloop
  endfacet
  facet normal 0 0.997202 -0.0747532
    outer loop
      vertex -0.104627 0.330757 1.62426
      vertex -0.104627 0.332317 1.64507
      vertex 0.0353733 0.330757 1.62426
    endloop
  endfacet
  facet normal 0 0.997202 -0.0747532
    outer loop
      vertex 0.0353733 0.330757 1.62426
      vertex -0.104627 0.332317 1.64507
      vertex 0.0353733 0.332317 1.64507
    endloop
  endfacet
  facet normal 0 0.99997 0.00773053
    outer loop
      vertex -0.104627 0.332317 1.64507
      vertex -0.104627 0.332155 1.66593
      vertex 0.0353733 0.332317 1.64507
    endloop
  endfacet
  facet normal 0 0.99997 0.00773053
    outer loop
      vertex 0.0353733 0.332317 1.64507
      vertex -0.104627 0.332155 1.66593
      vertex 0.0353733 0.332155 1.66593
    endloop
  endfacet
  facet normal 0 0.995927 0.090162
    outer loop
      vertex -0.104627 0.332155 1.66593
      vertex -0.104627 0.330275 1.6867
      vertex 0.0353733 0.332155 1.66593
    endloop
  endfacet
  facet normal 0 0.995927 0.090162
    outer loop
      vertex 0.0353733 0.332155 1.66593
      vertex -0.104627 0.330275 1.6867
      vertex 0.0353733 0.330275 1.6867
    endloop
  endfacet
  facet normal 0 0.985101 0.171977
    outer loop
      vertex -0.104627 0.330275 1.6867
      vertex -0.104627 0.326687 1.70725
      vertex 0.0353733 0.330275 1.6867
    endloop
  endfacet
  facet normal 0 0.985101 0.171977
    outer loop
      vertex 0.0353733 0.330275 1.6867
      vertex -0.104627 0.326687 1.70725
      vertex 0.0353733 0.326687 1.70725
    endloop
  endfacet
  facet normal 0 0.967565 0.252622
    outer loop
      vertex -0.104627 0.326687 1.70725
      vertex -0.104627 0.321418 1.72743
      vertex 0.0353733 0.326687 1.70725
    endloop
  endfacet
  facet normal 0 0.967565 0.252622
    outer loop
      vertex 0.0353733 0.326687 1.70725
      vertex -0.104627 0.321418 1.72743
      vertex 0.0353733 0.321418 1.72743
    endloop
  endfacet
  facet normal 0 0.943438 0.331548
    outer loop
      vertex -0.104627 0.321418 1.72743
      vertex -0.104627 0.314502 1.74711
      vertex 0.0353733 0.321418 1.72743
    endloop
  endfacet
  facet normal 0 0.943438 0.331548
    outer loop
      vertex 0.0353733 0.321418 1.72743
      vertex -0.104627 0.314502 1.74711
      vertex 0.0353733 0.314502 1.74711
    endloop
  endfacet
  facet normal 0 0.912887 0.408213
    outer loop
      vertex -0.104627 0.314502 1.74711
      vertex -0.104627 0.305986 1.76616
      vertex 0.0353733 0.314502 1.74711
    endloop
  endfacet
  facet normal 0 0.912887 0.408213
    outer loop
      vertex 0.0353733 0.314502 1.74711
      vertex -0.104627 0.305986 1.76616
      vertex 0.0353733 0.305986 1.76616
    endloop
  endfacet
  facet normal 0 0.876117 0.482099
    outer loop
      vertex -0.104627 0.305986 1.76616
      vertex -0.104627 0.29593 1.78443
      vertex 0.0353733 0.305986 1.76616
    endloop
  endfacet
  facet normal 0 0.876117 0.482099
    outer loop
      vertex 0.0353733 0.305986 1.76616
      vertex -0.104627 0.29593 1.78443
      vertex 0.0353733 0.29593 1.78443
    endloop
  endfacet
  facet normal 0 0.83338 0.5527
    outer loop
      vertex -0.104627 0.29593 1.78443
      vertex -0.104627 0.284401 1.80181
      vertex 0.0353733 0.29593 1.78443
    endloop
  endfacet
  facet normal 0 0.83338 0.5527
    outer loop
      vertex 0.0353733 0.29593 1.78443
      vertex -0.104627 0.284401 1.80181
      vertex 0.0353733 0.284401 1.80181
    endloop
  endfacet
  facet normal 1 0 0
    outer loop
      vertex 0.0353733 0.00511978 2.0353
      vertex 0.0353733 -0.026778 2.02766
      vertex 0.0353733 -0.16985 1.69366
    endloop
  endfacet
  facet normal 1 0 0
    outer loop
      vertex 0.0353733 0.0800183 1.40079
      vertex 0.0353733 0.101871 1.40176
      vertex 0.0353733 0.286669 1.50845
    endloop
  endfacet
  facet normal 1 0 0
    outer loop
      vertex 0.0353733 0.00511978 2.0353
      vertex 0.0353733 -0.16985 1.69366
      vertex 0.0353733 0.0375479 2.04023
    endloop
  endfacet
  facet normal 1 0 0
    outer loop
      vertex 0.0353733 0.284401 1.80181
      vertex 0.0353733 0.315278 1.96307
      vertex 0.0353733 -0.16985 1.69366
    endloop
  endfacet
  facet normal 1 0 0
    outer loop
      vertex 0.0353733 0.315278 1.96307
      vertex 0.0353733 0.288363 1.98182
      vertex 0.0353733 -0.16985 1.69366
    endloop
  endfacet
  facet normal 1 0 0
    outer loop
      vertex 0.0353733 -0.16985 1.69366
      vertex 0.0353733 0.288363 1.98182
      vertex 0.0353733 0.259965 1.99823
    endloop
  endfacet
  facet normal 1 0 0
    outer loop
      vertex 0.0353733 0.116308 1.73204
      vertex 0.0353733 0.12301 1.72855
      vertex 0.0353733 0.284401 1.80181
    endloop
  endfacet
  facet normal 1 0 0
    outer loop
      vertex 0.0353733 -0.16985 1.69366
      vertex 0.0353733 0.16793 2.03238
      vertex 0.0353733 0.135699 2.03847
    endloop
  endfacet
  facet normal 1 0 0
    outer loop
      vertex 0.0353733 -0.026778 2.02766
      vertex 0.0353733 -0.0579186 2.01736
      vertex 0.0353733 -0.16985 1.69366
    endloop
  endfacet
  facet normal 1 0 0
    outer loop
      vertex 0.0353733 -0.0579186 2.01736
      vertex 0.0353733 -0.0880807 2.00447
      vertex 0.0353733 -0.16985 1.69366
    endloop
  endfacet
  facet normal 1 0 0
    outer loop
      vertex 0.0353733 -0.16985 1.69366
      vertex 0.0353733 -0.0880807 2.00447
      vertex 0.0353733 -0.11705 1.98909
    endloop
  endfacet
  facet normal 1 0 0
    outer loop
      vertex 0.0353733 -0.11705 1.98909
      vertex 0.0353733 -0.14462 1.97132
      vertex 0.0353733 -0.16985 1.69366
    endloop
  endfacet
  facet normal 1 0 0
    outer loop
      vertex 0.0353733 -0.14462 1.97132
      vertex 0.0353733 -0.170595 1.95129
      vertex 0.0353733 -0.16985 1.69366
    endloop
  endfacet
  facet normal 1 0 0
    outer loop
      vertex 0.0353733 -0.16985 1.69366
      vertex 0.0353733 -0.170595 1.95129
      vertex 0.0353733 -0.19479 1.92915
    endloop
  endfacet
  facet normal 1 0 0
    outer loop
      vertex 0.0353733 -0.19479 1.92915
      vertex 0.0353733 -0.217033 1.90504
      vertex 0.0353733 -0.16985 1.69366
    endloop
  endfacet
  facet normal 1 0 0
    outer loop
      vertex 0.0353733 -0.217033 1.90504
      vertex 0.0353733 -0.237167 1.87915
      vertex 0.0353733 -0.16985 1.69366
    endloop
  endfacet
  facet normal 1 0 0
    outer loop
      vertex 0.0353733 -0.16985 1.69366
      vertex 0.0353733 -0.237167 1.87915
      vertex 0.0353733 -0.255047 1.85165
    endloop
  endfacet
  facet normal 1 0 0
    outer loop
      vertex 0.0353733 0.259965 1.99823
      vertex 0.0353733 0.230284 2.01219
      vertex 0.0353733 -0.16985 1.69366
    endloop
  endfacet
  facet normal 1 0 0
    outer loop
      vertex 0.0353733 0.230284 2.01219
      vertex 0.0353733 0.199533 2.0236
      vertex 0.0353733 -0.16985 1.69366
    endloop
  endfacet
  facet normal 1 0 0
    outer loop
      vertex 0.0353733 -0.16985 1.69366
      vertex 0.0353733 0.199533 2.0236
      vertex 0.0353733 0.16793 2.03238
    endloop
  endfacet
  facet normal 1 0 0
    outer loop
      vertex 0.0353733 0.135699 2.03847
      vertex 0.0353733 0.103071 2.04182
      vertex 0.0353733 -0.16985 1.69366
    endloop
  endfacet
  facet normal 1 0 0
    outer loop
      vertex 0.0353733 0.103071 2.04182
      vertex 0.0353733 0.0702757 2.04241
      vertex 0.0353733 -0.16985 1.69366
    endloop
  endfacet
  facet normal 1 0 0
    outer loop
      vertex 0.0353733 -0.16985 1.69366
      vertex 0.0353733 0.0702757 2.04241
      vertex 0.0353733 0.0375479 2.04023
    endloop
  endfacet
  facet normal 1 0 0
    outer loop
      vertex 0.0353733 0.286669 1.50845
      vertex 0.0353733 -0.00578674 1.41568
      vertex 0.0353733 0.0150994 1.40918
    endloop
  endfacet
  facet normal 1 0 0
    outer loop
      vertex 0.0353733 0.342384 1.27794
      vertex 0.0353733 0.350569 1.2783
      vertex 0.0353733 0.286669 1.50845
    endloop
  endfacet
  facet normal 1 0 0
    outer loop
      vertex 0.0353733 0.350569 1.2783
      vertex 0.0353733 0.358754 1.27794
      vertex 0.0353733 0.286669 1.50845
    endloop
  endfacet
  facet normal 1 0 0
    outer loop
      vertex 0.0353733 0.358754 1.27794
      vertex 0.0353733 0.366877 1.27687
      vertex 0.0353733 0.286669 1.50845
    endloop
  endfacet
  facet normal 1 0 0
    outer loop
      vertex 0.0353733 0.366877 1.27687
      vertex 0.0353733 0.374875 1.2751
      vertex 0.0353733 0.286669 1.50845
    endloop
  endfacet
  facet normal 1 0 0
    outer loop
      vertex 0.0353733 0.286669 1.50845
      vertex 0.0353733 0.374875 1.2751
      vertex 0.0353733 0.382689 1.27264
    endloop
  endfacet
  facet normal 1 0 0
    outer loop
      vertex 0.0353733 0.0721541 1.73983
      vertex 0.0353733 0.079703 1.74016
      vertex 0.0353733 0.284401 1.80181
    endloop
  endfacet
  facet normal 1 0 0
    outer loop
      vertex 0.0353733 0.079703 1.74016
      vertex 0.0353733 0.087252 1.73983
      vertex 0.0353733 0.284401 1.80181
    endloop
  endfacet
  facet normal 1 0 0
    outer loop
      vertex 0.0353733 0.284401 1.80181
      vertex 0.0353733 0.087252 1.73983
      vertex 0.0353733 0.0947434 1.73884
    endloop
  endfacet
  facet normal 1 0 0
    outer loop
      vertex 0.0353733 -0.255047 1.85165
      vertex 0.0353733 -0.270547 1.82274
      vertex 0.0353733 -0.16985 1.69366
    endloop
  endfacet
  facet normal 1 0 0
    outer loop
      vertex 0.0353733 -0.270547 1.82274
      vertex 0.0353733 -0.283556 1.79263
      vertex 0.0353733 -0.16985 1.69366
    endloop
  endfacet
  facet normal 1 0 0
    outer loop
      vertex 0.0353733 -0.16985 1.69366
      vertex 0.0353733 -0.283556 1.79263
      vertex 0.0353733 -0.293983 1.76153
    endloop
  endfacet
  facet normal 1 0 0
    outer loop
      vertex 0.0353733 -0.137967 1.52507
      vertex 0.0353733 -0.126044 1.50673
      vertex 0.0353733 0.286669 1.50845
    endloop
  endfacet
  facet normal 1 0 0
    outer loop
      vertex 0.0353733 -0.126044 1.50673
      vertex 0.0353733 -0.11258 1.48949
      vertex 0.0353733 0.286669 1.50845
    endloop
  endfacet
  facet normal 1 0 0
    outer loop
      vertex 0.0353733 -0.11258 1.48949
      vertex 0.0353733 -0.0976755 1.47348
      vertex 0.0353733 0.286669 1.50845
    endloop
  endfacet
  facet normal 1 0 0
    outer loop
      vertex 0.0353733 -0.0976755 1.47348
      vertex 0.0353733 -0.0814425 1.45882
      vertex 0.0353733 0.286669 1.50845
    endloop
  endfacet
  facet normal 1 0 0
    outer loop
      vertex 0.0353733 0.286669 1.50845
      vertex 0.0353733 -0.0814425 1.45882
      vertex 0.0353733 -0.0640026 1.44561
    endloop
  endfacet
  facet normal 1 0 0
    outer loop
      vertex 0.0353733 0.0150994 1.40918
      vertex 0.0353733 0.0364693 1.40451
      vertex 0.0353733 0.286669 1.50845
    endloop
  endfacet
  facet normal 1 0 0
    outer loop
      vertex 0.0353733 0.0364693 1.40451
      vertex 0.0353733 0.0581631 1.40171
      vertex 0.0353733 0.286669 1.50845
    endloop
  endfacet
  facet normal 1 0 0
    outer loop
      vertex 0.0353733 0.286669 1.50845
      vertex 0.0353733 0.0581631 1.40171
      vertex 0.0353733 0.0800183 1.40079
    endloop
  endfacet
  facet normal 1 0 0
    outer loop
      vertex 0.0353733 0.31845 1.27264
      vertex 0.0353733 0.326263 1.2751
      vertex 0.0353733 0.286669 1.50845
    endloop
  endfacet
  facet normal 1 0 0
    outer loop
      vertex 0.0353733 0.326263 1.2751
      vertex 0.0353733 0.334262 1.27687
      vertex 0.0353733 0.286669 1.50845
    endloop
  endfacet
  facet normal 1 0 0
    outer loop
      vertex 0.0353733 0.286669 1.50845
      vertex 0.0353733 0.334262 1.27687
      vertex 0.0353733 0.342384 1.27794
    endloop
  endfacet
  facet normal 1 0 0
    outer loop
      vertex 0.0353733 0.129383 1.58259
      vertex 0.0353733 0.12301 1.57853
      vertex 0.0353733 0.286669 1.50845
    endloop
  endfacet
  facet normal 1 0 0
    outer loop
      vertex 0.0353733 0.12301 1.57853
      vertex 0.0353733 0.116308 1.57504
      vertex 0.0353733 0.286669 1.50845
    endloop
  endfacet
  facet normal 1 0 0
    outer loop
      vertex 0.0353733 0.0947434 1.73884
      vertex 0.0353733 0.10212 1.73721
      vertex 0.0353733 0.284401 1.80181
    endloop
  endfacet
  facet normal 1 0 0
    outer loop
      vertex 0.0353733 0.10212 1.73721
      vertex 0.0353733 0.109327 1.73493
      vertex 0.0353733 0.284401 1.80181
    endloop
  endfacet
  facet normal 1 0 0
    outer loop
      vertex 0.0353733 0.284401 1.80181
      vertex 0.0353733 0.109327 1.73493
      vertex 0.0353733 0.116308 1.73204
    endloop
  endfacet
  facet normal 1 0 0
    outer loop
      vertex 0.0353733 -0.0640026 1.44561
      vertex 0.0353733 -0.0454864 1.43397
      vertex 0.0353733 0.286669 1.50845
    endloop
  endfacet
  facet normal 1 0 0
    outer loop
      vertex 0.0353733 -0.0454864 1.43397
      vertex 0.0353733 -0.0260325 1.42397
      vertex 0.0353733 0.286669 1.50845
    endloop
  endfacet
  facet normal 1 0 0
    outer loop
      vertex 0.0353733 0.286669 1.50845
      vertex 0.0353733 -0.0260325 1.42397
      vertex 0.0353733 -0.00578674 1.41568
    endloop
  endfacet
  facet normal 1 0 0
    outer loop
      vertex 0.0353733 0.12301 1.72855
      vertex 0.0353733 0.129383 1.72449
      vertex 0.0353733 0.284401 1.80181
    endloop
  endfacet
  facet normal 1 0 0
    outer loop
      vertex 0.0353733 0.129383 1.72449
      vertex 0.0353733 0.135378 1.71989
      vertex 0.0353733 0.284401 1.80181
    endloop
  endfacet
  facet normal 1 0 0
    outer loop
      vertex 0.0353733 0.284401 1.80181
      vertex 0.0353733 0.135378 1.71989
      vertex 0.0353733 0.140949 1.71479
    endloop
  endfacet
  facet normal 1 0 0
    outer loop
      vertex 0.0353733 0.382689 1.27264
      vertex 0.0353733 0.390258 1.2695
      vertex 0.0353733 0.286669 1.50845
    endloop
  endfacet
  facet normal 1 0 0
    outer loop
      vertex 0.0353733 0.390258 1.2695
      vertex 0.0353733 0.397525 1.26572
      vertex 0.0353733 0.286669 1.50845
    endloop
  endfacet
  facet normal 1 0 0
    outer loop
      vertex 0.0353733 0.286669 1.50845
      vertex 0.0353733 0.397525 1.26572
      vertex 0.0353733 0.404434 1.26132
    endloop
  endfacet
  facet normal 1 0 0
    outer loop
      vertex 0.0353733 0.404434 1.26132
      vertex 0.0353733 0.410934 1.25633
      vertex 0.0353733 0.286669 1.50845
    endloop
  endfacet
  facet normal 1 0 0
    outer loop
      vertex 0.0353733 0.410934 1.25633
      vertex 0.0353733 0.416974 1.25079
      vertex 0.0353733 0.286669 1.50845
    endloop
  endfacet
  facet normal 1 0 0
    outer loop
      vertex 0.0353733 0.286669 1.50845
      vertex 0.0353733 0.416974 1.25079
      vertex 0.0353733 0.442968 1.23774
    endloop
  endfacet
  facet normal 1 0 0
    outer loop
      vertex 0.0353733 0.416974 1.25079
      vertex 0.0353733 0.422509 1.24475
      vertex 0.0353733 0.442968 1.23774
    endloop
  endfacet
  facet normal 1 0 0
    outer loop
      vertex 0.0353733 0.150653 1.60386
      vertex 0.0353733 0.146053 1.59787
      vertex 0.0353733 0.286669 1.50845
    endloop
  endfacet
  facet normal 1 0 0
    outer loop
      vertex 0.0353733 0.116308 1.57504
      vertex 0.0353733 0.109327 1.57215
      vertex 0.0353733 0.286669 1.50845
    endloop
  endfacet
  facet normal 1 0 0
    outer loop
      vertex 0.0353733 0.109327 1.57215
      vertex 0.0353733 0.10212 1.56988
      vertex 0.0353733 0.286669 1.50845
    endloop
  endfacet
  facet normal 1 0 0
    outer loop
      vertex 0.0353733 0.286669 1.50845
      vertex 0.0353733 0.10212 1.56988
      vertex 0.0353733 0.0947434 1.56824
    endloop
  endfacet
  facet normal 1 0 0
    outer loop
      vertex 0.0353733 0.0947434 1.56824
      vertex 0.0353733 0.087252 1.56726
      vertex 0.0353733 0.286669 1.50845
    endloop
  endfacet
  facet normal 1 0 0
    outer loop
      vertex 0.0353733 0.087252 1.56726
      vertex 0.0353733 0.079703 1.56693
      vertex 0.0353733 0.286669 1.50845
    endloop
  endfacet
  facet normal 1 0 0
    outer loop
      vertex 0.0353733 0.286669 1.50845
      vertex 0.0353733 0.079703 1.56693
      vertex 0.0353733 -0.137967 1.52507
    endloop
  endfacet
  facet normal 1 0 0
    outer loop
      vertex 0.0353733 0.079703 1.56693
      vertex 0.0353733 0.0721541 1.56726
      vertex 0.0353733 -0.137967 1.52507
    endloop
  endfacet
  facet normal 1 0 0
    outer loop
      vertex 0.0353733 0.0721541 1.56726
      vertex 0.0353733 0.0646626 1.56824
      vertex 0.0353733 -0.137967 1.52507
    endloop
  endfacet
  facet normal 1 0 0
    outer loop
      vertex 0.0353733 -0.137967 1.52507
      vertex 0.0353733 0.0646626 1.56824
      vertex 0.0353733 0.0572856 1.56988
    endloop
  endfacet
  facet normal 1 0 0
    outer loop
      vertex 0.0353733 -0.137967 1.52507
      vertex 0.0353733 0.036396 1.57853
      vertex 0.0353733 0.0300232 1.58259
    endloop
  endfacet
  facet normal 1 0 0
    outer loop
      vertex 0.0353733 0.036396 1.72855
      vertex 0.0353733 0.0430983 1.73204
      vertex 0.0353733 -0.16985 1.69366
    endloop
  endfacet
  facet normal 1 0 0
    outer loop
      vertex 0.0353733 0.146053 1.59787
      vertex 0.0353733 0.140949 1.5923
      vertex 0.0353733 0.286669 1.50845
    endloop
  endfacet
  facet normal 1 0 0
    outer loop
      vertex 0.0353733 0.140949 1.5923
      vertex 0.0353733 0.135378 1.58719
      vertex 0.0353733 0.286669 1.50845
    endloop
  endfacet
  facet normal 1 0 0
    outer loop
      vertex 0.0353733 0.286669 1.50845
      vertex 0.0353733 0.135378 1.58719
      vertex 0.0353733 0.129383 1.58259
    endloop
  endfacet
  facet normal 1 0 0
    outer loop
      vertex 0.0353733 0.0572856 1.56988
      vertex 0.0353733 0.0500792 1.57215
      vertex 0.0353733 -0.137967 1.52507
    endloop
  endfacet
  facet normal 1 0 0
    outer loop
      vertex 0.0353733 0.0500792 1.57215
      vertex 0.0353733 0.0430983 1.57504
      vertex 0.0353733 -0.137967 1.52507
    endloop
  endfacet
  facet normal 1 0 0
    outer loop
      vertex 0.0353733 -0.137967 1.52507
      vertex 0.0353733 0.0430983 1.57504
      vertex 0.0353733 0.036396 1.57853
    endloop
  endfacet
  facet normal 1 0 0
    outer loop
      vertex 0.0353733 0.140949 1.71479
      vertex 0.0353733 0.146053 1.70922
      vertex 0.0353733 0.284401 1.80181
    endloop
  endfacet
  facet normal 1 0 0
    outer loop
      vertex 0.0353733 0.146053 1.70922
      vertex 0.0353733 0.150653 1.70322
      vertex 0.0353733 0.284401 1.80181
    endloop
  endfacet
  facet normal 1 0 0
    outer loop
      vertex 0.0353733 0.284401 1.80181
      vertex 0.0353733 0.150653 1.70322
      vertex 0.0353733 0.29593 1.78443
    endloop
  endfacet
  facet normal 1 0 0
    outer loop
      vertex 0.0353733 0.150653 1.70322
      vertex 0.0353733 0.154713 1.69685
      vertex 0.0353733 0.29593 1.78443
    endloop
  endfacet
  facet normal 1 0 0
    outer loop
      vertex 0.0353733 0.29593 1.78443
      vertex 0.0353733 0.154713 1.69685
      vertex 0.0353733 0.305986 1.76616
    endloop
  endfacet
  facet normal 1 0 0
    outer loop
      vertex 0.0353733 0.154713 1.69685
      vertex 0.0353733 0.158202 1.69015
      vertex 0.0353733 0.305986 1.76616
    endloop
  endfacet
  facet normal 1 0 0
    outer loop
      vertex 0.0353733 0.305986 1.76616
      vertex 0.0353733 0.158202 1.69015
      vertex 0.0353733 0.314502 1.74711
    endloop
  endfacet
  facet normal 1 0 0
    outer loop
      vertex 0.0353733 0.158202 1.69015
      vertex 0.0353733 0.161094 1.68317
      vertex 0.0353733 0.314502 1.74711
    endloop
  endfacet
  facet normal 1 0 0
    outer loop
      vertex 0.0353733 0.314502 1.74711
      vertex 0.0353733 0.161094 1.68317
      vertex 0.0353733 0.321418 1.72743
    endloop
  endfacet
  facet normal 1 0 0
    outer loop
      vertex 0.0353733 0.161094 1.68317
      vertex 0.0353733 0.163366 1.67596
      vertex 0.0353733 0.321418 1.72743
    endloop
  endfacet
  facet normal 1 0 0
    outer loop
      vertex 0.0353733 0.321418 1.72743
      vertex 0.0353733 0.163366 1.67596
      vertex 0.0353733 0.326687 1.70725
    endloop
  endfacet
  facet normal 1 0 0
    outer loop
      vertex 0.0353733 0.163366 1.67596
      vertex 0.0353733 0.165001 1.66858
      vertex 0.0353733 0.326687 1.70725
    endloop
  endfacet
  facet normal 1 0 0
    outer loop
      vertex 0.0353733 0.326687 1.70725
      vertex 0.0353733 0.165001 1.66858
      vertex 0.0353733 0.330275 1.6867
    endloop
  endfacet
  facet normal 1 0 0
    outer loop
      vertex 0.0353733 0.165001 1.66858
      vertex 0.0353733 0.165988 1.66109
      vertex 0.0353733 0.330275 1.6867
    endloop
  endfacet
  facet normal 1 0 0
    outer loop
      vertex 0.0353733 0.290204 1.25633
      vertex 0.0353733 0.296704 1.26132
      vertex 0.0353733 0.101871 1.40176
    endloop
  endfacet
  facet normal 1 0 0
    outer loop
      vertex 0.0353733 0.296704 1.26132
      vertex 0.0353733 0.303614 1.26572
      vertex 0.0353733 0.101871 1.40176
    endloop
  endfacet
  facet normal 1 0 0
    outer loop
      vertex 0.0353733 0.101871 1.40176
      vertex 0.0353733 0.303614 1.26572
      vertex 0.0353733 0.286669 1.50845
    endloop
  endfacet
  facet normal 1 0 0
    outer loop
      vertex 0.0353733 0.303614 1.26572
      vertex 0.0353733 0.310881 1.2695
      vertex 0.0353733 0.286669 1.50845
    endloop
  endfacet
  facet normal 1 0 0
    outer loop
      vertex 0.0353733 0.286669 1.50845
      vertex 0.0353733 0.310881 1.2695
      vertex 0.0353733 0.31845 1.27264
    endloop
  endfacet
  facet normal 1 0 0
    outer loop
      vertex 0.0353733 0.0300232 1.58259
      vertex 0.0353733 0.0240285 1.58719
      vertex 0.0353733 -0.137967 1.52507
    endloop
  endfacet
  facet normal 1 0 0
    outer loop
      vertex 0.0353733 0.0240285 1.58719
      vertex 0.0353733 0.0184576 1.5923
      vertex 0.0353733 -0.137967 1.52507
    endloop
  endfacet
  facet normal 1 0 0
    outer loop
      vertex 0.0353733 -0.137967 1.52507
      vertex 0.0353733 0.0184576 1.5923
      vertex 0.0353733 0.0133527 1.59787
    endloop
  endfacet
  facet normal 1 0 0
    outer loop
      vertex 0.0353733 0.0430983 1.73204
      vertex 0.0353733 0.0500792 1.73493
      vertex 0.0353733 -0.16985 1.69366
    endloop
  endfacet
  facet normal 1 0 0
    outer loop
      vertex 0.0353733 0.0500792 1.73493
      vertex 0.0353733 0.0572856 1.73721
      vertex 0.0353733 -0.16985 1.69366
    endloop
  endfacet
  facet normal 1 0 0
    outer loop
      vertex 0.0353733 -0.16985 1.69366
      vertex 0.0353733 0.0572856 1.73721
      vertex 0.0353733 0.284401 1.80181
    endloop
  endfacet
  facet normal 1 0 0
    outer loop
      vertex 0.0353733 0.0572856 1.73721
      vertex 0.0353733 0.0646626 1.73884
      vertex 0.0353733 0.284401 1.80181
    endloop
  endfacet
  facet normal 1 0 0
    outer loop
      vertex 0.0353733 0.284401 1.80181
      vertex 0.0353733 0.0646626 1.73884
      vertex 0.0353733 0.0721541 1.73983
    endloop
  endfacet
  facet normal 1 0 0
    outer loop
      vertex 0.0353733 0.257015 1.1762
      vertex 0.0353733 0.256658 1.18439
      vertex 0.0353733 0.101871 1.40176
    endloop
  endfacet
  facet normal 1 0 0
    outer loop
      vertex 0.0353733 0.0184576 1.71479
      vertex 0.0353733 0.0240285 1.71989
      vertex 0.0353733 -0.16985 1.69366
    endloop
  endfacet
  facet normal 1 0 0
    outer loop
      vertex 0.0353733 0.0240285 1.71989
      vertex 0.0353733 0.0300232 1.72449
      vertex 0.0353733 -0.16985 1.69366
    endloop
  endfacet
  facet normal 1 0 0
    outer loop
      vertex 0.0353733 -0.16985 1.69366
      vertex 0.0353733 0.0300232 1.72449
      vertex 0.0353733 0.036396 1.72855
    endloop
  endfacet
  facet normal 1 0 0
    outer loop
      vertex 0.0353733 0.422509 1.24475
      vertex 0.0353733 0.427497 1.23825
      vertex 0.0353733 0.442968 1.23774
    endloop
  endfacet
  facet normal 1 0 0
    outer loop
      vertex 0.0353733 0.427497 1.23825
      vertex 0.0353733 0.431899 1.23134
      vertex 0.0353733 0.442968 1.23774
    endloop
  endfacet
  facet normal 1 0 0
    outer loop
      vertex 0.0353733 0.442968 1.23774
      vertex 0.0353733 0.431899 1.23134
      vertex 0.0353733 0.447266 1.22948
    endloop
  endfacet
  facet normal 1 0 0
    outer loop
      vertex 0.0353733 0.431899 1.23134
      vertex 0.0353733 0.435682 1.22408
      vertex 0.0353733 0.447266 1.22948
    endloop
  endfacet
  facet normal 1 0 0
    outer loop
      vertex 0.0353733 0.447266 1.22948
      vertex 0.0353733 0.435682 1.22408
      vertex 0.0353733 0.450828 1.22088
    endloop
  endfacet
  facet normal 1 0 0
    outer loop
      vertex 0.0353733 0.435682 1.22408
      vertex 0.0353733 0.438817 1.21651
      vertex 0.0353733 0.450828 1.22088
    endloop
  endfacet
  facet normal 1 0 0
    outer loop
      vertex 0.0353733 0.450828 1.22088
      vertex 0.0353733 0.438817 1.21651
      vertex 0.0353733 0.453627 1.212
    endloop
  endfacet
  facet normal 1 0 0
    outer loop
      vertex 0.0353733 0.438817 1.21651
      vertex 0.0353733 0.44128 1.2087
      vertex 0.0353733 0.453627 1.212
    endloop
  endfacet
  facet normal 1 0 0
    outer loop
      vertex 0.0353733 0.453627 1.212
      vertex 0.0353733 0.44128 1.2087
      vertex 0.0353733 0.455641 1.20292
    endloop
  endfacet
  facet normal 1 0 0
    outer loop
      vertex 0.0353733 0.44128 1.2087
      vertex 0.0353733 0.443054 1.2007
      vertex 0.0353733 0.455641 1.20292
    endloop
  endfacet
  facet normal 1 0 0
    outer loop
      vertex 0.0353733 0.455641 1.20292
      vertex 0.0353733 0.443054 1.2007
      vertex 0.0353733 0.456856 1.19369
    endloop
  endfacet
  facet normal 1 0 0
    outer loop
      vertex 0.0353733 0.443054 1.2007
      vertex 0.0353733 0.444123 1.19257
      vertex 0.0353733 0.456856 1.19369
    endloop
  endfacet
  facet normal 1 0 0
    outer loop
      vertex 0.0353733 0.456856 1.19369
      vertex 0.0353733 0.444123 1.19257
      vertex 0.0353733 0.457262 1.18439
    endloop
  endfacet
  facet normal 1 0 0
    outer loop
      vertex 0.0353733 0.444123 1.19257
      vertex 0.0353733 0.44448 1.18439
      vertex 0.0353733 0.457262 1.18439
    endloop
  endfacet
  facet normal 1 0 0
    outer loop
      vertex 0.0353733 0.457262 1.18439
      vertex 0.0353733 0.44448 1.18439
      vertex 0.0353733 0.456856 1.17509
    endloop
  endfacet
  facet normal 1 0 0
    outer loop
      vertex 0.0353733 0.44448 1.18439
      vertex 0.0353733 0.444123 1.1762
      vertex 0.0353733 0.456856 1.17509
    endloop
  endfacet
  facet normal 1 0 0
    outer loop
      vertex 0.0353733 0.456856 1.17509
      vertex 0.0353733 0.444123 1.1762
      vertex 0.0353733 0.455641 1.16586
    endloop
  endfacet
  facet normal 1 0 0
    outer loop
      vertex 0.0353733 0.444123 1.1762
      vertex 0.0353733 0.443054 1.16808
      vertex 0.0353733 0.455641 1.16586
    endloop
  endfacet
  facet normal 1 0 0
    outer loop
      vertex 0.0353733 0.455641 1.16586
      vertex 0.0353733 0.443054 1.16808
      vertex 0.0353733 0.453627 1.15678
    endloop
  endfacet
  facet normal 1 0 0
    outer loop
      vertex 0.0353733 0.443054 1.16808
      vertex 0.0353733 0.44128 1.16008
      vertex 0.0353733 0.453627 1.15678
    endloop
  endfacet
  facet normal 1 0 0
    outer loop
      vertex 0.0353733 0.453627 1.15678
      vertex 0.0353733 0.44128 1.16008
      vertex 0.0353733 0.450828 1.1479
    endloop
  endfacet
  facet normal 1 0 0
    outer loop
      vertex 0.0353733 0.44128 1.16008
      vertex 0.0353733 0.438817 1.15227
      vertex 0.0353733 0.450828 1.1479
    endloop
  endfacet
  facet normal 1 0 0
    outer loop
      vertex 0.0353733 0.450828 1.1479
      vertex 0.0353733 0.438817 1.15227
      vertex 0.0353733 0.447266 1.1393
    endloop
  endfacet
  facet normal 1 0 0
    outer loop
      vertex 0.0353733 0.438817 1.15227
      vertex 0.0353733 0.435682 1.1447
      vertex 0.0353733 0.447266 1.1393
    endloop
  endfacet
  facet normal 1 0 0
    outer loop
      vertex 0.0353733 0.447266 1.1393
      vertex 0.0353733 0.435682 1.1447
      vertex 0.0353733 0.442968 1.13104
    endloop
  endfacet
  facet normal 1 0 0
    outer loop
      vertex 0.0353733 0.435682 1.1447
      vertex 0.0353733 0.431899 1.13743
      vertex 0.0353733 0.442968 1.13104
    endloop
  endfacet
  facet normal 1 0 0
    outer loop
      vertex 0.0353733 0.442968 1.13104
      vertex 0.0353733 0.431899 1.13743
      vertex 0.0353733 0.437967 1.12319
    endloop
  endfacet
  facet normal 1 0 0
    outer loop
      vertex 0.0353733 0.431899 1.13743
      vertex 0.0353733 0.427497 1.13052
      vertex 0.0353733 0.437967 1.12319
    endloop
  endfacet
  facet normal 1 0 0
    outer loop
      vertex 0.0353733 0.437967 1.12319
      vertex 0.0353733 0.427497 1.13052
      vertex 0.0353733 0.432301 1.11581
    endloop
  endfacet
  facet normal 1 0 0
    outer loop
      vertex 0.0353733 0.427497 1.13052
      vertex 0.0353733 0.422509 1.12402
      vertex 0.0353733 0.432301 1.11581
    endloop
  endfacet
  facet normal 1 0 0
    outer loop
      vertex 0.0353733 0.432301 1.11581
      vertex 0.0353733 0.422509 1.12402
      vertex 0.0353733 0.426012 1.10895
    endloop
  endfacet
  facet normal 1 0 0
    outer loop
      vertex 0.0353733 0.422509 1.12402
      vertex 0.0353733 0.416974 1.11798
      vertex 0.0353733 0.426012 1.10895
    endloop
  endfacet
  facet normal 1 0 0
    outer loop
      vertex 0.0353733 0.426012 1.10895
      vertex 0.0353733 0.416974 1.11798
      vertex 0.0353733 0.41915 1.10266
    endloop
  endfacet
  facet normal 1 0 0
    outer loop
      vertex 0.0353733 0.416974 1.11798
      vertex 0.0353733 0.410934 1.11245
      vertex 0.0353733 0.41915 1.10266
    endloop
  endfacet
  facet normal 1 0 0
    outer loop
      vertex 0.0353733 0.41915 1.10266
      vertex 0.0353733 0.410934 1.11245
      vertex 0.0353733 0.411766 1.09699
    endloop
  endfacet
  facet normal 1 0 0
    outer loop
      vertex 0.0353733 0.410934 1.11245
      vertex 0.0353733 0.404434 1.10746
      vertex 0.0353733 0.411766 1.09699
    endloop
  endfacet
  facet normal 1 0 0
    outer loop
      vertex 0.0353733 0.411766 1.09699
      vertex 0.0353733 0.404434 1.10746
      vertex 0.0353733 0.403916 1.09199
    endloop
  endfacet
  facet normal 1 0 0
    outer loop
      vertex 0.0353733 0.404434 1.10746
      vertex 0.0353733 0.397525 1.10306
      vertex 0.0353733 0.403916 1.09199
    endloop
  endfacet
  facet normal 1 0 0
    outer loop
      vertex 0.0353733 0.403916 1.09199
      vertex 0.0353733 0.397525 1.10306
      vertex 0.0353733 0.39566 1.08769
    endloop
  endfacet
  facet normal 1 0 0
    outer loop
      vertex 0.0353733 0.397525 1.10306
      vertex 0.0353733 0.390258 1.09928
      vertex 0.0353733 0.39566 1.08769
    endloop
  endfacet
  facet normal 1 0 0
    outer loop
      vertex 0.0353733 0.39566 1.08769
      vertex 0.0353733 0.390258 1.09928
      vertex 0.0353733 0.38706 1.08413
    endloop
  endfacet
  facet normal 1 0 0
    outer loop
      vertex 0.0353733 0.390258 1.09928
      vertex 0.0353733 0.382689 1.09614
      vertex 0.0353733 0.38706 1.08413
    endloop
  endfacet
  facet normal 1 0 0
    outer loop
      vertex 0.0353733 0.38706 1.08413
      vertex 0.0353733 0.382689 1.09614
      vertex 0.0353733 0.378183 1.08133
    endloop
  endfacet
  facet normal 1 0 0
    outer loop
      vertex 0.0353733 0.382689 1.09614
      vertex 0.0353733 0.374875 1.09368
      vertex 0.0353733 0.378183 1.08133
    endloop
  endfacet
  facet normal 1 0 0
    outer loop
      vertex 0.0353733 0.378183 1.08133
      vertex 0.0353733 0.374875 1.09368
      vertex 0.0353733 0.369096 1.07932
    endloop
  endfacet
  facet normal 1 0 0
    outer loop
      vertex 0.0353733 0.374875 1.09368
      vertex 0.0353733 0.366877 1.09191
      vertex 0.0353733 0.369096 1.07932
    endloop
  endfacet
  facet normal 1 0 0
    outer loop
      vertex 0.0353733 0.369096 1.07932
      vertex 0.0353733 0.366877 1.09191
      vertex 0.0353733 0.359868 1.0781
    endloop
  endfacet
  facet normal 1 0 0
    outer loop
      vertex 0.0353733 0.366877 1.09191
      vertex 0.0353733 0.358754 1.09084
      vertex 0.0353733 0.359868 1.0781
    endloop
  endfacet
  facet normal 1 0 0
    outer loop
      vertex 0.0353733 0.359868 1.0781
      vertex 0.0353733 0.358754 1.09084
      vertex 0.0353733 0.350569 1.0777
    endloop
  endfacet
  facet normal 1 0 0
    outer loop
      vertex 0.0353733 0.358754 1.09084
      vertex 0.0353733 0.350569 1.09048
      vertex 0.0353733 0.350569 1.0777
    endloop
  endfacet
  facet normal 1 0 0
    outer loop
      vertex 0.0353733 0.350569 1.0777
      vertex 0.0353733 0.350569 1.09048
      vertex 0.0353733 0.34127 1.0781
    endloop
  endfacet
  facet normal 1 0 0
    outer loop
      vertex 0.0353733 0.350569 1.09048
      vertex 0.0353733 0.342384 1.09084
      vertex 0.0353733 0.34127 1.0781
    endloop
  endfacet
  facet normal 1 0 0
    outer loop
      vertex 0.0353733 0.34127 1.0781
      vertex 0.0353733 0.342384 1.09084
      vertex 0.0353733 0.332042 1.07932
    endloop
  endfacet
  facet normal 1 0 0
    outer loop
      vertex 0.0353733 0.342384 1.09084
      vertex 0.0353733 0.334262 1.09191
      vertex 0.0353733 0.332042 1.07932
    endloop
  endfacet
  facet normal 1 0 0
    outer loop
      vertex 0.0353733 0.332042 1.07932
      vertex 0.0353733 0.334262 1.09191
      vertex 0.0353733 0.322955 1.08133
    endloop
  endfacet
  facet normal 1 0 0
    outer loop
      vertex 0.0353733 0.334262 1.09191
      vertex 0.0353733 0.326263 1.09368
      vertex 0.0353733 0.322955 1.08133
    endloop
  endfacet
  facet normal 1 0 0
    outer loop
      vertex 0.0353733 0.322955 1.08133
      vertex 0.0353733 0.326263 1.09368
      vertex 0.0353733 0.314078 1.08413
    endloop
  endfacet
  facet normal 1 0 0
    outer loop
      vertex 0.0353733 0.326263 1.09368
      vertex 0.0353733 0.31845 1.09614
      vertex 0.0353733 0.314078 1.08413
    endloop
  endfacet
  facet normal 1 0 0
    outer loop
      vertex 0.0353733 0.314078 1.08413
      vertex 0.0353733 0.31845 1.09614
      vertex 0.0353733 0.305479 1.08769
    endloop
  endfacet
  facet normal 1 0 0
    outer loop
      vertex 0.0353733 0.31845 1.09614
      vertex 0.0353733 0.310881 1.09928
      vertex 0.0353733 0.305479 1.08769
    endloop
  endfacet
  facet normal 1 0 0
    outer loop
      vertex 0.0353733 0.305479 1.08769
      vertex 0.0353733 0.310881 1.09928
      vertex 0.0353733 0.297223 1.09199
    endloop
  endfacet
  facet normal 1 0 0
    outer loop
      vertex 0.0353733 0.310881 1.09928
      vertex 0.0353733 0.303614 1.10306
      vertex 0.0353733 0.297223 1.09199
    endloop
  endfacet
  facet normal 1 0 0
    outer loop
      vertex 0.0353733 0.297223 1.09199
      vertex 0.0353733 0.303614 1.10306
      vertex 0.0353733 0.289373 1.09699
    endloop
  endfacet
  facet normal 1 0 0
    outer loop
      vertex 0.0353733 0.303614 1.10306
      vertex 0.0353733 0.296704 1.10746
      vertex 0.0353733 0.289373 1.09699
    endloop
  endfacet
  facet normal 1 0 0
    outer loop
      vertex 0.0353733 0.289373 1.09699
      vertex 0.0353733 0.296704 1.10746
      vertex 0.0353733 0.281988 1.10266
    endloop
  endfacet
  facet normal 1 0 0
    outer loop
      vertex 0.0353733 0.296704 1.10746
      vertex 0.0353733 0.290204 1.11245
      vertex 0.0353733 0.281988 1.10266
    endloop
  endfacet
  facet normal 1 0 0
    outer loop
      vertex 0.0353733 0.281988 1.10266
      vertex 0.0353733 0.290204 1.11245
      vertex 0.0353733 0.275126 1.10895
    endloop
  endfacet
  facet normal 1 0 0
    outer loop
      vertex 0.0353733 0.290204 1.11245
      vertex 0.0353733 0.284164 1.11798
      vertex 0.0353733 0.275126 1.10895
    endloop
  endfacet
  facet normal 1 0 0
    outer loop
      vertex 0.0353733 0.275126 1.10895
      vertex 0.0353733 0.284164 1.11798
      vertex 0.0353733 0.268838 1.11581
    endloop
  endfacet
  facet normal 1 0 0
    outer loop
      vertex 0.0353733 0.284164 1.11798
      vertex 0.0353733 0.278629 1.12402
      vertex 0.0353733 0.268838 1.11581
    endloop
  endfacet
  facet normal 1 0 0
    outer loop
      vertex 0.0353733 0.268838 1.11581
      vertex 0.0353733 0.278629 1.12402
      vertex 0.0353733 0.263171 1.12319
    endloop
  endfacet
  facet normal 1 0 0
    outer loop
      vertex 0.0353733 0.278629 1.12402
      vertex 0.0353733 0.273642 1.13052
      vertex 0.0353733 0.263171 1.12319
    endloop
  endfacet
  facet normal 1 0 0
    outer loop
      vertex 0.0353733 0.263171 1.12319
      vertex 0.0353733 0.273642 1.13052
      vertex 0.0353733 0.25817 1.13104
    endloop
  endfacet
  facet normal 1 0 0
    outer loop
      vertex 0.0353733 0.273642 1.13052
      vertex 0.0353733 0.26924 1.13743
      vertex 0.0353733 0.25817 1.13104
    endloop
  endfacet
  facet normal 1 0 0
    outer loop
      vertex 0.0353733 0.25817 1.13104
      vertex 0.0353733 0.26924 1.13743
      vertex 0.0353733 0.265457 1.1447
    endloop
  endfacet
  facet normal 1 0 0
    outer loop
      vertex 0.0353733 0.256658 1.18439
      vertex 0.0353733 0.257015 1.19257
      vertex 0.0353733 0.101871 1.40176
    endloop
  endfacet
  facet normal 1 0 0
    outer loop
      vertex 0.0353733 0.257015 1.19257
      vertex 0.0353733 0.258085 1.2007
      vertex 0.0353733 0.101871 1.40176
    endloop
  endfacet
  facet normal 1 0 0
    outer loop
      vertex 0.0353733 0.101871 1.40176
      vertex 0.0353733 0.258085 1.2007
      vertex 0.0353733 0.259858 1.2087
    endloop
  endfacet
  facet normal 1 0 0
    outer loop
      vertex 0.0353733 0.150653 1.60386
      vertex 0.0353733 0.286669 1.50845
      vertex 0.0353733 0.154713 1.61024
    endloop
  endfacet
  facet normal 1 0 0
    outer loop
      vertex 0.0353733 0.286669 1.50845
      vertex 0.0353733 0.297928 1.52601
      vertex 0.0353733 0.154713 1.61024
    endloop
  endfacet
  facet normal 1 0 0
    outer loop
      vertex 0.0353733 0.154713 1.61024
      vertex 0.0353733 0.297928 1.52601
      vertex 0.0353733 0.158202 1.61694
    endloop
  endfacet
  facet normal 1 0 0
    outer loop
      vertex 0.0353733 0.297928 1.52601
      vertex 0.0353733 0.3077 1.54444
      vertex 0.0353733 0.158202 1.61694
    endloop
  endfacet
  facet normal 1 0 0
    outer loop
      vertex 0.0353733 0.158202 1.61694
      vertex 0.0353733 0.3077 1.54444
      vertex 0.0353733 0.161094 1.62392
    endloop
  endfacet
  facet normal 1 0 0
    outer loop
      vertex 0.0353733 0.3077 1.54444
      vertex 0.0353733 0.31592 1.56362
      vertex 0.0353733 0.161094 1.62392
    endloop
  endfacet
  facet normal 1 0 0
    outer loop
      vertex 0.0353733 0.161094 1.62392
      vertex 0.0353733 0.31592 1.56362
      vertex 0.0353733 0.163366 1.63113
    endloop
  endfacet
  facet normal 1 0 0
    outer loop
      vertex 0.0353733 0.31592 1.56362
      vertex 0.0353733 0.322531 1.5834
      vertex 0.0353733 0.163366 1.63113
    endloop
  endfacet
  facet normal 1 0 0
    outer loop
      vertex 0.0353733 0.163366 1.63113
      vertex 0.0353733 0.322531 1.5834
      vertex 0.0353733 0.165001 1.6385
    endloop
  endfacet
  facet normal 1 0 0
    outer loop
      vertex 0.0353733 0.322531 1.5834
      vertex 0.0353733 0.327488 1.60366
      vertex 0.0353733 0.165001 1.6385
    endloop
  endfacet
  facet normal 1 0 0
    outer loop
      vertex 0.0353733 0.165001 1.6385
      vertex 0.0353733 0.327488 1.60366
      vertex 0.0353733 0.165988 1.64599
    endloop
  endfacet
  facet normal 1 0 0
    outer loop
      vertex 0.0353733 0.327488 1.60366
      vertex 0.0353733 0.330757 1.62426
      vertex 0.0353733 0.165988 1.64599
    endloop
  endfacet
  facet normal 1 0 0
    outer loop
      vertex 0.0353733 0.165988 1.64599
      vertex 0.0353733 0.330757 1.62426
      vertex 0.0353733 0.166317 1.65354
    endloop
  endfacet
  facet normal 1 0 0
    outer loop
      vertex 0.0353733 0.330757 1.62426
      vertex 0.0353733 0.332317 1.64507
      vertex 0.0353733 0.166317 1.65354
    endloop
  endfacet
  facet normal 1 0 0
    outer loop
      vertex 0.0353733 0.166317 1.65354
      vertex 0.0353733 0.332317 1.64507
      vertex 0.0353733 0.165988 1.66109
    endloop
  endfacet
  facet normal 1 0 0
    outer loop
      vertex 0.0353733 0.332317 1.64507
      vertex 0.0353733 0.332155 1.66593
      vertex 0.0353733 0.165988 1.66109
    endloop
  endfacet
  facet normal 1 0 0
    outer loop
      vertex 0.0353733 0.165988 1.66109
      vertex 0.0353733 0.332155 1.66593
      vertex 0.0353733 0.330275 1.6867
    endloop
  endfacet
  facet normal 1 0 0
    outer loop
      vertex 0.0353733 0.265457 1.1447
      vertex 0.0353733 0.262322 1.15227
      vertex 0.0353733 0.25817 1.13104
    endloop
  endfacet
  facet normal 1 0 0
    outer loop
      vertex 0.0353733 0.262322 1.15227
      vertex 0.0353733 0.259858 1.16008
      vertex 0.0353733 0.25817 1.13104
    endloop
  endfacet
  facet normal 1 0 0
    outer loop
      vertex 0.0353733 0.25817 1.13104
      vertex 0.0353733 0.259858 1.16008
      vertex 0.0353733 0.101871 1.40176
    endloop
  endfacet
  facet normal 1 0 0
    outer loop
      vertex 0.0353733 0.259858 1.16008
      vertex 0.0353733 0.258085 1.16808
      vertex 0.0353733 0.101871 1.40176
    endloop
  endfacet
  facet normal 1 0 0
    outer loop
      vertex 0.0353733 0.101871 1.40176
      vertex 0.0353733 0.258085 1.16808
      vertex 0.0353733 0.257015 1.1762
    endloop
  endfacet
  facet normal 1 0 0
    outer loop
      vertex 0.0353733 0.101871 1.40176
      vertex 0.0353733 0.26924 1.23134
      vertex 0.0353733 0.273642 1.23825
    endloop
  endfacet
  facet normal 1 0 0
    outer loop
      vertex 0.0353733 0.259858 1.2087
      vertex 0.0353733 0.262322 1.21651
      vertex 0.0353733 0.101871 1.40176
    endloop
  endfacet
  facet normal 1 0 0
    outer loop
      vertex 0.0353733 0.262322 1.21651
      vertex 0.0353733 0.265457 1.22408
      vertex 0.0353733 0.101871 1.40176
    endloop
  endfacet
  facet normal 1 0 0
    outer loop
      vertex 0.0353733 0.101871 1.40176
      vertex 0.0353733 0.265457 1.22408
      vertex 0.0353733 0.26924 1.23134
    endloop
  endfacet
  facet normal 1 0 0
    outer loop
      vertex 0.0353733 0.273642 1.23825
      vertex 0.0353733 0.278629 1.24475
      vertex 0.0353733 0.101871 1.40176
    endloop
  endfacet
  facet normal 1 0 0
    outer loop
      vertex 0.0353733 0.278629 1.24475
      vertex 0.0353733 0.284164 1.25079
      vertex 0.0353733 0.101871 1.40176
    endloop
  endfacet
  facet normal 1 0 0
    outer loop
      vertex 0.0353733 0.101871 1.40176
      vertex 0.0353733 0.284164 1.25079
      vertex 0.0353733 0.290204 1.25633
    endloop
  endfacet
  facet normal 1 0 0
    outer loop
      vertex 0.0353733 -0.00395982 1.67596
      vertex 0.0353733 -0.00168766 1.68317
      vertex 0.0353733 -0.16985 1.69366
    endloop
  endfacet
  facet normal 1 0 0
    outer loop
      vertex 0.0353733 -0.00168766 1.68317
      vertex 0.0353733 0.00120394 1.69015
      vertex 0.0353733 -0.16985 1.69366
    endloop
  endfacet
  facet normal 1 0 0
    outer loop
      vertex 0.0353733 -0.16985 1.69366
      vertex 0.0353733 0.00120394 1.69015
      vertex 0.0353733 0.00469297 1.69685
    endloop
  endfacet
  facet normal 1 0 0
    outer loop
      vertex 0.0353733 0.00469297 1.69685
      vertex 0.0353733 0.00875287 1.70322
      vertex 0.0353733 -0.16985 1.69366
    endloop
  endfacet
  facet normal 1 0 0
    outer loop
      vertex 0.0353733 0.00875287 1.70322
      vertex 0.0353733 0.0133527 1.70922
      vertex 0.0353733 -0.16985 1.69366
    endloop
  endfacet
  facet normal 1 0 0
    outer loop
      vertex 0.0353733 -0.16985 1.69366
      vertex 0.0353733 0.0133527 1.70922
      vertex 0.0353733 0.0184576 1.71479
    endloop
  endfacet
  facet normal 1 0 0
    outer loop
      vertex 0.0353733 0.0133527 1.59787
      vertex 0.0353733 0.00875287 1.60386
      vertex 0.0353733 -0.137967 1.52507
    endloop
  endfacet
  facet normal 1 0 0
    outer loop
      vertex 0.0353733 0.00875287 1.60386
      vertex 0.0353733 0.00469297 1.61024
      vertex 0.0353733 -0.137967 1.52507
    endloop
  endfacet
  facet normal 1 0 0
    outer loop
      vertex 0.0353733 -0.137967 1.52507
      vertex 0.0353733 0.00469297 1.61024
      vertex 0.0353733 -0.14826 1.54437
    endloop
  endfacet
  facet normal 1 0 0
    outer loop
      vertex 0.0353733 0.00469297 1.61024
      vertex 0.0353733 0.00120394 1.61694
      vertex 0.0353733 -0.14826 1.54437
    endloop
  endfacet
  facet normal 1 0 0
    outer loop
      vertex 0.0353733 -0.14826 1.54437
      vertex 0.0353733 0.00120394 1.61694
      vertex 0.0353733 -0.156846 1.56449
    endloop
  endfacet
  facet normal 1 0 0
    outer loop
      vertex 0.0353733 0.00120394 1.61694
      vertex 0.0353733 -0.00168766 1.62392
      vertex 0.0353733 -0.156846 1.56449
    endloop
  endfacet
  facet normal 1 0 0
    outer loop
      vertex 0.0353733 -0.156846 1.56449
      vertex 0.0353733 -0.00168766 1.62392
      vertex 0.0353733 -0.16366 1.58528
    endloop
  endfacet
  facet normal 1 0 0
    outer loop
      vertex 0.0353733 -0.00168766 1.62392
      vertex 0.0353733 -0.00395982 1.63113
      vertex 0.0353733 -0.16366 1.58528
    endloop
  endfacet
  facet normal 1 0 0
    outer loop
      vertex 0.0353733 -0.16366 1.58528
      vertex 0.0353733 -0.00395982 1.63113
      vertex 0.0353733 -0.168651 1.60658
    endloop
  endfacet
  facet normal 1 0 0
    outer loop
      vertex 0.0353733 -0.00395982 1.63113
      vertex 0.0353733 -0.00559527 1.6385
      vertex 0.0353733 -0.168651 1.60658
    endloop
  endfacet
  facet normal 1 0 0
    outer loop
      vertex 0.0353733 -0.168651 1.60658
      vertex 0.0353733 -0.00559527 1.6385
      vertex 0.0353733 -0.171782 1.62822
    endloop
  endfacet
  facet normal 1 0 0
    outer loop
      vertex 0.0353733 -0.00559527 1.6385
      vertex 0.0353733 -0.00658154 1.64599
      vertex 0.0353733 -0.171782 1.62822
    endloop
  endfacet
  facet normal 1 0 0
    outer loop
      vertex 0.0353733 -0.171782 1.62822
      vertex 0.0353733 -0.00658154 1.64599
      vertex 0.0353733 -0.173029 1.65006
    endloop
  endfacet
  facet normal 1 0 0
    outer loop
      vertex 0.0353733 -0.00658154 1.64599
      vertex 0.0353733 -0.00691113 1.65354
      vertex 0.0353733 -0.173029 1.65006
    endloop
  endfacet
  facet normal 1 0 0
    outer loop
      vertex 0.0353733 -0.173029 1.65006
      vertex 0.0353733 -0.00691113 1.65354
      vertex 0.0353733 -0.172383 1.67193
    endloop
  endfacet
  facet normal 1 0 0
    outer loop
      vertex 0.0353733 -0.00691113 1.65354
      vertex 0.0353733 -0.00658154 1.66109
      vertex 0.0353733 -0.172383 1.67193
    endloop
  endfacet
  facet normal 1 0 0
    outer loop
      vertex 0.0353733 -0.172383 1.67193
      vertex 0.0353733 -0.00658154 1.66109
      vertex 0.0353733 -0.16985 1.69366
    endloop
  endfacet
  facet normal 1 0 0
    outer loop
      vertex 0.0353733 -0.00658154 1.66109
      vertex 0.0353733 -0.00559527 1.66858
      vertex 0.0353733 -0.16985 1.69366
    endloop
  endfacet
  facet normal 1 0 0
    outer loop
      vertex 0.0353733 -0.16985 1.69366
      vertex 0.0353733 -0.00559527 1.66858
      vertex 0.0353733 -0.00395982 1.67596
    endloop
  endfacet
  facet normal 1 0 0
    outer loop
      vertex 0.192854 0.296704 1.26132
      vertex 0.192854 0.290204 1.25633
      vertex 0.192854 0.331042 1.21195
    endloop
  endfacet
  facet normal 1 0 0
    outer loop
      vertex 0.192854 0.258085 1.2007
      vertex 0.192854 0.257675 1.19817
      vertex 0.192854 0.331042 1.19817
    endloop
  endfacet
  facet normal 1 0 0
    outer loop
      vertex 0.192854 0.331042 1.21195
      vertex 0.192854 0.290204 1.25633
      vertex 0.192854 0.331042 1.19817
    endloop
  endfacet
  facet normal 1 0 0
    outer loop
      vertex 0.192854 0.290204 1.25633
      vertex 0.192854 0.284164 1.25079
      vertex 0.192854 0.331042 1.19817
    endloop
  endfacet
  facet normal 1 0 0
    outer loop
      vertex 0.192854 0.331042 1.19817
      vertex 0.192854 0.284164 1.25079
      vertex 0.192854 0.278629 1.24475
    endloop
  endfacet
  facet normal 1 0 0
    outer loop
      vertex 0.192854 0.331042 1.21195
      vertex 0.192854 0.374875 1.2751
      vertex 0.192854 0.366877 1.27687
    endloop
  endfacet
  facet normal 1 0 0
    outer loop
      vertex 0.192854 0.366877 1.27687
      vertex 0.192854 0.358754 1.27794
      vertex 0.192854 0.331042 1.21195
    endloop
  endfacet
  facet normal 1 0 0
    outer loop
      vertex 0.192854 0.358754 1.27794
      vertex 0.192854 0.350569 1.2783
      vertex 0.192854 0.331042 1.21195
    endloop
  endfacet
  facet normal 1 0 0
    outer loop
      vertex 0.192854 0.331042 1.21195
      vertex 0.192854 0.350569 1.2783
      vertex 0.192854 0.342384 1.27794
    endloop
  endfacet
  facet normal 1 0 0
    outer loop
      vertex 0.192854 0.278629 1.24475
      vertex 0.192854 0.273642 1.23825
      vertex 0.192854 0.331042 1.19817
    endloop
  endfacet
  facet normal 1 0 0
    outer loop
      vertex 0.192854 0.273642 1.23825
      vertex 0.192854 0.26924 1.23134
      vertex 0.192854 0.331042 1.19817
    endloop
  endfacet
  facet normal 1 0 0
    outer loop
      vertex 0.192854 0.331042 1.19817
      vertex 0.192854 0.26924 1.23134
      vertex 0.192854 0.265457 1.22408
    endloop
  endfacet
  facet normal 1 0 0
    outer loop
      vertex 0.192854 0.265457 1.22408
      vertex 0.192854 0.262322 1.21651
      vertex 0.192854 0.331042 1.19817
    endloop
  endfacet
  facet normal 1 0 0
    outer loop
      vertex 0.192854 0.262322 1.21651
      vertex 0.192854 0.259858 1.2087
      vertex 0.192854 0.331042 1.19817
    endloop
  endfacet
  facet normal 1 0 0
    outer loop
      vertex 0.192854 0.331042 1.19817
      vertex 0.192854 0.259858 1.2087
      vertex 0.192854 0.258085 1.2007
    endloop
  endfacet
  facet normal 1 0 0
    outer loop
      vertex 0.192854 0.422509 1.24475
      vertex 0.192854 0.416974 1.25079
      vertex 0.192854 0.331042 1.21195
    endloop
  endfacet
  facet normal 1 0 0
    outer loop
      vertex 0.192854 0.397525 1.26572
      vertex 0.192854 0.390258 1.2695
      vertex 0.192854 0.331042 1.21195
    endloop
  endfacet
  facet normal 1 0 0
    outer loop
      vertex 0.192854 0.390258 1.2695
      vertex 0.192854 0.382689 1.27264
      vertex 0.192854 0.331042 1.21195
    endloop
  endfacet
  facet normal 1 0 0
    outer loop
      vertex 0.192854 0.331042 1.21195
      vertex 0.192854 0.382689 1.27264
      vertex 0.192854 0.374875 1.2751
    endloop
  endfacet
  facet normal 1 0 0
    outer loop
      vertex 0.192854 0.342384 1.27794
      vertex 0.192854 0.334262 1.27687
      vertex 0.192854 0.331042 1.21195
    endloop
  endfacet
  facet normal 1 0 0
    outer loop
      vertex 0.192854 0.334262 1.27687
      vertex 0.192854 0.326263 1.2751
      vertex 0.192854 0.331042 1.21195
    endloop
  endfacet
  facet normal 1 0 0
    outer loop
      vertex 0.192854 0.331042 1.21195
      vertex 0.192854 0.326263 1.2751
      vertex 0.192854 0.31845 1.27264
    endloop
  endfacet
  facet normal 1 0 0
    outer loop
      vertex 0.192854 0.31845 1.27264
      vertex 0.192854 0.310881 1.2695
      vertex 0.192854 0.331042 1.21195
    endloop
  endfacet
  facet normal 1 0 0
    outer loop
      vertex 0.192854 0.310881 1.2695
      vertex 0.192854 0.303614 1.26572
      vertex 0.192854 0.331042 1.21195
    endloop
  endfacet
  facet normal 1 0 0
    outer loop
      vertex 0.192854 0.331042 1.21195
      vertex 0.192854 0.303614 1.26572
      vertex 0.192854 0.296704 1.26132
    endloop
  endfacet
  facet normal 1 0 0
    outer loop
      vertex 0.192854 0.440346 1.21195
      vertex 0.192854 0.438817 1.21651
      vertex 0.192854 0.331042 1.21195
    endloop
  endfacet
  facet normal 1 0 0
    outer loop
      vertex 0.192854 0.438817 1.21651
      vertex 0.192854 0.435682 1.22408
      vertex 0.192854 0.331042 1.21195
    endloop
  endfacet
  facet normal 1 0 0
    outer loop
      vertex 0.192854 0.416974 1.25079
      vertex 0.192854 0.410934 1.25633
      vertex 0.192854 0.331042 1.21195
    endloop
  endfacet
  facet normal 1 0 0
    outer loop
      vertex 0.192854 0.410934 1.25633
      vertex 0.192854 0.404434 1.26132
      vertex 0.192854 0.331042 1.21195
    endloop
  endfacet
  facet normal 1 0 0
    outer loop
      vertex 0.192854 0.331042 1.21195
      vertex 0.192854 0.404434 1.26132
      vertex 0.192854 0.397525 1.26572
    endloop
  endfacet
  facet normal 1 0 0
    outer loop
      vertex 0.192854 0.435682 1.22408
      vertex 0.192854 0.431899 1.23134
      vertex 0.192854 0.331042 1.21195
    endloop
  endfacet
  facet normal 1 0 0
    outer loop
      vertex 0.192854 0.431899 1.23134
      vertex 0.192854 0.427497 1.23825
      vertex 0.192854 0.331042 1.21195
    endloop
  endfacet
  facet normal 1 0 0
    outer loop
      vertex 0.192854 0.331042 1.21195
      vertex 0.192854 0.427497 1.23825
      vertex 0.192854 0.422509 1.24475
    endloop
  endfacet
  facet normal -1 0 0
    outer loop
      vertex -0.104627 -0.0579186 2.01736
      vertex -0.104627 -0.026778 2.02766
      vertex -0.104627 -0.16985 1.69366
    endloop
  endfacet
  facet normal -1 0 0
    outer loop
      vertex -0.104627 0.442968 1.13104
      vertex -0.104627 0.437967 1.12319
      vertex -0.104627 0.25817 1.13104
    endloop
  endfacet
  facet normal -1 0 0
    outer loop
      vertex -0.104627 0.0581631 1.40171
      vertex -0.104627 0.286669 1.50845
      vertex -0.104627 0.0800183 1.40079
    endloop
  endfacet
  facet normal -1 0 0
    outer loop
      vertex -0.104627 0.286669 1.50845
      vertex -0.104627 0.101871 1.40176
      vertex -0.104627 0.0800183 1.40079
    endloop
  endfacet
  facet normal -1 0 0
    outer loop
      vertex -0.104627 -0.026778 2.02766
      vertex -0.104627 0.00511978 2.0353
      vertex -0.104627 -0.16985 1.69366
    endloop
  endfacet
  facet normal -1 0 0
    outer loop
      vertex -0.104627 0.00511978 2.0353
      vertex -0.104627 0.0375479 2.04023
      vertex -0.104627 -0.16985 1.69366
    endloop
  endfacet
  facet normal -1 0 0
    outer loop
      vertex -0.104627 -0.16985 1.69366
      vertex -0.104627 0.0375479 2.04023
      vertex -0.104627 0.0702757 2.04241
    endloop
  endfacet
  facet normal -1 0 0
    outer loop
      vertex -0.104627 -0.16985 1.69366
      vertex -0.104627 -0.293983 1.76153
      vertex -0.104627 -0.283556 1.79263
    endloop
  endfacet
  facet normal -1 0 0
    outer loop
      vertex -0.104627 -0.16985 1.69366
      vertex -0.104627 -0.237167 1.87915
      vertex -0.104627 -0.217033 1.90504
    endloop
  endfacet
  facet normal -1 0 0
    outer loop
      vertex -0.104627 -0.217033 1.90504
      vertex -0.104627 -0.19479 1.92915
      vertex -0.104627 -0.16985 1.69366
    endloop
  endfacet
  facet normal -1 0 0
    outer loop
      vertex -0.104627 -0.19479 1.92915
      vertex -0.104627 -0.170595 1.95129
      vertex -0.104627 -0.16985 1.69366
    endloop
  endfacet
  facet normal -1 0 0
    outer loop
      vertex -0.104627 -0.16985 1.69366
      vertex -0.104627 -0.170595 1.95129
      vertex -0.104627 -0.14462 1.97132
    endloop
  endfacet
  facet normal -1 0 0
    outer loop
      vertex -0.104627 0.16793 2.03238
      vertex -0.104627 0.199533 2.0236
      vertex -0.104627 -0.16985 1.69366
    endloop
  endfacet
  facet normal -1 0 0
    outer loop
      vertex -0.104627 0.199533 2.0236
      vertex -0.104627 0.230284 2.01219
      vertex -0.104627 -0.16985 1.69366
    endloop
  endfacet
  facet normal -1 0 0
    outer loop
      vertex -0.104627 -0.16985 1.69366
      vertex -0.104627 0.230284 2.01219
      vertex -0.104627 0.259965 1.99823
    endloop
  endfacet
  facet normal -1 0 0
    outer loop
      vertex -0.104627 0.259965 1.99823
      vertex -0.104627 0.288363 1.98182
      vertex -0.104627 -0.16985 1.69366
    endloop
  endfacet
  facet normal -1 0 0
    outer loop
      vertex -0.104627 0.288363 1.98182
      vertex -0.104627 0.315278 1.96307
      vertex -0.104627 -0.16985 1.69366
    endloop
  endfacet
  facet normal -1 0 0
    outer loop
      vertex -0.104627 -0.16985 1.69366
      vertex -0.104627 0.315278 1.96307
      vertex -0.104627 0.284401 1.80181
    endloop
  endfacet
  facet normal -1 0 0
    outer loop
      vertex -0.104627 -0.137967 1.52507
      vertex -0.104627 0.036396 1.57853
      vertex -0.104627 0.0430983 1.57504
    endloop
  endfacet
  facet normal -1 0 0
    outer loop
      vertex -0.104627 0.087252 1.73983
      vertex -0.104627 0.079703 1.74016
      vertex -0.104627 0.284401 1.80181
    endloop
  endfacet
  facet normal -1 0 0
    outer loop
      vertex -0.104627 0.079703 1.74016
      vertex -0.104627 0.0721541 1.73983
      vertex -0.104627 0.284401 1.80181
    endloop
  endfacet
  facet normal -1 0 0
    outer loop
      vertex -0.104627 0.286669 1.50845
      vertex -0.104627 -0.00578674 1.41568
      vertex -0.104627 -0.0260325 1.42397
    endloop
  endfacet
  facet normal -1 0 0
    outer loop
      vertex -0.104627 0.286669 1.50845
      vertex -0.104627 -0.0814425 1.45882
      vertex -0.104627 -0.0976755 1.47348
    endloop
  endfacet
  facet normal -1 0 0
    outer loop
      vertex -0.104627 -0.14462 1.97132
      vertex -0.104627 -0.11705 1.98909
      vertex -0.104627 -0.16985 1.69366
    endloop
  endfacet
  facet normal -1 0 0
    outer loop
      vertex -0.104627 -0.11705 1.98909
      vertex -0.104627 -0.0880807 2.00447
      vertex -0.104627 -0.16985 1.69366
    endloop
  endfacet
  facet normal -1 0 0
    outer loop
      vertex -0.104627 -0.16985 1.69366
      vertex -0.104627 -0.0880807 2.00447
      vertex -0.104627 -0.0579186 2.01736
    endloop
  endfacet
  facet normal -1 0 0
    outer loop
      vertex -0.104627 0.0702757 2.04241
      vertex -0.104627 0.103071 2.04182
      vertex -0.104627 -0.16985 1.69366
    endloop
  endfacet
  facet normal -1 0 0
    outer loop
      vertex -0.104627 0.103071 2.04182
      vertex -0.104627 0.135699 2.03847
      vertex -0.104627 -0.16985 1.69366
    endloop
  endfacet
  facet normal -1 0 0
    outer loop
      vertex -0.104627 -0.16985 1.69366
      vertex -0.104627 0.135699 2.03847
      vertex -0.104627 0.16793 2.03238
    endloop
  endfacet
  facet normal -1 0 0
    outer loop
      vertex -0.104627 0.116308 1.57504
      vertex -0.104627 0.12301 1.57853
      vertex -0.104627 0.286669 1.50845
    endloop
  endfacet
  facet normal -1 0 0
    outer loop
      vertex -0.104627 0.0300232 1.72449
      vertex -0.104627 -0.16985 1.69366
      vertex -0.104627 0.036396 1.72855
    endloop
  endfacet
  facet normal -1 0 0
    outer loop
      vertex -0.104627 -0.16985 1.69366
      vertex -0.104627 0.0430983 1.73204
      vertex -0.104627 0.036396 1.72855
    endloop
  endfacet
  facet normal -1 0 0
    outer loop
      vertex -0.104627 0.455641 1.20292
      vertex -0.104627 0.456856 1.19369
      vertex -0.104627 0.25817 1.13104
    endloop
  endfacet
  facet normal -1 0 0
    outer loop
      vertex -0.104627 0.456856 1.19369
      vertex -0.104627 0.457262 1.18439
      vertex -0.104627 0.25817 1.13104
    endloop
  endfacet
  facet normal -1 0 0
    outer loop
      vertex -0.104627 0.369096 1.07932
      vertex -0.104627 0.359868 1.0781
      vertex -0.104627 0.411766 1.09699
    endloop
  endfacet
  facet normal -1 0 0
    outer loop
      vertex -0.104627 0.0581631 1.40171
      vertex -0.104627 0.0364693 1.40451
      vertex -0.104627 0.286669 1.50845
    endloop
  endfacet
  facet normal -1 0 0
    outer loop
      vertex -0.104627 0.0364693 1.40451
      vertex -0.104627 0.0150994 1.40918
      vertex -0.104627 0.286669 1.50845
    endloop
  endfacet
  facet normal -1 0 0
    outer loop
      vertex -0.104627 0.286669 1.50845
      vertex -0.104627 0.0150994 1.40918
      vertex -0.104627 -0.00578674 1.41568
    endloop
  endfacet
  facet normal -1 0 0
    outer loop
      vertex -0.104627 -0.0976755 1.47348
      vertex -0.104627 -0.11258 1.48949
      vertex -0.104627 0.286669 1.50845
    endloop
  endfacet
  facet normal -1 0 0
    outer loop
      vertex -0.104627 -0.11258 1.48949
      vertex -0.104627 -0.126044 1.50673
      vertex -0.104627 0.286669 1.50845
    endloop
  endfacet
  facet normal -1 0 0
    outer loop
      vertex -0.104627 0.286669 1.50845
      vertex -0.104627 -0.126044 1.50673
      vertex -0.104627 -0.137967 1.52507
    endloop
  endfacet
  facet normal -1 0 0
    outer loop
      vertex -0.104627 -0.283556 1.79263
      vertex -0.104627 -0.270547 1.82274
      vertex -0.104627 -0.16985 1.69366
    endloop
  endfacet
  facet normal -1 0 0
    outer loop
      vertex -0.104627 -0.270547 1.82274
      vertex -0.104627 -0.255047 1.85165
      vertex -0.104627 -0.16985 1.69366
    endloop
  endfacet
  facet normal -1 0 0
    outer loop
      vertex -0.104627 -0.16985 1.69366
      vertex -0.104627 -0.255047 1.85165
      vertex -0.104627 -0.237167 1.87915
    endloop
  endfacet
  facet normal -1 0 0
    outer loop
      vertex -0.104627 0.0184576 1.5923
      vertex -0.104627 -0.137967 1.52507
      vertex -0.104627 0.0133527 1.59787
    endloop
  endfacet
  facet normal -1 0 0
    outer loop
      vertex -0.104627 -0.137967 1.52507
      vertex -0.104627 0.00875287 1.60386
      vertex -0.104627 0.0133527 1.59787
    endloop
  endfacet
  facet normal -1 0 0
    outer loop
      vertex -0.104627 0.0184576 1.5923
      vertex -0.104627 0.0240285 1.58719
      vertex -0.104627 -0.137967 1.52507
    endloop
  endfacet
  facet normal -1 0 0
    outer loop
      vertex -0.104627 0.0240285 1.58719
      vertex -0.104627 0.0300232 1.58259
      vertex -0.104627 -0.137967 1.52507
    endloop
  endfacet
  facet normal -1 0 0
    outer loop
      vertex -0.104627 -0.137967 1.52507
      vertex -0.104627 0.0300232 1.58259
      vertex -0.104627 0.036396 1.57853
    endloop
  endfacet
  facet normal -1 0 0
    outer loop
      vertex -0.104627 0.0430983 1.57504
      vertex -0.104627 0.0500792 1.57215
      vertex -0.104627 -0.137967 1.52507
    endloop
  endfacet
  facet normal -1 0 0
    outer loop
      vertex -0.104627 0.0500792 1.57215
      vertex -0.104627 0.0572856 1.56988
      vertex -0.104627 -0.137967 1.52507
    endloop
  endfacet
  facet normal -1 0 0
    outer loop
      vertex -0.104627 -0.137967 1.52507
      vertex -0.104627 0.0572856 1.56988
      vertex -0.104627 0.0646626 1.56824
    endloop
  endfacet
  facet normal -1 0 0
    outer loop
      vertex -0.104627 0.0646626 1.56824
      vertex -0.104627 0.0721541 1.56726
      vertex -0.104627 -0.137967 1.52507
    endloop
  endfacet
  facet normal -1 0 0
    outer loop
      vertex -0.104627 0.0721541 1.56726
      vertex -0.104627 0.079703 1.56693
      vertex -0.104627 -0.137967 1.52507
    endloop
  endfacet
  facet normal -1 0 0
    outer loop
      vertex -0.104627 -0.137967 1.52507
      vertex -0.104627 0.079703 1.56693
      vertex -0.104627 0.286669 1.50845
    endloop
  endfacet
  facet normal -1 0 0
    outer loop
      vertex -0.104627 0.079703 1.56693
      vertex -0.104627 0.087252 1.56726
      vertex -0.104627 0.286669 1.50845
    endloop
  endfacet
  facet normal -1 0 0
    outer loop
      vertex -0.104627 0.286669 1.50845
      vertex -0.104627 0.087252 1.56726
      vertex -0.104627 0.0947434 1.56824
    endloop
  endfacet
  facet normal -1 0 0
    outer loop
      vertex -0.104627 0.129383 1.72449
      vertex -0.104627 0.12301 1.72855
      vertex -0.104627 0.284401 1.80181
    endloop
  endfacet
  facet normal -1 0 0
    outer loop
      vertex -0.104627 0.12301 1.72855
      vertex -0.104627 0.116308 1.73204
      vertex -0.104627 0.284401 1.80181
    endloop
  endfacet
  facet normal -1 0 0
    outer loop
      vertex -0.104627 0.284401 1.80181
      vertex -0.104627 0.116308 1.73204
      vertex -0.104627 0.109327 1.73493
    endloop
  endfacet
  facet normal -1 0 0
    outer loop
      vertex -0.104627 0.0721541 1.73983
      vertex -0.104627 0.0646626 1.73884
      vertex -0.104627 0.284401 1.80181
    endloop
  endfacet
  facet normal -1 0 0
    outer loop
      vertex -0.104627 0.0646626 1.73884
      vertex -0.104627 0.0572856 1.73721
      vertex -0.104627 0.284401 1.80181
    endloop
  endfacet
  facet normal -1 0 0
    outer loop
      vertex -0.104627 0.284401 1.80181
      vertex -0.104627 0.0572856 1.73721
      vertex -0.104627 -0.16985 1.69366
    endloop
  endfacet
  facet normal -1 0 0
    outer loop
      vertex -0.104627 0.0572856 1.73721
      vertex -0.104627 0.0500792 1.73493
      vertex -0.104627 -0.16985 1.69366
    endloop
  endfacet
  facet normal -1 0 0
    outer loop
      vertex -0.104627 -0.16985 1.69366
      vertex -0.104627 0.0500792 1.73493
      vertex -0.104627 0.0430983 1.73204
    endloop
  endfacet
  facet normal -1 0 0
    outer loop
      vertex -0.104627 0.101871 1.40176
      vertex -0.104627 0.286669 1.50845
      vertex -0.104627 0.25817 1.13104
    endloop
  endfacet
  facet normal -1 0 0
    outer loop
      vertex -0.104627 0.286669 1.50845
      vertex -0.104627 0.442968 1.23774
      vertex -0.104627 0.25817 1.13104
    endloop
  endfacet
  facet normal -1 0 0
    outer loop
      vertex -0.104627 0.25817 1.13104
      vertex -0.104627 0.442968 1.23774
      vertex -0.104627 0.447266 1.22948
    endloop
  endfacet
  facet normal -1 0 0
    outer loop
      vertex -0.104627 0.457262 1.18439
      vertex -0.104627 0.456856 1.17509
      vertex -0.104627 0.25817 1.13104
    endloop
  endfacet
  facet normal -1 0 0
    outer loop
      vertex -0.104627 0.456856 1.17509
      vertex -0.104627 0.455641 1.16586
      vertex -0.104627 0.25817 1.13104
    endloop
  endfacet
  facet normal -1 0 0
    outer loop
      vertex -0.104627 0.25817 1.13104
      vertex -0.104627 0.455641 1.16586
      vertex -0.104627 0.453627 1.15678
    endloop
  endfacet
  facet normal -1 0 0
    outer loop
      vertex -0.104627 0.453627 1.15678
      vertex -0.104627 0.450828 1.1479
      vertex -0.104627 0.25817 1.13104
    endloop
  endfacet
  facet normal -1 0 0
    outer loop
      vertex -0.104627 0.450828 1.1479
      vertex -0.104627 0.447266 1.1393
      vertex -0.104627 0.25817 1.13104
    endloop
  endfacet
  facet normal -1 0 0
    outer loop
      vertex -0.104627 0.25817 1.13104
      vertex -0.104627 0.447266 1.1393
      vertex -0.104627 0.442968 1.13104
    endloop
  endfacet
  facet normal -1 0 0
    outer loop
      vertex -0.104627 0.39566 1.08769
      vertex -0.104627 0.38706 1.08413
      vertex -0.104627 0.378183 1.08133
    endloop
  endfacet
  facet normal -1 0 0
    outer loop
      vertex -0.104627 0.297223 1.09199
      vertex -0.104627 0.289373 1.09699
      vertex -0.104627 0.437967 1.12319
    endloop
  endfacet
  facet normal -1 0 0
    outer loop
      vertex -0.104627 0.289373 1.09699
      vertex -0.104627 0.281988 1.10266
      vertex -0.104627 0.437967 1.12319
    endloop
  endfacet
  facet normal -1 0 0
    outer loop
      vertex -0.104627 0.437967 1.12319
      vertex -0.104627 0.281988 1.10266
      vertex -0.104627 0.275126 1.10895
    endloop
  endfacet
  facet normal -1 0 0
    outer loop
      vertex -0.104627 0.275126 1.10895
      vertex -0.104627 0.268838 1.11581
      vertex -0.104627 0.437967 1.12319
    endloop
  endfacet
  facet normal -1 0 0
    outer loop
      vertex -0.104627 0.268838 1.11581
      vertex -0.104627 0.263171 1.12319
      vertex -0.104627 0.437967 1.12319
    endloop
  endfacet
  facet normal -1 0 0
    outer loop
      vertex -0.104627 0.437967 1.12319
      vertex -0.104627 0.263171 1.12319
      vertex -0.104627 0.25817 1.13104
    endloop
  endfacet
  facet normal -1 0 0
    outer loop
      vertex -0.104627 -0.0260325 1.42397
      vertex -0.104627 -0.0454864 1.43397
      vertex -0.104627 0.286669 1.50845
    endloop
  endfacet
  facet normal -1 0 0
    outer loop
      vertex -0.104627 -0.0454864 1.43397
      vertex -0.104627 -0.0640026 1.44561
      vertex -0.104627 0.286669 1.50845
    endloop
  endfacet
  facet normal -1 0 0
    outer loop
      vertex -0.104627 0.286669 1.50845
      vertex -0.104627 -0.0640026 1.44561
      vertex -0.104627 -0.0814425 1.45882
    endloop
  endfacet
  facet normal -1 0 0
    outer loop
      vertex -0.104627 0.109327 1.73493
      vertex -0.104627 0.10212 1.73721
      vertex -0.104627 0.284401 1.80181
    endloop
  endfacet
  facet normal -1 0 0
    outer loop
      vertex -0.104627 0.10212 1.73721
      vertex -0.104627 0.0947434 1.73884
      vertex -0.104627 0.284401 1.80181
    endloop
  endfacet
  facet normal -1 0 0
    outer loop
      vertex -0.104627 0.284401 1.80181
      vertex -0.104627 0.0947434 1.73884
      vertex -0.104627 0.087252 1.73983
    endloop
  endfacet
  facet normal -1 0 0
    outer loop
      vertex -0.104627 0.0300232 1.72449
      vertex -0.104627 0.0240285 1.71989
      vertex -0.104627 -0.16985 1.69366
    endloop
  endfacet
  facet normal -1 0 0
    outer loop
      vertex -0.104627 0.0240285 1.71989
      vertex -0.104627 0.0184576 1.71479
      vertex -0.104627 -0.16985 1.69366
    endloop
  endfacet
  facet normal -1 0 0
    outer loop
      vertex -0.104627 -0.16985 1.69366
      vertex -0.104627 0.0184576 1.71479
      vertex -0.104627 0.0133527 1.70922
    endloop
  endfacet
  facet normal -1 0 0
    outer loop
      vertex -0.104627 0.447266 1.22948
      vertex -0.104627 0.450828 1.22088
      vertex -0.104627 0.25817 1.13104
    endloop
  endfacet
  facet normal -1 0 0
    outer loop
      vertex -0.104627 0.450828 1.22088
      vertex -0.104627 0.453627 1.212
      vertex -0.104627 0.25817 1.13104
    endloop
  endfacet
  facet normal -1 0 0
    outer loop
      vertex -0.104627 0.25817 1.13104
      vertex -0.104627 0.453627 1.212
      vertex -0.104627 0.455641 1.20292
    endloop
  endfacet
  facet normal -1 0 0
    outer loop
      vertex -0.104627 0.314078 1.08413
      vertex -0.104627 0.432301 1.11581
      vertex -0.104627 0.426012 1.10895
    endloop
  endfacet
  facet normal -1 0 0
    outer loop
      vertex -0.104627 0.426012 1.10895
      vertex -0.104627 0.41915 1.10266
      vertex -0.104627 0.314078 1.08413
    endloop
  endfacet
  facet normal -1 0 0
    outer loop
      vertex -0.104627 0.41915 1.10266
      vertex -0.104627 0.411766 1.09699
      vertex -0.104627 0.314078 1.08413
    endloop
  endfacet
  facet normal -1 0 0
    outer loop
      vertex -0.104627 0.314078 1.08413
      vertex -0.104627 0.411766 1.09699
      vertex -0.104627 0.322955 1.08133
    endloop
  endfacet
  facet normal -1 0 0
    outer loop
      vertex -0.104627 0.411766 1.09699
      vertex -0.104627 0.332042 1.07932
      vertex -0.104627 0.322955 1.08133
    endloop
  endfacet
  facet normal -1 0 0
    outer loop
      vertex -0.104627 0.432301 1.11581
      vertex -0.104627 0.314078 1.08413
      vertex -0.104627 0.437967 1.12319
    endloop
  endfacet
  facet normal -1 0 0
    outer loop
      vertex -0.104627 0.314078 1.08413
      vertex -0.104627 0.305479 1.08769
      vertex -0.104627 0.437967 1.12319
    endloop
  endfacet
  facet normal -1 0 0
    outer loop
      vertex -0.104627 0.437967 1.12319
      vertex -0.104627 0.305479 1.08769
      vertex -0.104627 0.297223 1.09199
    endloop
  endfacet
  facet normal -1 0 0
    outer loop
      vertex -0.104627 0.0947434 1.56824
      vertex -0.104627 0.10212 1.56988
      vertex -0.104627 0.286669 1.50845
    endloop
  endfacet
  facet normal -1 0 0
    outer loop
      vertex -0.104627 0.10212 1.56988
      vertex -0.104627 0.109327 1.57215
      vertex -0.104627 0.286669 1.50845
    endloop
  endfacet
  facet normal -1 0 0
    outer loop
      vertex -0.104627 0.286669 1.50845
      vertex -0.104627 0.109327 1.57215
      vertex -0.104627 0.116308 1.57504
    endloop
  endfacet
  facet normal -1 0 0
    outer loop
      vertex -0.104627 0.284401 1.80181
      vertex -0.104627 0.150653 1.70322
      vertex -0.104627 0.146053 1.70922
    endloop
  endfacet
  facet normal -1 0 0
    outer loop
      vertex -0.104627 -0.16985 1.69366
      vertex -0.104627 0.00120394 1.69015
      vertex -0.104627 -0.00168766 1.68317
    endloop
  endfacet
  facet normal -1 0 0
    outer loop
      vertex -0.104627 0.369096 1.07932
      vertex -0.104627 0.411766 1.09699
      vertex -0.104627 0.378183 1.08133
    endloop
  endfacet
  facet normal -1 0 0
    outer loop
      vertex -0.104627 0.411766 1.09699
      vertex -0.104627 0.403916 1.09199
      vertex -0.104627 0.378183 1.08133
    endloop
  endfacet
  facet normal -1 0 0
    outer loop
      vertex -0.104627 0.378183 1.08133
      vertex -0.104627 0.403916 1.09199
      vertex -0.104627 0.39566 1.08769
    endloop
  endfacet
  facet normal -1 0 0
    outer loop
      vertex -0.104627 0.359868 1.0781
      vertex -0.104627 0.350569 1.0777
      vertex -0.104627 0.411766 1.09699
    endloop
  endfacet
  facet normal -1 0 0
    outer loop
      vertex -0.104627 0.350569 1.0777
      vertex -0.104627 0.34127 1.0781
      vertex -0.104627 0.411766 1.09699
    endloop
  endfacet
  facet normal -1 0 0
    outer loop
      vertex -0.104627 0.411766 1.09699
      vertex -0.104627 0.34127 1.0781
      vertex -0.104627 0.332042 1.07932
    endloop
  endfacet
  facet normal -1 0 0
    outer loop
      vertex -0.104627 0.146053 1.70922
      vertex -0.104627 0.140949 1.71479
      vertex -0.104627 0.284401 1.80181
    endloop
  endfacet
  facet normal -1 0 0
    outer loop
      vertex -0.104627 0.140949 1.71479
      vertex -0.104627 0.135378 1.71989
      vertex -0.104627 0.284401 1.80181
    endloop
  endfacet
  facet normal -1 0 0
    outer loop
      vertex -0.104627 0.284401 1.80181
      vertex -0.104627 0.135378 1.71989
      vertex -0.104627 0.129383 1.72449
    endloop
  endfacet
  facet normal -1 0 0
    outer loop
      vertex -0.104627 0.0133527 1.70922
      vertex -0.104627 0.00875287 1.70322
      vertex -0.104627 -0.16985 1.69366
    endloop
  endfacet
  facet normal -1 0 0
    outer loop
      vertex -0.104627 0.00875287 1.70322
      vertex -0.104627 0.00469297 1.69685
      vertex -0.104627 -0.16985 1.69366
    endloop
  endfacet
  facet normal -1 0 0
    outer loop
      vertex -0.104627 -0.16985 1.69366
      vertex -0.104627 0.00469297 1.69685
      vertex -0.104627 0.00120394 1.69015
    endloop
  endfacet
  facet normal -1 0 0
    outer loop
      vertex -0.104627 0.12301 1.57853
      vertex -0.104627 0.129383 1.58259
      vertex -0.104627 0.286669 1.50845
    endloop
  endfacet
  facet normal -1 0 0
    outer loop
      vertex -0.104627 0.129383 1.58259
      vertex -0.104627 0.135378 1.58719
      vertex -0.104627 0.286669 1.50845
    endloop
  endfacet
  facet normal -1 0 0
    outer loop
      vertex -0.104627 0.286669 1.50845
      vertex -0.104627 0.135378 1.58719
      vertex -0.104627 0.140949 1.5923
    endloop
  endfacet
  facet normal -1 0 0
    outer loop
      vertex -0.104627 -0.00168766 1.68317
      vertex -0.104627 -0.00395982 1.67596
      vertex -0.104627 -0.16985 1.69366
    endloop
  endfacet
  facet normal -1 0 0
    outer loop
      vertex -0.104627 -0.00395982 1.67596
      vertex -0.104627 -0.00559527 1.66858
      vertex -0.104627 -0.16985 1.69366
    endloop
  endfacet
  facet normal -1 0 0
    outer loop
      vertex -0.104627 -0.16985 1.69366
      vertex -0.104627 -0.00559527 1.66858
      vertex -0.104627 -0.172383 1.67193
    endloop
  endfacet
  facet normal -1 0 0
    outer loop
      vertex -0.104627 -0.00559527 1.66858
      vertex -0.104627 -0.00658154 1.66109
      vertex -0.104627 -0.172383 1.67193
    endloop
  endfacet
  facet normal -1 0 0
    outer loop
      vertex -0.104627 -0.172383 1.67193
      vertex -0.104627 -0.00658154 1.66109
      vertex -0.104627 -0.173029 1.65006
    endloop
  endfacet
  facet normal -1 0 0
    outer loop
      vertex -0.104627 -0.00658154 1.66109
      vertex -0.104627 -0.00691113 1.65354
      vertex -0.104627 -0.173029 1.65006
    endloop
  endfacet
  facet normal -1 0 0
    outer loop
      vertex -0.104627 -0.173029 1.65006
      vertex -0.104627 -0.00691113 1.65354
      vertex -0.104627 -0.171782 1.62822
    endloop
  endfacet
  facet normal -1 0 0
    outer loop
      vertex -0.104627 -0.00691113 1.65354
      vertex -0.104627 -0.00658154 1.64599
      vertex -0.104627 -0.171782 1.62822
    endloop
  endfacet
  facet normal -1 0 0
    outer loop
      vertex -0.104627 -0.171782 1.62822
      vertex -0.104627 -0.00658154 1.64599
      vertex -0.104627 -0.168651 1.60658
    endloop
  endfacet
  facet normal -1 0 0
    outer loop
      vertex -0.104627 -0.00658154 1.64599
      vertex -0.104627 -0.00559527 1.6385
      vertex -0.104627 -0.168651 1.60658
    endloop
  endfacet
  facet normal -1 0 0
    outer loop
      vertex -0.104627 -0.168651 1.60658
      vertex -0.104627 -0.00559527 1.6385
      vertex -0.104627 -0.16366 1.58528
    endloop
  endfacet
  facet normal -1 0 0
    outer loop
      vertex -0.104627 -0.00559527 1.6385
      vertex -0.104627 -0.00395982 1.63113
      vertex -0.104627 -0.16366 1.58528
    endloop
  endfacet
  facet normal -1 0 0
    outer loop
      vertex -0.104627 -0.16366 1.58528
      vertex -0.104627 -0.00395982 1.63113
      vertex -0.104627 -0.156846 1.56449
    endloop
  endfacet
  facet normal -1 0 0
    outer loop
      vertex -0.104627 -0.00395982 1.63113
      vertex -0.104627 -0.00168766 1.62392
      vertex -0.104627 -0.156846 1.56449
    endloop
  endfacet
  facet normal -1 0 0
    outer loop
      vertex -0.104627 -0.156846 1.56449
      vertex -0.104627 -0.00168766 1.62392
      vertex -0.104627 -0.14826 1.54437
    endloop
  endfacet
  facet normal -1 0 0
    outer loop
      vertex -0.104627 -0.00168766 1.62392
      vertex -0.104627 0.00120394 1.61694
      vertex -0.104627 -0.14826 1.54437
    endloop
  endfacet
  facet normal -1 0 0
    outer loop
      vertex -0.104627 -0.14826 1.54437
      vertex -0.104627 0.00120394 1.61694
      vertex -0.104627 -0.137967 1.52507
    endloop
  endfacet
  facet normal -1 0 0
    outer loop
      vertex -0.104627 0.00120394 1.61694
      vertex -0.104627 0.00469297 1.61024
      vertex -0.104627 -0.137967 1.52507
    endloop
  endfacet
  facet normal -1 0 0
    outer loop
      vertex -0.104627 -0.137967 1.52507
      vertex -0.104627 0.00469297 1.61024
      vertex -0.104627 0.00875287 1.60386
    endloop
  endfacet
  facet normal -1 0 0
    outer loop
      vertex -0.104627 0.150653 1.70322
      vertex -0.104627 0.284401 1.80181
      vertex -0.104627 0.154713 1.69685
    endloop
  endfacet
  facet normal -1 0 0
    outer loop
      vertex -0.104627 0.284401 1.80181
      vertex -0.104627 0.29593 1.78443
      vertex -0.104627 0.154713 1.69685
    endloop
  endfacet
  facet normal -1 0 0
    outer loop
      vertex -0.104627 0.154713 1.69685
      vertex -0.104627 0.29593 1.78443
      vertex -0.104627 0.158202 1.69015
    endloop
  endfacet
  facet normal -1 0 0
    outer loop
      vertex -0.104627 0.29593 1.78443
      vertex -0.104627 0.305986 1.76616
      vertex -0.104627 0.158202 1.69015
    endloop
  endfacet
  facet normal -1 0 0
    outer loop
      vertex -0.104627 0.158202 1.69015
      vertex -0.104627 0.305986 1.76616
      vertex -0.104627 0.161094 1.68317
    endloop
  endfacet
  facet normal -1 0 0
    outer loop
      vertex -0.104627 0.305986 1.76616
      vertex -0.104627 0.314502 1.74711
      vertex -0.104627 0.161094 1.68317
    endloop
  endfacet
  facet normal -1 0 0
    outer loop
      vertex -0.104627 0.161094 1.68317
      vertex -0.104627 0.314502 1.74711
      vertex -0.104627 0.163366 1.67596
    endloop
  endfacet
  facet normal -1 0 0
    outer loop
      vertex -0.104627 0.314502 1.74711
      vertex -0.104627 0.321418 1.72743
      vertex -0.104627 0.163366 1.67596
    endloop
  endfacet
  facet normal -1 0 0
    outer loop
      vertex -0.104627 0.163366 1.67596
      vertex -0.104627 0.321418 1.72743
      vertex -0.104627 0.165001 1.66858
    endloop
  endfacet
  facet normal -1 0 0
    outer loop
      vertex -0.104627 0.140949 1.5923
      vertex -0.104627 0.146053 1.59787
      vertex -0.104627 0.286669 1.50845
    endloop
  endfacet
  facet normal -1 0 0
    outer loop
      vertex -0.104627 0.146053 1.59787
      vertex -0.104627 0.150653 1.60386
      vertex -0.104627 0.286669 1.50845
    endloop
  endfacet
  facet normal -1 0 0
    outer loop
      vertex -0.104627 0.286669 1.50845
      vertex -0.104627 0.150653 1.60386
      vertex -0.104627 0.297928 1.52601
    endloop
  endfacet
  facet normal -1 0 0
    outer loop
      vertex -0.104627 0.150653 1.60386
      vertex -0.104627 0.154713 1.61024
      vertex -0.104627 0.297928 1.52601
    endloop
  endfacet
  facet normal -1 0 0
    outer loop
      vertex -0.104627 0.297928 1.52601
      vertex -0.104627 0.154713 1.61024
      vertex -0.104627 0.3077 1.54444
    endloop
  endfacet
  facet normal -1 0 0
    outer loop
      vertex -0.104627 0.154713 1.61024
      vertex -0.104627 0.158202 1.61694
      vertex -0.104627 0.3077 1.54444
    endloop
  endfacet
  facet normal -1 0 0
    outer loop
      vertex -0.104627 0.3077 1.54444
      vertex -0.104627 0.158202 1.61694
      vertex -0.104627 0.31592 1.56362
    endloop
  endfacet
  facet normal -1 0 0
    outer loop
      vertex -0.104627 0.158202 1.61694
      vertex -0.104627 0.161094 1.62392
      vertex -0.104627 0.31592 1.56362
    endloop
  endfacet
  facet normal -1 0 0
    outer loop
      vertex -0.104627 0.31592 1.56362
      vertex -0.104627 0.161094 1.62392
      vertex -0.104627 0.322531 1.5834
    endloop
  endfacet
  facet normal -1 0 0
    outer loop
      vertex -0.104627 0.161094 1.62392
      vertex -0.104627 0.163366 1.63113
      vertex -0.104627 0.322531 1.5834
    endloop
  endfacet
  facet normal -1 0 0
    outer loop
      vertex -0.104627 0.322531 1.5834
      vertex -0.104627 0.163366 1.63113
      vertex -0.104627 0.327488 1.60366
    endloop
  endfacet
  facet normal -1 0 0
    outer loop
      vertex -0.104627 0.163366 1.63113
      vertex -0.104627 0.165001 1.6385
      vertex -0.104627 0.327488 1.60366
    endloop
  endfacet
  facet normal -1 0 0
    outer loop
      vertex -0.104627 0.327488 1.60366
      vertex -0.104627 0.165001 1.6385
      vertex -0.104627 0.330757 1.62426
    endloop
  endfacet
  facet normal -1 0 0
    outer loop
      vertex -0.104627 0.165001 1.6385
      vertex -0.104627 0.165988 1.64599
      vertex -0.104627 0.330757 1.62426
    endloop
  endfacet
  facet normal -1 0 0
    outer loop
      vertex -0.104627 0.330757 1.62426
      vertex -0.104627 0.165988 1.64599
      vertex -0.104627 0.332317 1.64507
    endloop
  endfacet
  facet normal -1 0 0
    outer loop
      vertex -0.104627 0.165988 1.64599
      vertex -0.104627 0.166317 1.65354
      vertex -0.104627 0.332317 1.64507
    endloop
  endfacet
  facet normal -1 0 0
    outer loop
      vertex -0.104627 0.332317 1.64507
      vertex -0.104627 0.166317 1.65354
      vertex -0.104627 0.332155 1.66593
    endloop
  endfacet
  facet normal -1 0 0
    outer loop
      vertex -0.104627 0.166317 1.65354
      vertex -0.104627 0.165988 1.66109
      vertex -0.104627 0.332155 1.66593
    endloop
  endfacet
  facet normal -1 0 0
    outer loop
      vertex -0.104627 0.332155 1.66593
      vertex -0.104627 0.165988 1.66109
      vertex -0.104627 0.330275 1.6867
    endloop
  endfacet
  facet normal -1 0 0
    outer loop
      vertex -0.104627 0.165988 1.66109
      vertex -0.104627 0.165001 1.66858
      vertex -0.104627 0.330275 1.6867
    endloop
  endfacet
  facet normal -1 0 0
    outer loop
      vertex -0.104627 0.330275 1.6867
      vertex -0.104627 0.165001 1.66858
      vertex -0.104627 0.326687 1.70725
    endloop
  endfacet
  facet normal -1 0 0
    outer loop
      vertex -0.104627 0.165001 1.66858
      vertex -0.104627 0.321418 1.72743
      vertex -0.104627 0.326687 1.70725
    endloop
  endfacet
endsolid Mesh
