solid Mesh
  facet normal -0.999048 -0.0436202 0
    outer loop
      vertex -0.612107 -0.592487 2.38976
      vertex -0.612107 -0.592487 2.42913
      vertex -0.612557 -0.582193 2.38976
    endloop
  endfacet
  facet normal -0.999048 -0.0436202 0
    outer loop
      vertex -0.612107 -0.592487 2.42913
      vertex -0.612557 -0.582193 2.42913
      vertex -0.612557 -0.582193 2.38976
    endloop
  endfacet
  facet normal -0.991445 -0.130523 0
    outer loop
      vertex -0.612557 -0.582193 2.38976
      vertex -0.612557 -0.582193 2.42913
      vertex -0.613901 -0.571978 2.38976
    endloop
  endfacet
  facet normal -0.991445 -0.130523 0
    outer loop
      vertex -0.612557 -0.582193 2.42913
      vertex -0.613901 -0.571978 2.42913
      vertex -0.613901 -0.571978 2.38976
    endloop
  endfacet
  facet normal -0.976296 -0.216439 0
    outer loop
      vertex -0.613901 -0.571978 2.38976
      vertex -0.613901 -0.571978 2.42913
      vertex -0.616132 -0.561918 2.38976
    endloop
  endfacet
  facet normal -0.976296 -0.216439 0
    outer loop
      vertex -0.613901 -0.571978 2.42913
      vertex -0.616132 -0.561918 2.42913
      vertex -0.616132 -0.561918 2.38976
    endloop
  endfacet
  facet normal -0.953716 -0.300709 0
    outer loop
      vertex -0.616132 -0.561918 2.38976
      vertex -0.616132 -0.561918 2.42913
      vertex -0.61923 -0.552091 2.38976
    endloop
  endfacet
  facet normal -0.953716 -0.300709 0
    outer loop
      vertex -0.616132 -0.561918 2.42913
      vertex -0.61923 -0.552091 2.42913
      vertex -0.61923 -0.552091 2.38976
    endloop
  endfacet
  facet normal -0.92388 -0.382683 0
    outer loop
      vertex -0.61923 -0.552091 2.38976
      vertex -0.61923 -0.552091 2.42913
      vertex -0.623173 -0.542572 2.38976
    endloop
  endfacet
  facet normal -0.92388 -0.382683 0
    outer loop
      vertex -0.61923 -0.552091 2.42913
      vertex -0.623173 -0.542572 2.42913
      vertex -0.623173 -0.542572 2.38976
    endloop
  endfacet
  facet normal -0.887012 -0.461747 0
    outer loop
      vertex -0.623173 -0.542572 2.38976
      vertex -0.623173 -0.542572 2.42913
      vertex -0.627931 -0.533432 2.38976
    endloop
  endfacet
  facet normal -0.887012 -0.461747 0
    outer loop
      vertex -0.623173 -0.542572 2.42913
      vertex -0.627931 -0.533432 2.42913
      vertex -0.627931 -0.533432 2.38976
    endloop
  endfacet
  facet normal -0.843391 -0.537301 0
    outer loop
      vertex -0.627931 -0.533432 2.38976
      vertex -0.627931 -0.533432 2.42913
      vertex -0.633467 -0.524742 2.38976
    endloop
  endfacet
  facet normal -0.843391 -0.537301 0
    outer loop
      vertex -0.627931 -0.533432 2.42913
      vertex -0.633467 -0.524742 2.42913
      vertex -0.633467 -0.524742 2.38976
    endloop
  endfacet
  facet normal -0.793353 -0.608762 0
    outer loop
      vertex -0.633467 -0.524742 2.38976
      vertex -0.633467 -0.524742 2.42913
      vertex -0.63974 -0.516568 2.38976
    endloop
  endfacet
  facet normal -0.793353 -0.608762 0
    outer loop
      vertex -0.633467 -0.524742 2.42913
      vertex -0.63974 -0.516568 2.42913
      vertex -0.63974 -0.516568 2.38976
    endloop
  endfacet
  facet normal -0.737281 -0.675587 0
    outer loop
      vertex -0.63974 -0.516568 2.38976
      vertex -0.63974 -0.516568 2.42913
      vertex -0.646701 -0.508971 2.38976
    endloop
  endfacet
  facet normal -0.737281 -0.675587 0
    outer loop
      vertex -0.63974 -0.516568 2.42913
      vertex -0.646701 -0.508971 2.42913
      vertex -0.646701 -0.508971 2.38976
    endloop
  endfacet
  facet normal -0.675587 -0.737281 0
    outer loop
      vertex -0.646701 -0.508971 2.38976
      vertex -0.646701 -0.508971 2.42913
      vertex -0.654298 -0.50201 2.38976
    endloop
  endfacet
  facet normal -0.675587 -0.737281 0
    outer loop
      vertex -0.646701 -0.508971 2.42913
      vertex -0.654298 -0.50201 2.42913
      vertex -0.654298 -0.50201 2.38976
    endloop
  endfacet
  facet normal -0.608764 -0.793352 0
    outer loop
      vertex -0.654298 -0.50201 2.38976
      vertex -0.654298 -0.50201 2.42913
      vertex -0.662472 -0.495737 2.38976
    endloop
  endfacet
  facet normal -0.608764 -0.793352 0
    outer loop
      vertex -0.654298 -0.50201 2.42913
      vertex -0.662472 -0.495737 2.42913
      vertex -0.662472 -0.495737 2.38976
    endloop
  endfacet
  facet normal -0.537298 -0.843392 0
    outer loop
      vertex -0.662472 -0.495737 2.38976
      vertex -0.662472 -0.495737 2.42913
      vertex -0.671162 -0.490201 2.38976
    endloop
  endfacet
  facet normal -0.537298 -0.843392 0
    outer loop
      vertex -0.662472 -0.495737 2.42913
      vertex -0.671162 -0.490201 2.42913
      vertex -0.671162 -0.490201 2.38976
    endloop
  endfacet
  facet normal -0.46175 -0.88701 0
    outer loop
      vertex -0.671162 -0.490201 2.38976
      vertex -0.671162 -0.490201 2.42913
      vertex -0.680302 -0.485443 2.38976
    endloop
  endfacet
  facet normal -0.46175 -0.88701 0
    outer loop
      vertex -0.671162 -0.490201 2.42913
      vertex -0.680302 -0.485443 2.42913
      vertex -0.680302 -0.485443 2.38976
    endloop
  endfacet
  facet normal -0.382682 -0.92388 0
    outer loop
      vertex -0.680302 -0.485443 2.38976
      vertex -0.680302 -0.485443 2.42913
      vertex -0.689821 -0.4815 2.38976
    endloop
  endfacet
  facet normal -0.382682 -0.92388 0
    outer loop
      vertex -0.680302 -0.485443 2.42913
      vertex -0.689821 -0.4815 2.42913
      vertex -0.689821 -0.4815 2.38976
    endloop
  endfacet
  facet normal -0.300707 -0.953717 0
    outer loop
      vertex -0.689821 -0.4815 2.38976
      vertex -0.689821 -0.4815 2.42913
      vertex -0.699648 -0.478402 2.38976
    endloop
  endfacet
  facet normal -0.300707 -0.953717 0
    outer loop
      vertex -0.689821 -0.4815 2.42913
      vertex -0.699648 -0.478402 2.42913
      vertex -0.699648 -0.478402 2.38976
    endloop
  endfacet
  facet normal -0.216439 -0.976296 0
    outer loop
      vertex -0.699648 -0.478402 2.38976
      vertex -0.699648 -0.478402 2.42913
      vertex -0.709708 -0.476171 2.38976
    endloop
  endfacet
  facet normal -0.216439 -0.976296 0
    outer loop
      vertex -0.699648 -0.478402 2.42913
      vertex -0.709708 -0.476171 2.42913
      vertex -0.709708 -0.476171 2.38976
    endloop
  endfacet
  facet normal -0.130527 -0.991445 0
    outer loop
      vertex -0.709708 -0.476171 2.38976
      vertex -0.709708 -0.476171 2.42913
      vertex -0.719923 -0.474827 2.38976
    endloop
  endfacet
  facet normal -0.130527 -0.991445 0
    outer loop
      vertex -0.709708 -0.476171 2.42913
      vertex -0.719923 -0.474827 2.42913
      vertex -0.719923 -0.474827 2.38976
    endloop
  endfacet
  facet normal -0.0436201 -0.999048 0
    outer loop
      vertex -0.719923 -0.474827 2.38976
      vertex -0.719923 -0.474827 2.42913
      vertex -0.730217 -0.474377 2.38976
    endloop
  endfacet
  facet normal -0.0436201 -0.999048 0
    outer loop
      vertex -0.719923 -0.474827 2.42913
      vertex -0.730217 -0.474377 2.42913
      vertex -0.730217 -0.474377 2.38976
    endloop
  endfacet
  facet normal 0.0436204 -0.999048 0
    outer loop
      vertex -0.730217 -0.474377 2.38976
      vertex -0.730217 -0.474377 2.42913
      vertex -0.740511 -0.474827 2.38976
    endloop
  endfacet
  facet normal 0.0436204 -0.999048 0
    outer loop
      vertex -0.730217 -0.474377 2.42913
      vertex -0.740511 -0.474827 2.42913
      vertex -0.740511 -0.474827 2.38976
    endloop
  endfacet
  facet normal 0.130526 -0.991445 0
    outer loop
      vertex -0.740511 -0.474827 2.38976
      vertex -0.740511 -0.474827 2.42913
      vertex -0.750727 -0.476171 2.38976
    endloop
  endfacet
  facet normal 0.130526 -0.991445 0
    outer loop
      vertex -0.740511 -0.474827 2.42913
      vertex -0.750727 -0.476171 2.42913
      vertex -0.750727 -0.476171 2.38976
    endloop
  endfacet
  facet normal 0.21644 -0.976296 0
    outer loop
      vertex -0.750727 -0.476171 2.38976
      vertex -0.750727 -0.476171 2.42913
      vertex -0.760786 -0.478402 2.38976
    endloop
  endfacet
  facet normal 0.21644 -0.976296 0
    outer loop
      vertex -0.750727 -0.476171 2.42913
      vertex -0.760786 -0.478402 2.42913
      vertex -0.760786 -0.478402 2.38976
    endloop
  endfacet
  facet normal 0.300705 -0.953717 0
    outer loop
      vertex -0.760786 -0.478402 2.38976
      vertex -0.760786 -0.478402 2.42913
      vertex -0.770613 -0.4815 2.38976
    endloop
  endfacet
  facet normal 0.300705 -0.953717 0
    outer loop
      vertex -0.760786 -0.478402 2.42913
      vertex -0.770613 -0.4815 2.42913
      vertex -0.770613 -0.4815 2.38976
    endloop
  endfacet
  facet normal 0.382684 -0.923879 0
    outer loop
      vertex -0.770613 -0.4815 2.38976
      vertex -0.770613 -0.4815 2.42913
      vertex -0.780133 -0.485443 2.38976
    endloop
  endfacet
  facet normal 0.382684 -0.923879 0
    outer loop
      vertex -0.770613 -0.4815 2.42913
      vertex -0.780133 -0.485443 2.42913
      vertex -0.780133 -0.485443 2.38976
    endloop
  endfacet
  facet normal 0.46175 -0.88701 0
    outer loop
      vertex -0.780133 -0.485443 2.38976
      vertex -0.780133 -0.485443 2.42913
      vertex -0.789272 -0.490201 2.38976
    endloop
  endfacet
  facet normal 0.46175 -0.88701 0
    outer loop
      vertex -0.780133 -0.485443 2.42913
      vertex -0.789272 -0.490201 2.42913
      vertex -0.789272 -0.490201 2.38976
    endloop
  endfacet
  facet normal 0.537298 -0.843392 0
    outer loop
      vertex -0.789272 -0.490201 2.38976
      vertex -0.789272 -0.490201 2.42913
      vertex -0.797963 -0.495737 2.38976
    endloop
  endfacet
  facet normal 0.537298 -0.843392 0
    outer loop
      vertex -0.789272 -0.490201 2.42913
      vertex -0.797963 -0.495737 2.42913
      vertex -0.797963 -0.495737 2.38976
    endloop
  endfacet
  facet normal 0.60876 -0.793354 0
    outer loop
      vertex -0.797963 -0.495737 2.38976
      vertex -0.797963 -0.495737 2.42913
      vertex -0.806137 -0.50201 2.38976
    endloop
  endfacet
  facet normal 0.60876 -0.793354 0
    outer loop
      vertex -0.797963 -0.495737 2.42913
      vertex -0.806137 -0.50201 2.42913
      vertex -0.806137 -0.50201 2.38976
    endloop
  endfacet
  facet normal 0.67559 -0.737277 0
    outer loop
      vertex -0.806137 -0.50201 2.38976
      vertex -0.806137 -0.50201 2.42913
      vertex -0.813734 -0.508971 2.38976
    endloop
  endfacet
  facet normal 0.67559 -0.737277 0
    outer loop
      vertex -0.806137 -0.50201 2.42913
      vertex -0.813734 -0.508971 2.42913
      vertex -0.813734 -0.508971 2.38976
    endloop
  endfacet
  facet normal 0.737277 -0.67559 0
    outer loop
      vertex -0.813734 -0.508971 2.38976
      vertex -0.813734 -0.508971 2.42913
      vertex -0.820695 -0.516568 2.38976
    endloop
  endfacet
  facet normal 0.737277 -0.67559 0
    outer loop
      vertex -0.813734 -0.508971 2.42913
      vertex -0.820695 -0.516568 2.42913
      vertex -0.820695 -0.516568 2.38976
    endloop
  endfacet
  facet normal 0.793356 -0.608758 0
    outer loop
      vertex -0.820695 -0.516568 2.38976
      vertex -0.820695 -0.516568 2.42913
      vertex -0.826968 -0.524742 2.38976
    endloop
  endfacet
  facet normal 0.793356 -0.608758 0
    outer loop
      vertex -0.820695 -0.516568 2.42913
      vertex -0.826968 -0.524742 2.42913
      vertex -0.826968 -0.524742 2.38976
    endloop
  endfacet
  facet normal 0.843391 -0.537301 0
    outer loop
      vertex -0.826968 -0.524742 2.38976
      vertex -0.826968 -0.524742 2.42913
      vertex -0.832504 -0.533432 2.38976
    endloop
  endfacet
  facet normal 0.843391 -0.537301 0
    outer loop
      vertex -0.826968 -0.524742 2.42913
      vertex -0.832504 -0.533432 2.42913
      vertex -0.832504 -0.533432 2.38976
    endloop
  endfacet
  facet normal 0.887012 -0.461747 0
    outer loop
      vertex -0.832504 -0.533432 2.38976
      vertex -0.832504 -0.533432 2.42913
      vertex -0.837261 -0.542572 2.38976
    endloop
  endfacet
  facet normal 0.887012 -0.461747 0
    outer loop
      vertex -0.832504 -0.533432 2.42913
      vertex -0.837261 -0.542572 2.42913
      vertex -0.837261 -0.542572 2.38976
    endloop
  endfacet
  facet normal 0.923877 -0.382689 0
    outer loop
      vertex -0.837261 -0.542572 2.38976
      vertex -0.837261 -0.542572 2.42913
      vertex -0.841205 -0.552091 2.38976
    endloop
  endfacet
  facet normal 0.923877 -0.382689 0
    outer loop
      vertex -0.837261 -0.542572 2.42913
      vertex -0.841205 -0.552091 2.42913
      vertex -0.841205 -0.552091 2.38976
    endloop
  endfacet
  facet normal 0.953718 -0.300703 0
    outer loop
      vertex -0.841205 -0.552091 2.38976
      vertex -0.841205 -0.552091 2.42913
      vertex -0.844303 -0.561918 2.38976
    endloop
  endfacet
  facet normal 0.953718 -0.300703 0
    outer loop
      vertex -0.841205 -0.552091 2.42913
      vertex -0.844303 -0.561918 2.42913
      vertex -0.844303 -0.561918 2.38976
    endloop
  endfacet
  facet normal 0.976295 -0.216443 0
    outer loop
      vertex -0.844303 -0.561918 2.38976
      vertex -0.844303 -0.561918 2.42913
      vertex -0.846533 -0.571978 2.38976
    endloop
  endfacet
  facet normal 0.976295 -0.216443 0
    outer loop
      vertex -0.844303 -0.561918 2.42913
      vertex -0.846533 -0.571978 2.42913
      vertex -0.846533 -0.571978 2.38976
    endloop
  endfacet
  facet normal 0.991446 -0.13052 0
    outer loop
      vertex -0.846533 -0.571978 2.38976
      vertex -0.846533 -0.571978 2.42913
      vertex -0.847878 -0.582193 2.38976
    endloop
  endfacet
  facet normal 0.991446 -0.13052 0
    outer loop
      vertex -0.846533 -0.571978 2.42913
      vertex -0.847878 -0.582193 2.42913
      vertex -0.847878 -0.582193 2.38976
    endloop
  endfacet
  facet normal 0.999048 -0.0436202 0
    outer loop
      vertex -0.847878 -0.582193 2.38976
      vertex -0.847878 -0.582193 2.42913
      vertex -0.848328 -0.592487 2.38976
    endloop
  endfacet
  facet normal 0.999048 -0.0436202 0
    outer loop
      vertex -0.847878 -0.582193 2.42913
      vertex -0.848328 -0.592487 2.42913
      vertex -0.848328 -0.592487 2.38976
    endloop
  endfacet
  facet normal 0.999048 0.0436204 0
    outer loop
      vertex -0.848328 -0.592487 2.38976
      vertex -0.848328 -0.592487 2.42913
      vertex -0.847878 -0.602781 2.38976
    endloop
  endfacet
  facet normal 0.999048 0.0436204 0
    outer loop
      vertex -0.848328 -0.592487 2.42913
      vertex -0.847878 -0.602781 2.42913
      vertex -0.847878 -0.602781 2.38976
    endloop
  endfacet
  facet normal 0.991446 0.130519 0
    outer loop
      vertex -0.847878 -0.602781 2.38976
      vertex -0.847878 -0.602781 2.42913
      vertex -0.846533 -0.612997 2.38976
    endloop
  endfacet
  facet normal 0.991446 0.130519 0
    outer loop
      vertex -0.847878 -0.602781 2.42913
      vertex -0.846533 -0.612997 2.42913
      vertex -0.846533 -0.612997 2.38976
    endloop
  endfacet
  facet normal 0.976295 0.216444 0
    outer loop
      vertex -0.846533 -0.612997 2.38976
      vertex -0.846533 -0.612997 2.42913
      vertex -0.844303 -0.623056 2.38976
    endloop
  endfacet
  facet normal 0.976295 0.216444 0
    outer loop
      vertex -0.846533 -0.612997 2.42913
      vertex -0.844303 -0.623056 2.42913
      vertex -0.844303 -0.623056 2.38976
    endloop
  endfacet
  facet normal 0.953718 0.300702 0
    outer loop
      vertex -0.844303 -0.623056 2.38976
      vertex -0.844303 -0.623056 2.42913
      vertex -0.841205 -0.632883 2.38976
    endloop
  endfacet
  facet normal 0.953718 0.300702 0
    outer loop
      vertex -0.844303 -0.623056 2.42913
      vertex -0.841205 -0.632883 2.42913
      vertex -0.841205 -0.632883 2.38976
    endloop
  endfacet
  facet normal 0.923877 0.38269 0
    outer loop
      vertex -0.841205 -0.632883 2.38976
      vertex -0.841205 -0.632883 2.42913
      vertex -0.837261 -0.642403 2.38976
    endloop
  endfacet
  facet normal 0.923877 0.38269 0
    outer loop
      vertex -0.841205 -0.632883 2.42913
      vertex -0.837261 -0.642403 2.42913
      vertex -0.837261 -0.642403 2.38976
    endloop
  endfacet
  facet normal 0.887012 0.461747 0
    outer loop
      vertex -0.837261 -0.642403 2.38976
      vertex -0.837261 -0.642403 2.42913
      vertex -0.832504 -0.651542 2.38976
    endloop
  endfacet
  facet normal 0.887012 0.461747 0
    outer loop
      vertex -0.837261 -0.642403 2.42913
      vertex -0.832504 -0.651542 2.42913
      vertex -0.832504 -0.651542 2.38976
    endloop
  endfacet
  facet normal 0.843391 0.537301 0
    outer loop
      vertex -0.832504 -0.651542 2.38976
      vertex -0.832504 -0.651542 2.42913
      vertex -0.826968 -0.660233 2.38976
    endloop
  endfacet
  facet normal 0.843391 0.537301 0
    outer loop
      vertex -0.832504 -0.651542 2.42913
      vertex -0.826968 -0.660233 2.42913
      vertex -0.826968 -0.660233 2.38976
    endloop
  endfacet
  facet normal 0.793358 0.608756 0
    outer loop
      vertex -0.826968 -0.660233 2.38976
      vertex -0.826968 -0.660233 2.42913
      vertex -0.820695 -0.668407 2.38976
    endloop
  endfacet
  facet normal 0.793358 0.608756 0
    outer loop
      vertex -0.826968 -0.660233 2.42913
      vertex -0.820695 -0.668407 2.42913
      vertex -0.820695 -0.668407 2.38976
    endloop
  endfacet
  facet normal 0.737276 0.675592 0
    outer loop
      vertex -0.820695 -0.668407 2.38976
      vertex -0.820695 -0.668407 2.42913
      vertex -0.813734 -0.676004 2.38976
    endloop
  endfacet
  facet normal 0.737276 0.675592 0
    outer loop
      vertex -0.820695 -0.668407 2.42913
      vertex -0.813734 -0.676004 2.42913
      vertex -0.813734 -0.676004 2.38976
    endloop
  endfacet
  facet normal 0.675592 0.737276 0
    outer loop
      vertex -0.813734 -0.676004 2.38976
      vertex -0.813734 -0.676004 2.42913
      vertex -0.806137 -0.682965 2.38976
    endloop
  endfacet
  facet normal 0.675592 0.737276 0
    outer loop
      vertex -0.813734 -0.676004 2.42913
      vertex -0.806137 -0.682965 2.42913
      vertex -0.806137 -0.682965 2.38976
    endloop
  endfacet
  facet normal 0.60876 0.793354 0
    outer loop
      vertex -0.806137 -0.682965 2.38976
      vertex -0.806137 -0.682965 2.42913
      vertex -0.797963 -0.689238 2.38976
    endloop
  endfacet
  facet normal 0.60876 0.793354 0
    outer loop
      vertex -0.806137 -0.682965 2.42913
      vertex -0.797963 -0.689238 2.42913
      vertex -0.797963 -0.689238 2.38976
    endloop
  endfacet
  facet normal 0.537296 0.843394 0
    outer loop
      vertex -0.797963 -0.689238 2.38976
      vertex -0.797963 -0.689238 2.42913
      vertex -0.789272 -0.694774 2.38976
    endloop
  endfacet
  facet normal 0.537296 0.843394 0
    outer loop
      vertex -0.797963 -0.689238 2.42913
      vertex -0.789272 -0.694774 2.42913
      vertex -0.789272 -0.694774 2.38976
    endloop
  endfacet
  facet normal 0.461752 0.887009 0
    outer loop
      vertex -0.789272 -0.694774 2.38976
      vertex -0.789272 -0.694774 2.42913
      vertex -0.780133 -0.699532 2.38976
    endloop
  endfacet
  facet normal 0.461752 0.887009 0
    outer loop
      vertex -0.789272 -0.694774 2.42913
      vertex -0.780133 -0.699532 2.42913
      vertex -0.780133 -0.699532 2.38976
    endloop
  endfacet
  facet normal 0.382684 0.923879 0
    outer loop
      vertex -0.780133 -0.699532 2.38976
      vertex -0.780133 -0.699532 2.42913
      vertex -0.770613 -0.703475 2.38976
    endloop
  endfacet
  facet normal 0.382684 0.923879 0
    outer loop
      vertex -0.780133 -0.699532 2.42913
      vertex -0.770613 -0.703475 2.42913
      vertex -0.770613 -0.703475 2.38976
    endloop
  endfacet
  facet normal 0.300702 0.953718 0
    outer loop
      vertex -0.770613 -0.703475 2.38976
      vertex -0.770613 -0.703475 2.42913
      vertex -0.760786 -0.706573 2.38976
    endloop
  endfacet
  facet normal 0.300702 0.953718 0
    outer loop
      vertex -0.770613 -0.703475 2.42913
      vertex -0.760786 -0.706573 2.42913
      vertex -0.760786 -0.706573 2.38976
    endloop
  endfacet
  facet normal 0.216444 0.976295 0
    outer loop
      vertex -0.760786 -0.706573 2.38976
      vertex -0.760786 -0.706573 2.42913
      vertex -0.750727 -0.708803 2.38976
    endloop
  endfacet
  facet normal 0.216444 0.976295 0
    outer loop
      vertex -0.760786 -0.706573 2.42913
      vertex -0.750727 -0.708803 2.42913
      vertex -0.750727 -0.708803 2.38976
    endloop
  endfacet
  facet normal 0.130526 0.991445 0
    outer loop
      vertex -0.750727 -0.708803 2.38976
      vertex -0.750727 -0.708803 2.42913
      vertex -0.740511 -0.710148 2.38976
    endloop
  endfacet
  facet normal 0.130526 0.991445 0
    outer loop
      vertex -0.750727 -0.708803 2.42913
      vertex -0.740511 -0.710148 2.42913
      vertex -0.740511 -0.710148 2.38976
    endloop
  endfacet
  facet normal 0.0436204 0.999048 0
    outer loop
      vertex -0.740511 -0.710148 2.38976
      vertex -0.740511 -0.710148 2.42913
      vertex -0.730217 -0.710598 2.38976
    endloop
  endfacet
  facet normal 0.0436204 0.999048 0
    outer loop
      vertex -0.740511 -0.710148 2.42913
      vertex -0.730217 -0.710598 2.42913
      vertex -0.730217 -0.710598 2.38976
    endloop
  endfacet
  facet normal -0.0436201 0.999048 0
    outer loop
      vertex -0.730217 -0.710598 2.38976
      vertex -0.730217 -0.710598 2.42913
      vertex -0.719923 -0.710148 2.38976
    endloop
  endfacet
  facet normal -0.0436201 0.999048 0
    outer loop
      vertex -0.730217 -0.710598 2.42913
      vertex -0.719923 -0.710148 2.42913
      vertex -0.719923 -0.710148 2.38976
    endloop
  endfacet
  facet normal -0.130527 0.991445 0
    outer loop
      vertex -0.719923 -0.710148 2.38976
      vertex -0.719923 -0.710148 2.42913
      vertex -0.709708 -0.708803 2.38976
    endloop
  endfacet
  facet normal -0.130527 0.991445 0
    outer loop
      vertex -0.719923 -0.710148 2.42913
      vertex -0.709708 -0.708803 2.42913
      vertex -0.709708 -0.708803 2.38976
    endloop
  endfacet
  facet normal -0.216442 0.976295 0
    outer loop
      vertex -0.709708 -0.708803 2.38976
      vertex -0.709708 -0.708803 2.42913
      vertex -0.699648 -0.706573 2.38976
    endloop
  endfacet
  facet normal -0.216442 0.976295 0
    outer loop
      vertex -0.709708 -0.708803 2.42913
      vertex -0.699648 -0.706573 2.42913
      vertex -0.699648 -0.706573 2.38976
    endloop
  endfacet
  facet normal -0.300704 0.953718 0
    outer loop
      vertex -0.699648 -0.706573 2.38976
      vertex -0.699648 -0.706573 2.42913
      vertex -0.689821 -0.703475 2.38976
    endloop
  endfacet
  facet normal -0.300704 0.953718 0
    outer loop
      vertex -0.699648 -0.706573 2.42913
      vertex -0.689821 -0.703475 2.42913
      vertex -0.689821 -0.703475 2.38976
    endloop
  endfacet
  facet normal -0.382682 0.92388 0
    outer loop
      vertex -0.689821 -0.703475 2.38976
      vertex -0.689821 -0.703475 2.42913
      vertex -0.680302 -0.699532 2.38976
    endloop
  endfacet
  facet normal -0.382682 0.92388 0
    outer loop
      vertex -0.689821 -0.703475 2.42913
      vertex -0.680302 -0.699532 2.42913
      vertex -0.680302 -0.699532 2.38976
    endloop
  endfacet
  facet normal -0.461752 0.887009 0
    outer loop
      vertex -0.680302 -0.699532 2.38976
      vertex -0.680302 -0.699532 2.42913
      vertex -0.671162 -0.694774 2.38976
    endloop
  endfacet
  facet normal -0.461752 0.887009 0
    outer loop
      vertex -0.680302 -0.699532 2.42913
      vertex -0.671162 -0.694774 2.42913
      vertex -0.671162 -0.694774 2.38976
    endloop
  endfacet
  facet normal -0.537296 0.843394 0
    outer loop
      vertex -0.671162 -0.694774 2.38976
      vertex -0.671162 -0.694774 2.42913
      vertex -0.662472 -0.689238 2.38976
    endloop
  endfacet
  facet normal -0.537296 0.843394 0
    outer loop
      vertex -0.671162 -0.694774 2.42913
      vertex -0.662472 -0.689238 2.42913
      vertex -0.662472 -0.689238 2.38976
    endloop
  endfacet
  facet normal -0.608764 0.793352 0
    outer loop
      vertex -0.662472 -0.689238 2.38976
      vertex -0.662472 -0.689238 2.42913
      vertex -0.654298 -0.682965 2.38976
    endloop
  endfacet
  facet normal -0.608764 0.793352 0
    outer loop
      vertex -0.662472 -0.689238 2.42913
      vertex -0.654298 -0.682965 2.42913
      vertex -0.654298 -0.682965 2.38976
    endloop
  endfacet
  facet normal -0.675589 0.737279 0
    outer loop
      vertex -0.654298 -0.682965 2.38976
      vertex -0.654298 -0.682965 2.42913
      vertex -0.646701 -0.676004 2.38976
    endloop
  endfacet
  facet normal -0.675589 0.737279 0
    outer loop
      vertex -0.654298 -0.682965 2.42913
      vertex -0.646701 -0.676004 2.42913
      vertex -0.646701 -0.676004 2.38976
    endloop
  endfacet
  facet normal -0.737279 0.675588 0
    outer loop
      vertex -0.646701 -0.676004 2.38976
      vertex -0.646701 -0.676004 2.42913
      vertex -0.63974 -0.668407 2.38976
    endloop
  endfacet
  facet normal -0.737279 0.675588 0
    outer loop
      vertex -0.646701 -0.676004 2.42913
      vertex -0.63974 -0.668407 2.42913
      vertex -0.63974 -0.668407 2.38976
    endloop
  endfacet
  facet normal -0.793354 0.60876 0
    outer loop
      vertex -0.63974 -0.668407 2.38976
      vertex -0.63974 -0.668407 2.42913
      vertex -0.633467 -0.660233 2.38976
    endloop
  endfacet
  facet normal -0.793354 0.60876 0
    outer loop
      vertex -0.63974 -0.668407 2.42913
      vertex -0.633467 -0.660233 2.42913
      vertex -0.633467 -0.660233 2.38976
    endloop
  endfacet
  facet normal -0.843391 0.537301 0
    outer loop
      vertex -0.633467 -0.660233 2.38976
      vertex -0.633467 -0.660233 2.42913
      vertex -0.627931 -0.651542 2.38976
    endloop
  endfacet
  facet normal -0.843391 0.537301 0
    outer loop
      vertex -0.633467 -0.660233 2.42913
      vertex -0.627931 -0.651542 2.42913
      vertex -0.627931 -0.651542 2.38976
    endloop
  endfacet
  facet normal -0.887012 0.461747 0
    outer loop
      vertex -0.627931 -0.651542 2.38976
      vertex -0.627931 -0.651542 2.42913
      vertex -0.623173 -0.642403 2.38976
    endloop
  endfacet
  facet normal -0.887012 0.461747 0
    outer loop
      vertex -0.627931 -0.651542 2.42913
      vertex -0.623173 -0.642403 2.42913
      vertex -0.623173 -0.642403 2.38976
    endloop
  endfacet
  facet normal -0.923879 0.382684 0
    outer loop
      vertex -0.623173 -0.642403 2.38976
      vertex -0.623173 -0.642403 2.42913
      vertex -0.61923 -0.632883 2.38976
    endloop
  endfacet
  facet normal -0.923879 0.382684 0
    outer loop
      vertex -0.623173 -0.642403 2.42913
      vertex -0.61923 -0.632883 2.42913
      vertex -0.61923 -0.632883 2.38976
    endloop
  endfacet
  facet normal -0.953716 0.300708 0
    outer loop
      vertex -0.61923 -0.632883 2.38976
      vertex -0.61923 -0.632883 2.42913
      vertex -0.616132 -0.623056 2.38976
    endloop
  endfacet
  facet normal -0.953716 0.300708 0
    outer loop
      vertex -0.61923 -0.632883 2.42913
      vertex -0.616132 -0.623056 2.42913
      vertex -0.616132 -0.623056 2.38976
    endloop
  endfacet
  facet normal -0.976296 0.21644 0
    outer loop
      vertex -0.616132 -0.623056 2.38976
      vertex -0.616132 -0.623056 2.42913
      vertex -0.613901 -0.612997 2.38976
    endloop
  endfacet
  facet normal -0.976296 0.21644 0
    outer loop
      vertex -0.616132 -0.623056 2.42913
      vertex -0.613901 -0.612997 2.42913
      vertex -0.613901 -0.612997 2.38976
    endloop
  endfacet
  facet normal -0.991445 0.130523 0
    outer loop
      vertex -0.613901 -0.612997 2.38976
      vertex -0.613901 -0.612997 2.42913
      vertex -0.612557 -0.602781 2.38976
    endloop
  endfacet
  facet normal -0.991445 0.130523 0
    outer loop
      vertex -0.613901 -0.612997 2.42913
      vertex -0.612557 -0.602781 2.42913
      vertex -0.612557 -0.602781 2.38976
    endloop
  endfacet
  facet normal -0.999048 0.0436204 0
    outer loop
      vertex -0.612557 -0.602781 2.38976
      vertex -0.612557 -0.602781 2.42913
      vertex -0.612107 -0.592487 2.38976
    endloop
  endfacet
  facet normal -0.999048 0.0436204 0
    outer loop
      vertex -0.612557 -0.602781 2.42913
      vertex -0.612107 -0.592487 2.42913
      vertex -0.612107 -0.592487 2.38976
    endloop
  endfacet
  facet normal 0 0 -1
    outer loop
      vertex -1.59236 -1.91316 2.38976
      vertex -0.89342 -0.702556 2.38976
      vertex -0.743938 -0.788859 2.38976
    endloop
  endfacet
  facet normal 0 0 -1
    outer loop
      vertex -0.743938 -0.788859 2.38976
      vertex -1.44288 -1.99946 2.38976
      vertex -1.59236 -1.91316 2.38976
    endloop
  endfacet
  facet normal 0 0 -1
    outer loop
      vertex -1.44288 -1.99946 2.38976
      vertex -1.44692 -2.00581 2.38976
      vertex -1.59236 -1.91316 2.38976
    endloop
  endfacet
  facet normal 0 0 -1
    outer loop
      vertex -1.59236 -1.91316 2.38976
      vertex -1.44692 -2.00581 2.38976
      vertex -1.59584 -1.91983 2.38976
    endloop
  endfacet
  facet normal 0 0 -1
    outer loop
      vertex 0.00842546 -0.0372246 2.38976
      vertex 0.0242678 -0.0570726 2.38976
      vertex -0.633467 -0.524742 2.38976
    endloop
  endfacet
  facet normal 0 0 -1
    outer loop
      vertex -0.813734 -0.676004 2.38976
      vertex -0.806137 -0.682965 2.38976
      vertex -0.743938 -0.788859 2.38976
    endloop
  endfacet
  facet normal 0 0 -1
    outer loop
      vertex -0.806137 -0.682965 2.38976
      vertex -0.797963 -0.689238 2.38976
      vertex -0.743938 -0.788859 2.38976
    endloop
  endfacet
  facet normal 0 0 -1
    outer loop
      vertex -0.743938 -0.788859 2.38976
      vertex -0.797963 -0.689238 2.38976
      vertex -0.789272 -0.694774 2.38976
    endloop
  endfacet
  facet normal 0 0 -1
    outer loop
      vertex -0.646701 -0.676004 2.38976
      vertex -0.63974 -0.668407 2.38976
      vertex -0.575717 -0.71447 2.38976
    endloop
  endfacet
  facet normal 0 0 -1
    outer loop
      vertex -0.54667 -0.674558 2.38976
      vertex -0.566352 -0.701566 2.38976
      vertex -0.627931 -0.651542 2.38976
    endloop
  endfacet
  facet normal 0 0 -1
    outer loop
      vertex -0.789272 -0.694774 2.38976
      vertex -0.780133 -0.699532 2.38976
      vertex -0.743938 -0.788859 2.38976
    endloop
  endfacet
  facet normal 0 0 -1
    outer loop
      vertex -0.780133 -0.699532 2.38976
      vertex -0.770613 -0.703475 2.38976
      vertex -0.743938 -0.788859 2.38976
    endloop
  endfacet
  facet normal 0 0 -1
    outer loop
      vertex -0.743938 -0.788859 2.38976
      vertex -0.770613 -0.703475 2.38976
      vertex -0.760786 -0.706573 2.38976
    endloop
  endfacet
  facet normal 0 0 -1
    outer loop
      vertex -0.575717 -0.71447 2.38976
      vertex -0.63974 -0.668407 2.38976
      vertex -0.566352 -0.701566 2.38976
    endloop
  endfacet
  facet normal 0 0 -1
    outer loop
      vertex -0.63974 -0.668407 2.38976
      vertex -0.633467 -0.660233 2.38976
      vertex -0.566352 -0.701566 2.38976
    endloop
  endfacet
  facet normal 0 0 -1
    outer loop
      vertex -0.566352 -0.701566 2.38976
      vertex -0.633467 -0.660233 2.38976
      vertex -0.627931 -0.651542 2.38976
    endloop
  endfacet
  facet normal 0 0 -1
    outer loop
      vertex 0.00842546 -0.0372246 2.38976
      vertex -0.633467 -0.524742 2.38976
      vertex -0.00906377 -0.0188112 2.38976
    endloop
  endfacet
  facet normal 0 0 -1
    outer loop
      vertex -0.633467 -0.524742 2.38976
      vertex -0.63974 -0.516568 2.38976
      vertex -0.00906377 -0.0188112 2.38976
    endloop
  endfacet
  facet normal 0 0 -1
    outer loop
      vertex -0.00906377 -0.0188112 2.38976
      vertex -0.63974 -0.516568 2.38976
      vertex -0.0280705 -0.00196865 2.38976
    endloop
  endfacet
  facet normal 0 0 -1
    outer loop
      vertex -0.715925 -0.375982 2.38976
      vertex -0.682429 -0.357644 2.38976
      vertex -0.709708 -0.476171 2.38976
    endloop
  endfacet
  facet normal 0 0 -1
    outer loop
      vertex -0.575717 -0.71447 2.38976
      vertex -0.586096 -0.726574 2.38976
      vertex -0.646701 -0.676004 2.38976
    endloop
  endfacet
  facet normal 0 0 -1
    outer loop
      vertex -0.586096 -0.726574 2.38976
      vertex -0.59742 -0.737798 2.38976
      vertex -0.646701 -0.676004 2.38976
    endloop
  endfacet
  facet normal 0 0 -1
    outer loop
      vertex -0.646701 -0.676004 2.38976
      vertex -0.59742 -0.737798 2.38976
      vertex -0.654298 -0.682965 2.38976
    endloop
  endfacet
  facet normal 0 0 -1
    outer loop
      vertex -0.59742 -0.737798 2.38976
      vertex -0.609616 -0.748068 2.38976
      vertex -0.654298 -0.682965 2.38976
    endloop
  endfacet
  facet normal 0 0 -1
    outer loop
      vertex -0.654298 -0.682965 2.38976
      vertex -0.609616 -0.748068 2.38976
      vertex -0.662472 -0.689238 2.38976
    endloop
  endfacet
  facet normal 0 0 -1
    outer loop
      vertex -0.609616 -0.748068 2.38976
      vertex -0.622603 -0.757318 2.38976
      vertex -0.662472 -0.689238 2.38976
    endloop
  endfacet
  facet normal 0 0 -1
    outer loop
      vertex -0.662472 -0.689238 2.38976
      vertex -0.622603 -0.757318 2.38976
      vertex -0.671162 -0.694774 2.38976
    endloop
  endfacet
  facet normal 0 0 -1
    outer loop
      vertex -0.622603 -0.757318 2.38976
      vertex -0.636296 -0.765487 2.38976
      vertex -0.671162 -0.694774 2.38976
    endloop
  endfacet
  facet normal 0 0 -1
    outer loop
      vertex -0.671162 -0.694774 2.38976
      vertex -0.636296 -0.765487 2.38976
      vertex -0.680302 -0.699532 2.38976
    endloop
  endfacet
  facet normal 0 0 -1
    outer loop
      vertex -0.636296 -0.765487 2.38976
      vertex -0.650605 -0.77252 2.38976
      vertex -0.680302 -0.699532 2.38976
    endloop
  endfacet
  facet normal 0 0 -1
    outer loop
      vertex -0.680302 -0.699532 2.38976
      vertex -0.650605 -0.77252 2.38976
      vertex -0.689821 -0.703475 2.38976
    endloop
  endfacet
  facet normal 0 0 -1
    outer loop
      vertex -0.650605 -0.77252 2.38976
      vertex -0.665436 -0.778373 2.38976
      vertex -0.689821 -0.703475 2.38976
    endloop
  endfacet
  facet normal 0 0 -1
    outer loop
      vertex -0.689821 -0.703475 2.38976
      vertex -0.665436 -0.778373 2.38976
      vertex -0.699648 -0.706573 2.38976
    endloop
  endfacet
  facet normal 0 0 -1
    outer loop
      vertex -0.665436 -0.778373 2.38976
      vertex -0.680692 -0.783006 2.38976
      vertex -0.699648 -0.706573 2.38976
    endloop
  endfacet
  facet normal 0 0 -1
    outer loop
      vertex -0.699648 -0.706573 2.38976
      vertex -0.680692 -0.783006 2.38976
      vertex -0.709708 -0.708803 2.38976
    endloop
  endfacet
  facet normal 0 0 -1
    outer loop
      vertex -0.680692 -0.783006 2.38976
      vertex -0.696274 -0.786389 2.38976
      vertex -0.709708 -0.708803 2.38976
    endloop
  endfacet
  facet normal 0 0 -1
    outer loop
      vertex -0.709708 -0.708803 2.38976
      vertex -0.696274 -0.786389 2.38976
      vertex -0.719923 -0.710148 2.38976
    endloop
  endfacet
  facet normal 0 0 -1
    outer loop
      vertex -0.696274 -0.786389 2.38976
      vertex -0.712078 -0.7885 2.38976
      vertex -0.719923 -0.710148 2.38976
    endloop
  endfacet
  facet normal 0 0 -1
    outer loop
      vertex -0.719923 -0.710148 2.38976
      vertex -0.712078 -0.7885 2.38976
      vertex -0.730217 -0.710598 2.38976
    endloop
  endfacet
  facet normal 0 0 -1
    outer loop
      vertex -0.712078 -0.7885 2.38976
      vertex -0.728001 -0.789325 2.38976
      vertex -0.730217 -0.710598 2.38976
    endloop
  endfacet
  facet normal 0 0 -1
    outer loop
      vertex -0.730217 -0.710598 2.38976
      vertex -0.728001 -0.789325 2.38976
      vertex -0.740511 -0.710148 2.38976
    endloop
  endfacet
  facet normal 0 0 -1
    outer loop
      vertex -0.728001 -0.789325 2.38976
      vertex -0.743938 -0.788859 2.38976
      vertex -0.740511 -0.710148 2.38976
    endloop
  endfacet
  facet normal 0 0 -1
    outer loop
      vertex -0.740511 -0.710148 2.38976
      vertex -0.743938 -0.788859 2.38976
      vertex -0.750727 -0.708803 2.38976
    endloop
  endfacet
  facet normal 0 0 -1
    outer loop
      vertex -0.743938 -0.788859 2.38976
      vertex -0.760786 -0.706573 2.38976
      vertex -0.750727 -0.708803 2.38976
    endloop
  endfacet
  facet normal 0 0 -1
    outer loop
      vertex 0.0242678 -0.0570726 2.38976
      vertex 0.0383461 -0.0782086 2.38976
      vertex -0.633467 -0.524742 2.38976
    endloop
  endfacet
  facet normal 0 0 -1
    outer loop
      vertex 0.0383461 -0.0782086 2.38976
      vertex 0.0505562 -0.100476 2.38976
      vertex -0.633467 -0.524742 2.38976
    endloop
  endfacet
  facet normal 0 0 -1
    outer loop
      vertex -0.633467 -0.524742 2.38976
      vertex 0.0505562 -0.100476 2.38976
      vertex -0.627931 -0.533432 2.38976
    endloop
  endfacet
  facet normal 0 0 -1
    outer loop
      vertex 0.0505562 -0.100476 2.38976
      vertex 0.0608078 -0.12371 2.38976
      vertex -0.627931 -0.533432 2.38976
    endloop
  endfacet
  facet normal 0 0 -1
    outer loop
      vertex -0.627931 -0.533432 2.38976
      vertex 0.0608078 -0.12371 2.38976
      vertex 0.069025 -0.14774 2.38976
    endloop
  endfacet
  facet normal 0 0 -1
    outer loop
      vertex -0.646701 -0.508971 2.38976
      vertex -0.070064 0.0265179 2.38976
      vertex -0.63974 -0.516568 2.38976
    endloop
  endfacet
  facet normal 0 0 -1
    outer loop
      vertex -0.070064 0.0265179 2.38976
      vertex -0.0484542 0.0131784 2.38976
      vertex -0.63974 -0.516568 2.38976
    endloop
  endfacet
  facet normal 0 0 -1
    outer loop
      vertex -0.63974 -0.516568 2.38976
      vertex -0.0484542 0.0131784 2.38976
      vertex -0.0280705 -0.00196865 2.38976
    endloop
  endfacet
  facet normal 0 0 -1
    outer loop
      vertex -0.662472 -0.495737 2.38976
      vertex -0.339006 0.0364309 2.38976
      vertex -0.315549 0.0461638 2.38976
    endloop
  endfacet
  facet normal 0 0 -1
    outer loop
      vertex -1.45151 -2.01178 2.38976
      vertex -1.59236 -1.99946 2.38976
      vertex -1.44692 -2.00581 2.38976
    endloop
  endfacet
  facet normal 0 0 -1
    outer loop
      vertex -1.59236 -1.99946 2.38976
      vertex -1.59584 -1.99278 2.38976
      vertex -1.44692 -2.00581 2.38976
    endloop
  endfacet
  facet normal 0 0 -1
    outer loop
      vertex -1.44692 -2.00581 2.38976
      vertex -1.59584 -1.99278 2.38976
      vertex -1.59872 -1.98582 2.38976
    endloop
  endfacet
  facet normal 0 0 -1
    outer loop
      vertex -1.45151 -2.01178 2.38976
      vertex -1.45659 -2.01733 2.38976
      vertex -1.59236 -1.99946 2.38976
    endloop
  endfacet
  facet normal 0 0 -1
    outer loop
      vertex -1.45659 -2.01733 2.38976
      vertex -1.46214 -2.02242 2.38976
      vertex -1.59236 -1.99946 2.38976
    endloop
  endfacet
  facet normal 0 0 -1
    outer loop
      vertex -1.59236 -1.99946 2.38976
      vertex -1.46214 -2.02242 2.38976
      vertex -1.46812 -2.027 2.38976
    endloop
  endfacet
  facet normal 0 0 -1
    outer loop
      vertex -1.46812 -2.027 2.38976
      vertex -1.47447 -2.03105 2.38976
      vertex -1.59236 -1.99946 2.38976
    endloop
  endfacet
  facet normal 0 0 -1
    outer loop
      vertex -1.47447 -2.03105 2.38976
      vertex -1.48115 -2.03452 2.38976
      vertex -1.59236 -1.99946 2.38976
    endloop
  endfacet
  facet normal 0 0 -1
    outer loop
      vertex -1.59236 -1.99946 2.38976
      vertex -1.48115 -2.03452 2.38976
      vertex -1.4881 -2.03741 2.38976
    endloop
  endfacet
  facet normal 0 0 -1
    outer loop
      vertex -1.5101 -2.04228 2.38976
      vertex -1.51762 -2.04261 2.38976
      vertex -1.59236 -1.99946 2.38976
    endloop
  endfacet
  facet normal 0 0 -1
    outer loop
      vertex -1.51762 -2.04261 2.38976
      vertex -1.52514 -2.04228 2.38976
      vertex -1.59236 -1.99946 2.38976
    endloop
  endfacet
  facet normal 0 0 -1
    outer loop
      vertex -1.59236 -1.99946 2.38976
      vertex -1.52514 -2.04228 2.38976
      vertex -1.53261 -2.0413 2.38976
    endloop
  endfacet
  facet normal 0 0 -1
    outer loop
      vertex -1.59872 -1.98582 2.38976
      vertex -1.60098 -1.97864 2.38976
      vertex -1.44692 -2.00581 2.38976
    endloop
  endfacet
  facet normal 0 0 -1
    outer loop
      vertex -1.60098 -1.97864 2.38976
      vertex -1.60261 -1.97129 2.38976
      vertex -1.44692 -2.00581 2.38976
    endloop
  endfacet
  facet normal 0 0 -1
    outer loop
      vertex -1.44692 -2.00581 2.38976
      vertex -1.60261 -1.97129 2.38976
      vertex -1.60359 -1.96383 2.38976
    endloop
  endfacet
  facet normal 0 0 -1
    outer loop
      vertex -1.60359 -1.96383 2.38976
      vertex -1.60392 -1.95631 2.38976
      vertex -1.44692 -2.00581 2.38976
    endloop
  endfacet
  facet normal 0 0 -1
    outer loop
      vertex -1.60392 -1.95631 2.38976
      vertex -1.60359 -1.94879 2.38976
      vertex -1.44692 -2.00581 2.38976
    endloop
  endfacet
  facet normal 0 0 -1
    outer loop
      vertex -1.44692 -2.00581 2.38976
      vertex -1.60359 -1.94879 2.38976
      vertex -1.60261 -1.94132 2.38976
    endloop
  endfacet
  facet normal 0 0 -1
    outer loop
      vertex 0.0809406 -0.222798 2.38976
      vertex -0.623173 -0.542572 2.38976
      vertex 0.0791288 -0.197467 2.38976
    endloop
  endfacet
  facet normal 0 0 -1
    outer loop
      vertex -0.623173 -0.542572 2.38976
      vertex -0.627931 -0.533432 2.38976
      vertex 0.0791288 -0.197467 2.38976
    endloop
  endfacet
  facet normal 0 0 -1
    outer loop
      vertex 0.0791288 -0.197467 2.38976
      vertex -0.627931 -0.533432 2.38976
      vertex 0.0751471 -0.172386 2.38976
    endloop
  endfacet
  facet normal 0 0 -1
    outer loop
      vertex -0.627931 -0.533432 2.38976
      vertex 0.069025 -0.14774 2.38976
      vertex 0.0751471 -0.172386 2.38976
    endloop
  endfacet
  facet normal 0 0 -1
    outer loop
      vertex -0.140614 0.0547758 2.38976
      vertex -0.116315 0.0473939 2.38976
      vertex -0.646701 -0.508971 2.38976
    endloop
  endfacet
  facet normal 0 0 -1
    outer loop
      vertex -0.116315 0.0473939 2.38976
      vertex -0.0927401 0.0379513 2.38976
      vertex -0.646701 -0.508971 2.38976
    endloop
  endfacet
  facet normal 0 0 -1
    outer loop
      vertex -0.646701 -0.508971 2.38976
      vertex -0.0927401 0.0379513 2.38976
      vertex -0.070064 0.0265179 2.38976
    endloop
  endfacet
  facet normal 0 0 -1
    outer loop
      vertex -0.315549 0.0461638 2.38976
      vertex -0.291344 0.0538453 2.38976
      vertex -0.662472 -0.495737 2.38976
    endloop
  endfacet
  facet normal 0 0 -1
    outer loop
      vertex -0.291344 0.0538453 2.38976
      vertex -0.266567 0.0594184 2.38976
      vertex -0.662472 -0.495737 2.38976
    endloop
  endfacet
  facet normal 0 0 -1
    outer loop
      vertex -0.662472 -0.495737 2.38976
      vertex -0.266567 0.0594184 2.38976
      vertex -0.654298 -0.50201 2.38976
    endloop
  endfacet
  facet normal 0 0 -1
    outer loop
      vertex -0.266567 0.0594184 2.38976
      vertex -0.241404 0.0628419 2.38976
      vertex -0.654298 -0.50201 2.38976
    endloop
  endfacet
  facet normal 0 0 -1
    outer loop
      vertex -1.53261 -2.0413 2.38976
      vertex -1.53996 -2.03967 2.38976
      vertex -1.59236 -1.99946 2.38976
    endloop
  endfacet
  facet normal 0 0 -1
    outer loop
      vertex -1.53996 -2.03967 2.38976
      vertex -1.54714 -2.03741 2.38976
      vertex -1.59236 -1.99946 2.38976
    endloop
  endfacet
  facet normal 0 0 -1
    outer loop
      vertex -1.59236 -1.99946 2.38976
      vertex -1.54714 -2.03741 2.38976
      vertex -1.58831 -2.00581 2.38976
    endloop
  endfacet
  facet normal 0 0 -1
    outer loop
      vertex -1.60261 -1.94132 2.38976
      vertex -1.60098 -1.93397 2.38976
      vertex -1.44692 -2.00581 2.38976
    endloop
  endfacet
  facet normal 0 0 -1
    outer loop
      vertex -1.60098 -1.93397 2.38976
      vertex -1.59872 -1.92679 2.38976
      vertex -1.44692 -2.00581 2.38976
    endloop
  endfacet
  facet normal 0 0 -1
    outer loop
      vertex -1.44692 -2.00581 2.38976
      vertex -1.59872 -1.92679 2.38976
      vertex -1.59584 -1.91983 2.38976
    endloop
  endfacet
  facet normal 0 0 -1
    outer loop
      vertex -0.241404 0.0628419 2.38976
      vertex -0.216039 0.0640906 2.38976
      vertex -0.654298 -0.50201 2.38976
    endloop
  endfacet
  facet normal 0 0 -1
    outer loop
      vertex -0.216039 0.0640906 2.38976
      vertex -0.190661 0.0631552 2.38976
      vertex -0.654298 -0.50201 2.38976
    endloop
  endfacet
  facet normal 0 0 -1
    outer loop
      vertex -0.654298 -0.50201 2.38976
      vertex -0.190661 0.0631552 2.38976
      vertex -0.646701 -0.508971 2.38976
    endloop
  endfacet
  facet normal 0 0 -1
    outer loop
      vertex -0.190661 0.0631552 2.38976
      vertex -0.165457 0.0600426 2.38976
      vertex -0.646701 -0.508971 2.38976
    endloop
  endfacet
  facet normal 0 0 -1
    outer loop
      vertex -0.646701 -0.508971 2.38976
      vertex -0.165457 0.0600426 2.38976
      vertex -0.140614 0.0547758 2.38976
    endloop
  endfacet
  facet normal 0 0 -1
    outer loop
      vertex -0.709708 -0.476171 2.38976
      vertex -0.682429 -0.357644 2.38976
      vertex -0.699648 -0.478402 2.38976
    endloop
  endfacet
  facet normal 0 0 -1
    outer loop
      vertex -0.682429 -0.357644 2.38976
      vertex -0.650579 -0.336577 2.38976
      vertex -0.699648 -0.478402 2.38976
    endloop
  endfacet
  facet normal 0 0 -1
    outer loop
      vertex -0.699648 -0.478402 2.38976
      vertex -0.650579 -0.336577 2.38976
      vertex -0.689821 -0.4815 2.38976
    endloop
  endfacet
  facet normal 0 0 -1
    outer loop
      vertex -0.650579 -0.336577 2.38976
      vertex -0.620597 -0.312926 2.38976
      vertex -0.689821 -0.4815 2.38976
    endloop
  endfacet
  facet normal 0 0 -1
    outer loop
      vertex -0.689821 -0.4815 2.38976
      vertex -0.620597 -0.312926 2.38976
      vertex -0.680302 -0.485443 2.38976
    endloop
  endfacet
  facet normal 0 0 -1
    outer loop
      vertex -0.620597 -0.312926 2.38976
      vertex -0.592691 -0.286857 2.38976
      vertex -0.680302 -0.485443 2.38976
    endloop
  endfacet
  facet normal 0 0 -1
    outer loop
      vertex -0.680302 -0.485443 2.38976
      vertex -0.592691 -0.286857 2.38976
      vertex -0.671162 -0.490201 2.38976
    endloop
  endfacet
  facet normal 0 0 -1
    outer loop
      vertex -0.592691 -0.286857 2.38976
      vertex -0.567058 -0.258552 2.38976
      vertex -0.671162 -0.490201 2.38976
    endloop
  endfacet
  facet normal 0 0 -1
    outer loop
      vertex -0.671162 -0.490201 2.38976
      vertex -0.567058 -0.258552 2.38976
      vertex -0.543874 -0.228207 2.38976
    endloop
  endfacet
  facet normal 0 0 -1
    outer loop
      vertex -0.709708 -0.476171 2.38976
      vertex -0.719923 -0.474827 2.38976
      vertex -0.715925 -0.375982 2.38976
    endloop
  endfacet
  facet normal 0 0 -1
    outer loop
      vertex -0.719923 -0.474827 2.38976
      vertex -0.730217 -0.474377 2.38976
      vertex -0.715925 -0.375982 2.38976
    endloop
  endfacet
  facet normal 0 0 -1
    outer loop
      vertex -0.715925 -0.375982 2.38976
      vertex -0.730217 -0.474377 2.38976
      vertex -0.750834 -0.391463 2.38976
    endloop
  endfacet
  facet normal 0 0 -1
    outer loop
      vertex -1.4881 -2.03741 2.38976
      vertex -1.49528 -2.03967 2.38976
      vertex -1.59236 -1.99946 2.38976
    endloop
  endfacet
  facet normal 0 0 -1
    outer loop
      vertex -1.49528 -2.03967 2.38976
      vertex -1.50263 -2.0413 2.38976
      vertex -1.59236 -1.99946 2.38976
    endloop
  endfacet
  facet normal 0 0 -1
    outer loop
      vertex -1.59236 -1.99946 2.38976
      vertex -1.50263 -2.0413 2.38976
      vertex -1.5101 -2.04228 2.38976
    endloop
  endfacet
  facet normal 0 0 -1
    outer loop
      vertex -1.58831 -2.00581 2.38976
      vertex -1.54714 -2.03741 2.38976
      vertex -1.58373 -2.01178 2.38976
    endloop
  endfacet
  facet normal 0 0 -1
    outer loop
      vertex -1.54714 -2.03741 2.38976
      vertex -1.55409 -2.03452 2.38976
      vertex -1.58373 -2.01178 2.38976
    endloop
  endfacet
  facet normal 0 0 -1
    outer loop
      vertex -1.58373 -2.01178 2.38976
      vertex -1.55409 -2.03452 2.38976
      vertex -1.56077 -2.03105 2.38976
    endloop
  endfacet
  facet normal 0 0 -1
    outer loop
      vertex -0.0776636 -0.492983 2.38976
      vertex -0.100664 -0.503748 2.38976
      vertex -0.19928 -0.526077 2.38976
    endloop
  endfacet
  facet normal 0 0 -1
    outer loop
      vertex -0.224675 -0.52627 2.38976
      vertex -0.258093 -0.526504 2.38976
      vertex -0.0348548 -0.465737 2.38976
    endloop
  endfacet
  facet normal 0 0 -1
    outer loop
      vertex -0.258093 -0.526504 2.38976
      vertex -0.291371 -0.529573 2.38976
      vertex -0.0348548 -0.465737 2.38976
    endloop
  endfacet
  facet normal 0 0 -1
    outer loop
      vertex -0.627931 -0.651542 2.38976
      vertex -0.623173 -0.642403 2.38976
      vertex -0.54667 -0.674558 2.38976
    endloop
  endfacet
  facet normal 0 0 -1
    outer loop
      vertex -0.623173 -0.642403 2.38976
      vertex -0.61923 -0.632883 2.38976
      vertex -0.54667 -0.674558 2.38976
    endloop
  endfacet
  facet normal 0 0 -1
    outer loop
      vertex -0.54667 -0.674558 2.38976
      vertex -0.61923 -0.632883 2.38976
      vertex -0.524768 -0.649316 2.38976
    endloop
  endfacet
  facet normal 0 0 -1
    outer loop
      vertex -0.61923 -0.632883 2.38976
      vertex -0.616132 -0.623056 2.38976
      vertex -0.524768 -0.649316 2.38976
    endloop
  endfacet
  facet normal 0 0 -1
    outer loop
      vertex -0.524768 -0.649316 2.38976
      vertex -0.616132 -0.623056 2.38976
      vertex -0.500804 -0.626023 2.38976
    endloop
  endfacet
  facet normal 0 0 -1
    outer loop
      vertex -0.616132 -0.623056 2.38976
      vertex -0.613901 -0.612997 2.38976
      vertex -0.500804 -0.626023 2.38976
    endloop
  endfacet
  facet normal 0 0 -1
    outer loop
      vertex -0.500804 -0.626023 2.38976
      vertex -0.613901 -0.612997 2.38976
      vertex -0.474951 -0.604845 2.38976
    endloop
  endfacet
  facet normal 0 0 -1
    outer loop
      vertex -0.613901 -0.612997 2.38976
      vertex -0.612557 -0.602781 2.38976
      vertex -0.474951 -0.604845 2.38976
    endloop
  endfacet
  facet normal 0 0 -1
    outer loop
      vertex -0.474951 -0.604845 2.38976
      vertex -0.612557 -0.602781 2.38976
      vertex -0.447396 -0.585937 2.38976
    endloop
  endfacet
  facet normal 0 0 -1
    outer loop
      vertex -0.612557 -0.602781 2.38976
      vertex -0.612107 -0.592487 2.38976
      vertex -0.447396 -0.585937 2.38976
    endloop
  endfacet
  facet normal 0 0 -1
    outer loop
      vertex -0.447396 -0.585937 2.38976
      vertex -0.612107 -0.592487 2.38976
      vertex -0.418336 -0.569434 2.38976
    endloop
  endfacet
  facet normal 0 0 -1
    outer loop
      vertex -0.612107 -0.592487 2.38976
      vertex -0.612557 -0.582193 2.38976
      vertex -0.418336 -0.569434 2.38976
    endloop
  endfacet
  facet normal 0 0 -1
    outer loop
      vertex -0.418336 -0.569434 2.38976
      vertex -0.612557 -0.582193 2.38976
      vertex -0.387981 -0.555454 2.38976
    endloop
  endfacet
  facet normal 0 0 -1
    outer loop
      vertex -0.612557 -0.582193 2.38976
      vertex -0.613901 -0.571978 2.38976
      vertex -0.387981 -0.555454 2.38976
    endloop
  endfacet
  facet normal 0 0 -1
    outer loop
      vertex -0.387981 -0.555454 2.38976
      vertex -0.613901 -0.571978 2.38976
      vertex -0.35655 -0.5441 2.38976
    endloop
  endfacet
  facet normal 0 0 -1
    outer loop
      vertex -0.613901 -0.571978 2.38976
      vertex -0.324269 -0.535452 2.38976
      vertex -0.35655 -0.5441 2.38976
    endloop
  endfacet
  facet normal 0 0 -1
    outer loop
      vertex 0.0809406 -0.222798 2.38976
      vertex 0.0805691 -0.248191 2.38976
      vertex -0.623173 -0.542572 2.38976
    endloop
  endfacet
  facet normal 0 0 -1
    outer loop
      vertex 0.0805691 -0.248191 2.38976
      vertex 0.0780172 -0.273458 2.38976
      vertex -0.623173 -0.542572 2.38976
    endloop
  endfacet
  facet normal 0 0 -1
    outer loop
      vertex -0.623173 -0.542572 2.38976
      vertex 0.0780172 -0.273458 2.38976
      vertex -0.61923 -0.552091 2.38976
    endloop
  endfacet
  facet normal 0 0 -1
    outer loop
      vertex 0.0780172 -0.273458 2.38976
      vertex 0.0733035 -0.298412 2.38976
      vertex -0.61923 -0.552091 2.38976
    endloop
  endfacet
  facet normal 0 0 -1
    outer loop
      vertex -0.61923 -0.552091 2.38976
      vertex 0.0733035 -0.298412 2.38976
      vertex 0.0664631 -0.322868 2.38976
    endloop
  endfacet
  facet normal 0 0 -1
    outer loop
      vertex -0.543874 -0.228207 2.38976
      vertex -0.523302 -0.196035 2.38976
      vertex -0.671162 -0.490201 2.38976
    endloop
  endfacet
  facet normal 0 0 -1
    outer loop
      vertex -0.523302 -0.196035 2.38976
      vertex -0.382982 0.0111131 2.38976
      vertex -0.671162 -0.490201 2.38976
    endloop
  endfacet
  facet normal 0 0 -1
    outer loop
      vertex -0.671162 -0.490201 2.38976
      vertex -0.382982 0.0111131 2.38976
      vertex -0.662472 -0.495737 2.38976
    endloop
  endfacet
  facet normal 0 0 -1
    outer loop
      vertex -0.382982 0.0111131 2.38976
      vertex -0.361539 0.0247184 2.38976
      vertex -0.662472 -0.495737 2.38976
    endloop
  endfacet
  facet normal 0 0 -1
    outer loop
      vertex -0.662472 -0.495737 2.38976
      vertex -0.361539 0.0247184 2.38976
      vertex -0.339006 0.0364309 2.38976
    endloop
  endfacet
  facet normal 0 0 -1
    outer loop
      vertex -0.730217 -0.474377 2.38976
      vertex -0.740511 -0.474827 2.38976
      vertex -0.750834 -0.391463 2.38976
    endloop
  endfacet
  facet normal 0 0 -1
    outer loop
      vertex -0.740511 -0.474827 2.38976
      vertex -0.750727 -0.476171 2.38976
      vertex -0.750834 -0.391463 2.38976
    endloop
  endfacet
  facet normal 0 0 -1
    outer loop
      vertex -0.750834 -0.391463 2.38976
      vertex -0.750727 -0.476171 2.38976
      vertex -0.786913 -0.403978 2.38976
    endloop
  endfacet
  facet normal 0 0 -1
    outer loop
      vertex -0.750727 -0.476171 2.38976
      vertex -0.760786 -0.478402 2.38976
      vertex -0.786913 -0.403978 2.38976
    endloop
  endfacet
  facet normal 0 0 -1
    outer loop
      vertex -0.786913 -0.403978 2.38976
      vertex -0.760786 -0.478402 2.38976
      vertex -0.802729 -0.409479 2.38976
    endloop
  endfacet
  facet normal 0 0 -1
    outer loop
      vertex -0.760786 -0.478402 2.38976
      vertex -0.770613 -0.4815 2.38976
      vertex -0.802729 -0.409479 2.38976
    endloop
  endfacet
  facet normal 0 0 -1
    outer loop
      vertex -0.802729 -0.409479 2.38976
      vertex -0.770613 -0.4815 2.38976
      vertex -0.81802 -0.416303 2.38976
    endloop
  endfacet
  facet normal 0 0 -1
    outer loop
      vertex -0.770613 -0.4815 2.38976
      vertex -0.780133 -0.485443 2.38976
      vertex -0.81802 -0.416303 2.38976
    endloop
  endfacet
  facet normal 0 0 -1
    outer loop
      vertex -0.81802 -0.416303 2.38976
      vertex -0.780133 -0.485443 2.38976
      vertex -0.832676 -0.424403 2.38976
    endloop
  endfacet
  facet normal 0 0 -1
    outer loop
      vertex -0.780133 -0.485443 2.38976
      vertex -0.789272 -0.490201 2.38976
      vertex -0.832676 -0.424403 2.38976
    endloop
  endfacet
  facet normal 0 0 -1
    outer loop
      vertex -0.832676 -0.424403 2.38976
      vertex -0.789272 -0.490201 2.38976
      vertex -0.84659 -0.433719 2.38976
    endloop
  endfacet
  facet normal 0 0 -1
    outer loop
      vertex -0.789272 -0.490201 2.38976
      vertex -0.797963 -0.495737 2.38976
      vertex -0.84659 -0.433719 2.38976
    endloop
  endfacet
  facet normal 0 0 -1
    outer loop
      vertex -0.84659 -0.433719 2.38976
      vertex -0.797963 -0.495737 2.38976
      vertex -0.859663 -0.444184 2.38976
    endloop
  endfacet
  facet normal 0 0 -1
    outer loop
      vertex -0.797963 -0.495737 2.38976
      vertex -0.806137 -0.50201 2.38976
      vertex -0.859663 -0.444184 2.38976
    endloop
  endfacet
  facet normal 0 0 -1
    outer loop
      vertex -0.859663 -0.444184 2.38976
      vertex -0.806137 -0.50201 2.38976
      vertex -0.871798 -0.455722 2.38976
    endloop
  endfacet
  facet normal 0 0 -1
    outer loop
      vertex -0.806137 -0.50201 2.38976
      vertex -0.813734 -0.508971 2.38976
      vertex -0.871798 -0.455722 2.38976
    endloop
  endfacet
  facet normal 0 0 -1
    outer loop
      vertex -0.871798 -0.455722 2.38976
      vertex -0.813734 -0.508971 2.38976
      vertex -0.88291 -0.468249 2.38976
    endloop
  endfacet
  facet normal 0 0 -1
    outer loop
      vertex -0.813734 -0.508971 2.38976
      vertex -0.820695 -0.516568 2.38976
      vertex -0.88291 -0.468249 2.38976
    endloop
  endfacet
  facet normal 0 0 -1
    outer loop
      vertex -0.88291 -0.468249 2.38976
      vertex -0.820695 -0.516568 2.38976
      vertex -0.892916 -0.481676 2.38976
    endloop
  endfacet
  facet normal 0 0 -1
    outer loop
      vertex -0.820695 -0.516568 2.38976
      vertex -0.826968 -0.524742 2.38976
      vertex -0.892916 -0.481676 2.38976
    endloop
  endfacet
  facet normal 0 0 -1
    outer loop
      vertex -0.892916 -0.481676 2.38976
      vertex -0.826968 -0.524742 2.38976
      vertex -0.901745 -0.495904 2.38976
    endloop
  endfacet
  facet normal 0 0 -1
    outer loop
      vertex -0.826968 -0.524742 2.38976
      vertex -0.832504 -0.533432 2.38976
      vertex -0.901745 -0.495904 2.38976
    endloop
  endfacet
  facet normal 0 0 -1
    outer loop
      vertex -0.901745 -0.495904 2.38976
      vertex -0.832504 -0.533432 2.38976
      vertex -0.909333 -0.510831 2.38976
    endloop
  endfacet
  facet normal 0 0 -1
    outer loop
      vertex -0.832504 -0.533432 2.38976
      vertex -0.837261 -0.542572 2.38976
      vertex -0.909333 -0.510831 2.38976
    endloop
  endfacet
  facet normal 0 0 -1
    outer loop
      vertex -0.909333 -0.510831 2.38976
      vertex -0.837261 -0.542572 2.38976
      vertex -0.915625 -0.52635 2.38976
    endloop
  endfacet
  facet normal 0 0 -1
    outer loop
      vertex -0.837261 -0.542572 2.38976
      vertex -0.841205 -0.552091 2.38976
      vertex -0.915625 -0.52635 2.38976
    endloop
  endfacet
  facet normal 0 0 -1
    outer loop
      vertex -0.915625 -0.52635 2.38976
      vertex -0.841205 -0.552091 2.38976
      vertex -0.920575 -0.542346 2.38976
    endloop
  endfacet
  facet normal 0 0 -1
    outer loop
      vertex -0.841205 -0.552091 2.38976
      vertex -0.844303 -0.561918 2.38976
      vertex -0.920575 -0.542346 2.38976
    endloop
  endfacet
  facet normal 0 0 -1
    outer loop
      vertex -0.920575 -0.542346 2.38976
      vertex -0.844303 -0.561918 2.38976
      vertex -0.924147 -0.558706 2.38976
    endloop
  endfacet
  facet normal 0 0 -1
    outer loop
      vertex -0.844303 -0.561918 2.38976
      vertex -0.846533 -0.571978 2.38976
      vertex -0.924147 -0.558706 2.38976
    endloop
  endfacet
  facet normal 0 0 -1
    outer loop
      vertex -0.924147 -0.558706 2.38976
      vertex -0.846533 -0.571978 2.38976
      vertex -0.926317 -0.57531 2.38976
    endloop
  endfacet
  facet normal 0 0 -1
    outer loop
      vertex -0.846533 -0.571978 2.38976
      vertex -0.847878 -0.582193 2.38976
      vertex -0.926317 -0.57531 2.38976
    endloop
  endfacet
  facet normal 0 0 -1
    outer loop
      vertex -0.926317 -0.57531 2.38976
      vertex -0.847878 -0.582193 2.38976
      vertex -0.927067 -0.592038 2.38976
    endloop
  endfacet
  facet normal 0 0 -1
    outer loop
      vertex -0.847878 -0.582193 2.38976
      vertex -0.848328 -0.592487 2.38976
      vertex -0.927067 -0.592038 2.38976
    endloop
  endfacet
  facet normal 0 0 -1
    outer loop
      vertex -0.927067 -0.592038 2.38976
      vertex -0.848328 -0.592487 2.38976
      vertex -0.926393 -0.60877 2.38976
    endloop
  endfacet
  facet normal 0 0 -1
    outer loop
      vertex -0.848328 -0.592487 2.38976
      vertex -0.847878 -0.602781 2.38976
      vertex -0.926393 -0.60877 2.38976
    endloop
  endfacet
  facet normal 0 0 -1
    outer loop
      vertex -0.926393 -0.60877 2.38976
      vertex -0.847878 -0.602781 2.38976
      vertex -0.9243 -0.625384 2.38976
    endloop
  endfacet
  facet normal 0 0 -1
    outer loop
      vertex -0.847878 -0.602781 2.38976
      vertex -0.846533 -0.612997 2.38976
      vertex -0.9243 -0.625384 2.38976
    endloop
  endfacet
  facet normal 0 0 -1
    outer loop
      vertex -0.9243 -0.625384 2.38976
      vertex -0.846533 -0.612997 2.38976
      vertex -0.920801 -0.641759 2.38976
    endloop
  endfacet
  facet normal 0 0 -1
    outer loop
      vertex -0.846533 -0.612997 2.38976
      vertex -0.844303 -0.623056 2.38976
      vertex -0.920801 -0.641759 2.38976
    endloop
  endfacet
  facet normal 0 0 -1
    outer loop
      vertex -0.920801 -0.641759 2.38976
      vertex -0.844303 -0.623056 2.38976
      vertex -0.915924 -0.657779 2.38976
    endloop
  endfacet
  facet normal 0 0 -1
    outer loop
      vertex -0.844303 -0.623056 2.38976
      vertex -0.841205 -0.632883 2.38976
      vertex -0.915924 -0.657779 2.38976
    endloop
  endfacet
  facet normal 0 0 -1
    outer loop
      vertex -0.915924 -0.657779 2.38976
      vertex -0.841205 -0.632883 2.38976
      vertex -0.909703 -0.673325 2.38976
    endloop
  endfacet
  facet normal 0 0 -1
    outer loop
      vertex -0.841205 -0.632883 2.38976
      vertex -0.837261 -0.642403 2.38976
      vertex -0.909703 -0.673325 2.38976
    endloop
  endfacet
  facet normal 0 0 -1
    outer loop
      vertex -0.909703 -0.673325 2.38976
      vertex -0.837261 -0.642403 2.38976
      vertex -0.902184 -0.688287 2.38976
    endloop
  endfacet
  facet normal 0 0 -1
    outer loop
      vertex -0.837261 -0.642403 2.38976
      vertex -0.832504 -0.651542 2.38976
      vertex -0.902184 -0.688287 2.38976
    endloop
  endfacet
  facet normal 0 0 -1
    outer loop
      vertex -0.902184 -0.688287 2.38976
      vertex -0.832504 -0.651542 2.38976
      vertex -0.89342 -0.702556 2.38976
    endloop
  endfacet
  facet normal 0 0 -1
    outer loop
      vertex -0.832504 -0.651542 2.38976
      vertex -0.826968 -0.660233 2.38976
      vertex -0.89342 -0.702556 2.38976
    endloop
  endfacet
  facet normal 0 0 -1
    outer loop
      vertex -0.89342 -0.702556 2.38976
      vertex -0.826968 -0.660233 2.38976
      vertex -0.743938 -0.788859 2.38976
    endloop
  endfacet
  facet normal 0 0 -1
    outer loop
      vertex -0.826968 -0.660233 2.38976
      vertex -0.820695 -0.668407 2.38976
      vertex -0.743938 -0.788859 2.38976
    endloop
  endfacet
  facet normal 0 0 -1
    outer loop
      vertex -0.743938 -0.788859 2.38976
      vertex -0.820695 -0.668407 2.38976
      vertex -0.813734 -0.676004 2.38976
    endloop
  endfacet
  facet normal 0 0 -1
    outer loop
      vertex -1.56077 -2.03105 2.38976
      vertex -1.56712 -2.027 2.38976
      vertex -1.58373 -2.01178 2.38976
    endloop
  endfacet
  facet normal 0 0 -1
    outer loop
      vertex -1.56712 -2.027 2.38976
      vertex -1.57309 -2.02242 2.38976
      vertex -1.58373 -2.01178 2.38976
    endloop
  endfacet
  facet normal 0 0 -1
    outer loop
      vertex -1.58373 -2.01178 2.38976
      vertex -1.57309 -2.02242 2.38976
      vertex -1.57864 -2.01733 2.38976
    endloop
  endfacet
  facet normal 0 0 -1
    outer loop
      vertex 0.019073 -0.412187 2.38976
      vertex 0.0026568 -0.431564 2.38976
      vertex -0.616132 -0.561918 2.38976
    endloop
  endfacet
  facet normal 0 0 -1
    outer loop
      vertex 0.0026568 -0.431564 2.38976
      vertex -0.0153636 -0.449458 2.38976
      vertex -0.616132 -0.561918 2.38976
    endloop
  endfacet
  facet normal 0 0 -1
    outer loop
      vertex -0.616132 -0.561918 2.38976
      vertex -0.0153636 -0.449458 2.38976
      vertex -0.613901 -0.571978 2.38976
    endloop
  endfacet
  facet normal 0 0 -1
    outer loop
      vertex -0.0153636 -0.449458 2.38976
      vertex -0.0348548 -0.465737 2.38976
      vertex -0.613901 -0.571978 2.38976
    endloop
  endfacet
  facet normal 0 0 -1
    outer loop
      vertex -0.613901 -0.571978 2.38976
      vertex -0.0348548 -0.465737 2.38976
      vertex -0.324269 -0.535452 2.38976
    endloop
  endfacet
  facet normal 0 0 -1
    outer loop
      vertex -0.0348548 -0.465737 2.38976
      vertex -0.291371 -0.529573 2.38976
      vertex -0.324269 -0.535452 2.38976
    endloop
  endfacet
  facet normal 0 0 -1
    outer loop
      vertex 0.0664631 -0.322868 2.38976
      vertex 0.0575465 -0.346647 2.38976
      vertex -0.61923 -0.552091 2.38976
    endloop
  endfacet
  facet normal 0 0 -1
    outer loop
      vertex 0.0575465 -0.346647 2.38976
      vertex 0.0466197 -0.369572 2.38976
      vertex -0.61923 -0.552091 2.38976
    endloop
  endfacet
  facet normal 0 0 -1
    outer loop
      vertex -0.61923 -0.552091 2.38976
      vertex 0.0466197 -0.369572 2.38976
      vertex -0.616132 -0.561918 2.38976
    endloop
  endfacet
  facet normal 0 0 -1
    outer loop
      vertex 0.0466197 -0.369572 2.38976
      vertex 0.0337635 -0.391472 2.38976
      vertex -0.616132 -0.561918 2.38976
    endloop
  endfacet
  facet normal 0 0 -1
    outer loop
      vertex -0.616132 -0.561918 2.38976
      vertex 0.0337635 -0.391472 2.38976
      vertex 0.019073 -0.412187 2.38976
    endloop
  endfacet
  facet normal 0 0 -1
    outer loop
      vertex -0.224675 -0.52627 2.38976
      vertex -0.0348548 -0.465737 2.38976
      vertex -0.19928 -0.526077 2.38976
    endloop
  endfacet
  facet normal 0 0 -1
    outer loop
      vertex -0.0348548 -0.465737 2.38976
      vertex -0.0556729 -0.480281 2.38976
      vertex -0.19928 -0.526077 2.38976
    endloop
  endfacet
  facet normal 0 0 -1
    outer loop
      vertex -0.19928 -0.526077 2.38976
      vertex -0.0556729 -0.480281 2.38976
      vertex -0.0776636 -0.492983 2.38976
    endloop
  endfacet
  facet normal 0 0 -1
    outer loop
      vertex -0.124505 -0.512497 2.38976
      vertex -0.14901 -0.519165 2.38976
      vertex -0.100664 -0.503748 2.38976
    endloop
  endfacet
  facet normal 0 0 -1
    outer loop
      vertex -0.14901 -0.519165 2.38976
      vertex -0.173996 -0.523703 2.38976
      vertex -0.100664 -0.503748 2.38976
    endloop
  endfacet
  facet normal 0 0 -1
    outer loop
      vertex -0.100664 -0.503748 2.38976
      vertex -0.173996 -0.523703 2.38976
      vertex -0.19928 -0.526077 2.38976
    endloop
  endfacet
  facet normal 0 0 -1
    outer loop
      vertex -0.523302 -0.196035 2.38976
      vertex -0.505484 -0.162259 2.38976
      vertex -0.382982 0.0111131 2.38976
    endloop
  endfacet
  facet normal 0 0 -1
    outer loop
      vertex -0.505484 -0.162259 2.38976
      vertex -0.490546 -0.127114 2.38976
      vertex -0.382982 0.0111131 2.38976
    endloop
  endfacet
  facet normal 0 0 -1
    outer loop
      vertex -0.382982 0.0111131 2.38976
      vertex -0.490546 -0.127114 2.38976
      vertex -0.480582 -0.103755 2.38976
    endloop
  endfacet
  facet normal 0 0 -1
    outer loop
      vertex -0.480582 -0.103755 2.38976
      vertex -0.468648 -0.0813386 2.38976
      vertex -0.382982 0.0111131 2.38976
    endloop
  endfacet
  facet normal 0 0 -1
    outer loop
      vertex -0.468648 -0.0813386 2.38976
      vertex -0.454831 -0.0600305 2.38976
      vertex -0.382982 0.0111131 2.38976
    endloop
  endfacet
  facet normal 0 0 -1
    outer loop
      vertex -0.382982 0.0111131 2.38976
      vertex -0.454831 -0.0600305 2.38976
      vertex -0.403177 -0.00428447 2.38976
    endloop
  endfacet
  facet normal 0 0 -1
    outer loop
      vertex -0.454831 -0.0600305 2.38976
      vertex -0.439235 -0.0399883 2.38976
      vertex -0.403177 -0.00428447 2.38976
    endloop
  endfacet
  facet normal 0 0 -1
    outer loop
      vertex -0.403177 -0.00428447 2.38976
      vertex -0.439235 -0.0399883 2.38976
      vertex -0.421975 -0.0213604 2.38976
    endloop
  endfacet
  facet normal 0 0 1
    outer loop
      vertex -0.623173 -0.642403 2.42913
      vertex -0.627931 -0.651542 2.42913
      vertex -0.54667 -0.674558 2.42913
    endloop
  endfacet
  facet normal 0 0 1
    outer loop
      vertex -0.760786 -0.706573 2.42913
      vertex -0.89342 -0.702556 2.42913
      vertex -0.750727 -0.708803 2.42913
    endloop
  endfacet
  facet normal 0 0 1
    outer loop
      vertex -0.89342 -0.702556 2.42913
      vertex -0.740511 -0.710148 2.42913
      vertex -0.750727 -0.708803 2.42913
    endloop
  endfacet
  facet normal 0 0 1
    outer loop
      vertex -0.665436 -0.778373 2.42913
      vertex -0.743938 -0.788859 2.42913
      vertex -0.728001 -0.789325 2.42913
    endloop
  endfacet
  facet normal 0 0 1
    outer loop
      vertex -0.665436 -0.778373 2.42913
      vertex -0.650605 -0.77252 2.42913
      vertex -0.743938 -0.788859 2.42913
    endloop
  endfacet
  facet normal 0 0 1
    outer loop
      vertex -0.650605 -0.77252 2.42913
      vertex -0.636296 -0.765487 2.42913
      vertex -0.743938 -0.788859 2.42913
    endloop
  endfacet
  facet normal 0 0 1
    outer loop
      vertex -0.743938 -0.788859 2.42913
      vertex -0.636296 -0.765487 2.42913
      vertex -0.622603 -0.757318 2.42913
    endloop
  endfacet
  facet normal 0 0 1
    outer loop
      vertex -0.760786 -0.706573 2.42913
      vertex -0.770613 -0.703475 2.42913
      vertex -0.89342 -0.702556 2.42913
    endloop
  endfacet
  facet normal 0 0 1
    outer loop
      vertex -0.770613 -0.703475 2.42913
      vertex -0.780133 -0.699532 2.42913
      vertex -0.89342 -0.702556 2.42913
    endloop
  endfacet
  facet normal 0 0 1
    outer loop
      vertex -0.89342 -0.702556 2.42913
      vertex -0.780133 -0.699532 2.42913
      vertex -0.789272 -0.694774 2.42913
    endloop
  endfacet
  facet normal 0 0 1
    outer loop
      vertex -0.622603 -0.757318 2.42913
      vertex -0.609616 -0.748068 2.42913
      vertex -0.743938 -0.788859 2.42913
    endloop
  endfacet
  facet normal 0 0 1
    outer loop
      vertex -0.609616 -0.748068 2.42913
      vertex -0.59742 -0.737798 2.42913
      vertex -0.743938 -0.788859 2.42913
    endloop
  endfacet
  facet normal 0 0 1
    outer loop
      vertex -0.743938 -0.788859 2.42913
      vertex -0.59742 -0.737798 2.42913
      vertex -0.586096 -0.726574 2.42913
    endloop
  endfacet
  facet normal 0 0 1
    outer loop
      vertex -0.728001 -0.789325 2.42913
      vertex -0.712078 -0.7885 2.42913
      vertex -0.665436 -0.778373 2.42913
    endloop
  endfacet
  facet normal 0 0 1
    outer loop
      vertex -0.712078 -0.7885 2.42913
      vertex -0.696274 -0.786389 2.42913
      vertex -0.665436 -0.778373 2.42913
    endloop
  endfacet
  facet normal 0 0 1
    outer loop
      vertex -0.665436 -0.778373 2.42913
      vertex -0.696274 -0.786389 2.42913
      vertex -0.680692 -0.783006 2.42913
    endloop
  endfacet
  facet normal 0 0 1
    outer loop
      vertex -0.586096 -0.726574 2.42913
      vertex -0.575717 -0.71447 2.42913
      vertex -0.743938 -0.788859 2.42913
    endloop
  endfacet
  facet normal 0 0 1
    outer loop
      vertex -0.575717 -0.71447 2.42913
      vertex -0.566352 -0.701566 2.42913
      vertex -0.743938 -0.788859 2.42913
    endloop
  endfacet
  facet normal 0 0 1
    outer loop
      vertex -0.743938 -0.788859 2.42913
      vertex -0.566352 -0.701566 2.42913
      vertex -0.54667 -0.674558 2.42913
    endloop
  endfacet
  facet normal 0 0 1
    outer loop
      vertex -0.789272 -0.694774 2.42913
      vertex -0.797963 -0.689238 2.42913
      vertex -0.89342 -0.702556 2.42913
    endloop
  endfacet
  facet normal 0 0 1
    outer loop
      vertex -0.797963 -0.689238 2.42913
      vertex -0.806137 -0.682965 2.42913
      vertex -0.89342 -0.702556 2.42913
    endloop
  endfacet
  facet normal 0 0 1
    outer loop
      vertex -0.89342 -0.702556 2.42913
      vertex -0.806137 -0.682965 2.42913
      vertex -0.813734 -0.676004 2.42913
    endloop
  endfacet
  facet normal 0 0 1
    outer loop
      vertex -1.53261 -2.0413 2.42913
      vertex -1.52514 -2.04228 2.42913
      vertex -1.59236 -1.99946 2.42913
    endloop
  endfacet
  facet normal 0 0 1
    outer loop
      vertex -0.627931 -0.651542 2.42913
      vertex -0.633467 -0.660233 2.42913
      vertex -0.54667 -0.674558 2.42913
    endloop
  endfacet
  facet normal 0 0 1
    outer loop
      vertex -0.633467 -0.660233 2.42913
      vertex -0.63974 -0.668407 2.42913
      vertex -0.54667 -0.674558 2.42913
    endloop
  endfacet
  facet normal 0 0 1
    outer loop
      vertex -0.54667 -0.674558 2.42913
      vertex -0.63974 -0.668407 2.42913
      vertex -0.646701 -0.676004 2.42913
    endloop
  endfacet
  facet normal 0 0 1
    outer loop
      vertex -0.699648 -0.706573 2.42913
      vertex -0.743938 -0.788859 2.42913
      vertex -0.689821 -0.703475 2.42913
    endloop
  endfacet
  facet normal 0 0 1
    outer loop
      vertex -0.743938 -0.788859 2.42913
      vertex -0.680302 -0.699532 2.42913
      vertex -0.689821 -0.703475 2.42913
    endloop
  endfacet
  facet normal 0 0 1
    outer loop
      vertex -0.699648 -0.706573 2.42913
      vertex -0.709708 -0.708803 2.42913
      vertex -0.743938 -0.788859 2.42913
    endloop
  endfacet
  facet normal 0 0 1
    outer loop
      vertex -0.709708 -0.708803 2.42913
      vertex -0.719923 -0.710148 2.42913
      vertex -0.743938 -0.788859 2.42913
    endloop
  endfacet
  facet normal 0 0 1
    outer loop
      vertex -0.743938 -0.788859 2.42913
      vertex -0.719923 -0.710148 2.42913
      vertex -0.730217 -0.710598 2.42913
    endloop
  endfacet
  facet normal 0 0 1
    outer loop
      vertex -1.60359 -1.96383 2.42913
      vertex -1.44692 -2.00581 2.42913
      vertex -1.60392 -1.95631 2.42913
    endloop
  endfacet
  facet normal 0 0 1
    outer loop
      vertex -1.44692 -2.00581 2.42913
      vertex -1.60359 -1.94879 2.42913
      vertex -1.60392 -1.95631 2.42913
    endloop
  endfacet
  facet normal 0 0 1
    outer loop
      vertex -1.55409 -2.03452 2.42913
      vertex -1.54714 -2.03741 2.42913
      vertex -1.58373 -2.01178 2.42913
    endloop
  endfacet
  facet normal 0 0 1
    outer loop
      vertex -0.646701 -0.676004 2.42913
      vertex -0.654298 -0.682965 2.42913
      vertex -0.54667 -0.674558 2.42913
    endloop
  endfacet
  facet normal 0 0 1
    outer loop
      vertex -0.654298 -0.682965 2.42913
      vertex -0.662472 -0.689238 2.42913
      vertex -0.54667 -0.674558 2.42913
    endloop
  endfacet
  facet normal 0 0 1
    outer loop
      vertex -0.54667 -0.674558 2.42913
      vertex -0.662472 -0.689238 2.42913
      vertex -0.743938 -0.788859 2.42913
    endloop
  endfacet
  facet normal 0 0 1
    outer loop
      vertex -0.662472 -0.689238 2.42913
      vertex -0.671162 -0.694774 2.42913
      vertex -0.743938 -0.788859 2.42913
    endloop
  endfacet
  facet normal 0 0 1
    outer loop
      vertex -0.743938 -0.788859 2.42913
      vertex -0.671162 -0.694774 2.42913
      vertex -0.680302 -0.699532 2.42913
    endloop
  endfacet
  facet normal 0 0 1
    outer loop
      vertex 0.0383461 -0.0782086 2.42913
      vertex 0.0242678 -0.0570726 2.42913
      vertex -0.633467 -0.524742 2.42913
    endloop
  endfacet
  facet normal 0 0 1
    outer loop
      vertex -0.730217 -0.710598 2.42913
      vertex -0.740511 -0.710148 2.42913
      vertex -0.743938 -0.788859 2.42913
    endloop
  endfacet
  facet normal 0 0 1
    outer loop
      vertex -0.740511 -0.710148 2.42913
      vertex -0.89342 -0.702556 2.42913
      vertex -0.743938 -0.788859 2.42913
    endloop
  endfacet
  facet normal 0 0 1
    outer loop
      vertex -0.743938 -0.788859 2.42913
      vertex -0.89342 -0.702556 2.42913
      vertex -1.44288 -1.99946 2.42913
    endloop
  endfacet
  facet normal 0 0 1
    outer loop
      vertex -0.89342 -0.702556 2.42913
      vertex -1.59236 -1.91316 2.42913
      vertex -1.44288 -1.99946 2.42913
    endloop
  endfacet
  facet normal 0 0 1
    outer loop
      vertex -1.44288 -1.99946 2.42913
      vertex -1.59236 -1.91316 2.42913
      vertex -1.44692 -2.00581 2.42913
    endloop
  endfacet
  facet normal 0 0 1
    outer loop
      vertex -1.59236 -1.91316 2.42913
      vertex -1.59584 -1.91983 2.42913
      vertex -1.44692 -2.00581 2.42913
    endloop
  endfacet
  facet normal 0 0 1
    outer loop
      vertex -1.44692 -2.00581 2.42913
      vertex -1.59584 -1.91983 2.42913
      vertex -1.59872 -1.92679 2.42913
    endloop
  endfacet
  facet normal 0 0 1
    outer loop
      vertex -1.60359 -1.96383 2.42913
      vertex -1.60261 -1.97129 2.42913
      vertex -1.44692 -2.00581 2.42913
    endloop
  endfacet
  facet normal 0 0 1
    outer loop
      vertex -1.60261 -1.97129 2.42913
      vertex -1.60098 -1.97864 2.42913
      vertex -1.44692 -2.00581 2.42913
    endloop
  endfacet
  facet normal 0 0 1
    outer loop
      vertex -1.44692 -2.00581 2.42913
      vertex -1.60098 -1.97864 2.42913
      vertex -1.59872 -1.98582 2.42913
    endloop
  endfacet
  facet normal 0 0 1
    outer loop
      vertex -1.58373 -2.01178 2.42913
      vertex -1.54714 -2.03741 2.42913
      vertex -1.58831 -2.00581 2.42913
    endloop
  endfacet
  facet normal 0 0 1
    outer loop
      vertex -1.59236 -1.99946 2.42913
      vertex -1.48115 -2.03452 2.42913
      vertex -1.47447 -2.03105 2.42913
    endloop
  endfacet
  facet normal 0 0 1
    outer loop
      vertex -1.47447 -2.03105 2.42913
      vertex -1.46812 -2.027 2.42913
      vertex -1.59236 -1.99946 2.42913
    endloop
  endfacet
  facet normal 0 0 1
    outer loop
      vertex -1.46812 -2.027 2.42913
      vertex -1.46214 -2.02242 2.42913
      vertex -1.59236 -1.99946 2.42913
    endloop
  endfacet
  facet normal 0 0 1
    outer loop
      vertex -1.59236 -1.99946 2.42913
      vertex -1.46214 -2.02242 2.42913
      vertex -1.45659 -2.01733 2.42913
    endloop
  endfacet
  facet normal 0 0 1
    outer loop
      vertex -1.59872 -1.98582 2.42913
      vertex -1.59584 -1.99278 2.42913
      vertex -1.44692 -2.00581 2.42913
    endloop
  endfacet
  facet normal 0 0 1
    outer loop
      vertex -1.59584 -1.99278 2.42913
      vertex -1.59236 -1.99946 2.42913
      vertex -1.44692 -2.00581 2.42913
    endloop
  endfacet
  facet normal 0 0 1
    outer loop
      vertex -1.44692 -2.00581 2.42913
      vertex -1.59236 -1.99946 2.42913
      vertex -1.45151 -2.01178 2.42913
    endloop
  endfacet
  facet normal 0 0 1
    outer loop
      vertex -1.59236 -1.99946 2.42913
      vertex -1.45659 -2.01733 2.42913
      vertex -1.45151 -2.01178 2.42913
    endloop
  endfacet
  facet normal 0 0 1
    outer loop
      vertex 0.0805691 -0.248191 2.42913
      vertex 0.0809406 -0.222798 2.42913
      vertex -0.623173 -0.542572 2.42913
    endloop
  endfacet
  facet normal 0 0 1
    outer loop
      vertex -1.59872 -1.92679 2.42913
      vertex -1.60098 -1.93397 2.42913
      vertex -1.44692 -2.00581 2.42913
    endloop
  endfacet
  facet normal 0 0 1
    outer loop
      vertex -1.60098 -1.93397 2.42913
      vertex -1.60261 -1.94132 2.42913
      vertex -1.44692 -2.00581 2.42913
    endloop
  endfacet
  facet normal 0 0 1
    outer loop
      vertex -1.44692 -2.00581 2.42913
      vertex -1.60261 -1.94132 2.42913
      vertex -1.60359 -1.94879 2.42913
    endloop
  endfacet
  facet normal 0 0 1
    outer loop
      vertex -1.58831 -2.00581 2.42913
      vertex -1.54714 -2.03741 2.42913
      vertex -1.59236 -1.99946 2.42913
    endloop
  endfacet
  facet normal 0 0 1
    outer loop
      vertex -1.54714 -2.03741 2.42913
      vertex -1.53996 -2.03967 2.42913
      vertex -1.59236 -1.99946 2.42913
    endloop
  endfacet
  facet normal 0 0 1
    outer loop
      vertex -1.59236 -1.99946 2.42913
      vertex -1.53996 -2.03967 2.42913
      vertex -1.53261 -2.0413 2.42913
    endloop
  endfacet
  facet normal 0 0 1
    outer loop
      vertex -1.52514 -2.04228 2.42913
      vertex -1.51762 -2.04261 2.42913
      vertex -1.59236 -1.99946 2.42913
    endloop
  endfacet
  facet normal 0 0 1
    outer loop
      vertex -1.51762 -2.04261 2.42913
      vertex -1.5101 -2.04228 2.42913
      vertex -1.59236 -1.99946 2.42913
    endloop
  endfacet
  facet normal 0 0 1
    outer loop
      vertex -1.59236 -1.99946 2.42913
      vertex -1.5101 -2.04228 2.42913
      vertex -1.50263 -2.0413 2.42913
    endloop
  endfacet
  facet normal 0 0 1
    outer loop
      vertex -0.266567 0.0594184 2.42913
      vertex -0.291344 0.0538453 2.42913
      vertex -0.662472 -0.495737 2.42913
    endloop
  endfacet
  facet normal 0 0 1
    outer loop
      vertex -0.291344 0.0538453 2.42913
      vertex -0.315549 0.0461638 2.42913
      vertex -0.662472 -0.495737 2.42913
    endloop
  endfacet
  facet normal 0 0 1
    outer loop
      vertex -0.0280705 -0.00196865 2.42913
      vertex -0.63974 -0.516568 2.42913
      vertex -0.00906377 -0.0188112 2.42913
    endloop
  endfacet
  facet normal 0 0 1
    outer loop
      vertex -0.63974 -0.516568 2.42913
      vertex -0.633467 -0.524742 2.42913
      vertex -0.00906377 -0.0188112 2.42913
    endloop
  endfacet
  facet normal 0 0 1
    outer loop
      vertex -0.00906377 -0.0188112 2.42913
      vertex -0.633467 -0.524742 2.42913
      vertex 0.00842546 -0.0372246 2.42913
    endloop
  endfacet
  facet normal 0 0 1
    outer loop
      vertex -0.633467 -0.524742 2.42913
      vertex 0.0242678 -0.0570726 2.42913
      vertex 0.00842546 -0.0372246 2.42913
    endloop
  endfacet
  facet normal 0 0 1
    outer loop
      vertex 0.0751471 -0.172386 2.42913
      vertex 0.069025 -0.14774 2.42913
      vertex -0.627931 -0.533432 2.42913
    endloop
  endfacet
  facet normal 0 0 1
    outer loop
      vertex 0.069025 -0.14774 2.42913
      vertex 0.0608078 -0.12371 2.42913
      vertex -0.627931 -0.533432 2.42913
    endloop
  endfacet
  facet normal 0 0 1
    outer loop
      vertex -0.627931 -0.533432 2.42913
      vertex 0.0608078 -0.12371 2.42913
      vertex -0.633467 -0.524742 2.42913
    endloop
  endfacet
  facet normal 0 0 1
    outer loop
      vertex 0.0608078 -0.12371 2.42913
      vertex 0.0505562 -0.100476 2.42913
      vertex -0.633467 -0.524742 2.42913
    endloop
  endfacet
  facet normal 0 0 1
    outer loop
      vertex -0.633467 -0.524742 2.42913
      vertex 0.0505562 -0.100476 2.42913
      vertex 0.0383461 -0.0782086 2.42913
    endloop
  endfacet
  facet normal 0 0 1
    outer loop
      vertex -0.0348548 -0.465737 2.42913
      vertex -0.258093 -0.526504 2.42913
      vertex -0.224675 -0.52627 2.42913
    endloop
  endfacet
  facet normal 0 0 1
    outer loop
      vertex -1.58373 -2.01178 2.42913
      vertex -1.57864 -2.01733 2.42913
      vertex -1.57309 -2.02242 2.42913
    endloop
  endfacet
  facet normal 0 0 1
    outer loop
      vertex -1.50263 -2.0413 2.42913
      vertex -1.49528 -2.03967 2.42913
      vertex -1.59236 -1.99946 2.42913
    endloop
  endfacet
  facet normal 0 0 1
    outer loop
      vertex -1.49528 -2.03967 2.42913
      vertex -1.4881 -2.03741 2.42913
      vertex -1.59236 -1.99946 2.42913
    endloop
  endfacet
  facet normal 0 0 1
    outer loop
      vertex -1.59236 -1.99946 2.42913
      vertex -1.4881 -2.03741 2.42913
      vertex -1.48115 -2.03452 2.42913
    endloop
  endfacet
  facet normal 0 0 1
    outer loop
      vertex -0.715925 -0.375982 2.42913
      vertex -0.750834 -0.391463 2.42913
      vertex -0.740511 -0.474827 2.42913
    endloop
  endfacet
  facet normal 0 0 1
    outer loop
      vertex -0.266567 0.0594184 2.42913
      vertex -0.662472 -0.495737 2.42913
      vertex -0.241404 0.0628419 2.42913
    endloop
  endfacet
  facet normal 0 0 1
    outer loop
      vertex -0.662472 -0.495737 2.42913
      vertex -0.654298 -0.50201 2.42913
      vertex -0.241404 0.0628419 2.42913
    endloop
  endfacet
  facet normal 0 0 1
    outer loop
      vertex -0.241404 0.0628419 2.42913
      vertex -0.654298 -0.50201 2.42913
      vertex -0.216039 0.0640906 2.42913
    endloop
  endfacet
  facet normal 0 0 1
    outer loop
      vertex -0.0280705 -0.00196865 2.42913
      vertex -0.0484542 0.0131784 2.42913
      vertex -0.63974 -0.516568 2.42913
    endloop
  endfacet
  facet normal 0 0 1
    outer loop
      vertex -0.0484542 0.0131784 2.42913
      vertex -0.070064 0.0265179 2.42913
      vertex -0.63974 -0.516568 2.42913
    endloop
  endfacet
  facet normal 0 0 1
    outer loop
      vertex -0.63974 -0.516568 2.42913
      vertex -0.070064 0.0265179 2.42913
      vertex -0.646701 -0.508971 2.42913
    endloop
  endfacet
  facet normal 0 0 1
    outer loop
      vertex -0.070064 0.0265179 2.42913
      vertex -0.0927401 0.0379513 2.42913
      vertex -0.646701 -0.508971 2.42913
    endloop
  endfacet
  facet normal 0 0 1
    outer loop
      vertex -0.646701 -0.508971 2.42913
      vertex -0.0927401 0.0379513 2.42913
      vertex -0.116315 0.0473939 2.42913
    endloop
  endfacet
  facet normal 0 0 1
    outer loop
      vertex -0.623173 -0.542572 2.42913
      vertex 0.0809406 -0.222798 2.42913
      vertex -0.627931 -0.533432 2.42913
    endloop
  endfacet
  facet normal 0 0 1
    outer loop
      vertex 0.0809406 -0.222798 2.42913
      vertex 0.0791288 -0.197467 2.42913
      vertex -0.627931 -0.533432 2.42913
    endloop
  endfacet
  facet normal 0 0 1
    outer loop
      vertex -0.627931 -0.533432 2.42913
      vertex 0.0791288 -0.197467 2.42913
      vertex 0.0751471 -0.172386 2.42913
    endloop
  endfacet
  facet normal 0 0 1
    outer loop
      vertex 0.0575465 -0.346647 2.42913
      vertex 0.0664631 -0.322868 2.42913
      vertex -0.61923 -0.552091 2.42913
    endloop
  endfacet
  facet normal 0 0 1
    outer loop
      vertex 0.0664631 -0.322868 2.42913
      vertex 0.0733035 -0.298412 2.42913
      vertex -0.61923 -0.552091 2.42913
    endloop
  endfacet
  facet normal 0 0 1
    outer loop
      vertex -0.61923 -0.552091 2.42913
      vertex 0.0733035 -0.298412 2.42913
      vertex -0.623173 -0.542572 2.42913
    endloop
  endfacet
  facet normal 0 0 1
    outer loop
      vertex 0.0733035 -0.298412 2.42913
      vertex 0.0780172 -0.273458 2.42913
      vertex -0.623173 -0.542572 2.42913
    endloop
  endfacet
  facet normal 0 0 1
    outer loop
      vertex -0.623173 -0.542572 2.42913
      vertex 0.0780172 -0.273458 2.42913
      vertex 0.0805691 -0.248191 2.42913
    endloop
  endfacet
  facet normal 0 0 1
    outer loop
      vertex -0.613901 -0.571978 2.42913
      vertex -0.0348548 -0.465737 2.42913
      vertex -0.616132 -0.561918 2.42913
    endloop
  endfacet
  facet normal 0 0 1
    outer loop
      vertex -0.0348548 -0.465737 2.42913
      vertex -0.0153636 -0.449458 2.42913
      vertex -0.616132 -0.561918 2.42913
    endloop
  endfacet
  facet normal 0 0 1
    outer loop
      vertex -0.616132 -0.561918 2.42913
      vertex -0.0153636 -0.449458 2.42913
      vertex 0.0026568 -0.431564 2.42913
    endloop
  endfacet
  facet normal 0 0 1
    outer loop
      vertex -1.57309 -2.02242 2.42913
      vertex -1.56712 -2.027 2.42913
      vertex -1.58373 -2.01178 2.42913
    endloop
  endfacet
  facet normal 0 0 1
    outer loop
      vertex -1.56712 -2.027 2.42913
      vertex -1.56077 -2.03105 2.42913
      vertex -1.58373 -2.01178 2.42913
    endloop
  endfacet
  facet normal 0 0 1
    outer loop
      vertex -1.58373 -2.01178 2.42913
      vertex -1.56077 -2.03105 2.42913
      vertex -1.55409 -2.03452 2.42913
    endloop
  endfacet
  facet normal 0 0 1
    outer loop
      vertex -0.813734 -0.676004 2.42913
      vertex -0.820695 -0.668407 2.42913
      vertex -0.89342 -0.702556 2.42913
    endloop
  endfacet
  facet normal 0 0 1
    outer loop
      vertex -0.820695 -0.668407 2.42913
      vertex -0.826968 -0.660233 2.42913
      vertex -0.89342 -0.702556 2.42913
    endloop
  endfacet
  facet normal 0 0 1
    outer loop
      vertex -0.89342 -0.702556 2.42913
      vertex -0.826968 -0.660233 2.42913
      vertex -0.902184 -0.688287 2.42913
    endloop
  endfacet
  facet normal 0 0 1
    outer loop
      vertex -0.826968 -0.660233 2.42913
      vertex -0.832504 -0.651542 2.42913
      vertex -0.902184 -0.688287 2.42913
    endloop
  endfacet
  facet normal 0 0 1
    outer loop
      vertex -0.902184 -0.688287 2.42913
      vertex -0.832504 -0.651542 2.42913
      vertex -0.909703 -0.673325 2.42913
    endloop
  endfacet
  facet normal 0 0 1
    outer loop
      vertex -0.832504 -0.651542 2.42913
      vertex -0.837261 -0.642403 2.42913
      vertex -0.909703 -0.673325 2.42913
    endloop
  endfacet
  facet normal 0 0 1
    outer loop
      vertex -0.909703 -0.673325 2.42913
      vertex -0.837261 -0.642403 2.42913
      vertex -0.915924 -0.657779 2.42913
    endloop
  endfacet
  facet normal 0 0 1
    outer loop
      vertex -0.837261 -0.642403 2.42913
      vertex -0.841205 -0.632883 2.42913
      vertex -0.915924 -0.657779 2.42913
    endloop
  endfacet
  facet normal 0 0 1
    outer loop
      vertex -0.915924 -0.657779 2.42913
      vertex -0.841205 -0.632883 2.42913
      vertex -0.920801 -0.641759 2.42913
    endloop
  endfacet
  facet normal 0 0 1
    outer loop
      vertex -0.841205 -0.632883 2.42913
      vertex -0.844303 -0.623056 2.42913
      vertex -0.920801 -0.641759 2.42913
    endloop
  endfacet
  facet normal 0 0 1
    outer loop
      vertex -0.920801 -0.641759 2.42913
      vertex -0.844303 -0.623056 2.42913
      vertex -0.9243 -0.625384 2.42913
    endloop
  endfacet
  facet normal 0 0 1
    outer loop
      vertex -0.844303 -0.623056 2.42913
      vertex -0.846533 -0.612997 2.42913
      vertex -0.9243 -0.625384 2.42913
    endloop
  endfacet
  facet normal 0 0 1
    outer loop
      vertex -0.9243 -0.625384 2.42913
      vertex -0.846533 -0.612997 2.42913
      vertex -0.926393 -0.60877 2.42913
    endloop
  endfacet
  facet normal 0 0 1
    outer loop
      vertex -0.846533 -0.612997 2.42913
      vertex -0.847878 -0.602781 2.42913
      vertex -0.926393 -0.60877 2.42913
    endloop
  endfacet
  facet normal 0 0 1
    outer loop
      vertex -0.926393 -0.60877 2.42913
      vertex -0.847878 -0.602781 2.42913
      vertex -0.927067 -0.592038 2.42913
    endloop
  endfacet
  facet normal 0 0 1
    outer loop
      vertex -0.847878 -0.602781 2.42913
      vertex -0.848328 -0.592487 2.42913
      vertex -0.927067 -0.592038 2.42913
    endloop
  endfacet
  facet normal 0 0 1
    outer loop
      vertex -0.927067 -0.592038 2.42913
      vertex -0.848328 -0.592487 2.42913
      vertex -0.926317 -0.57531 2.42913
    endloop
  endfacet
  facet normal 0 0 1
    outer loop
      vertex -0.848328 -0.592487 2.42913
      vertex -0.847878 -0.582193 2.42913
      vertex -0.926317 -0.57531 2.42913
    endloop
  endfacet
  facet normal 0 0 1
    outer loop
      vertex -0.926317 -0.57531 2.42913
      vertex -0.847878 -0.582193 2.42913
      vertex -0.924147 -0.558706 2.42913
    endloop
  endfacet
  facet normal 0 0 1
    outer loop
      vertex -0.847878 -0.582193 2.42913
      vertex -0.846533 -0.571978 2.42913
      vertex -0.924147 -0.558706 2.42913
    endloop
  endfacet
  facet normal 0 0 1
    outer loop
      vertex -0.924147 -0.558706 2.42913
      vertex -0.846533 -0.571978 2.42913
      vertex -0.920575 -0.542346 2.42913
    endloop
  endfacet
  facet normal 0 0 1
    outer loop
      vertex -0.846533 -0.571978 2.42913
      vertex -0.844303 -0.561918 2.42913
      vertex -0.920575 -0.542346 2.42913
    endloop
  endfacet
  facet normal 0 0 1
    outer loop
      vertex -0.920575 -0.542346 2.42913
      vertex -0.844303 -0.561918 2.42913
      vertex -0.915625 -0.52635 2.42913
    endloop
  endfacet
  facet normal 0 0 1
    outer loop
      vertex -0.844303 -0.561918 2.42913
      vertex -0.841205 -0.552091 2.42913
      vertex -0.915625 -0.52635 2.42913
    endloop
  endfacet
  facet normal 0 0 1
    outer loop
      vertex -0.915625 -0.52635 2.42913
      vertex -0.841205 -0.552091 2.42913
      vertex -0.909333 -0.510831 2.42913
    endloop
  endfacet
  facet normal 0 0 1
    outer loop
      vertex -0.841205 -0.552091 2.42913
      vertex -0.837261 -0.542572 2.42913
      vertex -0.909333 -0.510831 2.42913
    endloop
  endfacet
  facet normal 0 0 1
    outer loop
      vertex -0.909333 -0.510831 2.42913
      vertex -0.837261 -0.542572 2.42913
      vertex -0.901745 -0.495904 2.42913
    endloop
  endfacet
  facet normal 0 0 1
    outer loop
      vertex -0.837261 -0.542572 2.42913
      vertex -0.832504 -0.533432 2.42913
      vertex -0.901745 -0.495904 2.42913
    endloop
  endfacet
  facet normal 0 0 1
    outer loop
      vertex -0.901745 -0.495904 2.42913
      vertex -0.832504 -0.533432 2.42913
      vertex -0.892916 -0.481676 2.42913
    endloop
  endfacet
  facet normal 0 0 1
    outer loop
      vertex -0.832504 -0.533432 2.42913
      vertex -0.826968 -0.524742 2.42913
      vertex -0.892916 -0.481676 2.42913
    endloop
  endfacet
  facet normal 0 0 1
    outer loop
      vertex -0.892916 -0.481676 2.42913
      vertex -0.826968 -0.524742 2.42913
      vertex -0.88291 -0.468249 2.42913
    endloop
  endfacet
  facet normal 0 0 1
    outer loop
      vertex -0.826968 -0.524742 2.42913
      vertex -0.820695 -0.516568 2.42913
      vertex -0.88291 -0.468249 2.42913
    endloop
  endfacet
  facet normal 0 0 1
    outer loop
      vertex -0.88291 -0.468249 2.42913
      vertex -0.820695 -0.516568 2.42913
      vertex -0.871798 -0.455722 2.42913
    endloop
  endfacet
  facet normal 0 0 1
    outer loop
      vertex -0.820695 -0.516568 2.42913
      vertex -0.813734 -0.508971 2.42913
      vertex -0.871798 -0.455722 2.42913
    endloop
  endfacet
  facet normal 0 0 1
    outer loop
      vertex -0.871798 -0.455722 2.42913
      vertex -0.813734 -0.508971 2.42913
      vertex -0.859663 -0.444184 2.42913
    endloop
  endfacet
  facet normal 0 0 1
    outer loop
      vertex -0.813734 -0.508971 2.42913
      vertex -0.806137 -0.50201 2.42913
      vertex -0.859663 -0.444184 2.42913
    endloop
  endfacet
  facet normal 0 0 1
    outer loop
      vertex -0.859663 -0.444184 2.42913
      vertex -0.806137 -0.50201 2.42913
      vertex -0.84659 -0.433719 2.42913
    endloop
  endfacet
  facet normal 0 0 1
    outer loop
      vertex -0.806137 -0.50201 2.42913
      vertex -0.797963 -0.495737 2.42913
      vertex -0.84659 -0.433719 2.42913
    endloop
  endfacet
  facet normal 0 0 1
    outer loop
      vertex -0.84659 -0.433719 2.42913
      vertex -0.797963 -0.495737 2.42913
      vertex -0.832676 -0.424403 2.42913
    endloop
  endfacet
  facet normal 0 0 1
    outer loop
      vertex -0.797963 -0.495737 2.42913
      vertex -0.789272 -0.490201 2.42913
      vertex -0.832676 -0.424403 2.42913
    endloop
  endfacet
  facet normal 0 0 1
    outer loop
      vertex -0.832676 -0.424403 2.42913
      vertex -0.789272 -0.490201 2.42913
      vertex -0.81802 -0.416303 2.42913
    endloop
  endfacet
  facet normal 0 0 1
    outer loop
      vertex -0.789272 -0.490201 2.42913
      vertex -0.780133 -0.485443 2.42913
      vertex -0.81802 -0.416303 2.42913
    endloop
  endfacet
  facet normal 0 0 1
    outer loop
      vertex -0.81802 -0.416303 2.42913
      vertex -0.780133 -0.485443 2.42913
      vertex -0.802729 -0.409479 2.42913
    endloop
  endfacet
  facet normal 0 0 1
    outer loop
      vertex -0.780133 -0.485443 2.42913
      vertex -0.770613 -0.4815 2.42913
      vertex -0.802729 -0.409479 2.42913
    endloop
  endfacet
  facet normal 0 0 1
    outer loop
      vertex -0.802729 -0.409479 2.42913
      vertex -0.770613 -0.4815 2.42913
      vertex -0.786913 -0.403978 2.42913
    endloop
  endfacet
  facet normal 0 0 1
    outer loop
      vertex -0.770613 -0.4815 2.42913
      vertex -0.760786 -0.478402 2.42913
      vertex -0.786913 -0.403978 2.42913
    endloop
  endfacet
  facet normal 0 0 1
    outer loop
      vertex -0.786913 -0.403978 2.42913
      vertex -0.760786 -0.478402 2.42913
      vertex -0.750834 -0.391463 2.42913
    endloop
  endfacet
  facet normal 0 0 1
    outer loop
      vertex -0.760786 -0.478402 2.42913
      vertex -0.750727 -0.476171 2.42913
      vertex -0.750834 -0.391463 2.42913
    endloop
  endfacet
  facet normal 0 0 1
    outer loop
      vertex -0.750834 -0.391463 2.42913
      vertex -0.750727 -0.476171 2.42913
      vertex -0.740511 -0.474827 2.42913
    endloop
  endfacet
  facet normal 0 0 1
    outer loop
      vertex -0.116315 0.0473939 2.42913
      vertex -0.140614 0.0547758 2.42913
      vertex -0.646701 -0.508971 2.42913
    endloop
  endfacet
  facet normal 0 0 1
    outer loop
      vertex -0.140614 0.0547758 2.42913
      vertex -0.165457 0.0600426 2.42913
      vertex -0.646701 -0.508971 2.42913
    endloop
  endfacet
  facet normal 0 0 1
    outer loop
      vertex -0.646701 -0.508971 2.42913
      vertex -0.165457 0.0600426 2.42913
      vertex -0.654298 -0.50201 2.42913
    endloop
  endfacet
  facet normal 0 0 1
    outer loop
      vertex -0.165457 0.0600426 2.42913
      vertex -0.190661 0.0631552 2.42913
      vertex -0.654298 -0.50201 2.42913
    endloop
  endfacet
  facet normal 0 0 1
    outer loop
      vertex -0.654298 -0.50201 2.42913
      vertex -0.190661 0.0631552 2.42913
      vertex -0.216039 0.0640906 2.42913
    endloop
  endfacet
  facet normal 0 0 1
    outer loop
      vertex 0.0026568 -0.431564 2.42913
      vertex 0.019073 -0.412187 2.42913
      vertex -0.616132 -0.561918 2.42913
    endloop
  endfacet
  facet normal 0 0 1
    outer loop
      vertex 0.019073 -0.412187 2.42913
      vertex 0.0337635 -0.391472 2.42913
      vertex -0.616132 -0.561918 2.42913
    endloop
  endfacet
  facet normal 0 0 1
    outer loop
      vertex -0.616132 -0.561918 2.42913
      vertex 0.0337635 -0.391472 2.42913
      vertex -0.61923 -0.552091 2.42913
    endloop
  endfacet
  facet normal 0 0 1
    outer loop
      vertex 0.0337635 -0.391472 2.42913
      vertex 0.0466197 -0.369572 2.42913
      vertex -0.61923 -0.552091 2.42913
    endloop
  endfacet
  facet normal 0 0 1
    outer loop
      vertex -0.61923 -0.552091 2.42913
      vertex 0.0466197 -0.369572 2.42913
      vertex 0.0575465 -0.346647 2.42913
    endloop
  endfacet
  facet normal 0 0 1
    outer loop
      vertex -0.387981 -0.555454 2.42913
      vertex -0.613901 -0.571978 2.42913
      vertex -0.418336 -0.569434 2.42913
    endloop
  endfacet
  facet normal 0 0 1
    outer loop
      vertex -0.613901 -0.571978 2.42913
      vertex -0.612557 -0.582193 2.42913
      vertex -0.418336 -0.569434 2.42913
    endloop
  endfacet
  facet normal 0 0 1
    outer loop
      vertex -0.418336 -0.569434 2.42913
      vertex -0.612557 -0.582193 2.42913
      vertex -0.447396 -0.585937 2.42913
    endloop
  endfacet
  facet normal 0 0 1
    outer loop
      vertex -0.612557 -0.582193 2.42913
      vertex -0.612107 -0.592487 2.42913
      vertex -0.447396 -0.585937 2.42913
    endloop
  endfacet
  facet normal 0 0 1
    outer loop
      vertex -0.447396 -0.585937 2.42913
      vertex -0.612107 -0.592487 2.42913
      vertex -0.474951 -0.604845 2.42913
    endloop
  endfacet
  facet normal 0 0 1
    outer loop
      vertex -0.612107 -0.592487 2.42913
      vertex -0.612557 -0.602781 2.42913
      vertex -0.474951 -0.604845 2.42913
    endloop
  endfacet
  facet normal 0 0 1
    outer loop
      vertex -0.474951 -0.604845 2.42913
      vertex -0.612557 -0.602781 2.42913
      vertex -0.500804 -0.626023 2.42913
    endloop
  endfacet
  facet normal 0 0 1
    outer loop
      vertex -0.612557 -0.602781 2.42913
      vertex -0.613901 -0.612997 2.42913
      vertex -0.500804 -0.626023 2.42913
    endloop
  endfacet
  facet normal 0 0 1
    outer loop
      vertex -0.500804 -0.626023 2.42913
      vertex -0.613901 -0.612997 2.42913
      vertex -0.524768 -0.649316 2.42913
    endloop
  endfacet
  facet normal 0 0 1
    outer loop
      vertex -0.613901 -0.612997 2.42913
      vertex -0.616132 -0.623056 2.42913
      vertex -0.524768 -0.649316 2.42913
    endloop
  endfacet
  facet normal 0 0 1
    outer loop
      vertex -0.524768 -0.649316 2.42913
      vertex -0.616132 -0.623056 2.42913
      vertex -0.54667 -0.674558 2.42913
    endloop
  endfacet
  facet normal 0 0 1
    outer loop
      vertex -0.616132 -0.623056 2.42913
      vertex -0.61923 -0.632883 2.42913
      vertex -0.54667 -0.674558 2.42913
    endloop
  endfacet
  facet normal 0 0 1
    outer loop
      vertex -0.54667 -0.674558 2.42913
      vertex -0.61923 -0.632883 2.42913
      vertex -0.623173 -0.642403 2.42913
    endloop
  endfacet
  facet normal 0 0 1
    outer loop
      vertex -0.387981 -0.555454 2.42913
      vertex -0.35655 -0.5441 2.42913
      vertex -0.613901 -0.571978 2.42913
    endloop
  endfacet
  facet normal 0 0 1
    outer loop
      vertex -0.35655 -0.5441 2.42913
      vertex -0.324269 -0.535452 2.42913
      vertex -0.613901 -0.571978 2.42913
    endloop
  endfacet
  facet normal 0 0 1
    outer loop
      vertex -0.613901 -0.571978 2.42913
      vertex -0.324269 -0.535452 2.42913
      vertex -0.0348548 -0.465737 2.42913
    endloop
  endfacet
  facet normal 0 0 1
    outer loop
      vertex -0.324269 -0.535452 2.42913
      vertex -0.291371 -0.529573 2.42913
      vertex -0.0348548 -0.465737 2.42913
    endloop
  endfacet
  facet normal 0 0 1
    outer loop
      vertex -0.0348548 -0.465737 2.42913
      vertex -0.291371 -0.529573 2.42913
      vertex -0.258093 -0.526504 2.42913
    endloop
  endfacet
  facet normal 0 0 1
    outer loop
      vertex -0.490546 -0.127114 2.42913
      vertex -0.505484 -0.162259 2.42913
      vertex -0.382982 0.0111131 2.42913
    endloop
  endfacet
  facet normal 0 0 1
    outer loop
      vertex -0.0776636 -0.492983 2.42913
      vertex -0.173996 -0.523703 2.42913
      vertex -0.100664 -0.503748 2.42913
    endloop
  endfacet
  facet normal 0 0 1
    outer loop
      vertex -0.173996 -0.523703 2.42913
      vertex -0.14901 -0.519165 2.42913
      vertex -0.100664 -0.503748 2.42913
    endloop
  endfacet
  facet normal 0 0 1
    outer loop
      vertex -0.100664 -0.503748 2.42913
      vertex -0.14901 -0.519165 2.42913
      vertex -0.124505 -0.512497 2.42913
    endloop
  endfacet
  facet normal 0 0 1
    outer loop
      vertex -0.490546 -0.127114 2.42913
      vertex -0.382982 0.0111131 2.42913
      vertex -0.480582 -0.103755 2.42913
    endloop
  endfacet
  facet normal 0 0 1
    outer loop
      vertex -0.740511 -0.474827 2.42913
      vertex -0.730217 -0.474377 2.42913
      vertex -0.715925 -0.375982 2.42913
    endloop
  endfacet
  facet normal 0 0 1
    outer loop
      vertex -0.730217 -0.474377 2.42913
      vertex -0.719923 -0.474827 2.42913
      vertex -0.715925 -0.375982 2.42913
    endloop
  endfacet
  facet normal 0 0 1
    outer loop
      vertex -0.715925 -0.375982 2.42913
      vertex -0.719923 -0.474827 2.42913
      vertex -0.682429 -0.357644 2.42913
    endloop
  endfacet
  facet normal 0 0 1
    outer loop
      vertex -0.719923 -0.474827 2.42913
      vertex -0.709708 -0.476171 2.42913
      vertex -0.682429 -0.357644 2.42913
    endloop
  endfacet
  facet normal 0 0 1
    outer loop
      vertex -0.682429 -0.357644 2.42913
      vertex -0.709708 -0.476171 2.42913
      vertex -0.650579 -0.336577 2.42913
    endloop
  endfacet
  facet normal 0 0 1
    outer loop
      vertex -0.709708 -0.476171 2.42913
      vertex -0.699648 -0.478402 2.42913
      vertex -0.650579 -0.336577 2.42913
    endloop
  endfacet
  facet normal 0 0 1
    outer loop
      vertex -0.650579 -0.336577 2.42913
      vertex -0.699648 -0.478402 2.42913
      vertex -0.620597 -0.312926 2.42913
    endloop
  endfacet
  facet normal 0 0 1
    outer loop
      vertex -0.699648 -0.478402 2.42913
      vertex -0.689821 -0.4815 2.42913
      vertex -0.620597 -0.312926 2.42913
    endloop
  endfacet
  facet normal 0 0 1
    outer loop
      vertex -0.620597 -0.312926 2.42913
      vertex -0.689821 -0.4815 2.42913
      vertex -0.592691 -0.286857 2.42913
    endloop
  endfacet
  facet normal 0 0 1
    outer loop
      vertex -0.689821 -0.4815 2.42913
      vertex -0.680302 -0.485443 2.42913
      vertex -0.592691 -0.286857 2.42913
    endloop
  endfacet
  facet normal 0 0 1
    outer loop
      vertex -0.592691 -0.286857 2.42913
      vertex -0.680302 -0.485443 2.42913
      vertex -0.567058 -0.258552 2.42913
    endloop
  endfacet
  facet normal 0 0 1
    outer loop
      vertex -0.680302 -0.485443 2.42913
      vertex -0.671162 -0.490201 2.42913
      vertex -0.567058 -0.258552 2.42913
    endloop
  endfacet
  facet normal 0 0 1
    outer loop
      vertex -0.567058 -0.258552 2.42913
      vertex -0.671162 -0.490201 2.42913
      vertex -0.543874 -0.228207 2.42913
    endloop
  endfacet
  facet normal 0 0 1
    outer loop
      vertex -0.671162 -0.490201 2.42913
      vertex -0.523302 -0.196035 2.42913
      vertex -0.543874 -0.228207 2.42913
    endloop
  endfacet
  facet normal 0 0 1
    outer loop
      vertex -0.224675 -0.52627 2.42913
      vertex -0.19928 -0.526077 2.42913
      vertex -0.0348548 -0.465737 2.42913
    endloop
  endfacet
  facet normal 0 0 1
    outer loop
      vertex -0.19928 -0.526077 2.42913
      vertex -0.173996 -0.523703 2.42913
      vertex -0.0348548 -0.465737 2.42913
    endloop
  endfacet
  facet normal 0 0 1
    outer loop
      vertex -0.0348548 -0.465737 2.42913
      vertex -0.173996 -0.523703 2.42913
      vertex -0.0556729 -0.480281 2.42913
    endloop
  endfacet
  facet normal 0 0 1
    outer loop
      vertex -0.173996 -0.523703 2.42913
      vertex -0.0776636 -0.492983 2.42913
      vertex -0.0556729 -0.480281 2.42913
    endloop
  endfacet
  facet normal 0 0 1
    outer loop
      vertex -0.505484 -0.162259 2.42913
      vertex -0.523302 -0.196035 2.42913
      vertex -0.382982 0.0111131 2.42913
    endloop
  endfacet
  facet normal 0 0 1
    outer loop
      vertex -0.523302 -0.196035 2.42913
      vertex -0.671162 -0.490201 2.42913
      vertex -0.382982 0.0111131 2.42913
    endloop
  endfacet
  facet normal 0 0 1
    outer loop
      vertex -0.382982 0.0111131 2.42913
      vertex -0.671162 -0.490201 2.42913
      vertex -0.361539 0.0247184 2.42913
    endloop
  endfacet
  facet normal 0 0 1
    outer loop
      vertex -0.671162 -0.490201 2.42913
      vertex -0.662472 -0.495737 2.42913
      vertex -0.361539 0.0247184 2.42913
    endloop
  endfacet
  facet normal 0 0 1
    outer loop
      vertex -0.361539 0.0247184 2.42913
      vertex -0.662472 -0.495737 2.42913
      vertex -0.339006 0.0364309 2.42913
    endloop
  endfacet
  facet normal 0 0 1
    outer loop
      vertex -0.662472 -0.495737 2.42913
      vertex -0.315549 0.0461638 2.42913
      vertex -0.339006 0.0364309 2.42913
    endloop
  endfacet
  facet normal 0 0 1
    outer loop
      vertex -0.421975 -0.0213604 2.42913
      vertex -0.439235 -0.0399883 2.42913
      vertex -0.403177 -0.00428447 2.42913
    endloop
  endfacet
  facet normal 0 0 1
    outer loop
      vertex -0.439235 -0.0399883 2.42913
      vertex -0.454831 -0.0600305 2.42913
      vertex -0.403177 -0.00428447 2.42913
    endloop
  endfacet
  facet normal 0 0 1
    outer loop
      vertex -0.403177 -0.00428447 2.42913
      vertex -0.454831 -0.0600305 2.42913
      vertex -0.382982 0.0111131 2.42913
    endloop
  endfacet
  facet normal 0 0 1
    outer loop
      vertex -0.454831 -0.0600305 2.42913
      vertex -0.468648 -0.0813386 2.42913
      vertex -0.382982 0.0111131 2.42913
    endloop
  endfacet
  facet normal 0 0 1
    outer loop
      vertex -0.382982 0.0111131 2.42913
      vertex -0.468648 -0.0813386 2.42913
      vertex -0.480582 -0.103755 2.42913
    endloop
  endfacet
  facet normal 0.808168 -0.588952 0
    outer loop
      vertex -0.566352 -0.701566 2.42913
      vertex -0.566352 -0.701566 2.38976
      vertex -0.54667 -0.674558 2.42913
    endloop
  endfacet
  facet normal 0.808168 -0.588952 0
    outer loop
      vertex -0.566352 -0.701566 2.38976
      vertex -0.54667 -0.674558 2.38976
      vertex -0.54667 -0.674558 2.42913
    endloop
  endfacet
  facet normal 0.75531 -0.655368 0
    outer loop
      vertex -0.54667 -0.674558 2.42913
      vertex -0.54667 -0.674558 2.38976
      vertex -0.524768 -0.649316 2.42913
    endloop
  endfacet
  facet normal 0.75531 -0.655368 0
    outer loop
      vertex -0.54667 -0.674558 2.38976
      vertex -0.524768 -0.649316 2.38976
      vertex -0.524768 -0.649316 2.42913
    endloop
  endfacet
  facet normal 0.697008 -0.717063 0
    outer loop
      vertex -0.524768 -0.649316 2.42913
      vertex -0.524768 -0.649316 2.38976
      vertex -0.500804 -0.626023 2.42913
    endloop
  endfacet
  facet normal 0.697008 -0.717063 0
    outer loop
      vertex -0.524768 -0.649316 2.38976
      vertex -0.500804 -0.626023 2.38976
      vertex -0.500804 -0.626023 2.42913
    endloop
  endfacet
  facet normal 0.633684 -0.773592 0
    outer loop
      vertex -0.500804 -0.626023 2.42913
      vertex -0.500804 -0.626023 2.38976
      vertex -0.474951 -0.604845 2.42913
    endloop
  endfacet
  facet normal 0.633684 -0.773592 0
    outer loop
      vertex -0.500804 -0.626023 2.38976
      vertex -0.474951 -0.604845 2.38976
      vertex -0.474951 -0.604845 2.42913
    endloop
  endfacet
  facet normal 0.565794 -0.824546 0
    outer loop
      vertex -0.474951 -0.604845 2.42913
      vertex -0.474951 -0.604845 2.38976
      vertex -0.447396 -0.585937 2.42913
    endloop
  endfacet
  facet normal 0.565794 -0.824546 0
    outer loop
      vertex -0.474951 -0.604845 2.38976
      vertex -0.447396 -0.585937 2.38976
      vertex -0.447396 -0.585937 2.42913
    endloop
  endfacet
  facet normal 0.493828 -0.86956 0
    outer loop
      vertex -0.447396 -0.585937 2.42913
      vertex -0.447396 -0.585937 2.38976
      vertex -0.418336 -0.569434 2.42913
    endloop
  endfacet
  facet normal 0.493828 -0.86956 0
    outer loop
      vertex -0.447396 -0.585937 2.38976
      vertex -0.418336 -0.569434 2.38976
      vertex -0.418336 -0.569434 2.42913
    endloop
  endfacet
  facet normal 0.418303 -0.908308 0
    outer loop
      vertex -0.418336 -0.569434 2.42913
      vertex -0.418336 -0.569434 2.38976
      vertex -0.387981 -0.555454 2.42913
    endloop
  endfacet
  facet normal 0.418303 -0.908308 0
    outer loop
      vertex -0.418336 -0.569434 2.38976
      vertex -0.387981 -0.555454 2.38976
      vertex -0.387981 -0.555454 2.42913
    endloop
  endfacet
  facet normal 0.339764 -0.940511 0
    outer loop
      vertex -0.387981 -0.555454 2.42913
      vertex -0.387981 -0.555454 2.38976
      vertex -0.35655 -0.5441 2.42913
    endloop
  endfacet
  facet normal 0.339764 -0.940511 0
    outer loop
      vertex -0.387981 -0.555454 2.38976
      vertex -0.35655 -0.5441 2.38976
      vertex -0.35655 -0.5441 2.42913
    endloop
  endfacet
  facet normal 0.258777 -0.965937 0
    outer loop
      vertex -0.35655 -0.5441 2.42913
      vertex -0.35655 -0.5441 2.38976
      vertex -0.324269 -0.535452 2.42913
    endloop
  endfacet
  facet normal 0.258777 -0.965937 0
    outer loop
      vertex -0.35655 -0.5441 2.38976
      vertex -0.324269 -0.535452 2.38976
      vertex -0.324269 -0.535452 2.42913
    endloop
  endfacet
  facet normal 0.175925 -0.984404 0
    outer loop
      vertex -0.324269 -0.535452 2.42913
      vertex -0.324269 -0.535452 2.38976
      vertex -0.291371 -0.529573 2.42913
    endloop
  endfacet
  facet normal 0.175925 -0.984404 0
    outer loop
      vertex -0.324269 -0.535452 2.38976
      vertex -0.291371 -0.529573 2.38976
      vertex -0.291371 -0.529573 2.42913
    endloop
  endfacet
  facet normal 0.0918074 -0.995777 0
    outer loop
      vertex -0.291371 -0.529573 2.42913
      vertex -0.291371 -0.529573 2.38976
      vertex -0.258093 -0.526504 2.42913
    endloop
  endfacet
  facet normal 0.0918074 -0.995777 0
    outer loop
      vertex -0.291371 -0.529573 2.38976
      vertex -0.258093 -0.526504 2.38976
      vertex -0.258093 -0.526504 2.42913
    endloop
  endfacet
  facet normal 0.00702514 -0.999975 0
    outer loop
      vertex -0.258093 -0.526504 2.42913
      vertex -0.258093 -0.526504 2.38976
      vertex -0.224675 -0.52627 2.42913
    endloop
  endfacet
  facet normal 0.00702514 -0.999975 0
    outer loop
      vertex -0.258093 -0.526504 2.38976
      vertex -0.224675 -0.52627 2.38976
      vertex -0.224675 -0.52627 2.42913
    endloop
  endfacet
  facet normal -0.0292424 -0.999572 0
    outer loop
      vertex -0.743938 -0.788859 2.42913
      vertex -0.743938 -0.788859 2.38976
      vertex -0.728001 -0.789325 2.38976
    endloop
  endfacet
  facet normal -0.0292424 -0.999572 0
    outer loop
      vertex -0.743938 -0.788859 2.42913
      vertex -0.728001 -0.789325 2.38976
      vertex -0.728001 -0.789325 2.42913
    endloop
  endfacet
  facet normal 0.0517465 -0.99866 0
    outer loop
      vertex -0.728001 -0.789325 2.38976
      vertex -0.712078 -0.7885 2.38976
      vertex -0.728001 -0.789325 2.42913
    endloop
  endfacet
  facet normal 0.0517465 -0.99866 0
    outer loop
      vertex -0.728001 -0.789325 2.42913
      vertex -0.712078 -0.7885 2.38976
      vertex -0.712078 -0.7885 2.42913
    endloop
  endfacet
  facet normal 0.1324 -0.991196 0
    outer loop
      vertex -0.712078 -0.7885 2.38976
      vertex -0.696274 -0.786389 2.38976
      vertex -0.712078 -0.7885 2.42913
    endloop
  endfacet
  facet normal 0.1324 -0.991196 0
    outer loop
      vertex -0.712078 -0.7885 2.42913
      vertex -0.696274 -0.786389 2.38976
      vertex -0.696274 -0.786389 2.42913
    endloop
  endfacet
  facet normal 0.212184 -0.97723 0
    outer loop
      vertex -0.696274 -0.786389 2.38976
      vertex -0.680692 -0.783006 2.38976
      vertex -0.696274 -0.786389 2.42913
    endloop
  endfacet
  facet normal 0.212184 -0.97723 0
    outer loop
      vertex -0.696274 -0.786389 2.42913
      vertex -0.680692 -0.783006 2.38976
      vertex -0.680692 -0.783006 2.42913
    endloop
  endfacet
  facet normal 0.290579 -0.956851 0
    outer loop
      vertex -0.680692 -0.783006 2.38976
      vertex -0.665436 -0.778373 2.38976
      vertex -0.680692 -0.783006 2.42913
    endloop
  endfacet
  facet normal 0.290579 -0.956851 0
    outer loop
      vertex -0.680692 -0.783006 2.42913
      vertex -0.665436 -0.778373 2.38976
      vertex -0.665436 -0.778373 2.42913
    endloop
  endfacet
  facet normal 0.36706 -0.930197 0
    outer loop
      vertex -0.665436 -0.778373 2.38976
      vertex -0.650605 -0.77252 2.38976
      vertex -0.665436 -0.778373 2.42913
    endloop
  endfacet
  facet normal 0.36706 -0.930197 0
    outer loop
      vertex -0.665436 -0.778373 2.42913
      vertex -0.650605 -0.77252 2.38976
      vertex -0.650605 -0.77252 2.42913
    endloop
  endfacet
  facet normal 0.441138 -0.897439 0
    outer loop
      vertex -0.650605 -0.77252 2.38976
      vertex -0.636296 -0.765487 2.38976
      vertex -0.650605 -0.77252 2.42913
    endloop
  endfacet
  facet normal 0.441138 -0.897439 0
    outer loop
      vertex -0.650605 -0.77252 2.42913
      vertex -0.636296 -0.765487 2.38976
      vertex -0.636296 -0.765487 2.42913
    endloop
  endfacet
  facet normal 0.51232 -0.858794 0
    outer loop
      vertex -0.636296 -0.765487 2.38976
      vertex -0.622603 -0.757318 2.38976
      vertex -0.636296 -0.765487 2.42913
    endloop
  endfacet
  facet normal 0.51232 -0.858794 0
    outer loop
      vertex -0.636296 -0.765487 2.42913
      vertex -0.622603 -0.757318 2.38976
      vertex -0.622603 -0.757318 2.42913
    endloop
  endfacet
  facet normal 0.580144 -0.814514 0
    outer loop
      vertex -0.622603 -0.757318 2.38976
      vertex -0.609616 -0.748068 2.38976
      vertex -0.622603 -0.757318 2.42913
    endloop
  endfacet
  facet normal 0.580144 -0.814514 0
    outer loop
      vertex -0.622603 -0.757318 2.42913
      vertex -0.609616 -0.748068 2.38976
      vertex -0.609616 -0.748068 2.42913
    endloop
  endfacet
  facet normal 0.64416 -0.764891 0
    outer loop
      vertex -0.609616 -0.748068 2.38976
      vertex -0.59742 -0.737798 2.38976
      vertex -0.609616 -0.748068 2.42913
    endloop
  endfacet
  facet normal 0.64416 -0.764891 0
    outer loop
      vertex -0.609616 -0.748068 2.42913
      vertex -0.59742 -0.737798 2.38976
      vertex -0.59742 -0.737798 2.42913
    endloop
  endfacet
  facet normal 0.703949 -0.71025 0
    outer loop
      vertex -0.59742 -0.737798 2.38976
      vertex -0.586096 -0.726574 2.38976
      vertex -0.59742 -0.737798 2.42913
    endloop
  endfacet
  facet normal 0.703949 -0.71025 0
    outer loop
      vertex -0.59742 -0.737798 2.42913
      vertex -0.586096 -0.726574 2.38976
      vertex -0.586096 -0.726574 2.42913
    endloop
  endfacet
  facet normal 0.759123 -0.650947 0
    outer loop
      vertex -0.586096 -0.726574 2.38976
      vertex -0.575717 -0.71447 2.38976
      vertex -0.586096 -0.726574 2.42913
    endloop
  endfacet
  facet normal 0.759123 -0.650947 0
    outer loop
      vertex -0.586096 -0.726574 2.42913
      vertex -0.575717 -0.71447 2.38976
      vertex -0.575717 -0.71447 2.42913
    endloop
  endfacet
  facet normal 0.809313 -0.587377 0
    outer loop
      vertex -0.575717 -0.71447 2.38976
      vertex -0.566352 -0.701566 2.38976
      vertex -0.575717 -0.71447 2.42913
    endloop
  endfacet
  facet normal 0.809313 -0.587377 0
    outer loop
      vertex -0.575717 -0.71447 2.42913
      vertex -0.566352 -0.701566 2.38976
      vertex -0.566352 -0.701566 2.42913
    endloop
  endfacet
  facet normal -0.920312 0.391185 0
    outer loop
      vertex -0.490546 -0.127114 2.42913
      vertex -0.490546 -0.127114 2.38976
      vertex -0.505484 -0.162259 2.42913
    endloop
  endfacet
  facet normal -0.920312 0.391185 0
    outer loop
      vertex -0.490546 -0.127114 2.38976
      vertex -0.505484 -0.162259 2.38976
      vertex -0.505484 -0.162259 2.42913
    endloop
  endfacet
  facet normal -0.88448 0.466577 0
    outer loop
      vertex -0.505484 -0.162259 2.42913
      vertex -0.505484 -0.162259 2.38976
      vertex -0.523302 -0.196035 2.42913
    endloop
  endfacet
  facet normal -0.88448 0.466577 0
    outer loop
      vertex -0.505484 -0.162259 2.38976
      vertex -0.523302 -0.196035 2.38976
      vertex -0.523302 -0.196035 2.42913
    endloop
  endfacet
  facet normal -0.842486 0.538718 0
    outer loop
      vertex -0.523302 -0.196035 2.42913
      vertex -0.523302 -0.196035 2.38976
      vertex -0.543874 -0.228207 2.42913
    endloop
  endfacet
  facet normal -0.842486 0.538718 0
    outer loop
      vertex -0.523302 -0.196035 2.38976
      vertex -0.543874 -0.228207 2.38976
      vertex -0.543874 -0.228207 2.42913
    endloop
  endfacet
  facet normal -0.794621 0.607105 0
    outer loop
      vertex -0.543874 -0.228207 2.42913
      vertex -0.543874 -0.228207 2.38976
      vertex -0.567058 -0.258552 2.42913
    endloop
  endfacet
  facet normal -0.794621 0.607105 0
    outer loop
      vertex -0.543874 -0.228207 2.38976
      vertex -0.567058 -0.258552 2.38976
      vertex -0.567058 -0.258552 2.42913
    endloop
  endfacet
  facet normal -0.74122 0.671262 0
    outer loop
      vertex -0.567058 -0.258552 2.42913
      vertex -0.567058 -0.258552 2.38976
      vertex -0.592691 -0.286857 2.42913
    endloop
  endfacet
  facet normal -0.74122 0.671262 0
    outer loop
      vertex -0.567058 -0.258552 2.38976
      vertex -0.592691 -0.286857 2.38976
      vertex -0.592691 -0.286857 2.42913
    endloop
  endfacet
  facet normal -0.682653 0.730742 0
    outer loop
      vertex -0.592691 -0.286857 2.42913
      vertex -0.592691 -0.286857 2.38976
      vertex -0.620597 -0.312926 2.42913
    endloop
  endfacet
  facet normal -0.682653 0.730742 0
    outer loop
      vertex -0.592691 -0.286857 2.38976
      vertex -0.620597 -0.312926 2.38976
      vertex -0.620597 -0.312926 2.42913
    endloop
  endfacet
  facet normal -0.619331 0.78513 0
    outer loop
      vertex -0.620597 -0.312926 2.42913
      vertex -0.620597 -0.312926 2.38976
      vertex -0.650579 -0.336577 2.42913
    endloop
  endfacet
  facet normal -0.619331 0.78513 0
    outer loop
      vertex -0.620597 -0.312926 2.38976
      vertex -0.650579 -0.336577 2.38976
      vertex -0.650579 -0.336577 2.42913
    endloop
  endfacet
  facet normal -0.551693 0.834047 0
    outer loop
      vertex -0.650579 -0.336577 2.42913
      vertex -0.650579 -0.336577 2.38976
      vertex -0.682429 -0.357644 2.42913
    endloop
  endfacet
  facet normal -0.551693 0.834047 0
    outer loop
      vertex -0.650579 -0.336577 2.38976
      vertex -0.682429 -0.357644 2.38976
      vertex -0.682429 -0.357644 2.42913
    endloop
  endfacet
  facet normal -0.48021 0.877153 0
    outer loop
      vertex -0.682429 -0.357644 2.42913
      vertex -0.682429 -0.357644 2.38976
      vertex -0.715925 -0.375982 2.42913
    endloop
  endfacet
  facet normal -0.48021 0.877153 0
    outer loop
      vertex -0.682429 -0.357644 2.38976
      vertex -0.715925 -0.375982 2.38976
      vertex -0.715925 -0.375982 2.42913
    endloop
  endfacet
  facet normal -0.405383 0.914147 0
    outer loop
      vertex -0.715925 -0.375982 2.42913
      vertex -0.715925 -0.375982 2.38976
      vertex -0.750834 -0.391463 2.42913
    endloop
  endfacet
  facet normal -0.405383 0.914147 0
    outer loop
      vertex -0.715925 -0.375982 2.38976
      vertex -0.750834 -0.391463 2.38976
      vertex -0.750834 -0.391463 2.42913
    endloop
  endfacet
  facet normal -0.32773 0.944771 0
    outer loop
      vertex -0.750834 -0.391463 2.42913
      vertex -0.750834 -0.391463 2.38976
      vertex -0.786913 -0.403978 2.42913
    endloop
  endfacet
  facet normal -0.32773 0.944771 0
    outer loop
      vertex -0.750834 -0.391463 2.38976
      vertex -0.786913 -0.403978 2.38976
      vertex -0.786913 -0.403978 2.42913
    endloop
  endfacet
  facet normal 0.00758724 -0.999971 0
    outer loop
      vertex -0.224675 -0.52627 2.42913
      vertex -0.224675 -0.52627 2.38976
      vertex -0.19928 -0.526077 2.38976
    endloop
  endfacet
  facet normal 0.00758724 -0.999971 0
    outer loop
      vertex -0.224675 -0.52627 2.42913
      vertex -0.19928 -0.526077 2.38976
      vertex -0.19928 -0.526077 2.42913
    endloop
  endfacet
  facet normal 0.0934841 -0.995621 0
    outer loop
      vertex -0.19928 -0.526077 2.38976
      vertex -0.173996 -0.523703 2.38976
      vertex -0.19928 -0.526077 2.42913
    endloop
  endfacet
  facet normal 0.0934841 -0.995621 0
    outer loop
      vertex -0.19928 -0.526077 2.42913
      vertex -0.173996 -0.523703 2.38976
      vertex -0.173996 -0.523703 2.42913
    endloop
  endfacet
  facet normal 0.178686 -0.983906 0
    outer loop
      vertex -0.173996 -0.523703 2.38976
      vertex -0.14901 -0.519165 2.38976
      vertex -0.173996 -0.523703 2.42913
    endloop
  endfacet
  facet normal 0.178686 -0.983906 0
    outer loop
      vertex -0.173996 -0.523703 2.42913
      vertex -0.14901 -0.519165 2.38976
      vertex -0.14901 -0.519165 2.42913
    endloop
  endfacet
  facet normal 0.262569 -0.964913 0
    outer loop
      vertex -0.14901 -0.519165 2.38976
      vertex -0.124505 -0.512497 2.38976
      vertex -0.14901 -0.519165 2.42913
    endloop
  endfacet
  facet normal 0.262569 -0.964913 0
    outer loop
      vertex -0.14901 -0.519165 2.42913
      vertex -0.124505 -0.512497 2.38976
      vertex -0.124505 -0.512497 2.42913
    endloop
  endfacet
  facet normal 0.34451 -0.938783 0
    outer loop
      vertex -0.124505 -0.512497 2.38976
      vertex -0.100664 -0.503748 2.38976
      vertex -0.124505 -0.512497 2.42913
    endloop
  endfacet
  facet normal 0.34451 -0.938783 0
    outer loop
      vertex -0.124505 -0.512497 2.42913
      vertex -0.100664 -0.503748 2.38976
      vertex -0.100664 -0.503748 2.42913
    endloop
  endfacet
  facet normal 0.423901 -0.905708 0
    outer loop
      vertex -0.100664 -0.503748 2.38976
      vertex -0.0776636 -0.492983 2.38976
      vertex -0.100664 -0.503748 2.42913
    endloop
  endfacet
  facet normal 0.423901 -0.905708 0
    outer loop
      vertex -0.100664 -0.503748 2.42913
      vertex -0.0776636 -0.492983 2.38976
      vertex -0.0776636 -0.492983 2.42913
    endloop
  endfacet
  facet normal 0.500158 -0.865934 0
    outer loop
      vertex -0.0776636 -0.492983 2.38976
      vertex -0.0556729 -0.480281 2.38976
      vertex -0.0776636 -0.492983 2.42913
    endloop
  endfacet
  facet normal 0.500158 -0.865934 0
    outer loop
      vertex -0.0776636 -0.492983 2.42913
      vertex -0.0556729 -0.480281 2.38976
      vertex -0.0556729 -0.480281 2.42913
    endloop
  endfacet
  facet normal 0.572714 -0.819755 0
    outer loop
      vertex -0.0556729 -0.480281 2.38976
      vertex -0.0348548 -0.465737 2.38976
      vertex -0.0556729 -0.480281 2.42913
    endloop
  endfacet
  facet normal 0.572714 -0.819755 0
    outer loop
      vertex -0.0556729 -0.480281 2.42913
      vertex -0.0348548 -0.465737 2.38976
      vertex -0.0348548 -0.465737 2.42913
    endloop
  endfacet
  facet normal 0.641035 -0.767512 0
    outer loop
      vertex -0.0348548 -0.465737 2.38976
      vertex -0.0153636 -0.449458 2.38976
      vertex -0.0348548 -0.465737 2.42913
    endloop
  endfacet
  facet normal 0.641035 -0.767512 0
    outer loop
      vertex -0.0348548 -0.465737 2.42913
      vertex -0.0153636 -0.449458 2.38976
      vertex -0.0153636 -0.449458 2.42913
    endloop
  endfacet
  facet normal 0.704614 -0.709591 0
    outer loop
      vertex -0.0153636 -0.449458 2.38976
      vertex 0.0026568 -0.431564 2.38976
      vertex -0.0153636 -0.449458 2.42913
    endloop
  endfacet
  facet normal 0.704614 -0.709591 0
    outer loop
      vertex -0.0153636 -0.449458 2.42913
      vertex 0.0026568 -0.431564 2.38976
      vertex 0.0026568 -0.431564 2.42913
    endloop
  endfacet
  facet normal 0.762979 -0.646423 0
    outer loop
      vertex 0.0026568 -0.431564 2.38976
      vertex 0.019073 -0.412187 2.38976
      vertex 0.0026568 -0.431564 2.42913
    endloop
  endfacet
  facet normal 0.762979 -0.646423 0
    outer loop
      vertex 0.0026568 -0.431564 2.42913
      vertex 0.019073 -0.412187 2.38976
      vertex 0.019073 -0.412187 2.42913
    endloop
  endfacet
  facet normal 0.815703 -0.578471 0
    outer loop
      vertex 0.019073 -0.412187 2.38976
      vertex 0.0337635 -0.391472 2.38976
      vertex 0.019073 -0.412187 2.42913
    endloop
  endfacet
  facet normal 0.815703 -0.578471 0
    outer loop
      vertex 0.019073 -0.412187 2.42913
      vertex 0.0337635 -0.391472 2.38976
      vertex 0.0337635 -0.391472 2.42913
    endloop
  endfacet
  facet normal 0.862392 -0.506242 0
    outer loop
      vertex 0.0337635 -0.391472 2.38976
      vertex 0.0466197 -0.369572 2.38976
      vertex 0.0337635 -0.391472 2.42913
    endloop
  endfacet
  facet normal 0.862392 -0.506242 0
    outer loop
      vertex 0.0337635 -0.391472 2.42913
      vertex 0.0466197 -0.369572 2.38976
      vertex 0.0466197 -0.369572 2.42913
    endloop
  endfacet
  facet normal 0.902701 -0.430268 0
    outer loop
      vertex 0.0466197 -0.369572 2.38976
      vertex 0.0575465 -0.346647 2.38976
      vertex 0.0466197 -0.369572 2.42913
    endloop
  endfacet
  facet normal 0.902701 -0.430268 0
    outer loop
      vertex 0.0466197 -0.369572 2.42913
      vertex 0.0575465 -0.346647 2.38976
      vertex 0.0575465 -0.346647 2.42913
    endloop
  endfacet
  facet normal 0.936334 -0.351111 0
    outer loop
      vertex 0.0575465 -0.346647 2.38976
      vertex 0.0664631 -0.322868 2.38976
      vertex 0.0575465 -0.346647 2.42913
    endloop
  endfacet
  facet normal 0.936334 -0.351111 0
    outer loop
      vertex 0.0575465 -0.346647 2.42913
      vertex 0.0664631 -0.322868 2.38976
      vertex 0.0664631 -0.322868 2.42913
    endloop
  endfacet
  facet normal 0.963041 -0.269356 0
    outer loop
      vertex 0.0664631 -0.322868 2.38976
      vertex 0.0733035 -0.298412 2.38976
      vertex 0.0664631 -0.322868 2.42913
    endloop
  endfacet
  facet normal 0.963041 -0.269356 0
    outer loop
      vertex 0.0664631 -0.322868 2.42913
      vertex 0.0733035 -0.298412 2.38976
      vertex 0.0733035 -0.298412 2.42913
    endloop
  endfacet
  facet normal 0.982624 -0.18561 0
    outer loop
      vertex 0.0733035 -0.298412 2.38976
      vertex 0.0780172 -0.273458 2.38976
      vertex 0.0733035 -0.298412 2.42913
    endloop
  endfacet
  facet normal 0.982624 -0.18561 0
    outer loop
      vertex 0.0733035 -0.298412 2.42913
      vertex 0.0780172 -0.273458 2.38976
      vertex 0.0780172 -0.273458 2.42913
    endloop
  endfacet
  facet normal 0.994938 -0.10049 0
    outer loop
      vertex 0.0780172 -0.273458 2.38976
      vertex 0.0805691 -0.248191 2.38976
      vertex 0.0780172 -0.273458 2.42913
    endloop
  endfacet
  facet normal 0.994938 -0.10049 0
    outer loop
      vertex 0.0780172 -0.273458 2.42913
      vertex 0.0805691 -0.248191 2.38976
      vertex 0.0805691 -0.248191 2.42913
    endloop
  endfacet
  facet normal 0.999893 -0.0146269 0
    outer loop
      vertex 0.0805691 -0.248191 2.38976
      vertex 0.0809406 -0.222798 2.38976
      vertex 0.0805691 -0.248191 2.42913
    endloop
  endfacet
  facet normal 0.999893 -0.0146269 0
    outer loop
      vertex 0.0805691 -0.248191 2.42913
      vertex 0.0809406 -0.222798 2.38976
      vertex 0.0809406 -0.222798 2.42913
    endloop
  endfacet
  facet normal 0.997452 0.0713439 0
    outer loop
      vertex 0.0809406 -0.222798 2.38976
      vertex 0.0791288 -0.197467 2.38976
      vertex 0.0809406 -0.222798 2.42913
    endloop
  endfacet
  facet normal 0.997452 0.0713439 0
    outer loop
      vertex 0.0809406 -0.222798 2.42913
      vertex 0.0791288 -0.197467 2.38976
      vertex 0.0791288 -0.197467 2.42913
    endloop
  endfacet
  facet normal 0.987632 0.156787 0
    outer loop
      vertex 0.0791288 -0.197467 2.38976
      vertex 0.0751471 -0.172386 2.38976
      vertex 0.0791288 -0.197467 2.42913
    endloop
  endfacet
  facet normal 0.987632 0.156787 0
    outer loop
      vertex 0.0791288 -0.197467 2.42913
      vertex 0.0751471 -0.172386 2.38976
      vertex 0.0751471 -0.172386 2.42913
    endloop
  endfacet
  facet normal 0.970507 0.241071 0
    outer loop
      vertex 0.0751471 -0.172386 2.38976
      vertex 0.069025 -0.14774 2.38976
      vertex 0.0751471 -0.172386 2.42913
    endloop
  endfacet
  facet normal 0.970507 0.241071 0
    outer loop
      vertex 0.0751471 -0.172386 2.42913
      vertex 0.069025 -0.14774 2.38976
      vertex 0.069025 -0.14774 2.42913
    endloop
  endfacet
  facet normal 0.946204 0.323571 0
    outer loop
      vertex 0.069025 -0.14774 2.38976
      vertex 0.0608078 -0.12371 2.38976
      vertex 0.069025 -0.14774 2.42913
    endloop
  endfacet
  facet normal 0.946204 0.323571 0
    outer loop
      vertex 0.069025 -0.14774 2.42913
      vertex 0.0608078 -0.12371 2.38976
      vertex 0.0608078 -0.12371 2.42913
    endloop
  endfacet
  facet normal 0.914901 0.403678 0
    outer loop
      vertex 0.0608078 -0.12371 2.38976
      vertex 0.0505562 -0.100476 2.38976
      vertex 0.0608078 -0.12371 2.42913
    endloop
  endfacet
  facet normal 0.914901 0.403678 0
    outer loop
      vertex 0.0608078 -0.12371 2.42913
      vertex 0.0505562 -0.100476 2.38976
      vertex 0.0505562 -0.100476 2.42913
    endloop
  endfacet
  facet normal 0.876831 0.4808 0
    outer loop
      vertex 0.0505562 -0.100476 2.38976
      vertex 0.0383461 -0.0782086 2.38976
      vertex 0.0505562 -0.100476 2.42913
    endloop
  endfacet
  facet normal 0.876831 0.4808 0
    outer loop
      vertex 0.0505562 -0.100476 2.42913
      vertex 0.0383461 -0.0782086 2.38976
      vertex 0.0383461 -0.0782086 2.42913
    endloop
  endfacet
  facet normal 0.832274 0.554364 0
    outer loop
      vertex 0.0383461 -0.0782086 2.38976
      vertex 0.0242678 -0.0570726 2.38976
      vertex 0.0383461 -0.0782086 2.42913
    endloop
  endfacet
  facet normal 0.832274 0.554364 0
    outer loop
      vertex 0.0383461 -0.0782086 2.42913
      vertex 0.0242678 -0.0570726 2.38976
      vertex 0.0242678 -0.0570726 2.42913
    endloop
  endfacet
  facet normal 0.781562 0.623828 0
    outer loop
      vertex 0.0242678 -0.0570726 2.38976
      vertex 0.00842546 -0.0372246 2.38976
      vertex 0.0242678 -0.0570726 2.42913
    endloop
  endfacet
  facet normal 0.781562 0.623828 0
    outer loop
      vertex 0.0242678 -0.0570726 2.42913
      vertex 0.00842546 -0.0372246 2.38976
      vertex 0.00842546 -0.0372246 2.42913
    endloop
  endfacet
  facet normal 0.725068 0.688677 0
    outer loop
      vertex 0.00842546 -0.0372246 2.38976
      vertex -0.00906377 -0.0188112 2.38976
      vertex 0.00842546 -0.0372246 2.42913
    endloop
  endfacet
  facet normal 0.725068 0.688677 0
    outer loop
      vertex 0.00842546 -0.0372246 2.42913
      vertex -0.00906377 -0.0188112 2.38976
      vertex -0.00906377 -0.0188112 2.42913
    endloop
  endfacet
  facet normal 0.663211 0.748432 0
    outer loop
      vertex -0.00906377 -0.0188112 2.38976
      vertex -0.0280705 -0.00196865 2.38976
      vertex -0.00906377 -0.0188112 2.42913
    endloop
  endfacet
  facet normal 0.663211 0.748432 0
    outer loop
      vertex -0.00906377 -0.0188112 2.42913
      vertex -0.0280705 -0.00196865 2.38976
      vertex -0.0280705 -0.00196865 2.42913
    endloop
  endfacet
  facet normal 0.596448 0.802652 0
    outer loop
      vertex -0.0280705 -0.00196865 2.38976
      vertex -0.0484542 0.0131784 2.38976
      vertex -0.0280705 -0.00196865 2.42913
    endloop
  endfacet
  facet normal 0.596448 0.802652 0
    outer loop
      vertex -0.0280705 -0.00196865 2.42913
      vertex -0.0484542 0.0131784 2.38976
      vertex -0.0484542 0.0131784 2.42913
    endloop
  endfacet
  facet normal 0.525273 0.850934 0
    outer loop
      vertex -0.0484542 0.0131784 2.38976
      vertex -0.070064 0.0265179 2.38976
      vertex -0.0484542 0.0131784 2.42913
    endloop
  endfacet
  facet normal 0.525273 0.850934 0
    outer loop
      vertex -0.0484542 0.0131784 2.42913
      vertex -0.070064 0.0265179 2.38976
      vertex -0.070064 0.0265179 2.42913
    endloop
  endfacet
  facet normal 0.450213 0.892921 0
    outer loop
      vertex -0.070064 0.0265179 2.38976
      vertex -0.0927401 0.0379513 2.38976
      vertex -0.070064 0.0265179 2.42913
    endloop
  endfacet
  facet normal 0.450213 0.892921 0
    outer loop
      vertex -0.070064 0.0265179 2.42913
      vertex -0.0927401 0.0379513 2.38976
      vertex -0.0927401 0.0379513 2.42913
    endloop
  endfacet
  facet normal 0.371823 0.928304 0
    outer loop
      vertex -0.0927401 0.0379513 2.38976
      vertex -0.116315 0.0473939 2.38976
      vertex -0.0927401 0.0379513 2.42913
    endloop
  endfacet
  facet normal 0.371823 0.928304 0
    outer loop
      vertex -0.0927401 0.0379513 2.42913
      vertex -0.116315 0.0473939 2.38976
      vertex -0.116315 0.0473939 2.42913
    endloop
  endfacet
  facet normal 0.290682 0.95682 0
    outer loop
      vertex -0.116315 0.0473939 2.38976
      vertex -0.140614 0.0547758 2.38976
      vertex -0.116315 0.0473939 2.42913
    endloop
  endfacet
  facet normal 0.290682 0.95682 0
    outer loop
      vertex -0.116315 0.0473939 2.42913
      vertex -0.140614 0.0547758 2.38976
      vertex -0.140614 0.0547758 2.42913
    endloop
  endfacet
  facet normal 0.207391 0.978258 0
    outer loop
      vertex -0.140614 0.0547758 2.38976
      vertex -0.165457 0.0600426 2.38976
      vertex -0.140614 0.0547758 2.42913
    endloop
  endfacet
  facet normal 0.207391 0.978258 0
    outer loop
      vertex -0.140614 0.0547758 2.42913
      vertex -0.165457 0.0600426 2.38976
      vertex -0.165457 0.0600426 2.42913
    endloop
  endfacet
  facet normal 0.122566 0.99246 0
    outer loop
      vertex -0.165457 0.0600426 2.38976
      vertex -0.190661 0.0631552 2.38976
      vertex -0.165457 0.0600426 2.42913
    endloop
  endfacet
  facet normal 0.122566 0.99246 0
    outer loop
      vertex -0.165457 0.0600426 2.42913
      vertex -0.190661 0.0631552 2.38976
      vertex -0.190661 0.0631552 2.42913
    endloop
  endfacet
  facet normal 0.0368342 0.999321 0
    outer loop
      vertex -0.190661 0.0631552 2.38976
      vertex -0.216039 0.0640906 2.38976
      vertex -0.190661 0.0631552 2.42913
    endloop
  endfacet
  facet normal 0.0368342 0.999321 0
    outer loop
      vertex -0.190661 0.0631552 2.42913
      vertex -0.216039 0.0640906 2.38976
      vertex -0.216039 0.0640906 2.42913
    endloop
  endfacet
  facet normal -0.04917 0.99879 0
    outer loop
      vertex -0.216039 0.0640906 2.38976
      vertex -0.241404 0.0628419 2.38976
      vertex -0.216039 0.0640906 2.42913
    endloop
  endfacet
  facet normal -0.04917 0.99879 0
    outer loop
      vertex -0.216039 0.0640906 2.42913
      vertex -0.241404 0.0628419 2.38976
      vertex -0.241404 0.0628419 2.42913
    endloop
  endfacet
  facet normal -0.13481 0.990871 0
    outer loop
      vertex -0.241404 0.0628419 2.38976
      vertex -0.266567 0.0594184 2.38976
      vertex -0.241404 0.0628419 2.42913
    endloop
  endfacet
  facet normal -0.13481 0.990871 0
    outer loop
      vertex -0.241404 0.0628419 2.42913
      vertex -0.266567 0.0594184 2.38976
      vertex -0.266567 0.0594184 2.42913
    endloop
  endfacet
  facet normal -0.219454 0.975623 0
    outer loop
      vertex -0.266567 0.0594184 2.38976
      vertex -0.291344 0.0538453 2.38976
      vertex -0.266567 0.0594184 2.42913
    endloop
  endfacet
  facet normal -0.219454 0.975623 0
    outer loop
      vertex -0.266567 0.0594184 2.42913
      vertex -0.291344 0.0538453 2.38976
      vertex -0.291344 0.0538453 2.42913
    endloop
  endfacet
  facet normal -0.302474 0.953158 0
    outer loop
      vertex -0.291344 0.0538453 2.38976
      vertex -0.315549 0.0461638 2.38976
      vertex -0.291344 0.0538453 2.42913
    endloop
  endfacet
  facet normal -0.302474 0.953158 0
    outer loop
      vertex -0.291344 0.0538453 2.42913
      vertex -0.315549 0.0461638 2.38976
      vertex -0.315549 0.0461638 2.42913
    endloop
  endfacet
  facet normal -0.383256 0.923642 0
    outer loop
      vertex -0.315549 0.0461638 2.38976
      vertex -0.339006 0.0364309 2.38976
      vertex -0.315549 0.0461638 2.42913
    endloop
  endfacet
  facet normal -0.383256 0.923642 0
    outer loop
      vertex -0.315549 0.0461638 2.42913
      vertex -0.339006 0.0364309 2.38976
      vertex -0.339006 0.0364309 2.42913
    endloop
  endfacet
  facet normal -0.461204 0.887294 0
    outer loop
      vertex -0.339006 0.0364309 2.38976
      vertex -0.361539 0.0247184 2.38976
      vertex -0.339006 0.0364309 2.42913
    endloop
  endfacet
  facet normal -0.461204 0.887294 0
    outer loop
      vertex -0.339006 0.0364309 2.42913
      vertex -0.361539 0.0247184 2.38976
      vertex -0.361539 0.0247184 2.42913
    endloop
  endfacet
  facet normal -0.53574 0.844383 0
    outer loop
      vertex -0.361539 0.0247184 2.38976
      vertex -0.382982 0.0111131 2.38976
      vertex -0.361539 0.0247184 2.42913
    endloop
  endfacet
  facet normal -0.53574 0.844383 0
    outer loop
      vertex -0.361539 0.0247184 2.42913
      vertex -0.382982 0.0111131 2.38976
      vertex -0.382982 0.0111131 2.42913
    endloop
  endfacet
  facet normal -0.606313 0.795226 0
    outer loop
      vertex -0.382982 0.0111131 2.38976
      vertex -0.403177 -0.00428447 2.38976
      vertex -0.382982 0.0111131 2.42913
    endloop
  endfacet
  facet normal -0.606313 0.795226 0
    outer loop
      vertex -0.382982 0.0111131 2.42913
      vertex -0.403177 -0.00428447 2.38976
      vertex -0.403177 -0.00428447 2.42913
    endloop
  endfacet
  facet normal -0.672402 0.740186 0
    outer loop
      vertex -0.403177 -0.00428447 2.38976
      vertex -0.421975 -0.0213604 2.38976
      vertex -0.403177 -0.00428447 2.42913
    endloop
  endfacet
  facet normal -0.672402 0.740186 0
    outer loop
      vertex -0.403177 -0.00428447 2.42913
      vertex -0.421975 -0.0213604 2.38976
      vertex -0.421975 -0.0213604 2.42913
    endloop
  endfacet
  facet normal -0.733516 0.679672 0
    outer loop
      vertex -0.421975 -0.0213604 2.38976
      vertex -0.439235 -0.0399883 2.38976
      vertex -0.421975 -0.0213604 2.42913
    endloop
  endfacet
  facet normal -0.733516 0.679672 0
    outer loop
      vertex -0.421975 -0.0213604 2.42913
      vertex -0.439235 -0.0399883 2.38976
      vertex -0.439235 -0.0399883 2.42913
    endloop
  endfacet
  facet normal -0.789204 0.614131 0
    outer loop
      vertex -0.439235 -0.0399883 2.38976
      vertex -0.454831 -0.0600305 2.38976
      vertex -0.439235 -0.0399883 2.42913
    endloop
  endfacet
  facet normal -0.789204 0.614131 0
    outer loop
      vertex -0.439235 -0.0399883 2.42913
      vertex -0.454831 -0.0600305 2.38976
      vertex -0.454831 -0.0600305 2.42913
    endloop
  endfacet
  facet normal -0.839056 0.544045 0
    outer loop
      vertex -0.454831 -0.0600305 2.38976
      vertex -0.468648 -0.0813386 2.38976
      vertex -0.454831 -0.0600305 2.42913
    endloop
  endfacet
  facet normal -0.839056 0.544045 0
    outer loop
      vertex -0.454831 -0.0600305 2.42913
      vertex -0.468648 -0.0813386 2.38976
      vertex -0.468648 -0.0813386 2.42913
    endloop
  endfacet
  facet normal -0.8827 0.469937 0
    outer loop
      vertex -0.468648 -0.0813386 2.38976
      vertex -0.480582 -0.103755 2.38976
      vertex -0.468648 -0.0813386 2.42913
    endloop
  endfacet
  facet normal -0.8827 0.469937 0
    outer loop
      vertex -0.468648 -0.0813386 2.42913
      vertex -0.480582 -0.103755 2.38976
      vertex -0.480582 -0.103755 2.42913
    endloop
  endfacet
  facet normal -0.919815 0.392352 0
    outer loop
      vertex -0.480582 -0.103755 2.38976
      vertex -0.490546 -0.127114 2.38976
      vertex -0.480582 -0.103755 2.42913
    endloop
  endfacet
  facet normal -0.919815 0.392352 0
    outer loop
      vertex -0.480582 -0.103755 2.42913
      vertex -0.490546 -0.127114 2.38976
      vertex -0.490546 -0.127114 2.42913
    endloop
  endfacet
  facet normal -0.32848 0.944511 0
    outer loop
      vertex -0.786913 -0.403978 2.42913
      vertex -0.786913 -0.403978 2.38976
      vertex -0.802729 -0.409479 2.38976
    endloop
  endfacet
  facet normal -0.32848 0.944511 0
    outer loop
      vertex -0.786913 -0.403978 2.42913
      vertex -0.802729 -0.409479 2.38976
      vertex -0.802729 -0.409479 2.42913
    endloop
  endfacet
  facet normal -0.407567 0.913175 0
    outer loop
      vertex -0.802729 -0.409479 2.38976
      vertex -0.81802 -0.416303 2.38976
      vertex -0.802729 -0.409479 2.42913
    endloop
  endfacet
  facet normal -0.407567 0.913175 0
    outer loop
      vertex -0.802729 -0.409479 2.42913
      vertex -0.81802 -0.416303 2.38976
      vertex -0.81802 -0.416303 2.42913
    endloop
  endfacet
  facet normal -0.4837 0.875234 0
    outer loop
      vertex -0.81802 -0.416303 2.38976
      vertex -0.832676 -0.424403 2.38976
      vertex -0.81802 -0.416303 2.42913
    endloop
  endfacet
  facet normal -0.4837 0.875234 0
    outer loop
      vertex -0.81802 -0.416303 2.42913
      vertex -0.832676 -0.424403 2.38976
      vertex -0.832676 -0.424403 2.42913
    endloop
  endfacet
  facet normal -0.556337 0.830957 0
    outer loop
      vertex -0.832676 -0.424403 2.38976
      vertex -0.84659 -0.433719 2.38976
      vertex -0.832676 -0.424403 2.42913
    endloop
  endfacet
  facet normal -0.556337 0.830957 0
    outer loop
      vertex -0.832676 -0.424403 2.42913
      vertex -0.84659 -0.433719 2.38976
      vertex -0.84659 -0.433719 2.42913
    endloop
  endfacet
  facet normal -0.624942 0.780671 0
    outer loop
      vertex -0.84659 -0.433719 2.38976
      vertex -0.859663 -0.444184 2.38976
      vertex -0.84659 -0.433719 2.42913
    endloop
  endfacet
  facet normal -0.624942 0.780671 0
    outer loop
      vertex -0.84659 -0.433719 2.42913
      vertex -0.859663 -0.444184 2.38976
      vertex -0.859663 -0.444184 2.42913
    endloop
  endfacet
  facet normal -0.689031 0.724732 0
    outer loop
      vertex -0.859663 -0.444184 2.38976
      vertex -0.871798 -0.455722 2.38976
      vertex -0.859663 -0.444184 2.42913
    endloop
  endfacet
  facet normal -0.689031 0.724732 0
    outer loop
      vertex -0.859663 -0.444184 2.42913
      vertex -0.871798 -0.455722 2.38976
      vertex -0.871798 -0.455722 2.42913
    endloop
  endfacet
  facet normal -0.748131 0.663551 0
    outer loop
      vertex -0.871798 -0.455722 2.38976
      vertex -0.88291 -0.468249 2.38976
      vertex -0.871798 -0.455722 2.42913
    endloop
  endfacet
  facet normal -0.748131 0.663551 0
    outer loop
      vertex -0.871798 -0.455722 2.42913
      vertex -0.88291 -0.468249 2.38976
      vertex -0.88291 -0.468249 2.42913
    endloop
  endfacet
  facet normal -0.801819 0.597567 0
    outer loop
      vertex -0.88291 -0.468249 2.38976
      vertex -0.892916 -0.481676 2.38976
      vertex -0.88291 -0.468249 2.42913
    endloop
  endfacet
  facet normal -0.801819 0.597567 0
    outer loop
      vertex -0.88291 -0.468249 2.42913
      vertex -0.892916 -0.481676 2.38976
      vertex -0.892916 -0.481676 2.42913
    endloop
  endfacet
  facet normal -0.849705 0.527259 0
    outer loop
      vertex -0.892916 -0.481676 2.38976
      vertex -0.901745 -0.495904 2.38976
      vertex -0.892916 -0.481676 2.42913
    endloop
  endfacet
  facet normal -0.849705 0.527259 0
    outer loop
      vertex -0.892916 -0.481676 2.42913
      vertex -0.901745 -0.495904 2.38976
      vertex -0.901745 -0.495904 2.42913
    endloop
  endfacet
  facet normal -0.891441 0.453138 0
    outer loop
      vertex -0.901745 -0.495904 2.38976
      vertex -0.909333 -0.510831 2.38976
      vertex -0.901745 -0.495904 2.42913
    endloop
  endfacet
  facet normal -0.891441 0.453138 0
    outer loop
      vertex -0.901745 -0.495904 2.42913
      vertex -0.909333 -0.510831 2.38976
      vertex -0.909333 -0.510831 2.42913
    endloop
  endfacet
  facet normal -0.926728 0.375733 0
    outer loop
      vertex -0.909333 -0.510831 2.38976
      vertex -0.915625 -0.52635 2.38976
      vertex -0.909333 -0.510831 2.42913
    endloop
  endfacet
  facet normal -0.926728 0.375733 0
    outer loop
      vertex -0.909333 -0.510831 2.42913
      vertex -0.915625 -0.52635 2.38976
      vertex -0.915625 -0.52635 2.42913
    endloop
  endfacet
  facet normal -0.955308 0.295613 0
    outer loop
      vertex -0.915625 -0.52635 2.38976
      vertex -0.920575 -0.542346 2.38976
      vertex -0.915625 -0.52635 2.42913
    endloop
  endfacet
  facet normal -0.955308 0.295613 0
    outer loop
      vertex -0.915625 -0.52635 2.42913
      vertex -0.920575 -0.542346 2.38976
      vertex -0.920575 -0.542346 2.42913
    endloop
  endfacet
  facet normal -0.976974 0.213357 0
    outer loop
      vertex -0.920575 -0.542346 2.38976
      vertex -0.924147 -0.558706 2.38976
      vertex -0.920575 -0.542346 2.42913
    endloop
  endfacet
  facet normal -0.976974 0.213357 0
    outer loop
      vertex -0.920575 -0.542346 2.42913
      vertex -0.924147 -0.558706 2.38976
      vertex -0.924147 -0.558706 2.42913
    endloop
  endfacet
  facet normal -0.991572 0.129553 0
    outer loop
      vertex -0.924147 -0.558706 2.38976
      vertex -0.926317 -0.57531 2.38976
      vertex -0.924147 -0.558706 2.42913
    endloop
  endfacet
  facet normal -0.991572 0.129553 0
    outer loop
      vertex -0.924147 -0.558706 2.42913
      vertex -0.926317 -0.57531 2.38976
      vertex -0.926317 -0.57531 2.42913
    endloop
  endfacet
  facet normal -0.998996 0.0448093 0
    outer loop
      vertex -0.926317 -0.57531 2.38976
      vertex -0.927067 -0.592038 2.38976
      vertex -0.926317 -0.57531 2.42913
    endloop
  endfacet
  facet normal -0.998996 0.0448093 0
    outer loop
      vertex -0.926317 -0.57531 2.42913
      vertex -0.927067 -0.592038 2.38976
      vertex -0.927067 -0.592038 2.42913
    endloop
  endfacet
  facet normal -0.999189 -0.0402548 0
    outer loop
      vertex -0.927067 -0.592038 2.38976
      vertex -0.926393 -0.60877 2.38976
      vertex -0.927067 -0.592038 2.42913
    endloop
  endfacet
  facet normal -0.999189 -0.0402548 0
    outer loop
      vertex -0.927067 -0.592038 2.42913
      vertex -0.926393 -0.60877 2.38976
      vertex -0.926393 -0.60877 2.42913
    endloop
  endfacet
  facet normal -0.992154 -0.125026 0
    outer loop
      vertex -0.926393 -0.60877 2.38976
      vertex -0.9243 -0.625384 2.38976
      vertex -0.926393 -0.60877 2.42913
    endloop
  endfacet
  facet normal -0.992154 -0.125026 0
    outer loop
      vertex -0.926393 -0.60877 2.42913
      vertex -0.9243 -0.625384 2.38976
      vertex -0.9243 -0.625384 2.42913
    endloop
  endfacet
  facet normal -0.977937 -0.208898 0
    outer loop
      vertex -0.9243 -0.625384 2.38976
      vertex -0.920801 -0.641759 2.38976
      vertex -0.9243 -0.625384 2.42913
    endloop
  endfacet
  facet normal -0.977937 -0.208898 0
    outer loop
      vertex -0.9243 -0.625384 2.42913
      vertex -0.920801 -0.641759 2.38976
      vertex -0.920801 -0.641759 2.42913
    endloop
  endfacet
  facet normal -0.956645 -0.291256 0
    outer loop
      vertex -0.920801 -0.641759 2.38976
      vertex -0.915924 -0.657779 2.38976
      vertex -0.920801 -0.641759 2.42913
    endloop
  endfacet
  facet normal -0.956645 -0.291256 0
    outer loop
      vertex -0.920801 -0.641759 2.42913
      vertex -0.915924 -0.657779 2.38976
      vertex -0.915924 -0.657779 2.42913
    endloop
  endfacet
  facet normal -0.928432 -0.371503 0
    outer loop
      vertex -0.915924 -0.657779 2.38976
      vertex -0.909703 -0.673325 2.38976
      vertex -0.915924 -0.657779 2.42913
    endloop
  endfacet
  facet normal -0.928432 -0.371503 0
    outer loop
      vertex -0.915924 -0.657779 2.42913
      vertex -0.909703 -0.673325 2.38976
      vertex -0.909703 -0.673325 2.42913
    endloop
  endfacet
  facet normal -0.893499 -0.449066 0
    outer loop
      vertex -0.909703 -0.673325 2.38976
      vertex -0.902184 -0.688287 2.38976
      vertex -0.909703 -0.673325 2.42913
    endloop
  endfacet
  facet normal -0.893499 -0.449066 0
    outer loop
      vertex -0.909703 -0.673325 2.42913
      vertex -0.902184 -0.688287 2.38976
      vertex -0.902184 -0.688287 2.42913
    endloop
  endfacet
  facet normal -0.8521 -0.523379 0
    outer loop
      vertex -0.902184 -0.688287 2.38976
      vertex -0.89342 -0.702556 2.38976
      vertex -0.902184 -0.688287 2.42913
    endloop
  endfacet
  facet normal -0.8521 -0.523379 0
    outer loop
      vertex -0.902184 -0.688287 2.42913
      vertex -0.89342 -0.702556 2.38976
      vertex -0.89342 -0.702556 2.42913
    endloop
  endfacet
  facet normal -0.866025 0.5 0
    outer loop
      vertex -1.59236 -1.91316 2.42913
      vertex -0.89342 -0.702556 2.42913
      vertex -1.59236 -1.91316 2.38976
    endloop
  endfacet
  facet normal -0.866025 0.5 0
    outer loop
      vertex -0.89342 -0.702556 2.42913
      vertex -0.89342 -0.702556 2.38976
      vertex -1.59236 -1.91316 2.38976
    endloop
  endfacet
  facet normal -0.887007 0.461756 0
    outer loop
      vertex -1.59236 -1.91316 2.42913
      vertex -1.59236 -1.91316 2.38976
      vertex -1.59584 -1.91983 2.38976
    endloop
  endfacet
  facet normal -0.887007 0.461756 0
    outer loop
      vertex -1.59236 -1.91316 2.42913
      vertex -1.59584 -1.91983 2.38976
      vertex -1.59584 -1.91983 2.42913
    endloop
  endfacet
  facet normal -0.923886 0.382668 0
    outer loop
      vertex -1.59584 -1.91983 2.38976
      vertex -1.59872 -1.92679 2.38976
      vertex -1.59584 -1.91983 2.42913
    endloop
  endfacet
  facet normal -0.923886 0.382668 0
    outer loop
      vertex -1.59584 -1.91983 2.42913
      vertex -1.59872 -1.92679 2.38976
      vertex -1.59872 -1.92679 2.42913
    endloop
  endfacet
  facet normal -0.953715 0.300711 0
    outer loop
      vertex -1.59872 -1.92679 2.38976
      vertex -1.60098 -1.93397 2.38976
      vertex -1.59872 -1.92679 2.42913
    endloop
  endfacet
  facet normal -0.953715 0.300711 0
    outer loop
      vertex -1.59872 -1.92679 2.42913
      vertex -1.60098 -1.93397 2.38976
      vertex -1.60098 -1.93397 2.42913
    endloop
  endfacet
  facet normal -0.976296 0.216442 0
    outer loop
      vertex -1.60098 -1.93397 2.38976
      vertex -1.60261 -1.94132 2.38976
      vertex -1.60098 -1.93397 2.42913
    endloop
  endfacet
  facet normal -0.976296 0.216442 0
    outer loop
      vertex -1.60098 -1.93397 2.42913
      vertex -1.60261 -1.94132 2.38976
      vertex -1.60261 -1.94132 2.42913
    endloop
  endfacet
  facet normal -0.991446 0.130518 0
    outer loop
      vertex -1.60261 -1.94132 2.38976
      vertex -1.60359 -1.94879 2.38976
      vertex -1.60261 -1.94132 2.42913
    endloop
  endfacet
  facet normal -0.991446 0.130518 0
    outer loop
      vertex -1.60261 -1.94132 2.42913
      vertex -1.60359 -1.94879 2.38976
      vertex -1.60359 -1.94879 2.42913
    endloop
  endfacet
  facet normal -0.999048 0.043635 0
    outer loop
      vertex -1.60359 -1.94879 2.38976
      vertex -1.60392 -1.95631 2.38976
      vertex -1.60359 -1.94879 2.42913
    endloop
  endfacet
  facet normal -0.999048 0.043635 0
    outer loop
      vertex -1.60359 -1.94879 2.42913
      vertex -1.60392 -1.95631 2.38976
      vertex -1.60392 -1.95631 2.42913
    endloop
  endfacet
  facet normal -0.999048 -0.043635 0
    outer loop
      vertex -1.60392 -1.95631 2.38976
      vertex -1.60359 -1.96383 2.38976
      vertex -1.60392 -1.95631 2.42913
    endloop
  endfacet
  facet normal -0.999048 -0.043635 0
    outer loop
      vertex -1.60392 -1.95631 2.42913
      vertex -1.60359 -1.96383 2.38976
      vertex -1.60359 -1.96383 2.42913
    endloop
  endfacet
  facet normal -0.991446 -0.130518 0
    outer loop
      vertex -1.60359 -1.96383 2.38976
      vertex -1.60261 -1.97129 2.38976
      vertex -1.60359 -1.96383 2.42913
    endloop
  endfacet
  facet normal -0.991446 -0.130518 0
    outer loop
      vertex -1.60359 -1.96383 2.42913
      vertex -1.60261 -1.97129 2.38976
      vertex -1.60261 -1.97129 2.42913
    endloop
  endfacet
  facet normal -0.976296 -0.216442 0
    outer loop
      vertex -1.60261 -1.97129 2.38976
      vertex -1.60098 -1.97864 2.38976
      vertex -1.60261 -1.97129 2.42913
    endloop
  endfacet
  facet normal -0.976296 -0.216442 0
    outer loop
      vertex -1.60261 -1.97129 2.42913
      vertex -1.60098 -1.97864 2.38976
      vertex -1.60098 -1.97864 2.42913
    endloop
  endfacet
  facet normal -0.953715 -0.300711 0
    outer loop
      vertex -1.60098 -1.97864 2.38976
      vertex -1.59872 -1.98582 2.38976
      vertex -1.60098 -1.97864 2.42913
    endloop
  endfacet
  facet normal -0.953715 -0.300711 0
    outer loop
      vertex -1.60098 -1.97864 2.42913
      vertex -1.59872 -1.98582 2.38976
      vertex -1.59872 -1.98582 2.42913
    endloop
  endfacet
  facet normal -0.923886 -0.382668 0
    outer loop
      vertex -1.59872 -1.98582 2.38976
      vertex -1.59584 -1.99278 2.38976
      vertex -1.59872 -1.98582 2.42913
    endloop
  endfacet
  facet normal -0.923886 -0.382668 0
    outer loop
      vertex -1.59872 -1.98582 2.42913
      vertex -1.59584 -1.99278 2.38976
      vertex -1.59584 -1.99278 2.42913
    endloop
  endfacet
  facet normal -0.887007 -0.461756 0
    outer loop
      vertex -1.59584 -1.99278 2.38976
      vertex -1.59236 -1.99946 2.38976
      vertex -1.59584 -1.99278 2.42913
    endloop
  endfacet
  facet normal -0.887007 -0.461756 0
    outer loop
      vertex -1.59584 -1.99278 2.42913
      vertex -1.59236 -1.99946 2.38976
      vertex -1.59236 -1.99946 2.42913
    endloop
  endfacet
  facet normal -0.843391 -0.5373 0
    outer loop
      vertex -1.59236 -1.99946 2.38976
      vertex -1.58831 -2.00581 2.38976
      vertex -1.59236 -1.99946 2.42913
    endloop
  endfacet
  facet normal -0.843391 -0.5373 0
    outer loop
      vertex -1.59236 -1.99946 2.42913
      vertex -1.58831 -2.00581 2.38976
      vertex -1.58831 -2.00581 2.42913
    endloop
  endfacet
  facet normal -0.793353 -0.608762 0
    outer loop
      vertex -1.58831 -2.00581 2.38976
      vertex -1.58373 -2.01178 2.38976
      vertex -1.58831 -2.00581 2.42913
    endloop
  endfacet
  facet normal -0.793353 -0.608762 0
    outer loop
      vertex -1.58831 -2.00581 2.42913
      vertex -1.58373 -2.01178 2.38976
      vertex -1.58373 -2.01178 2.42913
    endloop
  endfacet
  facet normal -0.73728 -0.675587 0
    outer loop
      vertex -1.58373 -2.01178 2.38976
      vertex -1.57864 -2.01733 2.38976
      vertex -1.58373 -2.01178 2.42913
    endloop
  endfacet
  facet normal -0.73728 -0.675587 0
    outer loop
      vertex -1.58373 -2.01178 2.42913
      vertex -1.57864 -2.01733 2.38976
      vertex -1.57864 -2.01733 2.42913
    endloop
  endfacet
  facet normal -0.675587 -0.73728 0
    outer loop
      vertex -1.57864 -2.01733 2.38976
      vertex -1.57309 -2.02242 2.38976
      vertex -1.57864 -2.01733 2.42913
    endloop
  endfacet
  facet normal -0.675587 -0.73728 0
    outer loop
      vertex -1.57864 -2.01733 2.42913
      vertex -1.57309 -2.02242 2.38976
      vertex -1.57309 -2.02242 2.42913
    endloop
  endfacet
  facet normal -0.608772 -0.793345 0
    outer loop
      vertex -1.57309 -2.02242 2.38976
      vertex -1.56712 -2.027 2.38976
      vertex -1.57309 -2.02242 2.42913
    endloop
  endfacet
  facet normal -0.608772 -0.793345 0
    outer loop
      vertex -1.57309 -2.02242 2.42913
      vertex -1.56712 -2.027 2.38976
      vertex -1.56712 -2.027 2.42913
    endloop
  endfacet
  facet normal -0.537291 -0.843397 0
    outer loop
      vertex -1.56712 -2.027 2.38976
      vertex -1.56077 -2.03105 2.38976
      vertex -1.56712 -2.027 2.42913
    endloop
  endfacet
  facet normal -0.537291 -0.843397 0
    outer loop
      vertex -1.56712 -2.027 2.42913
      vertex -1.56077 -2.03105 2.38976
      vertex -1.56077 -2.03105 2.42913
    endloop
  endfacet
  facet normal -0.461741 -0.887015 0
    outer loop
      vertex -1.56077 -2.03105 2.38976
      vertex -1.55409 -2.03452 2.38976
      vertex -1.56077 -2.03105 2.42913
    endloop
  endfacet
  facet normal -0.461741 -0.887015 0
    outer loop
      vertex -1.56077 -2.03105 2.42913
      vertex -1.55409 -2.03452 2.38976
      vertex -1.55409 -2.03452 2.42913
    endloop
  endfacet
  facet normal -0.382685 -0.923879 0
    outer loop
      vertex -1.55409 -2.03452 2.38976
      vertex -1.54714 -2.03741 2.38976
      vertex -1.55409 -2.03452 2.42913
    endloop
  endfacet
  facet normal -0.382685 -0.923879 0
    outer loop
      vertex -1.55409 -2.03452 2.42913
      vertex -1.54714 -2.03741 2.38976
      vertex -1.54714 -2.03741 2.42913
    endloop
  endfacet
  facet normal -0.300711 -0.953715 0
    outer loop
      vertex -1.54714 -2.03741 2.38976
      vertex -1.53996 -2.03967 2.38976
      vertex -1.54714 -2.03741 2.42913
    endloop
  endfacet
  facet normal -0.300711 -0.953715 0
    outer loop
      vertex -1.54714 -2.03741 2.42913
      vertex -1.53996 -2.03967 2.38976
      vertex -1.53996 -2.03967 2.42913
    endloop
  endfacet
  facet normal -0.216442 -0.976296 0
    outer loop
      vertex -1.53996 -2.03967 2.38976
      vertex -1.53261 -2.0413 2.38976
      vertex -1.53996 -2.03967 2.42913
    endloop
  endfacet
  facet normal -0.216442 -0.976296 0
    outer loop
      vertex -1.53996 -2.03967 2.42913
      vertex -1.53261 -2.0413 2.38976
      vertex -1.53261 -2.0413 2.42913
    endloop
  endfacet
  facet normal -0.130518 -0.991446 0
    outer loop
      vertex -1.53261 -2.0413 2.38976
      vertex -1.52514 -2.04228 2.38976
      vertex -1.53261 -2.0413 2.42913
    endloop
  endfacet
  facet normal -0.130518 -0.991446 0
    outer loop
      vertex -1.53261 -2.0413 2.42913
      vertex -1.52514 -2.04228 2.38976
      vertex -1.52514 -2.04228 2.42913
    endloop
  endfacet
  facet normal -0.043635 -0.999048 0
    outer loop
      vertex -1.52514 -2.04228 2.38976
      vertex -1.51762 -2.04261 2.38976
      vertex -1.52514 -2.04228 2.42913
    endloop
  endfacet
  facet normal -0.043635 -0.999048 0
    outer loop
      vertex -1.52514 -2.04228 2.42913
      vertex -1.51762 -2.04261 2.38976
      vertex -1.51762 -2.04261 2.42913
    endloop
  endfacet
  facet normal 0.043635 -0.999048 0
    outer loop
      vertex -1.51762 -2.04261 2.38976
      vertex -1.5101 -2.04228 2.38976
      vertex -1.51762 -2.04261 2.42913
    endloop
  endfacet
  facet normal 0.043635 -0.999048 0
    outer loop
      vertex -1.51762 -2.04261 2.42913
      vertex -1.5101 -2.04228 2.38976
      vertex -1.5101 -2.04228 2.42913
    endloop
  endfacet
  facet normal 0.130518 -0.991446 0
    outer loop
      vertex -1.5101 -2.04228 2.38976
      vertex -1.50263 -2.0413 2.38976
      vertex -1.5101 -2.04228 2.42913
    endloop
  endfacet
  facet normal 0.130518 -0.991446 0
    outer loop
      vertex -1.5101 -2.04228 2.42913
      vertex -1.50263 -2.0413 2.38976
      vertex -1.50263 -2.0413 2.42913
    endloop
  endfacet
  facet normal 0.216442 -0.976296 0
    outer loop
      vertex -1.50263 -2.0413 2.38976
      vertex -1.49528 -2.03967 2.38976
      vertex -1.50263 -2.0413 2.42913
    endloop
  endfacet
  facet normal 0.216442 -0.976296 0
    outer loop
      vertex -1.50263 -2.0413 2.42913
      vertex -1.49528 -2.03967 2.38976
      vertex -1.49528 -2.03967 2.42913
    endloop
  endfacet
  facet normal 0.300711 -0.953715 0
    outer loop
      vertex -1.49528 -2.03967 2.38976
      vertex -1.4881 -2.03741 2.38976
      vertex -1.49528 -2.03967 2.42913
    endloop
  endfacet
  facet normal 0.300711 -0.953715 0
    outer loop
      vertex -1.49528 -2.03967 2.42913
      vertex -1.4881 -2.03741 2.38976
      vertex -1.4881 -2.03741 2.42913
    endloop
  endfacet
  facet normal 0.382685 -0.923879 0
    outer loop
      vertex -1.4881 -2.03741 2.38976
      vertex -1.48115 -2.03452 2.38976
      vertex -1.4881 -2.03741 2.42913
    endloop
  endfacet
  facet normal 0.382685 -0.923879 0
    outer loop
      vertex -1.4881 -2.03741 2.42913
      vertex -1.48115 -2.03452 2.38976
      vertex -1.48115 -2.03452 2.42913
    endloop
  endfacet
  facet normal 0.461741 -0.887015 0
    outer loop
      vertex -1.48115 -2.03452 2.38976
      vertex -1.47447 -2.03105 2.38976
      vertex -1.48115 -2.03452 2.42913
    endloop
  endfacet
  facet normal 0.461741 -0.887015 0
    outer loop
      vertex -1.48115 -2.03452 2.42913
      vertex -1.47447 -2.03105 2.38976
      vertex -1.47447 -2.03105 2.42913
    endloop
  endfacet
  facet normal 0.537291 -0.843397 0
    outer loop
      vertex -1.47447 -2.03105 2.38976
      vertex -1.46812 -2.027 2.38976
      vertex -1.47447 -2.03105 2.42913
    endloop
  endfacet
  facet normal 0.537291 -0.843397 0
    outer loop
      vertex -1.47447 -2.03105 2.42913
      vertex -1.46812 -2.027 2.38976
      vertex -1.46812 -2.027 2.42913
    endloop
  endfacet
  facet normal 0.608772 -0.793345 0
    outer loop
      vertex -1.46812 -2.027 2.38976
      vertex -1.46214 -2.02242 2.38976
      vertex -1.46812 -2.027 2.42913
    endloop
  endfacet
  facet normal 0.608772 -0.793345 0
    outer loop
      vertex -1.46812 -2.027 2.42913
      vertex -1.46214 -2.02242 2.38976
      vertex -1.46214 -2.02242 2.42913
    endloop
  endfacet
  facet normal 0.675587 -0.73728 0
    outer loop
      vertex -1.46214 -2.02242 2.38976
      vertex -1.45659 -2.01733 2.38976
      vertex -1.46214 -2.02242 2.42913
    endloop
  endfacet
  facet normal 0.675587 -0.73728 0
    outer loop
      vertex -1.46214 -2.02242 2.42913
      vertex -1.45659 -2.01733 2.38976
      vertex -1.45659 -2.01733 2.42913
    endloop
  endfacet
  facet normal 0.73728 -0.675587 0
    outer loop
      vertex -1.45659 -2.01733 2.38976
      vertex -1.45151 -2.01178 2.38976
      vertex -1.45659 -2.01733 2.42913
    endloop
  endfacet
  facet normal 0.73728 -0.675587 0
    outer loop
      vertex -1.45659 -2.01733 2.42913
      vertex -1.45151 -2.01178 2.38976
      vertex -1.45151 -2.01178 2.42913
    endloop
  endfacet
  facet normal 0.793353 -0.608762 0
    outer loop
      vertex -1.45151 -2.01178 2.38976
      vertex -1.44692 -2.00581 2.38976
      vertex -1.45151 -2.01178 2.42913
    endloop
  endfacet
  facet normal 0.793353 -0.608762 0
    outer loop
      vertex -1.45151 -2.01178 2.42913
      vertex -1.44692 -2.00581 2.38976
      vertex -1.44692 -2.00581 2.42913
    endloop
  endfacet
  facet normal 0.843391 -0.5373 0
    outer loop
      vertex -1.44692 -2.00581 2.38976
      vertex -1.44288 -1.99946 2.38976
      vertex -1.44692 -2.00581 2.42913
    endloop
  endfacet
  facet normal 0.843391 -0.5373 0
    outer loop
      vertex -1.44692 -2.00581 2.42913
      vertex -1.44288 -1.99946 2.38976
      vertex -1.44288 -1.99946 2.42913
    endloop
  endfacet
  facet normal 0.866025 -0.5 0
    outer loop
      vertex -0.743938 -0.788859 2.42913
      vertex -1.44288 -1.99946 2.42913
      vertex -0.743938 -0.788859 2.38976
    endloop
  endfacet
  facet normal 0.866025 -0.5 0
    outer loop
      vertex -1.44288 -1.99946 2.42913
      vertex -1.44288 -1.99946 2.38976
      vertex -0.743938 -0.788859 2.38976
    endloop
  endfacet
endsolid Mesh
