solid Mesh
  facet normal -0.497347 -0.865077 -0.065477
    outer loop
      vertex -0.756812 -1.87929 -0.13044
      vertex -0.622749 -1.95906 -0.0947854
      vertex -0.764784 -1.87929 -0.0698819
    endloop
  endfacet
  facet normal -0.497594 -0.864744 -0.0679564
    outer loop
      vertex -0.622749 -1.95906 -0.0947854
      vertex -0.626041 -1.95913 -0.0698086
      vertex -0.764784 -1.87929 -0.0698819
    endloop
  endfacet
  facet normal 0.0437254 -0.346848 0.936902
    outer loop
      vertex -0.753804 -1.84485 0.146826
      vertex -0.618561 -1.90271 0.119093
      vertex -0.752187 -1.82284 0.154898
    endloop
  endfacet
  facet normal 0.0873325 -0.282175 0.95538
    outer loop
      vertex -0.618561 -1.90271 0.119093
      vertex -0.61726 -1.88006 0.125664
      vertex -0.752187 -1.82284 0.154898
    endloop
  endfacet
  facet normal 0.0873324 -0.282175 0.95538
    outer loop
      vertex -0.752187 -1.82284 0.154898
      vertex -0.61726 -1.88006 0.125664
      vertex -0.750808 -1.80024 0.161448
    endloop
  endfacet
  facet normal 0.130378 -0.21569 0.967719
    outer loop
      vertex -0.61726 -1.88006 0.125664
      vertex -0.616218 -1.85696 0.130674
      vertex -0.750808 -1.80024 0.161448
    endloop
  endfacet
  facet normal 0.130378 -0.21569 0.967719
    outer loop
      vertex -0.750808 -1.80024 0.161448
      vertex -0.616218 -1.85696 0.130674
      vertex -0.749717 -1.77716 0.166445
    endloop
  endfacet
  facet normal 0.172586 -0.147819 0.97384
    outer loop
      vertex -0.616218 -1.85696 0.130674
      vertex -0.615482 -1.83351 0.134101
      vertex -0.749717 -1.77716 0.166445
    endloop
  endfacet
  facet normal 0.172585 -0.14782 0.97384
    outer loop
      vertex -0.749717 -1.77716 0.166445
      vertex -0.615482 -1.83351 0.134101
      vertex -0.748949 -1.75374 0.169864
    endloop
  endfacet
  facet normal 0.213685 -0.0789981 0.973703
    outer loop
      vertex -0.615482 -1.83351 0.134101
      vertex -0.61508 -1.80988 0.135931
      vertex -0.748949 -1.75374 0.169864
    endloop
  endfacet
  facet normal 0.213685 -0.0789976 0.973703
    outer loop
      vertex -0.748949 -1.75374 0.169864
      vertex -0.61508 -1.80988 0.135931
      vertex -0.748533 -1.73011 0.17169
    endloop
  endfacet
  facet normal 0.246301 -0.0222925 0.968937
    outer loop
      vertex -0.61508 -1.80988 0.135931
      vertex -0.615007 -1.7948 0.13626
      vertex -0.748533 -1.73011 0.17169
    endloop
  endfacet
  facet normal 0.246301 -0.022292 0.968937
    outer loop
      vertex -0.748533 -1.73011 0.17169
      vertex -0.615007 -1.7948 0.13626
      vertex -0.748458 -1.71503 0.172017
    endloop
  endfacet
  facet normal -0.0436398 -0.469175 0.882026
    outer loop
      vertex -0.756812 -1.87929 0.13044
      vertex -0.622777 -1.95913 0.0946014
      vertex -0.756291 -1.87372 0.133428
    endloop
  endfacet
  facet normal -0.0377233 -0.461812 0.886175
    outer loop
      vertex -0.622777 -1.95913 0.0946014
      vertex -0.621707 -1.94618 0.101394
      vertex -0.756291 -1.87372 0.133428
    endloop
  endfacet
  facet normal -0.0301236 -0.450411 0.892313
    outer loop
      vertex -0.756291 -1.87372 0.133428
      vertex -0.621707 -1.94618 0.101394
      vertex -0.755603 -1.86615 0.137271
    endloop
  endfacet
  facet normal -0.00384054 -0.414405 0.910084
    outer loop
      vertex -0.621707 -1.94618 0.101394
      vertex -0.620333 -1.92842 0.109487
      vertex -0.755603 -1.86615 0.137271
    endloop
  endfacet
  facet normal -0.000977869 -0.409233 0.912429
    outer loop
      vertex -0.755603 -1.86615 0.137271
      vertex -0.620333 -1.92842 0.109487
      vertex -0.753804 -1.84485 0.146826
    endloop
  endfacet
  facet normal 0.0181217 -0.383596 0.923323
    outer loop
      vertex -0.620333 -1.92842 0.109487
      vertex -0.620066 -1.92479 0.110991
      vertex -0.753804 -1.84485 0.146826
    endloop
  endfacet
  facet normal 0.043726 -0.346846 0.936902
    outer loop
      vertex -0.753804 -1.84485 0.146826
      vertex -0.620066 -1.92479 0.110991
      vertex -0.618561 -1.90271 0.119093
    endloop
  endfacet
  facet normal -0.482962 -0.866026 0.12941
    outer loop
      vertex -0.600742 -1.7948 0.1895
      vertex -0.734192 -1.71503 0.225257
      vertex -0.608457 -1.79445 0.163036
    endloop
  endfacet
  facet normal -0.482963 -0.866026 0.12941
    outer loop
      vertex -0.734192 -1.71503 0.225257
      vertex -0.741803 -1.71475 0.198765
      vertex -0.608457 -1.79445 0.163036
    endloop
  endfacet
  facet normal -0.482963 -0.866026 0.129409
    outer loop
      vertex -0.608457 -1.79445 0.163036
      vertex -0.741803 -1.71475 0.198765
      vertex -0.615007 -1.7948 0.13626
    endloop
  endfacet
  facet normal -0.482963 -0.866025 0.129408
    outer loop
      vertex -0.741803 -1.71475 0.198765
      vertex -0.748458 -1.71503 0.172017
      vertex -0.615007 -1.7948 0.13626
    endloop
  endfacet
  facet normal -0.474127 -0.454153 -0.754286
    outer loop
      vertex -0.589111 -1.94618 0.223044
      vertex -0.586709 -1.95906 0.229288
      vertex -0.720638 -1.87929 0.265441
    endloop
  endfacet
  facet normal -0.47801 -0.469258 -0.742498
    outer loop
      vertex -0.720638 -1.87929 0.265441
      vertex -0.721681 -1.87372 0.262594
      vertex -0.589111 -1.94618 0.223044
    endloop
  endfacet
  facet normal -0.472244 -0.45041 -0.757704
    outer loop
      vertex -0.721681 -1.87372 0.262594
      vertex -0.723007 -1.86615 0.258921
      vertex -0.589111 -1.94618 0.223044
    endloop
  endfacet
  facet normal -0.458368 -0.414405 -0.786236
    outer loop
      vertex -0.589111 -1.94618 0.223044
      vertex -0.723007 -1.86615 0.258921
      vertex -0.591968 -1.92842 0.215348
    endloop
  endfacet
  facet normal -0.457062 -0.409233 -0.789698
    outer loop
      vertex -0.723007 -1.86615 0.258921
      vertex -0.726227 -1.84485 0.249747
      vertex -0.591968 -1.92842 0.215348
    endloop
  endfacet
  facet normal -0.445968 -0.383596 -0.808682
    outer loop
      vertex -0.591968 -1.92842 0.215348
      vertex -0.726227 -1.84485 0.249747
      vertex -0.592488 -1.92479 0.213912
    endloop
  endfacet
  facet normal -0.430584 -0.346848 -0.833243
    outer loop
      vertex -0.726227 -1.84485 0.249747
      vertex -0.728862 -1.82284 0.241948
      vertex -0.592488 -1.92479 0.213912
    endloop
  endfacet
  facet normal -0.430583 -0.346846 -0.833244
    outer loop
      vertex -0.592488 -1.92479 0.213912
      vertex -0.728862 -1.82284 0.241948
      vertex -0.595236 -1.90271 0.206143
    endloop
  endfacet
  facet normal -0.402058 -0.282175 -0.871049
    outer loop
      vertex -0.728862 -1.82284 0.241948
      vertex -0.730943 -1.80024 0.235586
      vertex -0.595236 -1.90271 0.206143
    endloop
  endfacet
  facet normal -0.402058 -0.282175 -0.871049
    outer loop
      vertex -0.595236 -1.90271 0.206143
      vertex -0.730943 -1.80024 0.235586
      vertex -0.597394 -1.88006 0.199802
    endloop
  endfacet
  facet normal -0.370949 -0.21569 -0.903258
    outer loop
      vertex -0.730943 -1.80024 0.235586
      vertex -0.732496 -1.77716 0.230713
      vertex -0.597394 -1.88006 0.199802
    endloop
  endfacet
  facet normal -0.370949 -0.21569 -0.903258
    outer loop
      vertex -0.597394 -1.88006 0.199802
      vertex -0.732496 -1.77716 0.230713
      vertex -0.598998 -1.85696 0.194942
    endloop
  endfacet
  facet normal -0.337456 -0.147818 -0.929663
    outer loop
      vertex -0.732496 -1.77716 0.230713
      vertex -0.733541 -1.75374 0.227368
      vertex -0.598998 -1.85696 0.194942
    endloop
  endfacet
  facet normal -0.337457 -0.147819 -0.929663
    outer loop
      vertex -0.598998 -1.85696 0.194942
      vertex -0.733541 -1.75374 0.227368
      vertex -0.600073 -1.83351 0.191606
    endloop
  endfacet
  facet normal -0.301796 -0.0789984 -0.950094
    outer loop
      vertex -0.733541 -1.75374 0.227368
      vertex -0.734093 -1.73011 0.225579
      vertex -0.600073 -1.83351 0.191606
    endloop
  endfacet
  facet normal -0.301796 -0.0789982 -0.950094
    outer loop
      vertex -0.600073 -1.83351 0.191606
      vertex -0.734093 -1.73011 0.225579
      vertex -0.600641 -1.80988 0.18982
    endloop
  endfacet
  facet normal -0.271166 -0.0222931 -0.962274
    outer loop
      vertex -0.734093 -1.73011 0.225579
      vertex -0.734192 -1.71503 0.225257
      vertex -0.600641 -1.80988 0.18982
    endloop
  endfacet
  facet normal -0.271165 -0.0222913 -0.962275
    outer loop
      vertex -0.600641 -1.80988 0.18982
      vertex -0.734192 -1.71503 0.225257
      vertex -0.600742 -1.7948 0.1895
    endloop
  endfacet
  facet normal -0.497347 -0.865077 0.065477
    outer loop
      vertex -0.764784 -1.87929 0.0698819
      vertex -0.626062 -1.95906 0.0696237
      vertex -0.756812 -1.87929 0.13044
    endloop
  endfacet
  facet normal -0.498228 -0.864744 0.0631455
    outer loop
      vertex -0.626062 -1.95906 0.0696237
      vertex -0.622777 -1.95913 0.0946014
      vertex -0.756812 -1.87929 0.13044
    endloop
  endfacet
  facet normal 0.284724 -0.346847 0.893661
    outer loop
      vertex -0.690118 -1.84485 0.336922
      vertex -0.56666 -1.90271 0.27513
      vertex -0.686466 -1.82284 0.3443
    endloop
  endfacet
  facet normal 0.331628 -0.282174 0.900223
    outer loop
      vertex -0.56666 -1.90271 0.27513
      vertex -0.563703 -1.88006 0.28114
      vertex -0.686466 -1.82284 0.3443
    endloop
  endfacet
  facet normal 0.331627 -0.282175 0.900223
    outer loop
      vertex -0.686466 -1.82284 0.3443
      vertex -0.563703 -1.88006 0.28114
      vertex -0.683439 -1.80024 0.35027
    endloop
  endfacet
  facet normal 0.376399 -0.215691 0.901
    outer loop
      vertex -0.563703 -1.88006 0.28114
      vertex -0.5614 -1.85696 0.28571
      vertex -0.683439 -1.80024 0.35027
    endloop
  endfacet
  facet normal 0.376399 -0.21569 0.901
    outer loop
      vertex -0.683439 -1.80024 0.35027
      vertex -0.5614 -1.85696 0.28571
      vertex -0.681091 -1.77716 0.354814
    endloop
  endfacet
  facet normal 0.418753 -0.147819 0.895989
    outer loop
      vertex -0.5614 -1.85696 0.28571
      vertex -0.559802 -1.83351 0.28883
      vertex -0.681091 -1.77716 0.354814
    endloop
  endfacet
  facet normal 0.418753 -0.147819 0.895989
    outer loop
      vertex -0.681091 -1.77716 0.354814
      vertex -0.559802 -1.83351 0.28883
      vertex -0.679465 -1.75374 0.357918
    endloop
  endfacet
  facet normal 0.458416 -0.0789984 0.88522
    outer loop
      vertex -0.559802 -1.83351 0.28883
      vertex -0.55894 -1.80988 0.290494
      vertex -0.679465 -1.75374 0.357918
    endloop
  endfacet
  facet normal 0.458416 -0.0789988 0.88522
    outer loop
      vertex -0.679465 -1.75374 0.357918
      vertex -0.55894 -1.80988 0.290494
      vertex -0.678591 -1.73011 0.359574
    endloop
  endfacet
  facet normal 0.488688 -0.0222919 0.872174
    outer loop
      vertex -0.55894 -1.80988 0.290494
      vertex -0.558785 -1.7948 0.290792
      vertex -0.678591 -1.73011 0.359574
    endloop
  endfacet
  facet normal 0.488689 -0.0222917 0.872174
    outer loop
      vertex -0.678591 -1.73011 0.359574
      vertex -0.558785 -1.7948 0.290792
      vertex -0.678433 -1.71503 0.359871
    endloop
  endfacet
  facet normal 0.186133 -0.469174 0.863267
    outer loop
      vertex -0.697264 -1.87929 0.321873
      vertex -0.577072 -1.95913 0.252565
      vertex -0.695987 -1.87372 0.324624
    endloop
  endfacet
  facet normal 0.192921 -0.461813 0.865743
    outer loop
      vertex -0.577072 -1.95913 0.252565
      vertex -0.57428 -1.94618 0.258849
      vertex -0.695987 -1.87372 0.324624
    endloop
  endfacet
  facet normal 0.20185 -0.450412 0.869704
    outer loop
      vertex -0.695987 -1.87372 0.324624
      vertex -0.57428 -1.94618 0.258849
      vertex -0.694328 -1.86615 0.328158
    endloop
  endfacet
  facet normal 0.231837 -0.414406 0.880068
    outer loop
      vertex -0.57428 -1.94618 0.258849
      vertex -0.570858 -1.92842 0.266311
      vertex -0.694328 -1.86615 0.328158
    endloop
  endfacet
  facet normal 0.23521 -0.409233 0.881592
    outer loop
      vertex -0.694328 -1.86615 0.328158
      vertex -0.570858 -1.92842 0.266311
      vertex -0.690118 -1.84485 0.336922
    endloop
  endfacet
  facet normal 0.256478 -0.383596 0.887171
    outer loop
      vertex -0.570858 -1.92842 0.266311
      vertex -0.570211 -1.92479 0.267694
      vertex -0.690118 -1.84485 0.336922
    endloop
  endfacet
  facet normal 0.284724 -0.346846 0.893661
    outer loop
      vertex -0.690118 -1.84485 0.336922
      vertex -0.570211 -1.92479 0.267694
      vertex -0.56666 -1.90271 0.27513
    endloop
  endfacet
  facet normal -0.433012 -0.866026 0.250001
    outer loop
      vertex -0.531226 -1.7948 0.338526
      vertex -0.650874 -1.71503 0.407605
      vertex -0.545528 -1.79445 0.314961
    endloop
  endfacet
  facet normal -0.433012 -0.866025 0.25
    outer loop
      vertex -0.650874 -1.71503 0.407605
      vertex -0.665082 -1.71475 0.383985
      vertex -0.545528 -1.79445 0.314961
    endloop
  endfacet
  facet normal -0.433013 -0.866025 0.249999
    outer loop
      vertex -0.545528 -1.79445 0.314961
      vertex -0.665082 -1.71475 0.383985
      vertex -0.558785 -1.7948 0.290792
    endloop
  endfacet
  facet normal -0.433013 -0.866025 0.249999
    outer loop
      vertex -0.665082 -1.71475 0.383985
      vertex -0.678433 -1.71503 0.359871
      vertex -0.558785 -1.7948 0.290792
    endloop
  endfacet
  facet normal -0.653196 -0.454154 -0.605871
    outer loop
      vertex -0.51131 -1.94618 0.367917
      vertex -0.507374 -1.95906 0.373327
      vertex -0.627382 -1.87929 0.442912
    endloop
  endfacet
  facet normal -0.653895 -0.469259 -0.593479
    outer loop
      vertex -0.627382 -1.87929 0.442912
      vertex -0.629126 -1.87372 0.440431
      vertex -0.51131 -1.94618 0.367917
    endloop
  endfacet
  facet normal -0.652261 -0.450408 -0.609662
    outer loop
      vertex -0.629126 -1.87372 0.440431
      vertex -0.631357 -1.86615 0.437226
      vertex -0.51131 -1.94618 0.367917
    endloop
  endfacet
  facet normal -0.646242 -0.414404 -0.640812
    outer loop
      vertex -0.51131 -1.94618 0.367917
      vertex -0.631357 -1.86615 0.437226
      vertex -0.516061 -1.92842 0.361223
    endloop
  endfacet
  facet normal -0.645877 -0.409234 -0.644493
    outer loop
      vertex -0.631357 -1.86615 0.437226
      vertex -0.636842 -1.84485 0.429198
      vertex -0.516061 -1.92842 0.361223
    endloop
  endfacet
  facet normal -0.640075 -0.383599 -0.6657
    outer loop
      vertex -0.516061 -1.92842 0.361223
      vertex -0.636842 -1.84485 0.429198
      vertex -0.516935 -1.92479 0.35997
    endloop
  endfacet
  facet normal -0.631571 -0.346847 -0.693408
    outer loop
      vertex -0.636842 -1.84485 0.429198
      vertex -0.641406 -1.82284 0.422347
      vertex -0.516935 -1.92479 0.35997
    endloop
  endfacet
  facet normal -0.631571 -0.346846 -0.693409
    outer loop
      vertex -0.516935 -1.92479 0.35997
      vertex -0.641406 -1.82284 0.422347
      vertex -0.5216 -1.90271 0.353177
    endloop
  endfacet
  facet normal -0.613802 -0.282176 -0.737308
    outer loop
      vertex -0.641406 -1.82284 0.422347
      vertex -0.645063 -1.80024 0.416741
      vertex -0.5216 -1.90271 0.353177
    endloop
  endfacet
  facet normal -0.613802 -0.282175 -0.737309
    outer loop
      vertex -0.5216 -1.90271 0.353177
      vertex -0.645063 -1.80024 0.416741
      vertex -0.525326 -1.88006 0.347611
    endloop
  endfacet
  facet normal -0.592089 -0.215689 -0.776472
    outer loop
      vertex -0.645063 -1.80024 0.416741
      vertex -0.647824 -1.77716 0.412435
      vertex -0.525326 -1.88006 0.347611
    endloop
  endfacet
  facet normal -0.592089 -0.21569 -0.776471
    outer loop
      vertex -0.525326 -1.88006 0.347611
      vertex -0.647824 -1.77716 0.412435
      vertex -0.528133 -1.85696 0.343332
    endloop
  endfacet
  facet normal -0.566572 -0.147819 -0.810645
    outer loop
      vertex -0.647824 -1.77716 0.412435
      vertex -0.649699 -1.75374 0.409475
      vertex -0.528133 -1.85696 0.343332
    endloop
  endfacet
  facet normal -0.566572 -0.147819 -0.810645
    outer loop
      vertex -0.528133 -1.85696 0.343332
      vertex -0.649699 -1.75374 0.409475
      vertex -0.530035 -1.83351 0.340387
    endloop
  endfacet
  facet normal -0.537415 -0.0789988 -0.83961
    outer loop
      vertex -0.649699 -1.75374 0.409475
      vertex -0.650696 -1.73011 0.40789
      vertex -0.530035 -1.83351 0.340387
    endloop
  endfacet
  facet normal -0.537414 -0.078998 -0.83961
    outer loop
      vertex -0.530035 -1.83351 0.340387
      vertex -0.650696 -1.73011 0.40789
      vertex -0.531045 -1.80988 0.33881
    endloop
  endfacet
  facet normal -0.510981 -0.0222926 -0.859303
    outer loop
      vertex -0.650696 -1.73011 0.40789
      vertex -0.650874 -1.71503 0.407605
      vertex -0.531045 -1.80988 0.33881
    endloop
  endfacet
  facet normal -0.510981 -0.0222933 -0.859303
    outer loop
      vertex -0.531045 -1.80988 0.33881
      vertex -0.650874 -1.71503 0.407605
      vertex -0.531226 -1.7948 0.338526
    endloop
  endfacet
  facet normal -0.463453 -0.865077 0.191969
    outer loop
      vertex -0.720638 -1.87929 0.265441
      vertex -0.586709 -1.95906 0.229288
      vertex -0.697264 -1.87929 0.321873
    endloop
  endfacet
  facet normal -0.464907 -0.864744 0.189946
    outer loop
      vertex -0.586709 -1.95906 0.229288
      vertex -0.577072 -1.95913 0.252565
      vertex -0.697264 -1.87929 0.321873
    endloop
  endfacet
  facet normal 0.506318 -0.346848 0.789518
    outer loop
      vertex -0.579401 -1.84485 0.504057
      vertex -0.476143 -1.90271 0.412418
      vertex -0.573964 -1.82284 0.510239
    endloop
  endfacet
  facet normal 0.553322 -0.282175 0.783717
    outer loop
      vertex -0.476143 -1.90271 0.412418
      vertex -0.471731 -1.88006 0.417458
      vertex -0.573964 -1.82284 0.510239
    endloop
  endfacet
  facet normal 0.553322 -0.282175 0.783717
    outer loop
      vertex -0.573964 -1.82284 0.510239
      vertex -0.471731 -1.88006 0.417458
      vertex -0.569495 -1.80024 0.515222
    endloop
  endfacet
  facet normal 0.59677 -0.21569 0.77288
    outer loop
      vertex -0.471731 -1.88006 0.417458
      vertex -0.468324 -1.85696 0.421276
      vertex -0.569495 -1.80024 0.515222
    endloop
  endfacet
  facet normal 0.59677 -0.215689 0.77288
    outer loop
      vertex -0.569495 -1.80024 0.515222
      vertex -0.468324 -1.85696 0.421276
      vertex -0.566051 -1.77716 0.519004
    endloop
  endfacet
  facet normal 0.636382 -0.147821 0.757078
    outer loop
      vertex -0.468324 -1.85696 0.421276
      vertex -0.465972 -1.83351 0.423876
      vertex -0.566051 -1.77716 0.519004
    endloop
  endfacet
  facet normal 0.636383 -0.14782 0.757077
    outer loop
      vertex -0.566051 -1.77716 0.519004
      vertex -0.465972 -1.83351 0.423876
      vertex -0.563677 -1.75374 0.521581
    endloop
  endfacet
  facet normal 0.671908 -0.0789975 0.73641
    outer loop
      vertex -0.465972 -1.83351 0.423876
      vertex -0.464709 -1.80988 0.42526
      vertex -0.563677 -1.75374 0.521581
    endloop
  endfacet
  facet normal 0.671908 -0.0789986 0.73641
    outer loop
      vertex -0.563677 -1.75374 0.521581
      vertex -0.464709 -1.80988 0.42526
      vertex -0.562404 -1.73011 0.522954
    endloop
  endfacet
  facet normal 0.697773 -0.0222902 0.715972
    outer loop
      vertex -0.464709 -1.80988 0.42526
      vertex -0.464482 -1.7948 0.425508
      vertex -0.562404 -1.73011 0.522954
    endloop
  endfacet
  facet normal 0.697772 -0.022292 0.715973
    outer loop
      vertex -0.562404 -1.73011 0.522954
      vertex -0.464482 -1.7948 0.425508
      vertex -0.562175 -1.71503 0.5232
    endloop
  endfacet
  facet normal 0.403219 -0.469176 0.785677
    outer loop
      vertex -0.590198 -1.87929 0.49137
      vertex -0.49204 -1.95913 0.393316
      vertex -0.588253 -1.87372 0.493697
    endloop
  endfacet
  facet normal 0.410419 -0.461812 0.786312
    outer loop
      vertex -0.49204 -1.95913 0.393316
      vertex -0.487717 -1.94618 0.398663
      vertex -0.588253 -1.87372 0.493697
    endloop
  endfacet
  facet normal 0.420068 -0.450412 0.787827
    outer loop
      vertex -0.588253 -1.87372 0.493697
      vertex -0.487717 -1.94618 0.398663
      vertex -0.585735 -1.86615 0.496682
    endloop
  endfacet
  facet normal 0.451716 -0.414405 0.790076
    outer loop
      vertex -0.487717 -1.94618 0.398663
      vertex -0.482481 -1.92842 0.404985
      vertex -0.585735 -1.86615 0.496682
    endloop
  endfacet
  facet normal 0.455368 -0.409233 0.790676
    outer loop
      vertex -0.585735 -1.86615 0.496682
      vertex -0.482481 -1.92842 0.404985
      vertex -0.579401 -1.84485 0.504057
    endloop
  endfacet
  facet normal 0.477352 -0.3836 0.790561
    outer loop
      vertex -0.482481 -1.92842 0.404985
      vertex -0.481497 -1.92479 0.406154
      vertex -0.579401 -1.84485 0.504057
    endloop
  endfacet
  facet normal 0.50632 -0.346845 0.789518
    outer loop
      vertex -0.579401 -1.84485 0.504057
      vertex -0.481497 -1.92479 0.406154
      vertex -0.476143 -1.90271 0.412418
    endloop
  endfacet
  facet normal -0.353552 -0.866025 0.353554
    outer loop
      vertex -0.425508 -1.7948 0.464482
      vertex -0.5232 -1.71503 0.562175
      vertex -0.445422 -1.79445 0.445422
    endloop
  endfacet
  facet normal -0.353552 -0.866025 0.353554
    outer loop
      vertex -0.5232 -1.71503 0.562175
      vertex -0.543037 -1.71475 0.543037
      vertex -0.445422 -1.79445 0.445422
    endloop
  endfacet
  facet normal -0.353554 -0.866025 0.353552
    outer loop
      vertex -0.445422 -1.79445 0.445422
      vertex -0.543037 -1.71475 0.543037
      vertex -0.464482 -1.7948 0.425508
    endloop
  endfacet
  facet normal -0.353554 -0.866025 0.353552
    outer loop
      vertex -0.543037 -1.71475 0.543037
      vertex -0.562175 -1.71503 0.5232
      vertex -0.464482 -1.7948 0.425508
    endloop
  endfacet
  facet normal -0.78775 -0.454153 -0.416167
    outer loop
      vertex -0.398663 -1.94618 0.487717
      vertex -0.393461 -1.95906 0.491924
      vertex -0.49137 -1.87929 0.590198
    endloop
  endfacet
  facet normal -0.785217 -0.469261 -0.404015
    outer loop
      vertex -0.49137 -1.87929 0.590198
      vertex -0.493697 -1.87372 0.588253
      vertex -0.398663 -1.94618 0.487717
    endloop
  endfacet
  facet normal -0.787827 -0.450412 -0.420068
    outer loop
      vertex -0.493697 -1.87372 0.588253
      vertex -0.496682 -1.86615 0.585735
      vertex -0.398663 -1.94618 0.487717
    endloop
  endfacet
  facet normal -0.790076 -0.414405 -0.451716
    outer loop
      vertex -0.398663 -1.94618 0.487717
      vertex -0.496682 -1.86615 0.585735
      vertex -0.404985 -1.92842 0.482481
    endloop
  endfacet
  facet normal -0.790676 -0.409233 -0.455368
    outer loop
      vertex -0.496682 -1.86615 0.585735
      vertex -0.504057 -1.84485 0.579401
      vertex -0.404985 -1.92842 0.482481
    endloop
  endfacet
  facet normal -0.790561 -0.3836 -0.477352
    outer loop
      vertex -0.404985 -1.92842 0.482481
      vertex -0.504057 -1.84485 0.579401
      vertex -0.406154 -1.92479 0.481497
    endloop
  endfacet
  facet normal -0.789518 -0.346848 -0.506318
    outer loop
      vertex -0.504057 -1.84485 0.579401
      vertex -0.510239 -1.82284 0.573964
      vertex -0.406154 -1.92479 0.481497
    endloop
  endfacet
  facet normal -0.789518 -0.346845 -0.50632
    outer loop
      vertex -0.406154 -1.92479 0.481497
      vertex -0.510239 -1.82284 0.573964
      vertex -0.412418 -1.90271 0.476143
    endloop
  endfacet
  facet normal -0.783717 -0.282175 -0.553322
    outer loop
      vertex -0.510239 -1.82284 0.573964
      vertex -0.515222 -1.80024 0.569495
      vertex -0.412418 -1.90271 0.476143
    endloop
  endfacet
  facet normal -0.783717 -0.282175 -0.553322
    outer loop
      vertex -0.412418 -1.90271 0.476143
      vertex -0.515222 -1.80024 0.569495
      vertex -0.417458 -1.88006 0.471731
    endloop
  endfacet
  facet normal -0.77288 -0.215689 -0.59677
    outer loop
      vertex -0.515222 -1.80024 0.569495
      vertex -0.519004 -1.77716 0.566051
      vertex -0.417458 -1.88006 0.471731
    endloop
  endfacet
  facet normal -0.77288 -0.21569 -0.59677
    outer loop
      vertex -0.417458 -1.88006 0.471731
      vertex -0.519004 -1.77716 0.566051
      vertex -0.421276 -1.85696 0.468324
    endloop
  endfacet
  facet normal -0.757077 -0.14782 -0.636383
    outer loop
      vertex -0.519004 -1.77716 0.566051
      vertex -0.521581 -1.75374 0.563677
      vertex -0.421276 -1.85696 0.468324
    endloop
  endfacet
  facet normal -0.757078 -0.147821 -0.636382
    outer loop
      vertex -0.421276 -1.85696 0.468324
      vertex -0.521581 -1.75374 0.563677
      vertex -0.423876 -1.83351 0.465972
    endloop
  endfacet
  facet normal -0.73641 -0.0789986 -0.671908
    outer loop
      vertex -0.521581 -1.75374 0.563677
      vertex -0.522954 -1.73011 0.562404
      vertex -0.423876 -1.83351 0.465972
    endloop
  endfacet
  facet normal -0.736409 -0.0789975 -0.671908
    outer loop
      vertex -0.423876 -1.83351 0.465972
      vertex -0.522954 -1.73011 0.562404
      vertex -0.42526 -1.80988 0.464709
    endloop
  endfacet
  facet normal -0.715973 -0.022292 -0.697772
    outer loop
      vertex -0.522954 -1.73011 0.562404
      vertex -0.5232 -1.71503 0.562175
      vertex -0.42526 -1.80988 0.464709
    endloop
  endfacet
  facet normal -0.715972 -0.0222902 -0.697773
    outer loop
      vertex -0.42526 -1.80988 0.464709
      vertex -0.5232 -1.71503 0.562175
      vertex -0.425508 -1.7948 0.464482
    endloop
  endfacet
  facet normal -0.397976 -0.865077 0.305378
    outer loop
      vertex -0.627382 -1.87929 0.442912
      vertex -0.507374 -1.95906 0.373327
      vertex -0.590198 -1.87929 0.49137
    endloop
  endfacet
  facet normal -0.399905 -0.864744 0.3038
    outer loop
      vertex -0.507374 -1.95906 0.373327
      vertex -0.49204 -1.95913 0.393316
      vertex -0.590198 -1.87929 0.49137
    endloop
  endfacet
  facet normal 0.693408 -0.346847 0.631571
    outer loop
      vertex -0.429198 -1.84485 0.636842
      vertex -0.353177 -1.90271 0.5216
      vertex -0.422347 -1.82284 0.641406
    endloop
  endfacet
  facet normal 0.737309 -0.282175 0.613802
    outer loop
      vertex -0.353177 -1.90271 0.5216
      vertex -0.347611 -1.88006 0.525326
      vertex -0.422347 -1.82284 0.641406
    endloop
  endfacet
  facet normal 0.737308 -0.282176 0.613802
    outer loop
      vertex -0.422347 -1.82284 0.641406
      vertex -0.347611 -1.88006 0.525326
      vertex -0.416741 -1.80024 0.645063
    endloop
  endfacet
  facet normal 0.776471 -0.21569 0.592089
    outer loop
      vertex -0.347611 -1.88006 0.525326
      vertex -0.343332 -1.85696 0.528133
      vertex -0.416741 -1.80024 0.645063
    endloop
  endfacet
  facet normal 0.776472 -0.215689 0.592089
    outer loop
      vertex -0.416741 -1.80024 0.645063
      vertex -0.343332 -1.85696 0.528133
      vertex -0.412435 -1.77716 0.647824
    endloop
  endfacet
  facet normal 0.810645 -0.147819 0.566572
    outer loop
      vertex -0.343332 -1.85696 0.528133
      vertex -0.340387 -1.83351 0.530035
      vertex -0.412435 -1.77716 0.647824
    endloop
  endfacet
  facet normal 0.810645 -0.147819 0.566572
    outer loop
      vertex -0.412435 -1.77716 0.647824
      vertex -0.340387 -1.83351 0.530035
      vertex -0.409475 -1.75374 0.649699
    endloop
  endfacet
  facet normal 0.83961 -0.078998 0.537414
    outer loop
      vertex -0.340387 -1.83351 0.530035
      vertex -0.33881 -1.80988 0.531045
      vertex -0.409475 -1.75374 0.649699
    endloop
  endfacet
  facet normal 0.83961 -0.0789988 0.537415
    outer loop
      vertex -0.409475 -1.75374 0.649699
      vertex -0.33881 -1.80988 0.531045
      vertex -0.40789 -1.73011 0.650696
    endloop
  endfacet
  facet normal 0.859303 -0.0222933 0.510981
    outer loop
      vertex -0.33881 -1.80988 0.531045
      vertex -0.338526 -1.7948 0.531226
      vertex -0.40789 -1.73011 0.650696
    endloop
  endfacet
  facet normal 0.859303 -0.0222926 0.510981
    outer loop
      vertex -0.40789 -1.73011 0.650696
      vertex -0.338526 -1.7948 0.531226
      vertex -0.407605 -1.71503 0.650874
    endloop
  endfacet
  facet normal 0.592831 -0.469173 0.654544
    outer loop
      vertex -0.442912 -1.87929 0.627382
      vertex -0.373477 -1.95913 0.507263
      vertex -0.440431 -1.87372 0.629126
    endloop
  endfacet
  facet normal 0.599945 -0.461813 0.653295
    outer loop
      vertex -0.373477 -1.95913 0.507263
      vertex -0.367917 -1.94618 0.51131
      vertex -0.440431 -1.87372 0.629126
    endloop
  endfacet
  facet normal 0.609662 -0.450408 0.652261
    outer loop
      vertex -0.440431 -1.87372 0.629126
      vertex -0.367917 -1.94618 0.51131
      vertex -0.437226 -1.86615 0.631357
    endloop
  endfacet
  facet normal 0.640812 -0.414404 0.646242
    outer loop
      vertex -0.367917 -1.94618 0.51131
      vertex -0.361223 -1.92842 0.516061
      vertex -0.437226 -1.86615 0.631357
    endloop
  endfacet
  facet normal 0.644493 -0.409234 0.645877
    outer loop
      vertex -0.437226 -1.86615 0.631357
      vertex -0.361223 -1.92842 0.516061
      vertex -0.429198 -1.84485 0.636842
    endloop
  endfacet
  facet normal 0.6657 -0.383599 0.640075
    outer loop
      vertex -0.361223 -1.92842 0.516061
      vertex -0.35997 -1.92479 0.516935
      vertex -0.429198 -1.84485 0.636842
    endloop
  endfacet
  facet normal 0.693409 -0.346846 0.631571
    outer loop
      vertex -0.429198 -1.84485 0.636842
      vertex -0.35997 -1.92479 0.516935
      vertex -0.353177 -1.90271 0.5216
    endloop
  endfacet
  facet normal -0.249999 -0.866025 0.433013
    outer loop
      vertex -0.290792 -1.7948 0.558785
      vertex -0.359871 -1.71503 0.678433
      vertex -0.314961 -1.79445 0.545528
    endloop
  endfacet
  facet normal -0.249999 -0.866025 0.433013
    outer loop
      vertex -0.359871 -1.71503 0.678433
      vertex -0.383985 -1.71475 0.665082
      vertex -0.314961 -1.79445 0.545528
    endloop
  endfacet
  facet normal -0.250001 -0.866025 0.433012
    outer loop
      vertex -0.314961 -1.79445 0.545528
      vertex -0.383985 -1.71475 0.665082
      vertex -0.338526 -1.7948 0.531226
    endloop
  endfacet
  facet normal -0.25 -0.866026 0.433012
    outer loop
      vertex -0.383985 -1.71475 0.665082
      vertex -0.407605 -1.71503 0.650874
      vertex -0.338526 -1.7948 0.531226
    endloop
  endfacet
  facet normal -0.86862 -0.454153 -0.198102
    outer loop
      vertex -0.258849 -1.94618 0.57428
      vertex -0.252735 -1.95906 0.576997
      vertex -0.321873 -1.87929 0.697264
    endloop
  endfacet
  facet normal -0.863029 -0.46926 -0.18702
    outer loop
      vertex -0.321873 -1.87929 0.697264
      vertex -0.324624 -1.87372 0.695987
      vertex -0.258849 -1.94618 0.57428
    endloop
  endfacet
  facet normal -0.869704 -0.450412 -0.20185
    outer loop
      vertex -0.324624 -1.87372 0.695987
      vertex -0.328158 -1.86615 0.694328
      vertex -0.258849 -1.94618 0.57428
    endloop
  endfacet
  facet normal -0.880068 -0.414406 -0.231837
    outer loop
      vertex -0.258849 -1.94618 0.57428
      vertex -0.328158 -1.86615 0.694328
      vertex -0.266311 -1.92842 0.570858
    endloop
  endfacet
  facet normal -0.881592 -0.409233 -0.23521
    outer loop
      vertex -0.328158 -1.86615 0.694328
      vertex -0.336922 -1.84485 0.690118
      vertex -0.266311 -1.92842 0.570858
    endloop
  endfacet
  facet normal -0.887171 -0.383596 -0.256478
    outer loop
      vertex -0.266311 -1.92842 0.570858
      vertex -0.336922 -1.84485 0.690118
      vertex -0.267694 -1.92479 0.570211
    endloop
  endfacet
  facet normal -0.893661 -0.346847 -0.284724
    outer loop
      vertex -0.336922 -1.84485 0.690118
      vertex -0.3443 -1.82284 0.686466
      vertex -0.267694 -1.92479 0.570211
    endloop
  endfacet
  facet normal -0.893661 -0.346846 -0.284724
    outer loop
      vertex -0.267694 -1.92479 0.570211
      vertex -0.3443 -1.82284 0.686466
      vertex -0.27513 -1.90271 0.56666
    endloop
  endfacet
  facet normal -0.900223 -0.282175 -0.331627
    outer loop
      vertex -0.3443 -1.82284 0.686466
      vertex -0.35027 -1.80024 0.683439
      vertex -0.27513 -1.90271 0.56666
    endloop
  endfacet
  facet normal -0.900223 -0.282174 -0.331628
    outer loop
      vertex -0.27513 -1.90271 0.56666
      vertex -0.35027 -1.80024 0.683439
      vertex -0.28114 -1.88006 0.563703
    endloop
  endfacet
  facet normal -0.901 -0.21569 -0.376399
    outer loop
      vertex -0.35027 -1.80024 0.683439
      vertex -0.354814 -1.77716 0.681091
      vertex -0.28114 -1.88006 0.563703
    endloop
  endfacet
  facet normal -0.901 -0.215691 -0.376399
    outer loop
      vertex -0.28114 -1.88006 0.563703
      vertex -0.354814 -1.77716 0.681091
      vertex -0.28571 -1.85696 0.5614
    endloop
  endfacet
  facet normal -0.895989 -0.147819 -0.418753
    outer loop
      vertex -0.354814 -1.77716 0.681091
      vertex -0.357918 -1.75374 0.679465
      vertex -0.28571 -1.85696 0.5614
    endloop
  endfacet
  facet normal -0.895989 -0.147819 -0.418753
    outer loop
      vertex -0.28571 -1.85696 0.5614
      vertex -0.357918 -1.75374 0.679465
      vertex -0.28883 -1.83351 0.559802
    endloop
  endfacet
  facet normal -0.88522 -0.0789988 -0.458416
    outer loop
      vertex -0.357918 -1.75374 0.679465
      vertex -0.359574 -1.73011 0.678591
      vertex -0.28883 -1.83351 0.559802
    endloop
  endfacet
  facet normal -0.88522 -0.0789984 -0.458416
    outer loop
      vertex -0.28883 -1.83351 0.559802
      vertex -0.359574 -1.73011 0.678591
      vertex -0.290494 -1.80988 0.55894
    endloop
  endfacet
  facet normal -0.872173 -0.0222917 -0.488689
    outer loop
      vertex -0.359574 -1.73011 0.678591
      vertex -0.359871 -1.71503 0.678433
      vertex -0.290494 -1.80988 0.55894
    endloop
  endfacet
  facet normal -0.872174 -0.0222919 -0.488688
    outer loop
      vertex -0.290494 -1.80988 0.55894
      vertex -0.359871 -1.71503 0.678433
      vertex -0.290792 -1.7948 0.558785
    endloop
  endfacet
  facet normal -0.305378 -0.865077 0.397976
    outer loop
      vertex -0.49137 -1.87929 0.590198
      vertex -0.393461 -1.95906 0.491924
      vertex -0.442912 -1.87929 0.627382
    endloop
  endfacet
  facet normal -0.307649 -0.864744 0.396951
    outer loop
      vertex -0.393461 -1.95906 0.491924
      vertex -0.373477 -1.95913 0.507263
      vertex -0.442912 -1.87929 0.627382
    endloop
  endfacet
  facet normal 0.833243 -0.346848 0.430584
    outer loop
      vertex -0.249747 -1.84485 0.726227
      vertex -0.206143 -1.90271 0.595236
      vertex -0.241948 -1.82284 0.728862
    endloop
  endfacet
  facet normal 0.871049 -0.282175 0.402058
    outer loop
      vertex -0.206143 -1.90271 0.595236
      vertex -0.199802 -1.88006 0.597394
      vertex -0.241948 -1.82284 0.728862
    endloop
  endfacet
  facet normal 0.871049 -0.282175 0.402058
    outer loop
      vertex -0.241948 -1.82284 0.728862
      vertex -0.199802 -1.88006 0.597394
      vertex -0.235586 -1.80024 0.730943
    endloop
  endfacet
  facet normal 0.903258 -0.21569 0.370949
    outer loop
      vertex -0.199802 -1.88006 0.597394
      vertex -0.194942 -1.85696 0.598998
      vertex -0.235586 -1.80024 0.730943
    endloop
  endfacet
  facet normal 0.903258 -0.21569 0.370949
    outer loop
      vertex -0.235586 -1.80024 0.730943
      vertex -0.194942 -1.85696 0.598998
      vertex -0.230713 -1.77716 0.732496
    endloop
  endfacet
  facet normal 0.929663 -0.147819 0.337456
    outer loop
      vertex -0.194942 -1.85696 0.598998
      vertex -0.191606 -1.83351 0.600073
      vertex -0.230713 -1.77716 0.732496
    endloop
  endfacet
  facet normal 0.929663 -0.147818 0.337456
    outer loop
      vertex -0.230713 -1.77716 0.732496
      vertex -0.191606 -1.83351 0.600073
      vertex -0.227368 -1.75374 0.733541
    endloop
  endfacet
  facet normal 0.950094 -0.0789982 0.301796
    outer loop
      vertex -0.191606 -1.83351 0.600073
      vertex -0.18982 -1.80988 0.600641
      vertex -0.227368 -1.75374 0.733541
    endloop
  endfacet
  facet normal 0.950094 -0.0789984 0.301796
    outer loop
      vertex -0.227368 -1.75374 0.733541
      vertex -0.18982 -1.80988 0.600641
      vertex -0.225579 -1.73011 0.734093
    endloop
  endfacet
  facet normal 0.962275 -0.0222913 0.271165
    outer loop
      vertex -0.18982 -1.80988 0.600641
      vertex -0.1895 -1.7948 0.600742
      vertex -0.225579 -1.73011 0.734093
    endloop
  endfacet
  facet normal 0.962275 -0.0222931 0.271166
    outer loop
      vertex -0.225579 -1.73011 0.734093
      vertex -0.1895 -1.7948 0.600742
      vertex -0.225257 -1.71503 0.734192
    endloop
  endfacet
  facet normal 0.742039 -0.469173 0.478805
    outer loop
      vertex -0.265441 -1.87929 0.720638
      vertex -0.229461 -1.95913 0.586642
      vertex -0.262594 -1.87372 0.721681
    endloop
  endfacet
  facet normal 0.748588 -0.461813 0.475757
    outer loop
      vertex -0.229461 -1.95913 0.586642
      vertex -0.223044 -1.94618 0.589111
      vertex -0.262594 -1.87372 0.721681
    endloop
  endfacet
  facet normal 0.757704 -0.45041 0.472244
    outer loop
      vertex -0.262594 -1.87372 0.721681
      vertex -0.223044 -1.94618 0.589111
      vertex -0.258921 -1.86615 0.723007
    endloop
  endfacet
  facet normal 0.786236 -0.414405 0.458368
    outer loop
      vertex -0.223044 -1.94618 0.589111
      vertex -0.215348 -1.92842 0.591968
      vertex -0.258921 -1.86615 0.723007
    endloop
  endfacet
  facet normal 0.789698 -0.409233 0.457062
    outer loop
      vertex -0.258921 -1.86615 0.723007
      vertex -0.215348 -1.92842 0.591968
      vertex -0.249747 -1.84485 0.726227
    endloop
  endfacet
  facet normal 0.808682 -0.383596 0.445968
    outer loop
      vertex -0.215348 -1.92842 0.591968
      vertex -0.213912 -1.92479 0.592488
      vertex -0.249747 -1.84485 0.726227
    endloop
  endfacet
  facet normal 0.833244 -0.346846 0.430583
    outer loop
      vertex -0.249747 -1.84485 0.726227
      vertex -0.213912 -1.92479 0.592488
      vertex -0.206143 -1.90271 0.595236
    endloop
  endfacet
  facet normal -0.129409 -0.866025 0.482963
    outer loop
      vertex -0.13626 -1.7948 0.615007
      vertex -0.172017 -1.71503 0.748458
      vertex -0.163036 -1.79445 0.608457
    endloop
  endfacet
  facet normal -0.129408 -0.866026 0.482963
    outer loop
      vertex -0.172017 -1.71503 0.748458
      vertex -0.198765 -1.71475 0.741803
      vertex -0.163036 -1.79445 0.608457
    endloop
  endfacet
  facet normal -0.12941 -0.866026 0.482962
    outer loop
      vertex -0.163036 -1.79445 0.608457
      vertex -0.198765 -1.71475 0.741803
      vertex -0.1895 -1.7948 0.600742
    endloop
  endfacet
  facet normal -0.12941 -0.866026 0.482963
    outer loop
      vertex -0.198765 -1.71475 0.741803
      vertex -0.225257 -1.71503 0.734192
      vertex -0.1895 -1.7948 0.600742
    endloop
  endfacet
  facet normal -0.890295 -0.454154 0.0334635
    outer loop
      vertex -0.101394 -1.94618 0.621707
      vertex -0.0947854 -1.95906 0.622749
      vertex -0.13044 -1.87929 0.756812
    endloop
  endfacet
  facet normal -0.882026 -0.469261 0.0427213
    outer loop
      vertex -0.13044 -1.87929 0.756812
      vertex -0.133428 -1.87372 0.756291
      vertex -0.101394 -1.94618 0.621707
    endloop
  endfacet
  facet normal -0.892313 -0.450411 0.0301236
    outer loop
      vertex -0.133428 -1.87372 0.756291
      vertex -0.137271 -1.86615 0.755603
      vertex -0.101394 -1.94618 0.621707
    endloop
  endfacet
  facet normal -0.910084 -0.414405 0.00384054
    outer loop
      vertex -0.101394 -1.94618 0.621707
      vertex -0.137271 -1.86615 0.755603
      vertex -0.109487 -1.92842 0.620333
    endloop
  endfacet
  facet normal -0.912429 -0.409233 0.000977869
    outer loop
      vertex -0.137271 -1.86615 0.755603
      vertex -0.146826 -1.84485 0.753804
      vertex -0.109487 -1.92842 0.620333
    endloop
  endfacet
  facet normal -0.923323 -0.383596 -0.0181217
    outer loop
      vertex -0.109487 -1.92842 0.620333
      vertex -0.146826 -1.84485 0.753804
      vertex -0.110991 -1.92479 0.620066
    endloop
  endfacet
  facet normal -0.936902 -0.346848 -0.0437251
    outer loop
      vertex -0.146826 -1.84485 0.753804
      vertex -0.154898 -1.82284 0.752187
      vertex -0.110991 -1.92479 0.620066
    endloop
  endfacet
  facet normal -0.936902 -0.346846 -0.0437262
    outer loop
      vertex -0.110991 -1.92479 0.620066
      vertex -0.154898 -1.82284 0.752187
      vertex -0.119093 -1.90271 0.618561
    endloop
  endfacet
  facet normal -0.95538 -0.282175 -0.0873324
    outer loop
      vertex -0.154898 -1.82284 0.752187
      vertex -0.161448 -1.80024 0.750808
      vertex -0.119093 -1.90271 0.618561
    endloop
  endfacet
  facet normal -0.95538 -0.282175 -0.0873325
    outer loop
      vertex -0.119093 -1.90271 0.618561
      vertex -0.161448 -1.80024 0.750808
      vertex -0.125664 -1.88006 0.61726
    endloop
  endfacet
  facet normal -0.967719 -0.21569 -0.130378
    outer loop
      vertex -0.161448 -1.80024 0.750808
      vertex -0.166445 -1.77716 0.749717
      vertex -0.125664 -1.88006 0.61726
    endloop
  endfacet
  facet normal -0.967719 -0.21569 -0.130378
    outer loop
      vertex -0.125664 -1.88006 0.61726
      vertex -0.166445 -1.77716 0.749717
      vertex -0.130674 -1.85696 0.616218
    endloop
  endfacet
  facet normal -0.97384 -0.14782 -0.172585
    outer loop
      vertex -0.166445 -1.77716 0.749717
      vertex -0.169864 -1.75374 0.748949
      vertex -0.130674 -1.85696 0.616218
    endloop
  endfacet
  facet normal -0.97384 -0.147819 -0.172586
    outer loop
      vertex -0.130674 -1.85696 0.616218
      vertex -0.169864 -1.75374 0.748949
      vertex -0.134101 -1.83351 0.615482
    endloop
  endfacet
  facet normal -0.973703 -0.0789976 -0.213685
    outer loop
      vertex -0.169864 -1.75374 0.748949
      vertex -0.17169 -1.73011 0.748533
      vertex -0.134101 -1.83351 0.615482
    endloop
  endfacet
  facet normal -0.973703 -0.0789981 -0.213685
    outer loop
      vertex -0.134101 -1.83351 0.615482
      vertex -0.17169 -1.73011 0.748533
      vertex -0.135931 -1.80988 0.61508
    endloop
  endfacet
  facet normal -0.968937 -0.022292 -0.246302
    outer loop
      vertex -0.17169 -1.73011 0.748533
      vertex -0.172017 -1.71503 0.748458
      vertex -0.135931 -1.80988 0.61508
    endloop
  endfacet
  facet normal -0.968937 -0.0222925 -0.246301
    outer loop
      vertex -0.135931 -1.80988 0.61508
      vertex -0.172017 -1.71503 0.748458
      vertex -0.13626 -1.7948 0.615007
    endloop
  endfacet
  facet normal -0.191969 -0.865077 0.463453
    outer loop
      vertex -0.321873 -1.87929 0.697264
      vertex -0.252735 -1.95906 0.576997
      vertex -0.265441 -1.87929 0.720638
    endloop
  endfacet
  facet normal -0.194427 -0.864744 0.463051
    outer loop
      vertex -0.252735 -1.95906 0.576997
      vertex -0.229461 -1.95913 0.586642
      vertex -0.265441 -1.87929 0.720638
    endloop
  endfacet
  facet normal 0.916295 -0.346847 0.200252
    outer loop
      vertex -0.0532759 -1.84485 0.76612
      vertex -0.0450603 -1.90271 0.628308
      vertex -0.0450603 -1.82284 0.766647
    endloop
  endfacet
  facet normal 0.945429 -0.282175 0.162914
    outer loop
      vertex -0.0450603 -1.90271 0.628308
      vertex -0.0383766 -1.88006 0.628751
      vertex -0.0450603 -1.82284 0.766647
    endloop
  endfacet
  facet normal 0.945429 -0.282175 0.162914
    outer loop
      vertex -0.0450603 -1.82284 0.766647
      vertex -0.0383766 -1.88006 0.628751
      vertex -0.0383766 -1.80024 0.767011
    endloop
  endfacet
  facet normal 0.968489 -0.21569 0.124529
    outer loop
      vertex -0.0383766 -1.88006 0.628751
      vertex -0.0332676 -1.85696 0.629042
      vertex -0.0383766 -1.80024 0.767011
    endloop
  endfacet
  facet normal 0.968489 -0.21569 0.124529
    outer loop
      vertex -0.0383766 -1.80024 0.767011
      vertex -0.0332676 -1.85696 0.629042
      vertex -0.0332676 -1.77716 0.76725
    endloop
  endfacet
  facet normal 0.985325 -0.147819 0.0853435
    outer loop
      vertex -0.0332676 -1.85696 0.629042
      vertex -0.0297663 -1.83351 0.629218
      vertex -0.0332676 -1.77716 0.76725
    endloop
  endfacet
  facet normal 0.985325 -0.147819 0.0853434
    outer loop
      vertex -0.0332676 -1.77716 0.76725
      vertex -0.0297663 -1.83351 0.629218
      vertex -0.0297663 -1.75374 0.767393
    endloop
  endfacet
  facet normal 0.995831 -0.0789979 0.0456095
    outer loop
      vertex -0.0297663 -1.83351 0.629218
      vertex -0.0278951 -1.80988 0.629303
      vertex -0.0297663 -1.75374 0.767393
    endloop
  endfacet
  facet normal 0.995831 -0.0789981 0.0456096
    outer loop
      vertex -0.0297663 -1.75374 0.767393
      vertex -0.0278951 -1.80988 0.629303
      vertex -0.0278951 -1.73011 0.767464
    endloop
  endfacet
  facet normal 0.999669 -0.0222925 0.0128706
    outer loop
      vertex -0.0278951 -1.80988 0.629303
      vertex -0.0275591 -1.7948 0.629318
      vertex -0.0278951 -1.73011 0.767464
    endloop
  endfacet
  facet normal 0.999669 -0.0222925 0.0128706
    outer loop
      vertex -0.0278951 -1.73011 0.767464
      vertex -0.0275591 -1.7948 0.629318
      vertex -0.0275591 -1.71503 0.767476
    endloop
  endfacet
  facet normal 0.840679 -0.469172 0.270436
    outer loop
      vertex -0.0698819 -1.87929 0.764784
      vertex -0.0698086 -1.95913 0.626041
      vertex -0.0668612 -1.87372 0.765054
    endloop
  endfacet
  facet normal 0.846216 -0.461812 0.265797
    outer loop
      vertex -0.0698086 -1.95913 0.626041
      vertex -0.0629706 -1.94618 0.626766
      vertex -0.0668612 -1.87372 0.765054
    endloop
  endfacet
  facet normal 0.854111 -0.450411 0.260045
    outer loop
      vertex -0.0668612 -1.87372 0.765054
      vertex -0.0629706 -1.94618 0.626766
      vertex -0.0629706 -1.86615 0.765384
    endloop
  endfacet
  facet normal 0.87808 -0.414405 0.239257
    outer loop
      vertex -0.0629706 -1.94618 0.626766
      vertex -0.0547975 -1.92842 0.627533
      vertex -0.0629706 -1.86615 0.765384
    endloop
  endfacet
  facet normal 0.881086 -0.409233 0.237099
    outer loop
      vertex -0.0629706 -1.86615 0.765384
      vertex -0.0547975 -1.92842 0.627533
      vertex -0.0532759 -1.84485 0.76612
    endloop
  endfacet
  facet normal 0.896552 -0.383595 0.221469
    outer loop
      vertex -0.0547975 -1.92842 0.627533
      vertex -0.0532759 -1.92479 0.627664
      vertex -0.0532759 -1.84485 0.76612
    endloop
  endfacet
  facet normal 0.916295 -0.346846 0.200252
    outer loop
      vertex -0.0532759 -1.84485 0.76612
      vertex -0.0532759 -1.92479 0.627664
      vertex -0.0450603 -1.90271 0.628308
    endloop
  endfacet
  facet normal 1.6255e-6 -0.866025 0.5
    outer loop
      vertex 0.0275591 -1.7948 0.629318
      vertex 0.0275591 -1.71503 0.767476
      vertex 1.51648e-32 -1.79445 0.629921
    endloop
  endfacet
  facet normal 1.85295e-6 -0.866025 0.5
    outer loop
      vertex 0.0275591 -1.71503 0.767476
      vertex 4.3579e-16 -1.71475 0.767971
      vertex 1.51648e-32 -1.79445 0.629921
    endloop
  endfacet
  facet normal -1.6245e-6 -0.866025 0.5
    outer loop
      vertex 1.51648e-32 -1.79445 0.629921
      vertex 4.3579e-16 -1.71475 0.767971
      vertex -0.0275591 -1.7948 0.629318
    endloop
  endfacet
  facet normal -1.85377e-6 -0.866025 0.5
    outer loop
      vertex 4.3579e-16 -1.71475 0.767971
      vertex -0.0275591 -1.71503 0.767476
      vertex -0.0275591 -1.7948 0.629318
    endloop
  endfacet
  facet normal -0.851297 -0.454154 0.262749
    outer loop
      vertex 0.0629706 -1.94618 0.626766
      vertex 0.0696237 -1.95906 0.626062
      vertex 0.0698819 -1.87929 0.764784
    endloop
  endfacet
  facet normal -0.840916 -0.469258 0.269549
    outer loop
      vertex 0.0698819 -1.87929 0.764784
      vertex 0.0668612 -1.87372 0.765054
      vertex 0.0629706 -1.94618 0.626766
    endloop
  endfacet
  facet normal -0.854111 -0.450411 0.260045
    outer loop
      vertex 0.0668612 -1.87372 0.765054
      vertex 0.0629706 -1.86615 0.765384
      vertex 0.0629706 -1.94618 0.626766
    endloop
  endfacet
  facet normal -0.87808 -0.414405 0.239257
    outer loop
      vertex 0.0629706 -1.94618 0.626766
      vertex 0.0629706 -1.86615 0.765384
      vertex 0.0547975 -1.92842 0.627533
    endloop
  endfacet
  facet normal -0.881086 -0.409233 0.237099
    outer loop
      vertex 0.0629706 -1.86615 0.765384
      vertex 0.0532759 -1.84485 0.76612
      vertex 0.0547975 -1.92842 0.627533
    endloop
  endfacet
  facet normal -0.896552 -0.383595 0.221469
    outer loop
      vertex 0.0547975 -1.92842 0.627533
      vertex 0.0532759 -1.84485 0.76612
      vertex 0.0532759 -1.92479 0.627664
    endloop
  endfacet
  facet normal -0.916295 -0.346847 0.200252
    outer loop
      vertex 0.0532759 -1.84485 0.76612
      vertex 0.0450603 -1.82284 0.766647
      vertex 0.0532759 -1.92479 0.627664
    endloop
  endfacet
  facet normal -0.916295 -0.346846 0.200252
    outer loop
      vertex 0.0532759 -1.92479 0.627664
      vertex 0.0450603 -1.82284 0.766647
      vertex 0.0450603 -1.90271 0.628308
    endloop
  endfacet
  facet normal -0.945429 -0.282175 0.162914
    outer loop
      vertex 0.0450603 -1.82284 0.766647
      vertex 0.0383766 -1.80024 0.767011
      vertex 0.0450603 -1.90271 0.628308
    endloop
  endfacet
  facet normal -0.945429 -0.282175 0.162914
    outer loop
      vertex 0.0450603 -1.90271 0.628308
      vertex 0.0383766 -1.80024 0.767011
      vertex 0.0383766 -1.88006 0.628751
    endloop
  endfacet
  facet normal -0.968489 -0.21569 0.124528
    outer loop
      vertex 0.0383766 -1.80024 0.767011
      vertex 0.0332676 -1.77716 0.76725
      vertex 0.0383766 -1.88006 0.628751
    endloop
  endfacet
  facet normal -0.968489 -0.21569 0.124529
    outer loop
      vertex 0.0383766 -1.88006 0.628751
      vertex 0.0332676 -1.77716 0.76725
      vertex 0.0332676 -1.85696 0.629042
    endloop
  endfacet
  facet normal -0.985325 -0.147819 0.0853433
    outer loop
      vertex 0.0332676 -1.77716 0.76725
      vertex 0.0297663 -1.75374 0.767393
      vertex 0.0332676 -1.85696 0.629042
    endloop
  endfacet
  facet normal -0.985325 -0.147819 0.0853436
    outer loop
      vertex 0.0332676 -1.85696 0.629042
      vertex 0.0297663 -1.75374 0.767393
      vertex 0.0297663 -1.83351 0.629218
    endloop
  endfacet
  facet normal -0.995831 -0.0789981 0.0456096
    outer loop
      vertex 0.0297663 -1.75374 0.767393
      vertex 0.0278951 -1.73011 0.767464
      vertex 0.0297663 -1.83351 0.629218
    endloop
  endfacet
  facet normal -0.995831 -0.0789979 0.0456095
    outer loop
      vertex 0.0297663 -1.83351 0.629218
      vertex 0.0278951 -1.73011 0.767464
      vertex 0.0278951 -1.80988 0.629303
    endloop
  endfacet
  facet normal -0.999669 -0.0222925 0.0128706
    outer loop
      vertex 0.0278951 -1.73011 0.767464
      vertex 0.0275591 -1.71503 0.767476
      vertex 0.0278951 -1.80988 0.629303
    endloop
  endfacet
  facet normal -0.999669 -0.0222925 0.0128706
    outer loop
      vertex 0.0278951 -1.80988 0.629303
      vertex 0.0275591 -1.71503 0.767476
      vertex 0.0275591 -1.7948 0.629318
    endloop
  endfacet
  facet normal -0.065477 -0.865077 0.497347
    outer loop
      vertex -0.13044 -1.87929 0.756812
      vertex -0.0947854 -1.95906 0.622749
      vertex -0.0698819 -1.87929 0.764784
    endloop
  endfacet
  facet normal -0.0679564 -0.864744 0.497594
    outer loop
      vertex -0.0947854 -1.95906 0.622749
      vertex -0.0698086 -1.95913 0.626041
      vertex -0.0698819 -1.87929 0.764784
    endloop
  endfacet
  facet normal 0.936902 -0.346848 -0.0437254
    outer loop
      vertex 0.146826 -1.84485 0.753804
      vertex 0.119093 -1.90271 0.618561
      vertex 0.154898 -1.82284 0.752187
    endloop
  endfacet
  facet normal 0.95538 -0.282175 -0.0873325
    outer loop
      vertex 0.119093 -1.90271 0.618561
      vertex 0.125664 -1.88006 0.61726
      vertex 0.154898 -1.82284 0.752187
    endloop
  endfacet
  facet normal 0.95538 -0.282175 -0.0873324
    outer loop
      vertex 0.154898 -1.82284 0.752187
      vertex 0.125664 -1.88006 0.61726
      vertex 0.161448 -1.80024 0.750808
    endloop
  endfacet
  facet normal 0.967719 -0.21569 -0.130378
    outer loop
      vertex 0.125664 -1.88006 0.61726
      vertex 0.130674 -1.85696 0.616218
      vertex 0.161448 -1.80024 0.750808
    endloop
  endfacet
  facet normal 0.967719 -0.21569 -0.130378
    outer loop
      vertex 0.161448 -1.80024 0.750808
      vertex 0.130674 -1.85696 0.616218
      vertex 0.166445 -1.77716 0.749717
    endloop
  endfacet
  facet normal 0.97384 -0.147819 -0.172586
    outer loop
      vertex 0.130674 -1.85696 0.616218
      vertex 0.134101 -1.83351 0.615482
      vertex 0.166445 -1.77716 0.749717
    endloop
  endfacet
  facet normal 0.97384 -0.14782 -0.172585
    outer loop
      vertex 0.166445 -1.77716 0.749717
      vertex 0.134101 -1.83351 0.615482
      vertex 0.169864 -1.75374 0.748949
    endloop
  endfacet
  facet normal 0.973703 -0.0789981 -0.213685
    outer loop
      vertex 0.134101 -1.83351 0.615482
      vertex 0.135931 -1.80988 0.61508
      vertex 0.169864 -1.75374 0.748949
    endloop
  endfacet
  facet normal 0.973703 -0.0789976 -0.213685
    outer loop
      vertex 0.169864 -1.75374 0.748949
      vertex 0.135931 -1.80988 0.61508
      vertex 0.17169 -1.73011 0.748533
    endloop
  endfacet
  facet normal 0.968937 -0.0222925 -0.246301
    outer loop
      vertex 0.135931 -1.80988 0.61508
      vertex 0.13626 -1.7948 0.615007
      vertex 0.17169 -1.73011 0.748533
    endloop
  endfacet
  facet normal 0.968937 -0.022292 -0.246301
    outer loop
      vertex 0.17169 -1.73011 0.748533
      vertex 0.13626 -1.7948 0.615007
      vertex 0.172017 -1.71503 0.748458
    endloop
  endfacet
  facet normal 0.882026 -0.469175 0.0436398
    outer loop
      vertex 0.13044 -1.87929 0.756812
      vertex 0.0946014 -1.95913 0.622777
      vertex 0.133428 -1.87372 0.756291
    endloop
  endfacet
  facet normal 0.886175 -0.461812 0.0377233
    outer loop
      vertex 0.0946014 -1.95913 0.622777
      vertex 0.101394 -1.94618 0.621707
      vertex 0.133428 -1.87372 0.756291
    endloop
  endfacet
  facet normal 0.892313 -0.450411 0.0301236
    outer loop
      vertex 0.133428 -1.87372 0.756291
      vertex 0.101394 -1.94618 0.621707
      vertex 0.137271 -1.86615 0.755603
    endloop
  endfacet
  facet normal 0.910084 -0.414405 0.00384054
    outer loop
      vertex 0.101394 -1.94618 0.621707
      vertex 0.109487 -1.92842 0.620333
      vertex 0.137271 -1.86615 0.755603
    endloop
  endfacet
  facet normal 0.912429 -0.409233 0.000977869
    outer loop
      vertex 0.137271 -1.86615 0.755603
      vertex 0.109487 -1.92842 0.620333
      vertex 0.146826 -1.84485 0.753804
    endloop
  endfacet
  facet normal 0.923323 -0.383596 -0.0181217
    outer loop
      vertex 0.109487 -1.92842 0.620333
      vertex 0.110991 -1.92479 0.620066
      vertex 0.146826 -1.84485 0.753804
    endloop
  endfacet
  facet normal 0.936902 -0.346846 -0.043726
    outer loop
      vertex 0.146826 -1.84485 0.753804
      vertex 0.110991 -1.92479 0.620066
      vertex 0.119093 -1.90271 0.618561
    endloop
  endfacet
  facet normal 0.12941 -0.866026 0.482962
    outer loop
      vertex 0.1895 -1.7948 0.600742
      vertex 0.225257 -1.71503 0.734192
      vertex 0.163036 -1.79445 0.608457
    endloop
  endfacet
  facet normal 0.12941 -0.866026 0.482963
    outer loop
      vertex 0.225257 -1.71503 0.734192
      vertex 0.198765 -1.71475 0.741803
      vertex 0.163036 -1.79445 0.608457
    endloop
  endfacet
  facet normal 0.129409 -0.866026 0.482963
    outer loop
      vertex 0.163036 -1.79445 0.608457
      vertex 0.198765 -1.71475 0.741803
      vertex 0.13626 -1.7948 0.615007
    endloop
  endfacet
  facet normal 0.129408 -0.866025 0.482963
    outer loop
      vertex 0.198765 -1.71475 0.741803
      vertex 0.172017 -1.71503 0.748458
      vertex 0.13626 -1.7948 0.615007
    endloop
  endfacet
  facet normal -0.754286 -0.454153 0.474127
    outer loop
      vertex 0.223044 -1.94618 0.589111
      vertex 0.229288 -1.95906 0.586709
      vertex 0.265441 -1.87929 0.720638
    endloop
  endfacet
  facet normal -0.742498 -0.469258 0.47801
    outer loop
      vertex 0.265441 -1.87929 0.720638
      vertex 0.262594 -1.87372 0.721681
      vertex 0.223044 -1.94618 0.589111
    endloop
  endfacet
  facet normal -0.757704 -0.45041 0.472244
    outer loop
      vertex 0.262594 -1.87372 0.721681
      vertex 0.258921 -1.86615 0.723007
      vertex 0.223044 -1.94618 0.589111
    endloop
  endfacet
  facet normal -0.786236 -0.414405 0.458368
    outer loop
      vertex 0.223044 -1.94618 0.589111
      vertex 0.258921 -1.86615 0.723007
      vertex 0.215348 -1.92842 0.591968
    endloop
  endfacet
  facet normal -0.789698 -0.409233 0.457062
    outer loop
      vertex 0.258921 -1.86615 0.723007
      vertex 0.249747 -1.84485 0.726227
      vertex 0.215348 -1.92842 0.591968
    endloop
  endfacet
  facet normal -0.808682 -0.383596 0.445968
    outer loop
      vertex 0.215348 -1.92842 0.591968
      vertex 0.249747 -1.84485 0.726227
      vertex 0.213912 -1.92479 0.592488
    endloop
  endfacet
  facet normal -0.833243 -0.346848 0.430584
    outer loop
      vertex 0.249747 -1.84485 0.726227
      vertex 0.241948 -1.82284 0.728862
      vertex 0.213912 -1.92479 0.592488
    endloop
  endfacet
  facet normal -0.833244 -0.346846 0.430583
    outer loop
      vertex 0.213912 -1.92479 0.592488
      vertex 0.241948 -1.82284 0.728862
      vertex 0.206143 -1.90271 0.595236
    endloop
  endfacet
  facet normal -0.871049 -0.282175 0.402058
    outer loop
      vertex 0.241948 -1.82284 0.728862
      vertex 0.235586 -1.80024 0.730943
      vertex 0.206143 -1.90271 0.595236
    endloop
  endfacet
  facet normal -0.871049 -0.282175 0.402058
    outer loop
      vertex 0.206143 -1.90271 0.595236
      vertex 0.235586 -1.80024 0.730943
      vertex 0.199802 -1.88006 0.597394
    endloop
  endfacet
  facet normal -0.903258 -0.21569 0.370949
    outer loop
      vertex 0.235586 -1.80024 0.730943
      vertex 0.230713 -1.77716 0.732496
      vertex 0.199802 -1.88006 0.597394
    endloop
  endfacet
  facet normal -0.903258 -0.21569 0.370949
    outer loop
      vertex 0.199802 -1.88006 0.597394
      vertex 0.230713 -1.77716 0.732496
      vertex 0.194942 -1.85696 0.598998
    endloop
  endfacet
  facet normal -0.929663 -0.147818 0.337456
    outer loop
      vertex 0.230713 -1.77716 0.732496
      vertex 0.227368 -1.75374 0.733541
      vertex 0.194942 -1.85696 0.598998
    endloop
  endfacet
  facet normal -0.929663 -0.147819 0.337457
    outer loop
      vertex 0.194942 -1.85696 0.598998
      vertex 0.227368 -1.75374 0.733541
      vertex 0.191606 -1.83351 0.600073
    endloop
  endfacet
  facet normal -0.950094 -0.0789984 0.301796
    outer loop
      vertex 0.227368 -1.75374 0.733541
      vertex 0.225579 -1.73011 0.734093
      vertex 0.191606 -1.83351 0.600073
    endloop
  endfacet
  facet normal -0.950094 -0.0789982 0.301796
    outer loop
      vertex 0.191606 -1.83351 0.600073
      vertex 0.225579 -1.73011 0.734093
      vertex 0.18982 -1.80988 0.600641
    endloop
  endfacet
  facet normal -0.962274 -0.0222931 0.271166
    outer loop
      vertex 0.225579 -1.73011 0.734093
      vertex 0.225257 -1.71503 0.734192
      vertex 0.18982 -1.80988 0.600641
    endloop
  endfacet
  facet normal -0.962275 -0.0222913 0.271165
    outer loop
      vertex 0.18982 -1.80988 0.600641
      vertex 0.225257 -1.71503 0.734192
      vertex 0.1895 -1.7948 0.600742
    endloop
  endfacet
  facet normal 0.065477 -0.865077 0.497347
    outer loop
      vertex 0.0698819 -1.87929 0.764784
      vertex 0.0696237 -1.95906 0.626062
      vertex 0.13044 -1.87929 0.756812
    endloop
  endfacet
  facet normal 0.0631455 -0.864744 0.498228
    outer loop
      vertex 0.0696237 -1.95906 0.626062
      vertex 0.0946014 -1.95913 0.622777
      vertex 0.13044 -1.87929 0.756812
    endloop
  endfacet
  facet normal 0.893661 -0.346847 -0.284724
    outer loop
      vertex 0.336922 -1.84485 0.690118
      vertex 0.27513 -1.90271 0.56666
      vertex 0.3443 -1.82284 0.686466
    endloop
  endfacet
  facet normal 0.900223 -0.282174 -0.331628
    outer loop
      vertex 0.27513 -1.90271 0.56666
      vertex 0.28114 -1.88006 0.563703
      vertex 0.3443 -1.82284 0.686466
    endloop
  endfacet
  facet normal 0.900223 -0.282175 -0.331627
    outer loop
      vertex 0.3443 -1.82284 0.686466
      vertex 0.28114 -1.88006 0.563703
      vertex 0.35027 -1.80024 0.683439
    endloop
  endfacet
  facet normal 0.901 -0.215691 -0.376399
    outer loop
      vertex 0.28114 -1.88006 0.563703
      vertex 0.28571 -1.85696 0.5614
      vertex 0.35027 -1.80024 0.683439
    endloop
  endfacet
  facet normal 0.901 -0.21569 -0.376399
    outer loop
      vertex 0.35027 -1.80024 0.683439
      vertex 0.28571 -1.85696 0.5614
      vertex 0.354814 -1.77716 0.681091
    endloop
  endfacet
  facet normal 0.895989 -0.147819 -0.418753
    outer loop
      vertex 0.28571 -1.85696 0.5614
      vertex 0.28883 -1.83351 0.559802
      vertex 0.354814 -1.77716 0.681091
    endloop
  endfacet
  facet normal 0.895989 -0.147819 -0.418753
    outer loop
      vertex 0.354814 -1.77716 0.681091
      vertex 0.28883 -1.83351 0.559802
      vertex 0.357918 -1.75374 0.679465
    endloop
  endfacet
  facet normal 0.88522 -0.0789984 -0.458416
    outer loop
      vertex 0.28883 -1.83351 0.559802
      vertex 0.290494 -1.80988 0.55894
      vertex 0.357918 -1.75374 0.679465
    endloop
  endfacet
  facet normal 0.88522 -0.0789988 -0.458416
    outer loop
      vertex 0.357918 -1.75374 0.679465
      vertex 0.290494 -1.80988 0.55894
      vertex 0.359574 -1.73011 0.678591
    endloop
  endfacet
  facet normal 0.872174 -0.0222919 -0.488688
    outer loop
      vertex 0.290494 -1.80988 0.55894
      vertex 0.290792 -1.7948 0.558785
      vertex 0.359574 -1.73011 0.678591
    endloop
  endfacet
  facet normal 0.872174 -0.0222917 -0.488689
    outer loop
      vertex 0.359574 -1.73011 0.678591
      vertex 0.290792 -1.7948 0.558785
      vertex 0.359871 -1.71503 0.678433
    endloop
  endfacet
  facet normal 0.863267 -0.469174 -0.186133
    outer loop
      vertex 0.321873 -1.87929 0.697264
      vertex 0.252565 -1.95913 0.577072
      vertex 0.324624 -1.87372 0.695987
    endloop
  endfacet
  facet normal 0.865743 -0.461813 -0.192921
    outer loop
      vertex 0.252565 -1.95913 0.577072
      vertex 0.258849 -1.94618 0.57428
      vertex 0.324624 -1.87372 0.695987
    endloop
  endfacet
  facet normal 0.869704 -0.450412 -0.20185
    outer loop
      vertex 0.324624 -1.87372 0.695987
      vertex 0.258849 -1.94618 0.57428
      vertex 0.328158 -1.86615 0.694328
    endloop
  endfacet
  facet normal 0.880068 -0.414406 -0.231837
    outer loop
      vertex 0.258849 -1.94618 0.57428
      vertex 0.266311 -1.92842 0.570858
      vertex 0.328158 -1.86615 0.694328
    endloop
  endfacet
  facet normal 0.881592 -0.409233 -0.23521
    outer loop
      vertex 0.328158 -1.86615 0.694328
      vertex 0.266311 -1.92842 0.570858
      vertex 0.336922 -1.84485 0.690118
    endloop
  endfacet
  facet normal 0.887171 -0.383596 -0.256478
    outer loop
      vertex 0.266311 -1.92842 0.570858
      vertex 0.267694 -1.92479 0.570211
      vertex 0.336922 -1.84485 0.690118
    endloop
  endfacet
  facet normal 0.893661 -0.346846 -0.284724
    outer loop
      vertex 0.336922 -1.84485 0.690118
      vertex 0.267694 -1.92479 0.570211
      vertex 0.27513 -1.90271 0.56666
    endloop
  endfacet
  facet normal 0.250001 -0.866026 0.433012
    outer loop
      vertex 0.338526 -1.7948 0.531226
      vertex 0.407605 -1.71503 0.650874
      vertex 0.314961 -1.79445 0.545528
    endloop
  endfacet
  facet normal 0.25 -0.866025 0.433012
    outer loop
      vertex 0.407605 -1.71503 0.650874
      vertex 0.383985 -1.71475 0.665082
      vertex 0.314961 -1.79445 0.545528
    endloop
  endfacet
  facet normal 0.249999 -0.866025 0.433013
    outer loop
      vertex 0.314961 -1.79445 0.545528
      vertex 0.383985 -1.71475 0.665082
      vertex 0.290792 -1.7948 0.558785
    endloop
  endfacet
  facet normal 0.249999 -0.866025 0.433013
    outer loop
      vertex 0.383985 -1.71475 0.665082
      vertex 0.359871 -1.71503 0.678433
      vertex 0.290792 -1.7948 0.558785
    endloop
  endfacet
  facet normal -0.605871 -0.454154 0.653196
    outer loop
      vertex 0.367917 -1.94618 0.51131
      vertex 0.373327 -1.95906 0.507374
      vertex 0.442912 -1.87929 0.627382
    endloop
  endfacet
  facet normal -0.593479 -0.469259 0.653895
    outer loop
      vertex 0.442912 -1.87929 0.627382
      vertex 0.440431 -1.87372 0.629126
      vertex 0.367917 -1.94618 0.51131
    endloop
  endfacet
  facet normal -0.609662 -0.450408 0.652261
    outer loop
      vertex 0.440431 -1.87372 0.629126
      vertex 0.437226 -1.86615 0.631357
      vertex 0.367917 -1.94618 0.51131
    endloop
  endfacet
  facet normal -0.640812 -0.414404 0.646242
    outer loop
      vertex 0.367917 -1.94618 0.51131
      vertex 0.437226 -1.86615 0.631357
      vertex 0.361223 -1.92842 0.516061
    endloop
  endfacet
  facet normal -0.644493 -0.409234 0.645877
    outer loop
      vertex 0.437226 -1.86615 0.631357
      vertex 0.429198 -1.84485 0.636842
      vertex 0.361223 -1.92842 0.516061
    endloop
  endfacet
  facet normal -0.6657 -0.383599 0.640075
    outer loop
      vertex 0.361223 -1.92842 0.516061
      vertex 0.429198 -1.84485 0.636842
      vertex 0.35997 -1.92479 0.516935
    endloop
  endfacet
  facet normal -0.693408 -0.346847 0.631571
    outer loop
      vertex 0.429198 -1.84485 0.636842
      vertex 0.422347 -1.82284 0.641406
      vertex 0.35997 -1.92479 0.516935
    endloop
  endfacet
  facet normal -0.693409 -0.346846 0.631571
    outer loop
      vertex 0.35997 -1.92479 0.516935
      vertex 0.422347 -1.82284 0.641406
      vertex 0.353177 -1.90271 0.5216
    endloop
  endfacet
  facet normal -0.737308 -0.282176 0.613802
    outer loop
      vertex 0.422347 -1.82284 0.641406
      vertex 0.416741 -1.80024 0.645063
      vertex 0.353177 -1.90271 0.5216
    endloop
  endfacet
  facet normal -0.737309 -0.282175 0.613802
    outer loop
      vertex 0.353177 -1.90271 0.5216
      vertex 0.416741 -1.80024 0.645063
      vertex 0.347611 -1.88006 0.525326
    endloop
  endfacet
  facet normal -0.776472 -0.215689 0.592089
    outer loop
      vertex 0.416741 -1.80024 0.645063
      vertex 0.412435 -1.77716 0.647824
      vertex 0.347611 -1.88006 0.525326
    endloop
  endfacet
  facet normal -0.776471 -0.21569 0.592089
    outer loop
      vertex 0.347611 -1.88006 0.525326
      vertex 0.412435 -1.77716 0.647824
      vertex 0.343332 -1.85696 0.528133
    endloop
  endfacet
  facet normal -0.810645 -0.147819 0.566572
    outer loop
      vertex 0.412435 -1.77716 0.647824
      vertex 0.409475 -1.75374 0.649699
      vertex 0.343332 -1.85696 0.528133
    endloop
  endfacet
  facet normal -0.810645 -0.147819 0.566572
    outer loop
      vertex 0.343332 -1.85696 0.528133
      vertex 0.409475 -1.75374 0.649699
      vertex 0.340387 -1.83351 0.530035
    endloop
  endfacet
  facet normal -0.83961 -0.0789988 0.537415
    outer loop
      vertex 0.409475 -1.75374 0.649699
      vertex 0.40789 -1.73011 0.650696
      vertex 0.340387 -1.83351 0.530035
    endloop
  endfacet
  facet normal -0.83961 -0.078998 0.537414
    outer loop
      vertex 0.340387 -1.83351 0.530035
      vertex 0.40789 -1.73011 0.650696
      vertex 0.33881 -1.80988 0.531045
    endloop
  endfacet
  facet normal -0.859303 -0.0222926 0.510981
    outer loop
      vertex 0.40789 -1.73011 0.650696
      vertex 0.407605 -1.71503 0.650874
      vertex 0.33881 -1.80988 0.531045
    endloop
  endfacet
  facet normal -0.859303 -0.0222933 0.510981
    outer loop
      vertex 0.33881 -1.80988 0.531045
      vertex 0.407605 -1.71503 0.650874
      vertex 0.338526 -1.7948 0.531226
    endloop
  endfacet
  facet normal 0.191969 -0.865077 0.463453
    outer loop
      vertex 0.265441 -1.87929 0.720638
      vertex 0.229288 -1.95906 0.586709
      vertex 0.321873 -1.87929 0.697264
    endloop
  endfacet
  facet normal 0.189946 -0.864744 0.464907
    outer loop
      vertex 0.229288 -1.95906 0.586709
      vertex 0.252565 -1.95913 0.577072
      vertex 0.321873 -1.87929 0.697264
    endloop
  endfacet
  facet normal 0.789518 -0.346848 -0.506318
    outer loop
      vertex 0.504057 -1.84485 0.579401
      vertex 0.412418 -1.90271 0.476143
      vertex 0.510239 -1.82284 0.573964
    endloop
  endfacet
  facet normal 0.783717 -0.282175 -0.553322
    outer loop
      vertex 0.412418 -1.90271 0.476143
      vertex 0.417458 -1.88006 0.471731
      vertex 0.510239 -1.82284 0.573964
    endloop
  endfacet
  facet normal 0.783717 -0.282175 -0.553322
    outer loop
      vertex 0.510239 -1.82284 0.573964
      vertex 0.417458 -1.88006 0.471731
      vertex 0.515222 -1.80024 0.569495
    endloop
  endfacet
  facet normal 0.77288 -0.21569 -0.59677
    outer loop
      vertex 0.417458 -1.88006 0.471731
      vertex 0.421276 -1.85696 0.468324
      vertex 0.515222 -1.80024 0.569495
    endloop
  endfacet
  facet normal 0.77288 -0.215689 -0.59677
    outer loop
      vertex 0.515222 -1.80024 0.569495
      vertex 0.421276 -1.85696 0.468324
      vertex 0.519004 -1.77716 0.566051
    endloop
  endfacet
  facet normal 0.757078 -0.147821 -0.636382
    outer loop
      vertex 0.421276 -1.85696 0.468324
      vertex 0.423876 -1.83351 0.465972
      vertex 0.519004 -1.77716 0.566051
    endloop
  endfacet
  facet normal 0.757077 -0.14782 -0.636383
    outer loop
      vertex 0.519004 -1.77716 0.566051
      vertex 0.423876 -1.83351 0.465972
      vertex 0.521581 -1.75374 0.563677
    endloop
  endfacet
  facet normal 0.73641 -0.0789975 -0.671908
    outer loop
      vertex 0.423876 -1.83351 0.465972
      vertex 0.42526 -1.80988 0.464709
      vertex 0.521581 -1.75374 0.563677
    endloop
  endfacet
  facet normal 0.73641 -0.0789986 -0.671908
    outer loop
      vertex 0.521581 -1.75374 0.563677
      vertex 0.42526 -1.80988 0.464709
      vertex 0.522954 -1.73011 0.562404
    endloop
  endfacet
  facet normal 0.715972 -0.0222902 -0.697773
    outer loop
      vertex 0.42526 -1.80988 0.464709
      vertex 0.425508 -1.7948 0.464482
      vertex 0.522954 -1.73011 0.562404
    endloop
  endfacet
  facet normal 0.715973 -0.022292 -0.697772
    outer loop
      vertex 0.522954 -1.73011 0.562404
      vertex 0.425508 -1.7948 0.464482
      vertex 0.5232 -1.71503 0.562175
    endloop
  endfacet
  facet normal 0.785677 -0.469176 -0.403219
    outer loop
      vertex 0.49137 -1.87929 0.590198
      vertex 0.393316 -1.95913 0.49204
      vertex 0.493697 -1.87372 0.588253
    endloop
  endfacet
  facet normal 0.786312 -0.461812 -0.410419
    outer loop
      vertex 0.393316 -1.95913 0.49204
      vertex 0.398663 -1.94618 0.487717
      vertex 0.493697 -1.87372 0.588253
    endloop
  endfacet
  facet normal 0.787827 -0.450412 -0.420068
    outer loop
      vertex 0.493697 -1.87372 0.588253
      vertex 0.398663 -1.94618 0.487717
      vertex 0.496682 -1.86615 0.585735
    endloop
  endfacet
  facet normal 0.790076 -0.414405 -0.451716
    outer loop
      vertex 0.398663 -1.94618 0.487717
      vertex 0.404985 -1.92842 0.482481
      vertex 0.496682 -1.86615 0.585735
    endloop
  endfacet
  facet normal 0.790676 -0.409233 -0.455368
    outer loop
      vertex 0.496682 -1.86615 0.585735
      vertex 0.404985 -1.92842 0.482481
      vertex 0.504057 -1.84485 0.579401
    endloop
  endfacet
  facet normal 0.790561 -0.3836 -0.477352
    outer loop
      vertex 0.404985 -1.92842 0.482481
      vertex 0.406154 -1.92479 0.481497
      vertex 0.504057 -1.84485 0.579401
    endloop
  endfacet
  facet normal 0.789518 -0.346845 -0.50632
    outer loop
      vertex 0.504057 -1.84485 0.579401
      vertex 0.406154 -1.92479 0.481497
      vertex 0.412418 -1.90271 0.476143
    endloop
  endfacet
  facet normal 0.353554 -0.866025 0.353552
    outer loop
      vertex 0.464482 -1.7948 0.425508
      vertex 0.562175 -1.71503 0.5232
      vertex 0.445422 -1.79445 0.445422
    endloop
  endfacet
  facet normal 0.353554 -0.866025 0.353552
    outer loop
      vertex 0.562175 -1.71503 0.5232
      vertex 0.543037 -1.71475 0.543037
      vertex 0.445422 -1.79445 0.445422
    endloop
  endfacet
  facet normal 0.353552 -0.866025 0.353554
    outer loop
      vertex 0.445422 -1.79445 0.445422
      vertex 0.543037 -1.71475 0.543037
      vertex 0.425508 -1.7948 0.464482
    endloop
  endfacet
  facet normal 0.353552 -0.866025 0.353554
    outer loop
      vertex 0.543037 -1.71475 0.543037
      vertex 0.5232 -1.71503 0.562175
      vertex 0.425508 -1.7948 0.464482
    endloop
  endfacet
  facet normal -0.416167 -0.454153 0.78775
    outer loop
      vertex 0.487717 -1.94618 0.398663
      vertex 0.491924 -1.95906 0.393461
      vertex 0.590198 -1.87929 0.49137
    endloop
  endfacet
  facet normal -0.404015 -0.469261 0.785217
    outer loop
      vertex 0.590198 -1.87929 0.49137
      vertex 0.588253 -1.87372 0.493697
      vertex 0.487717 -1.94618 0.398663
    endloop
  endfacet
  facet normal -0.420068 -0.450412 0.787827
    outer loop
      vertex 0.588253 -1.87372 0.493697
      vertex 0.585735 -1.86615 0.496682
      vertex 0.487717 -1.94618 0.398663
    endloop
  endfacet
  facet normal -0.451716 -0.414405 0.790076
    outer loop
      vertex 0.487717 -1.94618 0.398663
      vertex 0.585735 -1.86615 0.496682
      vertex 0.482481 -1.92842 0.404985
    endloop
  endfacet
  facet normal -0.455368 -0.409233 0.790676
    outer loop
      vertex 0.585735 -1.86615 0.496682
      vertex 0.579401 -1.84485 0.504057
      vertex 0.482481 -1.92842 0.404985
    endloop
  endfacet
  facet normal -0.477352 -0.3836 0.790561
    outer loop
      vertex 0.482481 -1.92842 0.404985
      vertex 0.579401 -1.84485 0.504057
      vertex 0.481497 -1.92479 0.406154
    endloop
  endfacet
  facet normal -0.506318 -0.346848 0.789518
    outer loop
      vertex 0.579401 -1.84485 0.504057
      vertex 0.573964 -1.82284 0.510239
      vertex 0.481497 -1.92479 0.406154
    endloop
  endfacet
  facet normal -0.50632 -0.346845 0.789518
    outer loop
      vertex 0.481497 -1.92479 0.406154
      vertex 0.573964 -1.82284 0.510239
      vertex 0.476143 -1.90271 0.412418
    endloop
  endfacet
  facet normal -0.553322 -0.282175 0.783717
    outer loop
      vertex 0.573964 -1.82284 0.510239
      vertex 0.569495 -1.80024 0.515222
      vertex 0.476143 -1.90271 0.412418
    endloop
  endfacet
  facet normal -0.553322 -0.282175 0.783717
    outer loop
      vertex 0.476143 -1.90271 0.412418
      vertex 0.569495 -1.80024 0.515222
      vertex 0.471731 -1.88006 0.417458
    endloop
  endfacet
  facet normal -0.59677 -0.215689 0.77288
    outer loop
      vertex 0.569495 -1.80024 0.515222
      vertex 0.566051 -1.77716 0.519004
      vertex 0.471731 -1.88006 0.417458
    endloop
  endfacet
  facet normal -0.59677 -0.21569 0.77288
    outer loop
      vertex 0.471731 -1.88006 0.417458
      vertex 0.566051 -1.77716 0.519004
      vertex 0.468324 -1.85696 0.421276
    endloop
  endfacet
  facet normal -0.636383 -0.14782 0.757077
    outer loop
      vertex 0.566051 -1.77716 0.519004
      vertex 0.563677 -1.75374 0.521581
      vertex 0.468324 -1.85696 0.421276
    endloop
  endfacet
  facet normal -0.636382 -0.147821 0.757078
    outer loop
      vertex 0.468324 -1.85696 0.421276
      vertex 0.563677 -1.75374 0.521581
      vertex 0.465972 -1.83351 0.423876
    endloop
  endfacet
  facet normal -0.671908 -0.0789986 0.73641
    outer loop
      vertex 0.563677 -1.75374 0.521581
      vertex 0.562404 -1.73011 0.522954
      vertex 0.465972 -1.83351 0.423876
    endloop
  endfacet
  facet normal -0.671908 -0.0789975 0.736409
    outer loop
      vertex 0.465972 -1.83351 0.423876
      vertex 0.562404 -1.73011 0.522954
      vertex 0.464709 -1.80988 0.42526
    endloop
  endfacet
  facet normal -0.697772 -0.022292 0.715973
    outer loop
      vertex 0.562404 -1.73011 0.522954
      vertex 0.562175 -1.71503 0.5232
      vertex 0.464709 -1.80988 0.42526
    endloop
  endfacet
  facet normal -0.697773 -0.0222902 0.715972
    outer loop
      vertex 0.464709 -1.80988 0.42526
      vertex 0.562175 -1.71503 0.5232
      vertex 0.464482 -1.7948 0.425508
    endloop
  endfacet
  facet normal 0.305378 -0.865077 0.397976
    outer loop
      vertex 0.442912 -1.87929 0.627382
      vertex 0.373327 -1.95906 0.507374
      vertex 0.49137 -1.87929 0.590198
    endloop
  endfacet
  facet normal 0.3038 -0.864744 0.399905
    outer loop
      vertex 0.373327 -1.95906 0.507374
      vertex 0.393316 -1.95913 0.49204
      vertex 0.49137 -1.87929 0.590198
    endloop
  endfacet
  facet normal 0.631571 -0.346847 -0.693408
    outer loop
      vertex 0.636842 -1.84485 0.429198
      vertex 0.5216 -1.90271 0.353177
      vertex 0.641406 -1.82284 0.422347
    endloop
  endfacet
  facet normal 0.613802 -0.282175 -0.737309
    outer loop
      vertex 0.5216 -1.90271 0.353177
      vertex 0.525326 -1.88006 0.347611
      vertex 0.641406 -1.82284 0.422347
    endloop
  endfacet
  facet normal 0.613802 -0.282176 -0.737308
    outer loop
      vertex 0.641406 -1.82284 0.422347
      vertex 0.525326 -1.88006 0.347611
      vertex 0.645063 -1.80024 0.416741
    endloop
  endfacet
  facet normal 0.592089 -0.21569 -0.776471
    outer loop
      vertex 0.525326 -1.88006 0.347611
      vertex 0.528133 -1.85696 0.343332
      vertex 0.645063 -1.80024 0.416741
    endloop
  endfacet
  facet normal 0.592089 -0.215689 -0.776472
    outer loop
      vertex 0.645063 -1.80024 0.416741
      vertex 0.528133 -1.85696 0.343332
      vertex 0.647824 -1.77716 0.412435
    endloop
  endfacet
  facet normal 0.566572 -0.147819 -0.810645
    outer loop
      vertex 0.528133 -1.85696 0.343332
      vertex 0.530035 -1.83351 0.340387
      vertex 0.647824 -1.77716 0.412435
    endloop
  endfacet
  facet normal 0.566572 -0.147819 -0.810645
    outer loop
      vertex 0.647824 -1.77716 0.412435
      vertex 0.530035 -1.83351 0.340387
      vertex 0.649699 -1.75374 0.409475
    endloop
  endfacet
  facet normal 0.537414 -0.078998 -0.83961
    outer loop
      vertex 0.530035 -1.83351 0.340387
      vertex 0.531045 -1.80988 0.33881
      vertex 0.649699 -1.75374 0.409475
    endloop
  endfacet
  facet normal 0.537415 -0.0789988 -0.83961
    outer loop
      vertex 0.649699 -1.75374 0.409475
      vertex 0.531045 -1.80988 0.33881
      vertex 0.650696 -1.73011 0.40789
    endloop
  endfacet
  facet normal 0.510981 -0.0222933 -0.859303
    outer loop
      vertex 0.531045 -1.80988 0.33881
      vertex 0.531226 -1.7948 0.338526
      vertex 0.650696 -1.73011 0.40789
    endloop
  endfacet
  facet normal 0.510981 -0.0222926 -0.859303
    outer loop
      vertex 0.650696 -1.73011 0.40789
      vertex 0.531226 -1.7948 0.338526
      vertex 0.650874 -1.71503 0.407605
    endloop
  endfacet
  facet normal 0.654544 -0.469173 -0.592831
    outer loop
      vertex 0.627382 -1.87929 0.442912
      vertex 0.507263 -1.95913 0.373477
      vertex 0.629126 -1.87372 0.440431
    endloop
  endfacet
  facet normal 0.653295 -0.461813 -0.599945
    outer loop
      vertex 0.507263 -1.95913 0.373477
      vertex 0.51131 -1.94618 0.367917
      vertex 0.629126 -1.87372 0.440431
    endloop
  endfacet
  facet normal 0.652261 -0.450408 -0.609662
    outer loop
      vertex 0.629126 -1.87372 0.440431
      vertex 0.51131 -1.94618 0.367917
      vertex 0.631357 -1.86615 0.437226
    endloop
  endfacet
  facet normal 0.646242 -0.414404 -0.640812
    outer loop
      vertex 0.51131 -1.94618 0.367917
      vertex 0.516061 -1.92842 0.361223
      vertex 0.631357 -1.86615 0.437226
    endloop
  endfacet
  facet normal 0.645877 -0.409234 -0.644493
    outer loop
      vertex 0.631357 -1.86615 0.437226
      vertex 0.516061 -1.92842 0.361223
      vertex 0.636842 -1.84485 0.429198
    endloop
  endfacet
  facet normal 0.640075 -0.383599 -0.6657
    outer loop
      vertex 0.516061 -1.92842 0.361223
      vertex 0.516935 -1.92479 0.35997
      vertex 0.636842 -1.84485 0.429198
    endloop
  endfacet
  facet normal 0.631571 -0.346846 -0.693409
    outer loop
      vertex 0.636842 -1.84485 0.429198
      vertex 0.516935 -1.92479 0.35997
      vertex 0.5216 -1.90271 0.353177
    endloop
  endfacet
  facet normal 0.433013 -0.866025 0.249999
    outer loop
      vertex 0.558785 -1.7948 0.290792
      vertex 0.678433 -1.71503 0.359871
      vertex 0.545528 -1.79445 0.314961
    endloop
  endfacet
  facet normal 0.433013 -0.866025 0.249999
    outer loop
      vertex 0.678433 -1.71503 0.359871
      vertex 0.665082 -1.71475 0.383985
      vertex 0.545528 -1.79445 0.314961
    endloop
  endfacet
  facet normal 0.433012 -0.866025 0.250001
    outer loop
      vertex 0.545528 -1.79445 0.314961
      vertex 0.665082 -1.71475 0.383985
      vertex 0.531226 -1.7948 0.338526
    endloop
  endfacet
  facet normal 0.433012 -0.866026 0.25
    outer loop
      vertex 0.665082 -1.71475 0.383985
      vertex 0.650874 -1.71503 0.407605
      vertex 0.531226 -1.7948 0.338526
    endloop
  endfacet
  facet normal -0.198102 -0.454153 0.86862
    outer loop
      vertex 0.57428 -1.94618 0.258849
      vertex 0.576997 -1.95906 0.252735
      vertex 0.697264 -1.87929 0.321873
    endloop
  endfacet
  facet normal -0.18702 -0.46926 0.863029
    outer loop
      vertex 0.697264 -1.87929 0.321873
      vertex 0.695987 -1.87372 0.324624
      vertex 0.57428 -1.94618 0.258849
    endloop
  endfacet
  facet normal -0.20185 -0.450412 0.869704
    outer loop
      vertex 0.695987 -1.87372 0.324624
      vertex 0.694328 -1.86615 0.328158
      vertex 0.57428 -1.94618 0.258849
    endloop
  endfacet
  facet normal -0.231837 -0.414406 0.880068
    outer loop
      vertex 0.57428 -1.94618 0.258849
      vertex 0.694328 -1.86615 0.328158
      vertex 0.570858 -1.92842 0.266311
    endloop
  endfacet
  facet normal -0.23521 -0.409233 0.881592
    outer loop
      vertex 0.694328 -1.86615 0.328158
      vertex 0.690118 -1.84485 0.336922
      vertex 0.570858 -1.92842 0.266311
    endloop
  endfacet
  facet normal -0.256478 -0.383596 0.887171
    outer loop
      vertex 0.570858 -1.92842 0.266311
      vertex 0.690118 -1.84485 0.336922
      vertex 0.570211 -1.92479 0.267694
    endloop
  endfacet
  facet normal -0.284724 -0.346847 0.893661
    outer loop
      vertex 0.690118 -1.84485 0.336922
      vertex 0.686466 -1.82284 0.3443
      vertex 0.570211 -1.92479 0.267694
    endloop
  endfacet
  facet normal -0.284724 -0.346846 0.893661
    outer loop
      vertex 0.570211 -1.92479 0.267694
      vertex 0.686466 -1.82284 0.3443
      vertex 0.56666 -1.90271 0.27513
    endloop
  endfacet
  facet normal -0.331627 -0.282175 0.900223
    outer loop
      vertex 0.686466 -1.82284 0.3443
      vertex 0.683439 -1.80024 0.35027
      vertex 0.56666 -1.90271 0.27513
    endloop
  endfacet
  facet normal -0.331628 -0.282174 0.900223
    outer loop
      vertex 0.56666 -1.90271 0.27513
      vertex 0.683439 -1.80024 0.35027
      vertex 0.563703 -1.88006 0.28114
    endloop
  endfacet
  facet normal -0.376399 -0.21569 0.901
    outer loop
      vertex 0.683439 -1.80024 0.35027
      vertex 0.681091 -1.77716 0.354814
      vertex 0.563703 -1.88006 0.28114
    endloop
  endfacet
  facet normal -0.376399 -0.215691 0.901
    outer loop
      vertex 0.563703 -1.88006 0.28114
      vertex 0.681091 -1.77716 0.354814
      vertex 0.5614 -1.85696 0.28571
    endloop
  endfacet
  facet normal -0.418753 -0.147819 0.895989
    outer loop
      vertex 0.681091 -1.77716 0.354814
      vertex 0.679465 -1.75374 0.357918
      vertex 0.5614 -1.85696 0.28571
    endloop
  endfacet
  facet normal -0.418753 -0.147819 0.895989
    outer loop
      vertex 0.5614 -1.85696 0.28571
      vertex 0.679465 -1.75374 0.357918
      vertex 0.559802 -1.83351 0.28883
    endloop
  endfacet
  facet normal -0.458416 -0.0789988 0.88522
    outer loop
      vertex 0.679465 -1.75374 0.357918
      vertex 0.678591 -1.73011 0.359574
      vertex 0.559802 -1.83351 0.28883
    endloop
  endfacet
  facet normal -0.458416 -0.0789984 0.88522
    outer loop
      vertex 0.559802 -1.83351 0.28883
      vertex 0.678591 -1.73011 0.359574
      vertex 0.55894 -1.80988 0.290494
    endloop
  endfacet
  facet normal -0.488689 -0.0222917 0.872173
    outer loop
      vertex 0.678591 -1.73011 0.359574
      vertex 0.678433 -1.71503 0.359871
      vertex 0.55894 -1.80988 0.290494
    endloop
  endfacet
  facet normal -0.488688 -0.0222919 0.872174
    outer loop
      vertex 0.55894 -1.80988 0.290494
      vertex 0.678433 -1.71503 0.359871
      vertex 0.558785 -1.7948 0.290792
    endloop
  endfacet
  facet normal 0.397976 -0.865077 0.305378
    outer loop
      vertex 0.590198 -1.87929 0.49137
      vertex 0.491924 -1.95906 0.393461
      vertex 0.627382 -1.87929 0.442912
    endloop
  endfacet
  facet normal 0.396951 -0.864744 0.307649
    outer loop
      vertex 0.491924 -1.95906 0.393461
      vertex 0.507263 -1.95913 0.373477
      vertex 0.627382 -1.87929 0.442912
    endloop
  endfacet
  facet normal 0.430584 -0.346848 -0.833243
    outer loop
      vertex 0.726227 -1.84485 0.249747
      vertex 0.595236 -1.90271 0.206143
      vertex 0.728862 -1.82284 0.241948
    endloop
  endfacet
  facet normal 0.402058 -0.282175 -0.871049
    outer loop
      vertex 0.595236 -1.90271 0.206143
      vertex 0.597394 -1.88006 0.199802
      vertex 0.728862 -1.82284 0.241948
    endloop
  endfacet
  facet normal 0.402058 -0.282175 -0.871049
    outer loop
      vertex 0.728862 -1.82284 0.241948
      vertex 0.597394 -1.88006 0.199802
      vertex 0.730943 -1.80024 0.235586
    endloop
  endfacet
  facet normal 0.370949 -0.21569 -0.903258
    outer loop
      vertex 0.597394 -1.88006 0.199802
      vertex 0.598998 -1.85696 0.194942
      vertex 0.730943 -1.80024 0.235586
    endloop
  endfacet
  facet normal 0.370949 -0.21569 -0.903258
    outer loop
      vertex 0.730943 -1.80024 0.235586
      vertex 0.598998 -1.85696 0.194942
      vertex 0.732496 -1.77716 0.230713
    endloop
  endfacet
  facet normal 0.337456 -0.147819 -0.929663
    outer loop
      vertex 0.598998 -1.85696 0.194942
      vertex 0.600073 -1.83351 0.191606
      vertex 0.732496 -1.77716 0.230713
    endloop
  endfacet
  facet normal 0.337456 -0.147818 -0.929663
    outer loop
      vertex 0.732496 -1.77716 0.230713
      vertex 0.600073 -1.83351 0.191606
      vertex 0.733541 -1.75374 0.227368
    endloop
  endfacet
  facet normal 0.301796 -0.0789982 -0.950094
    outer loop
      vertex 0.600073 -1.83351 0.191606
      vertex 0.600641 -1.80988 0.18982
      vertex 0.733541 -1.75374 0.227368
    endloop
  endfacet
  facet normal 0.301796 -0.0789984 -0.950094
    outer loop
      vertex 0.733541 -1.75374 0.227368
      vertex 0.600641 -1.80988 0.18982
      vertex 0.734093 -1.73011 0.225579
    endloop
  endfacet
  facet normal 0.271165 -0.0222913 -0.962275
    outer loop
      vertex 0.600641 -1.80988 0.18982
      vertex 0.600742 -1.7948 0.1895
      vertex 0.734093 -1.73011 0.225579
    endloop
  endfacet
  facet normal 0.271166 -0.0222931 -0.962275
    outer loop
      vertex 0.734093 -1.73011 0.225579
      vertex 0.600742 -1.7948 0.1895
      vertex 0.734192 -1.71503 0.225257
    endloop
  endfacet
  facet normal 0.478805 -0.469173 -0.742039
    outer loop
      vertex 0.720638 -1.87929 0.265441
      vertex 0.586642 -1.95913 0.229461
      vertex 0.721681 -1.87372 0.262594
    endloop
  endfacet
  facet normal 0.475757 -0.461813 -0.748588
    outer loop
      vertex 0.586642 -1.95913 0.229461
      vertex 0.589111 -1.94618 0.223044
      vertex 0.721681 -1.87372 0.262594
    endloop
  endfacet
  facet normal 0.472244 -0.45041 -0.757704
    outer loop
      vertex 0.721681 -1.87372 0.262594
      vertex 0.589111 -1.94618 0.223044
      vertex 0.723007 -1.86615 0.258921
    endloop
  endfacet
  facet normal 0.458368 -0.414405 -0.786236
    outer loop
      vertex 0.589111 -1.94618 0.223044
      vertex 0.591968 -1.92842 0.215348
      vertex 0.723007 -1.86615 0.258921
    endloop
  endfacet
  facet normal 0.457062 -0.409233 -0.789698
    outer loop
      vertex 0.723007 -1.86615 0.258921
      vertex 0.591968 -1.92842 0.215348
      vertex 0.726227 -1.84485 0.249747
    endloop
  endfacet
  facet normal 0.445968 -0.383596 -0.808682
    outer loop
      vertex 0.591968 -1.92842 0.215348
      vertex 0.592488 -1.92479 0.213912
      vertex 0.726227 -1.84485 0.249747
    endloop
  endfacet
  facet normal 0.430583 -0.346846 -0.833244
    outer loop
      vertex 0.726227 -1.84485 0.249747
      vertex 0.592488 -1.92479 0.213912
      vertex 0.595236 -1.90271 0.206143
    endloop
  endfacet
  facet normal 0.482963 -0.866025 0.129409
    outer loop
      vertex 0.615007 -1.7948 0.13626
      vertex 0.748458 -1.71503 0.172017
      vertex 0.608457 -1.79445 0.163036
    endloop
  endfacet
  facet normal 0.482963 -0.866026 0.129408
    outer loop
      vertex 0.748458 -1.71503 0.172017
      vertex 0.741803 -1.71475 0.198765
      vertex 0.608457 -1.79445 0.163036
    endloop
  endfacet
  facet normal 0.482962 -0.866026 0.12941
    outer loop
      vertex 0.608457 -1.79445 0.163036
      vertex 0.741803 -1.71475 0.198765
      vertex 0.600742 -1.7948 0.1895
    endloop
  endfacet
  facet normal 0.482963 -0.866026 0.12941
    outer loop
      vertex 0.741803 -1.71475 0.198765
      vertex 0.734192 -1.71503 0.225257
      vertex 0.600742 -1.7948 0.1895
    endloop
  endfacet
  facet normal 0.0334635 -0.454154 0.890295
    outer loop
      vertex 0.621707 -1.94618 0.101394
      vertex 0.622749 -1.95906 0.0947854
      vertex 0.756812 -1.87929 0.13044
    endloop
  endfacet
  facet normal 0.0427213 -0.469261 0.882026
    outer loop
      vertex 0.756812 -1.87929 0.13044
      vertex 0.756291 -1.87372 0.133428
      vertex 0.621707 -1.94618 0.101394
    endloop
  endfacet
  facet normal 0.0301236 -0.450411 0.892313
    outer loop
      vertex 0.756291 -1.87372 0.133428
      vertex 0.755603 -1.86615 0.137271
      vertex 0.621707 -1.94618 0.101394
    endloop
  endfacet
  facet normal 0.00384054 -0.414405 0.910084
    outer loop
      vertex 0.621707 -1.94618 0.101394
      vertex 0.755603 -1.86615 0.137271
      vertex 0.620333 -1.92842 0.109487
    endloop
  endfacet
  facet normal 0.000977869 -0.409233 0.912429
    outer loop
      vertex 0.755603 -1.86615 0.137271
      vertex 0.753804 -1.84485 0.146826
      vertex 0.620333 -1.92842 0.109487
    endloop
  endfacet
  facet normal -0.0181217 -0.383596 0.923323
    outer loop
      vertex 0.620333 -1.92842 0.109487
      vertex 0.753804 -1.84485 0.146826
      vertex 0.620066 -1.92479 0.110991
    endloop
  endfacet
  facet normal -0.0437251 -0.346848 0.936902
    outer loop
      vertex 0.753804 -1.84485 0.146826
      vertex 0.752187 -1.82284 0.154898
      vertex 0.620066 -1.92479 0.110991
    endloop
  endfacet
  facet normal -0.0437262 -0.346846 0.936902
    outer loop
      vertex 0.620066 -1.92479 0.110991
      vertex 0.752187 -1.82284 0.154898
      vertex 0.618561 -1.90271 0.119093
    endloop
  endfacet
  facet normal -0.0873324 -0.282175 0.95538
    outer loop
      vertex 0.752187 -1.82284 0.154898
      vertex 0.750808 -1.80024 0.161448
      vertex 0.618561 -1.90271 0.119093
    endloop
  endfacet
  facet normal -0.0873325 -0.282175 0.95538
    outer loop
      vertex 0.618561 -1.90271 0.119093
      vertex 0.750808 -1.80024 0.161448
      vertex 0.61726 -1.88006 0.125664
    endloop
  endfacet
  facet normal -0.130378 -0.21569 0.967719
    outer loop
      vertex 0.750808 -1.80024 0.161448
      vertex 0.749717 -1.77716 0.166445
      vertex 0.61726 -1.88006 0.125664
    endloop
  endfacet
  facet normal -0.130378 -0.21569 0.967719
    outer loop
      vertex 0.61726 -1.88006 0.125664
      vertex 0.749717 -1.77716 0.166445
      vertex 0.616218 -1.85696 0.130674
    endloop
  endfacet
  facet normal -0.172585 -0.14782 0.97384
    outer loop
      vertex 0.749717 -1.77716 0.166445
      vertex 0.748949 -1.75374 0.169864
      vertex 0.616218 -1.85696 0.130674
    endloop
  endfacet
  facet normal -0.172586 -0.147819 0.97384
    outer loop
      vertex 0.616218 -1.85696 0.130674
      vertex 0.748949 -1.75374 0.169864
      vertex 0.615482 -1.83351 0.134101
    endloop
  endfacet
  facet normal -0.213685 -0.0789976 0.973703
    outer loop
      vertex 0.748949 -1.75374 0.169864
      vertex 0.748533 -1.73011 0.17169
      vertex 0.615482 -1.83351 0.134101
    endloop
  endfacet
  facet normal -0.213685 -0.0789981 0.973703
    outer loop
      vertex 0.615482 -1.83351 0.134101
      vertex 0.748533 -1.73011 0.17169
      vertex 0.61508 -1.80988 0.135931
    endloop
  endfacet
  facet normal -0.246302 -0.022292 0.968937
    outer loop
      vertex 0.748533 -1.73011 0.17169
      vertex 0.748458 -1.71503 0.172017
      vertex 0.61508 -1.80988 0.135931
    endloop
  endfacet
  facet normal -0.246301 -0.0222925 0.968937
    outer loop
      vertex 0.61508 -1.80988 0.135931
      vertex 0.748458 -1.71503 0.172017
      vertex 0.615007 -1.7948 0.13626
    endloop
  endfacet
  facet normal 0.463453 -0.865077 0.191969
    outer loop
      vertex 0.697264 -1.87929 0.321873
      vertex 0.576997 -1.95906 0.252735
      vertex 0.720638 -1.87929 0.265441
    endloop
  endfacet
  facet normal 0.463051 -0.864744 0.194427
    outer loop
      vertex 0.576997 -1.95906 0.252735
      vertex 0.586642 -1.95913 0.229461
      vertex 0.720638 -1.87929 0.265441
    endloop
  endfacet
  facet normal -0.0523359 0 0.99863
    outer loop
      vertex -0.821567 -0.0393701 -0.0430565
      vertex -0.821567 -1.6284 -0.0430565
      vertex -0.797467 -0.0393701 -0.0417935
    endloop
  endfacet
  facet normal -0.0523359 0 0.99863
    outer loop
      vertex -0.821567 -1.6284 -0.0430565
      vertex -0.797467 -1.64233 -0.0417935
      vertex -0.797467 -0.0393701 -0.0417935
    endloop
  endfacet
  facet normal 0.200252 -0.346847 -0.916295
    outer loop
      vertex 0.76612 -1.84485 0.0532759
      vertex 0.628308 -1.90271 0.0450603
      vertex 0.766647 -1.82284 0.0450603
    endloop
  endfacet
  facet normal 0.162914 -0.282175 -0.945429
    outer loop
      vertex 0.628308 -1.90271 0.0450603
      vertex 0.628751 -1.88006 0.0383766
      vertex 0.766647 -1.82284 0.0450603
    endloop
  endfacet
  facet normal 0.162914 -0.282175 -0.945429
    outer loop
      vertex 0.766647 -1.82284 0.0450603
      vertex 0.628751 -1.88006 0.0383766
      vertex 0.767011 -1.80024 0.0383766
    endloop
  endfacet
  facet normal 0.124529 -0.21569 -0.968489
    outer loop
      vertex 0.628751 -1.88006 0.0383766
      vertex 0.629042 -1.85696 0.0332676
      vertex 0.767011 -1.80024 0.0383766
    endloop
  endfacet
  facet normal 0.124529 -0.21569 -0.968489
    outer loop
      vertex 0.767011 -1.80024 0.0383766
      vertex 0.629042 -1.85696 0.0332676
      vertex 0.76725 -1.77716 0.0332676
    endloop
  endfacet
  facet normal 0.0853435 -0.147819 -0.985325
    outer loop
      vertex 0.629042 -1.85696 0.0332676
      vertex 0.629218 -1.83351 0.0297663
      vertex 0.76725 -1.77716 0.0332676
    endloop
  endfacet
  facet normal 0.0853434 -0.147819 -0.985325
    outer loop
      vertex 0.76725 -1.77716 0.0332676
      vertex 0.629218 -1.83351 0.0297663
      vertex 0.767393 -1.75374 0.0297663
    endloop
  endfacet
  facet normal 0.0456095 -0.0789979 -0.995831
    outer loop
      vertex 0.629218 -1.83351 0.0297663
      vertex 0.629303 -1.80988 0.0278951
      vertex 0.767393 -1.75374 0.0297663
    endloop
  endfacet
  facet normal 0.0456096 -0.0789981 -0.995831
    outer loop
      vertex 0.767393 -1.75374 0.0297663
      vertex 0.629303 -1.80988 0.0278951
      vertex 0.767464 -1.73011 0.0278951
    endloop
  endfacet
  facet normal 0.0128706 -0.0222925 -0.999669
    outer loop
      vertex 0.629303 -1.80988 0.0278951
      vertex 0.629318 -1.7948 0.0275591
      vertex 0.767464 -1.73011 0.0278951
    endloop
  endfacet
  facet normal 0.0128706 -0.0222925 -0.999669
    outer loop
      vertex 0.767464 -1.73011 0.0278951
      vertex 0.629318 -1.7948 0.0275591
      vertex 0.767476 -1.71503 0.0275591
    endloop
  endfacet
  facet normal 0.270436 -0.469172 -0.840679
    outer loop
      vertex 0.764784 -1.87929 0.0698819
      vertex 0.626041 -1.95913 0.0698086
      vertex 0.765054 -1.87372 0.0668612
    endloop
  endfacet
  facet normal 0.265797 -0.461812 -0.846216
    outer loop
      vertex 0.626041 -1.95913 0.0698086
      vertex 0.626766 -1.94618 0.0629706
      vertex 0.765054 -1.87372 0.0668612
    endloop
  endfacet
  facet normal 0.260045 -0.450411 -0.854111
    outer loop
      vertex 0.765054 -1.87372 0.0668612
      vertex 0.626766 -1.94618 0.0629706
      vertex 0.765384 -1.86615 0.0629706
    endloop
  endfacet
  facet normal 0.239257 -0.414405 -0.87808
    outer loop
      vertex 0.626766 -1.94618 0.0629706
      vertex 0.627533 -1.92842 0.0547975
      vertex 0.765384 -1.86615 0.0629706
    endloop
  endfacet
  facet normal 0.237099 -0.409233 -0.881086
    outer loop
      vertex 0.765384 -1.86615 0.0629706
      vertex 0.627533 -1.92842 0.0547975
      vertex 0.76612 -1.84485 0.0532759
    endloop
  endfacet
  facet normal 0.221469 -0.383595 -0.896552
    outer loop
      vertex 0.627533 -1.92842 0.0547975
      vertex 0.627664 -1.92479 0.0532759
      vertex 0.76612 -1.84485 0.0532759
    endloop
  endfacet
  facet normal 0.200252 -0.346846 -0.916295
    outer loop
      vertex 0.76612 -1.84485 0.0532759
      vertex 0.627664 -1.92479 0.0532759
      vertex 0.628308 -1.90271 0.0450603
    endloop
  endfacet
  facet normal -0.994522 0 0.104528
    outer loop
      vertex -0.792609 -1.64233 0.0973202
      vertex -0.792609 -0.0393701 0.0973202
      vertex -0.795523 -1.64233 0.0695992
    endloop
  endfacet
  facet normal -0.996917 0.000455191 0.0784583
    outer loop
      vertex -0.792609 -0.0393701 0.0973202
      vertex -0.798075 -0.0393701 0.0278694
      vertex -0.795523 -1.64233 0.0695992
    endloop
  endfacet
  facet normal -0.998135 0 0.0610475
    outer loop
      vertex -0.795523 -1.64233 0.0695992
      vertex -0.798075 -0.0393701 0.0278694
      vertex -0.798075 -1.64233 0.0278694
    endloop
  endfacet
  facet normal -0.999848 0 0.0174533
    outer loop
      vertex -0.798075 -1.64233 0.0278694
      vertex -0.798075 -0.0393701 0.0278694
      vertex -0.798562 -1.64233 -2.98375e-15
    endloop
  endfacet
  facet normal -0.999962 0.000455199 -0.00872636
    outer loop
      vertex -0.798075 -0.0393701 0.0278694
      vertex -0.797467 -0.0393701 -0.0417935
      vertex -0.798562 -1.64233 -2.98375e-15
    endloop
  endfacet
  facet normal -0.999657 0 -0.0261773
    outer loop
      vertex -0.798562 -1.64233 -2.98375e-15
      vertex -0.797467 -0.0393701 -0.0417935
      vertex -0.797467 -1.64233 -0.0417935
    endloop
  endfacet
  facet normal 0.5 -0.866025 -1.6255e-6
    outer loop
      vertex 0.629318 -1.7948 -0.0275591
      vertex 0.767476 -1.71503 -0.0275591
      vertex 0.629921 -1.79445 3.85716e-17
    endloop
  endfacet
  facet normal 0.5 -0.866025 -1.85295e-6
    outer loop
      vertex 0.767476 -1.71503 -0.0275591
      vertex 0.767971 -1.71475 -2.18096e-16
      vertex 0.629921 -1.79445 3.85716e-17
    endloop
  endfacet
  facet normal 0.5 -0.866025 1.6245e-6
    outer loop
      vertex 0.629921 -1.79445 3.85716e-17
      vertex 0.767971 -1.71475 -2.18096e-16
      vertex 0.629318 -1.7948 0.0275591
    endloop
  endfacet
  facet normal 0.5 -0.866025 1.85377e-6
    outer loop
      vertex 0.767971 -1.71475 -2.18096e-16
      vertex 0.767476 -1.71503 0.0275591
      vertex 0.629318 -1.7948 0.0275591
    endloop
  endfacet
  facet normal -0.121869 0 -0.992546
    outer loop
      vertex -0.792609 -0.0393701 0.0973202
      vertex -0.792609 -1.64233 0.0973202
      vertex -0.816563 -0.0393701 0.100261
    endloop
  endfacet
  facet normal -0.121869 0 -0.992546
    outer loop
      vertex -0.792609 -1.64233 0.0973202
      vertex -0.816563 -1.6284 0.100261
      vertex -0.816563 -0.0393701 0.100261
    endloop
  endfacet
  facet normal 0.262749 -0.454154 0.851297
    outer loop
      vertex 0.626766 -1.94618 -0.0629706
      vertex 0.626062 -1.95906 -0.0696237
      vertex 0.764784 -1.87929 -0.0698819
    endloop
  endfacet
  facet normal 0.269549 -0.469258 0.840916
    outer loop
      vertex 0.764784 -1.87929 -0.0698819
      vertex 0.765054 -1.87372 -0.0668612
      vertex 0.626766 -1.94618 -0.0629706
    endloop
  endfacet
  facet normal 0.260045 -0.450411 0.854111
    outer loop
      vertex 0.765054 -1.87372 -0.0668612
      vertex 0.765384 -1.86615 -0.0629706
      vertex 0.626766 -1.94618 -0.0629706
    endloop
  endfacet
  facet normal 0.239257 -0.414405 0.87808
    outer loop
      vertex 0.626766 -1.94618 -0.0629706
      vertex 0.765384 -1.86615 -0.0629706
      vertex 0.627533 -1.92842 -0.0547975
    endloop
  endfacet
  facet normal 0.237099 -0.409233 0.881086
    outer loop
      vertex 0.765384 -1.86615 -0.0629706
      vertex 0.76612 -1.84485 -0.0532759
      vertex 0.627533 -1.92842 -0.0547975
    endloop
  endfacet
  facet normal 0.221469 -0.383595 0.896552
    outer loop
      vertex 0.627533 -1.92842 -0.0547975
      vertex 0.76612 -1.84485 -0.0532759
      vertex 0.627664 -1.92479 -0.0532759
    endloop
  endfacet
  facet normal 0.200252 -0.346847 0.916295
    outer loop
      vertex 0.76612 -1.84485 -0.0532759
      vertex 0.766647 -1.82284 -0.0450603
      vertex 0.627664 -1.92479 -0.0532759
    endloop
  endfacet
  facet normal 0.200252 -0.346846 0.916295
    outer loop
      vertex 0.627664 -1.92479 -0.0532759
      vertex 0.766647 -1.82284 -0.0450603
      vertex 0.628308 -1.90271 -0.0450603
    endloop
  endfacet
  facet normal 0.162914 -0.282175 0.945429
    outer loop
      vertex 0.766647 -1.82284 -0.0450603
      vertex 0.767011 -1.80024 -0.0383766
      vertex 0.628308 -1.90271 -0.0450603
    endloop
  endfacet
  facet normal 0.162914 -0.282175 0.945429
    outer loop
      vertex 0.628308 -1.90271 -0.0450603
      vertex 0.767011 -1.80024 -0.0383766
      vertex 0.628751 -1.88006 -0.0383766
    endloop
  endfacet
  facet normal 0.124528 -0.21569 0.968489
    outer loop
      vertex 0.767011 -1.80024 -0.0383766
      vertex 0.76725 -1.77716 -0.0332676
      vertex 0.628751 -1.88006 -0.0383766
    endloop
  endfacet
  facet normal 0.124529 -0.21569 0.968489
    outer loop
      vertex 0.628751 -1.88006 -0.0383766
      vertex 0.76725 -1.77716 -0.0332676
      vertex 0.629042 -1.85696 -0.0332676
    endloop
  endfacet
  facet normal 0.0853433 -0.147819 0.985325
    outer loop
      vertex 0.76725 -1.77716 -0.0332676
      vertex 0.767393 -1.75374 -0.0297663
      vertex 0.629042 -1.85696 -0.0332676
    endloop
  endfacet
  facet normal 0.0853436 -0.147819 0.985325
    outer loop
      vertex 0.629042 -1.85696 -0.0332676
      vertex 0.767393 -1.75374 -0.0297663
      vertex 0.629218 -1.83351 -0.0297663
    endloop
  endfacet
  facet normal 0.0456096 -0.0789981 0.995831
    outer loop
      vertex 0.767393 -1.75374 -0.0297663
      vertex 0.767464 -1.73011 -0.0278951
      vertex 0.629218 -1.83351 -0.0297663
    endloop
  endfacet
  facet normal 0.0456095 -0.0789979 0.995831
    outer loop
      vertex 0.629218 -1.83351 -0.0297663
      vertex 0.767464 -1.73011 -0.0278951
      vertex 0.629303 -1.80988 -0.0278951
    endloop
  endfacet
  facet normal 0.0128706 -0.0222925 0.999669
    outer loop
      vertex 0.767464 -1.73011 -0.0278951
      vertex 0.767476 -1.71503 -0.0275591
      vertex 0.629303 -1.80988 -0.0278951
    endloop
  endfacet
  facet normal 0.0128706 -0.0222925 0.999669
    outer loop
      vertex 0.629303 -1.80988 -0.0278951
      vertex 0.767476 -1.71503 -0.0275591
      vertex 0.629318 -1.7948 -0.0275591
    endloop
  endfacet
  facet normal 0.497347 -0.865077 0.065477
    outer loop
      vertex 0.756812 -1.87929 0.13044
      vertex 0.622749 -1.95906 0.0947854
      vertex 0.764784 -1.87929 0.0698819
    endloop
  endfacet
  facet normal 0.497594 -0.864744 0.0679564
    outer loop
      vertex 0.622749 -1.95906 0.0947854
      vertex 0.626041 -1.95913 0.0698086
      vertex 0.764784 -1.87929 0.0698819
    endloop
  endfacet
  facet normal -0.0437254 -0.346848 -0.936902
    outer loop
      vertex 0.753804 -1.84485 -0.146826
      vertex 0.618561 -1.90271 -0.119093
      vertex 0.752187 -1.82284 -0.154898
    endloop
  endfacet
  facet normal -0.0873325 -0.282175 -0.95538
    outer loop
      vertex 0.618561 -1.90271 -0.119093
      vertex 0.61726 -1.88006 -0.125664
      vertex 0.752187 -1.82284 -0.154898
    endloop
  endfacet
  facet normal -0.0873324 -0.282175 -0.95538
    outer loop
      vertex 0.752187 -1.82284 -0.154898
      vertex 0.61726 -1.88006 -0.125664
      vertex 0.750808 -1.80024 -0.161448
    endloop
  endfacet
  facet normal -0.130378 -0.21569 -0.967719
    outer loop
      vertex 0.61726 -1.88006 -0.125664
      vertex 0.616218 -1.85696 -0.130674
      vertex 0.750808 -1.80024 -0.161448
    endloop
  endfacet
  facet normal -0.130378 -0.21569 -0.967719
    outer loop
      vertex 0.750808 -1.80024 -0.161448
      vertex 0.616218 -1.85696 -0.130674
      vertex 0.749717 -1.77716 -0.166445
    endloop
  endfacet
  facet normal -0.172586 -0.147819 -0.97384
    outer loop
      vertex 0.616218 -1.85696 -0.130674
      vertex 0.615482 -1.83351 -0.134101
      vertex 0.749717 -1.77716 -0.166445
    endloop
  endfacet
  facet normal -0.172585 -0.14782 -0.97384
    outer loop
      vertex 0.749717 -1.77716 -0.166445
      vertex 0.615482 -1.83351 -0.134101
      vertex 0.748949 -1.75374 -0.169864
    endloop
  endfacet
  facet normal -0.213685 -0.0789981 -0.973703
    outer loop
      vertex 0.615482 -1.83351 -0.134101
      vertex 0.61508 -1.80988 -0.135931
      vertex 0.748949 -1.75374 -0.169864
    endloop
  endfacet
  facet normal -0.213685 -0.0789976 -0.973703
    outer loop
      vertex 0.748949 -1.75374 -0.169864
      vertex 0.61508 -1.80988 -0.135931
      vertex 0.748533 -1.73011 -0.17169
    endloop
  endfacet
  facet normal -0.246301 -0.0222925 -0.968937
    outer loop
      vertex 0.61508 -1.80988 -0.135931
      vertex 0.615007 -1.7948 -0.13626
      vertex 0.748533 -1.73011 -0.17169
    endloop
  endfacet
  facet normal -0.246301 -0.022292 -0.968937
    outer loop
      vertex 0.748533 -1.73011 -0.17169
      vertex 0.615007 -1.7948 -0.13626
      vertex 0.748458 -1.71503 -0.172017
    endloop
  endfacet
  facet normal 0.0436398 -0.469175 -0.882026
    outer loop
      vertex 0.756812 -1.87929 -0.13044
      vertex 0.622777 -1.95913 -0.0946014
      vertex 0.756291 -1.87372 -0.133428
    endloop
  endfacet
  facet normal 0.0377233 -0.461812 -0.886175
    outer loop
      vertex 0.622777 -1.95913 -0.0946014
      vertex 0.621707 -1.94618 -0.101394
      vertex 0.756291 -1.87372 -0.133428
    endloop
  endfacet
  facet normal 0.0301236 -0.450411 -0.892313
    outer loop
      vertex 0.756291 -1.87372 -0.133428
      vertex 0.621707 -1.94618 -0.101394
      vertex 0.755603 -1.86615 -0.137271
    endloop
  endfacet
  facet normal 0.00384054 -0.414405 -0.910084
    outer loop
      vertex 0.621707 -1.94618 -0.101394
      vertex 0.620333 -1.92842 -0.109487
      vertex 0.755603 -1.86615 -0.137271
    endloop
  endfacet
  facet normal 0.000977869 -0.409233 -0.912429
    outer loop
      vertex 0.755603 -1.86615 -0.137271
      vertex 0.620333 -1.92842 -0.109487
      vertex 0.753804 -1.84485 -0.146826
    endloop
  endfacet
  facet normal -0.0181217 -0.383596 -0.923323
    outer loop
      vertex 0.620333 -1.92842 -0.109487
      vertex 0.620066 -1.92479 -0.110991
      vertex 0.753804 -1.84485 -0.146826
    endloop
  endfacet
  facet normal -0.043726 -0.346846 -0.936902
    outer loop
      vertex 0.753804 -1.84485 -0.146826
      vertex 0.620066 -1.92479 -0.110991
      vertex 0.618561 -1.90271 -0.119093
    endloop
  endfacet
  facet normal 0.497347 -0.865077 -0.065477
    outer loop
      vertex 0.764784 -1.87929 -0.0698819
      vertex 0.626062 -1.95906 -0.0696237
      vertex 0.756812 -1.87929 -0.13044
    endloop
  endfacet
  facet normal 0.498228 -0.864744 -0.0631455
    outer loop
      vertex 0.626062 -1.95906 -0.0696237
      vertex 0.622777 -1.95913 -0.0946014
      vertex 0.756812 -1.87929 -0.13044
    endloop
  endfacet
  facet normal -0.284724 -0.346847 -0.893661
    outer loop
      vertex 0.690118 -1.84485 -0.336922
      vertex 0.56666 -1.90271 -0.27513
      vertex 0.686466 -1.82284 -0.3443
    endloop
  endfacet
  facet normal -0.331628 -0.282174 -0.900223
    outer loop
      vertex 0.56666 -1.90271 -0.27513
      vertex 0.563703 -1.88006 -0.28114
      vertex 0.686466 -1.82284 -0.3443
    endloop
  endfacet
  facet normal -0.331627 -0.282175 -0.900223
    outer loop
      vertex 0.686466 -1.82284 -0.3443
      vertex 0.563703 -1.88006 -0.28114
      vertex 0.683439 -1.80024 -0.35027
    endloop
  endfacet
  facet normal -0.376399 -0.215691 -0.901
    outer loop
      vertex 0.563703 -1.88006 -0.28114
      vertex 0.5614 -1.85696 -0.28571
      vertex 0.683439 -1.80024 -0.35027
    endloop
  endfacet
  facet normal -0.376399 -0.21569 -0.901
    outer loop
      vertex 0.683439 -1.80024 -0.35027
      vertex 0.5614 -1.85696 -0.28571
      vertex 0.681091 -1.77716 -0.354814
    endloop
  endfacet
  facet normal -0.418753 -0.147819 -0.895989
    outer loop
      vertex 0.5614 -1.85696 -0.28571
      vertex 0.559802 -1.83351 -0.28883
      vertex 0.681091 -1.77716 -0.354814
    endloop
  endfacet
  facet normal -0.418753 -0.147819 -0.895989
    outer loop
      vertex 0.681091 -1.77716 -0.354814
      vertex 0.559802 -1.83351 -0.28883
      vertex 0.679465 -1.75374 -0.357918
    endloop
  endfacet
  facet normal -0.458416 -0.0789984 -0.88522
    outer loop
      vertex 0.559802 -1.83351 -0.28883
      vertex 0.55894 -1.80988 -0.290494
      vertex 0.679465 -1.75374 -0.357918
    endloop
  endfacet
  facet normal -0.458416 -0.0789988 -0.88522
    outer loop
      vertex 0.679465 -1.75374 -0.357918
      vertex 0.55894 -1.80988 -0.290494
      vertex 0.678591 -1.73011 -0.359574
    endloop
  endfacet
  facet normal -0.488688 -0.0222919 -0.872174
    outer loop
      vertex 0.55894 -1.80988 -0.290494
      vertex 0.558785 -1.7948 -0.290792
      vertex 0.678591 -1.73011 -0.359574
    endloop
  endfacet
  facet normal -0.488689 -0.0222917 -0.872174
    outer loop
      vertex 0.678591 -1.73011 -0.359574
      vertex 0.558785 -1.7948 -0.290792
      vertex 0.678433 -1.71503 -0.359871
    endloop
  endfacet
  facet normal -0.186133 -0.469174 -0.863267
    outer loop
      vertex 0.697264 -1.87929 -0.321873
      vertex 0.577072 -1.95913 -0.252565
      vertex 0.695987 -1.87372 -0.324624
    endloop
  endfacet
  facet normal -0.192921 -0.461813 -0.865743
    outer loop
      vertex 0.577072 -1.95913 -0.252565
      vertex 0.57428 -1.94618 -0.258849
      vertex 0.695987 -1.87372 -0.324624
    endloop
  endfacet
  facet normal -0.20185 -0.450412 -0.869704
    outer loop
      vertex 0.695987 -1.87372 -0.324624
      vertex 0.57428 -1.94618 -0.258849
      vertex 0.694328 -1.86615 -0.328158
    endloop
  endfacet
  facet normal -0.231837 -0.414406 -0.880068
    outer loop
      vertex 0.57428 -1.94618 -0.258849
      vertex 0.570858 -1.92842 -0.266311
      vertex 0.694328 -1.86615 -0.328158
    endloop
  endfacet
  facet normal -0.23521 -0.409233 -0.881592
    outer loop
      vertex 0.694328 -1.86615 -0.328158
      vertex 0.570858 -1.92842 -0.266311
      vertex 0.690118 -1.84485 -0.336922
    endloop
  endfacet
  facet normal -0.256478 -0.383596 -0.887171
    outer loop
      vertex 0.570858 -1.92842 -0.266311
      vertex 0.570211 -1.92479 -0.267694
      vertex 0.690118 -1.84485 -0.336922
    endloop
  endfacet
  facet normal -0.284724 -0.346846 -0.893661
    outer loop
      vertex 0.690118 -1.84485 -0.336922
      vertex 0.570211 -1.92479 -0.267694
      vertex 0.56666 -1.90271 -0.27513
    endloop
  endfacet
  facet normal 0.433012 -0.866026 -0.250001
    outer loop
      vertex 0.531226 -1.7948 -0.338526
      vertex 0.650874 -1.71503 -0.407605
      vertex 0.545528 -1.79445 -0.314961
    endloop
  endfacet
  facet normal 0.433012 -0.866025 -0.25
    outer loop
      vertex 0.650874 -1.71503 -0.407605
      vertex 0.665082 -1.71475 -0.383985
      vertex 0.545528 -1.79445 -0.314961
    endloop
  endfacet
  facet normal 0.433013 -0.866025 -0.249999
    outer loop
      vertex 0.545528 -1.79445 -0.314961
      vertex 0.665082 -1.71475 -0.383985
      vertex 0.558785 -1.7948 -0.290792
    endloop
  endfacet
  facet normal 0.433013 -0.866025 -0.249999
    outer loop
      vertex 0.665082 -1.71475 -0.383985
      vertex 0.678433 -1.71503 -0.359871
      vertex 0.558785 -1.7948 -0.290792
    endloop
  endfacet
  facet normal 0.653196 -0.454154 0.605871
    outer loop
      vertex 0.51131 -1.94618 -0.367917
      vertex 0.507374 -1.95906 -0.373327
      vertex 0.627382 -1.87929 -0.442912
    endloop
  endfacet
  facet normal 0.653895 -0.469259 0.593479
    outer loop
      vertex 0.627382 -1.87929 -0.442912
      vertex 0.629126 -1.87372 -0.440431
      vertex 0.51131 -1.94618 -0.367917
    endloop
  endfacet
  facet normal 0.652261 -0.450408 0.609662
    outer loop
      vertex 0.629126 -1.87372 -0.440431
      vertex 0.631357 -1.86615 -0.437226
      vertex 0.51131 -1.94618 -0.367917
    endloop
  endfacet
  facet normal 0.646242 -0.414404 0.640812
    outer loop
      vertex 0.51131 -1.94618 -0.367917
      vertex 0.631357 -1.86615 -0.437226
      vertex 0.516061 -1.92842 -0.361223
    endloop
  endfacet
  facet normal 0.645877 -0.409234 0.644493
    outer loop
      vertex 0.631357 -1.86615 -0.437226
      vertex 0.636842 -1.84485 -0.429198
      vertex 0.516061 -1.92842 -0.361223
    endloop
  endfacet
  facet normal 0.640075 -0.383599 0.6657
    outer loop
      vertex 0.516061 -1.92842 -0.361223
      vertex 0.636842 -1.84485 -0.429198
      vertex 0.516935 -1.92479 -0.35997
    endloop
  endfacet
  facet normal 0.631571 -0.346847 0.693408
    outer loop
      vertex 0.636842 -1.84485 -0.429198
      vertex 0.641406 -1.82284 -0.422347
      vertex 0.516935 -1.92479 -0.35997
    endloop
  endfacet
  facet normal 0.631571 -0.346846 0.693409
    outer loop
      vertex 0.516935 -1.92479 -0.35997
      vertex 0.641406 -1.82284 -0.422347
      vertex 0.5216 -1.90271 -0.353177
    endloop
  endfacet
  facet normal 0.613802 -0.282176 0.737308
    outer loop
      vertex 0.641406 -1.82284 -0.422347
      vertex 0.645063 -1.80024 -0.416741
      vertex 0.5216 -1.90271 -0.353177
    endloop
  endfacet
  facet normal 0.613802 -0.282175 0.737309
    outer loop
      vertex 0.5216 -1.90271 -0.353177
      vertex 0.645063 -1.80024 -0.416741
      vertex 0.525326 -1.88006 -0.347611
    endloop
  endfacet
  facet normal 0.592089 -0.215689 0.776472
    outer loop
      vertex 0.645063 -1.80024 -0.416741
      vertex 0.647824 -1.77716 -0.412435
      vertex 0.525326 -1.88006 -0.347611
    endloop
  endfacet
  facet normal 0.592089 -0.21569 0.776471
    outer loop
      vertex 0.525326 -1.88006 -0.347611
      vertex 0.647824 -1.77716 -0.412435
      vertex 0.528133 -1.85696 -0.343332
    endloop
  endfacet
  facet normal 0.566572 -0.147819 0.810645
    outer loop
      vertex 0.647824 -1.77716 -0.412435
      vertex 0.649699 -1.75374 -0.409475
      vertex 0.528133 -1.85696 -0.343332
    endloop
  endfacet
  facet normal 0.566572 -0.147819 0.810645
    outer loop
      vertex 0.528133 -1.85696 -0.343332
      vertex 0.649699 -1.75374 -0.409475
      vertex 0.530035 -1.83351 -0.340387
    endloop
  endfacet
  facet normal 0.537415 -0.0789988 0.83961
    outer loop
      vertex 0.649699 -1.75374 -0.409475
      vertex 0.650696 -1.73011 -0.40789
      vertex 0.530035 -1.83351 -0.340387
    endloop
  endfacet
  facet normal 0.537414 -0.078998 0.83961
    outer loop
      vertex 0.530035 -1.83351 -0.340387
      vertex 0.650696 -1.73011 -0.40789
      vertex 0.531045 -1.80988 -0.33881
    endloop
  endfacet
  facet normal 0.510981 -0.0222926 0.859303
    outer loop
      vertex 0.650696 -1.73011 -0.40789
      vertex 0.650874 -1.71503 -0.407605
      vertex 0.531045 -1.80988 -0.33881
    endloop
  endfacet
  facet normal 0.510981 -0.0222933 0.859303
    outer loop
      vertex 0.531045 -1.80988 -0.33881
      vertex 0.650874 -1.71503 -0.407605
      vertex 0.531226 -1.7948 -0.338526
    endloop
  endfacet
  facet normal -0.506318 -0.346848 -0.789518
    outer loop
      vertex 0.579401 -1.84485 -0.504057
      vertex 0.476143 -1.90271 -0.412418
      vertex 0.573964 -1.82284 -0.510239
    endloop
  endfacet
  facet normal -0.553322 -0.282175 -0.783717
    outer loop
      vertex 0.476143 -1.90271 -0.412418
      vertex 0.471731 -1.88006 -0.417458
      vertex 0.573964 -1.82284 -0.510239
    endloop
  endfacet
  facet normal -0.553322 -0.282175 -0.783717
    outer loop
      vertex 0.573964 -1.82284 -0.510239
      vertex 0.471731 -1.88006 -0.417458
      vertex 0.569495 -1.80024 -0.515222
    endloop
  endfacet
  facet normal -0.59677 -0.21569 -0.77288
    outer loop
      vertex 0.471731 -1.88006 -0.417458
      vertex 0.468324 -1.85696 -0.421276
      vertex 0.569495 -1.80024 -0.515222
    endloop
  endfacet
  facet normal -0.59677 -0.215689 -0.77288
    outer loop
      vertex 0.569495 -1.80024 -0.515222
      vertex 0.468324 -1.85696 -0.421276
      vertex 0.566051 -1.77716 -0.519004
    endloop
  endfacet
  facet normal -0.636382 -0.147821 -0.757078
    outer loop
      vertex 0.468324 -1.85696 -0.421276
      vertex 0.465972 -1.83351 -0.423876
      vertex 0.566051 -1.77716 -0.519004
    endloop
  endfacet
  facet normal -0.636383 -0.14782 -0.757077
    outer loop
      vertex 0.566051 -1.77716 -0.519004
      vertex 0.465972 -1.83351 -0.423876
      vertex 0.563677 -1.75374 -0.521581
    endloop
  endfacet
  facet normal -0.671908 -0.0789975 -0.73641
    outer loop
      vertex 0.465972 -1.83351 -0.423876
      vertex 0.464709 -1.80988 -0.42526
      vertex 0.563677 -1.75374 -0.521581
    endloop
  endfacet
  facet normal -0.671908 -0.0789986 -0.73641
    outer loop
      vertex 0.563677 -1.75374 -0.521581
      vertex 0.464709 -1.80988 -0.42526
      vertex 0.562404 -1.73011 -0.522954
    endloop
  endfacet
  facet normal -0.697773 -0.0222902 -0.715972
    outer loop
      vertex 0.464709 -1.80988 -0.42526
      vertex 0.464482 -1.7948 -0.425508
      vertex 0.562404 -1.73011 -0.522954
    endloop
  endfacet
  facet normal -0.697772 -0.022292 -0.715973
    outer loop
      vertex 0.562404 -1.73011 -0.522954
      vertex 0.464482 -1.7948 -0.425508
      vertex 0.562175 -1.71503 -0.5232
    endloop
  endfacet
  facet normal -0.403219 -0.469176 -0.785677
    outer loop
      vertex 0.590198 -1.87929 -0.49137
      vertex 0.49204 -1.95913 -0.393316
      vertex 0.588253 -1.87372 -0.493697
    endloop
  endfacet
  facet normal -0.410419 -0.461812 -0.786312
    outer loop
      vertex 0.49204 -1.95913 -0.393316
      vertex 0.487717 -1.94618 -0.398663
      vertex 0.588253 -1.87372 -0.493697
    endloop
  endfacet
  facet normal -0.420068 -0.450412 -0.787827
    outer loop
      vertex 0.588253 -1.87372 -0.493697
      vertex 0.487717 -1.94618 -0.398663
      vertex 0.585735 -1.86615 -0.496682
    endloop
  endfacet
  facet normal -0.451716 -0.414405 -0.790076
    outer loop
      vertex 0.487717 -1.94618 -0.398663
      vertex 0.482481 -1.92842 -0.404985
      vertex 0.585735 -1.86615 -0.496682
    endloop
  endfacet
  facet normal -0.455368 -0.409233 -0.790676
    outer loop
      vertex 0.585735 -1.86615 -0.496682
      vertex 0.482481 -1.92842 -0.404985
      vertex 0.579401 -1.84485 -0.504057
    endloop
  endfacet
  facet normal -0.477352 -0.3836 -0.790561
    outer loop
      vertex 0.482481 -1.92842 -0.404985
      vertex 0.481497 -1.92479 -0.406154
      vertex 0.579401 -1.84485 -0.504057
    endloop
  endfacet
  facet normal -0.50632 -0.346845 -0.789518
    outer loop
      vertex 0.579401 -1.84485 -0.504057
      vertex 0.481497 -1.92479 -0.406154
      vertex 0.476143 -1.90271 -0.412418
    endloop
  endfacet
  facet normal 0.353552 -0.866025 -0.353554
    outer loop
      vertex 0.425508 -1.7948 -0.464482
      vertex 0.5232 -1.71503 -0.562175
      vertex 0.445422 -1.79445 -0.445422
    endloop
  endfacet
  facet normal 0.353552 -0.866025 -0.353554
    outer loop
      vertex 0.5232 -1.71503 -0.562175
      vertex 0.543037 -1.71475 -0.543037
      vertex 0.445422 -1.79445 -0.445422
    endloop
  endfacet
  facet normal 0.353554 -0.866025 -0.353552
    outer loop
      vertex 0.445422 -1.79445 -0.445422
      vertex 0.543037 -1.71475 -0.543037
      vertex 0.464482 -1.7948 -0.425508
    endloop
  endfacet
  facet normal 0.353554 -0.866025 -0.353552
    outer loop
      vertex 0.543037 -1.71475 -0.543037
      vertex 0.562175 -1.71503 -0.5232
      vertex 0.464482 -1.7948 -0.425508
    endloop
  endfacet
  facet normal 0.78775 -0.454153 0.416167
    outer loop
      vertex 0.398663 -1.94618 -0.487717
      vertex 0.393461 -1.95906 -0.491924
      vertex 0.49137 -1.87929 -0.590198
    endloop
  endfacet
  facet normal 0.785217 -0.469261 0.404015
    outer loop
      vertex 0.49137 -1.87929 -0.590198
      vertex 0.493697 -1.87372 -0.588253
      vertex 0.398663 -1.94618 -0.487717
    endloop
  endfacet
  facet normal 0.787827 -0.450412 0.420068
    outer loop
      vertex 0.493697 -1.87372 -0.588253
      vertex 0.496682 -1.86615 -0.585735
      vertex 0.398663 -1.94618 -0.487717
    endloop
  endfacet
  facet normal 0.790076 -0.414405 0.451716
    outer loop
      vertex 0.398663 -1.94618 -0.487717
      vertex 0.496682 -1.86615 -0.585735
      vertex 0.404985 -1.92842 -0.482481
    endloop
  endfacet
  facet normal 0.790676 -0.409233 0.455368
    outer loop
      vertex 0.496682 -1.86615 -0.585735
      vertex 0.504057 -1.84485 -0.579401
      vertex 0.404985 -1.92842 -0.482481
    endloop
  endfacet
  facet normal 0.790561 -0.3836 0.477352
    outer loop
      vertex 0.404985 -1.92842 -0.482481
      vertex 0.504057 -1.84485 -0.579401
      vertex 0.406154 -1.92479 -0.481497
    endloop
  endfacet
  facet normal 0.789518 -0.346848 0.506318
    outer loop
      vertex 0.504057 -1.84485 -0.579401
      vertex 0.510239 -1.82284 -0.573964
      vertex 0.406154 -1.92479 -0.481497
    endloop
  endfacet
  facet normal 0.789518 -0.346845 0.50632
    outer loop
      vertex 0.406154 -1.92479 -0.481497
      vertex 0.510239 -1.82284 -0.573964
      vertex 0.412418 -1.90271 -0.476143
    endloop
  endfacet
  facet normal 0.783717 -0.282175 0.553322
    outer loop
      vertex 0.510239 -1.82284 -0.573964
      vertex 0.515222 -1.80024 -0.569495
      vertex 0.412418 -1.90271 -0.476143
    endloop
  endfacet
  facet normal 0.783717 -0.282175 0.553322
    outer loop
      vertex 0.412418 -1.90271 -0.476143
      vertex 0.515222 -1.80024 -0.569495
      vertex 0.417458 -1.88006 -0.471731
    endloop
  endfacet
  facet normal 0.77288 -0.215689 0.59677
    outer loop
      vertex 0.515222 -1.80024 -0.569495
      vertex 0.519004 -1.77716 -0.566051
      vertex 0.417458 -1.88006 -0.471731
    endloop
  endfacet
  facet normal 0.77288 -0.21569 0.59677
    outer loop
      vertex 0.417458 -1.88006 -0.471731
      vertex 0.519004 -1.77716 -0.566051
      vertex 0.421276 -1.85696 -0.468324
    endloop
  endfacet
  facet normal 0.757077 -0.14782 0.636383
    outer loop
      vertex 0.519004 -1.77716 -0.566051
      vertex 0.521581 -1.75374 -0.563677
      vertex 0.421276 -1.85696 -0.468324
    endloop
  endfacet
  facet normal 0.757078 -0.147821 0.636382
    outer loop
      vertex 0.421276 -1.85696 -0.468324
      vertex 0.521581 -1.75374 -0.563677
      vertex 0.423876 -1.83351 -0.465972
    endloop
  endfacet
  facet normal 0.73641 -0.0789986 0.671908
    outer loop
      vertex 0.521581 -1.75374 -0.563677
      vertex 0.522954 -1.73011 -0.562404
      vertex 0.423876 -1.83351 -0.465972
    endloop
  endfacet
  facet normal 0.736409 -0.0789975 0.671908
    outer loop
      vertex 0.423876 -1.83351 -0.465972
      vertex 0.522954 -1.73011 -0.562404
      vertex 0.42526 -1.80988 -0.464709
    endloop
  endfacet
  facet normal 0.715973 -0.022292 0.697772
    outer loop
      vertex 0.522954 -1.73011 -0.562404
      vertex 0.5232 -1.71503 -0.562175
      vertex 0.42526 -1.80988 -0.464709
    endloop
  endfacet
  facet normal 0.715972 -0.0222902 0.697773
    outer loop
      vertex 0.42526 -1.80988 -0.464709
      vertex 0.5232 -1.71503 -0.562175
      vertex 0.425508 -1.7948 -0.464482
    endloop
  endfacet
  facet normal -0.693408 -0.346847 -0.631571
    outer loop
      vertex 0.429198 -1.84485 -0.636842
      vertex 0.353177 -1.90271 -0.5216
      vertex 0.422347 -1.82284 -0.641406
    endloop
  endfacet
  facet normal -0.737309 -0.282175 -0.613802
    outer loop
      vertex 0.353177 -1.90271 -0.5216
      vertex 0.347611 -1.88006 -0.525326
      vertex 0.422347 -1.82284 -0.641406
    endloop
  endfacet
  facet normal -0.737308 -0.282176 -0.613802
    outer loop
      vertex 0.422347 -1.82284 -0.641406
      vertex 0.347611 -1.88006 -0.525326
      vertex 0.416741 -1.80024 -0.645063
    endloop
  endfacet
  facet normal -0.776471 -0.21569 -0.592089
    outer loop
      vertex 0.347611 -1.88006 -0.525326
      vertex 0.343332 -1.85696 -0.528133
      vertex 0.416741 -1.80024 -0.645063
    endloop
  endfacet
  facet normal -0.776472 -0.215689 -0.592089
    outer loop
      vertex 0.416741 -1.80024 -0.645063
      vertex 0.343332 -1.85696 -0.528133
      vertex 0.412435 -1.77716 -0.647824
    endloop
  endfacet
  facet normal -0.810645 -0.147819 -0.566572
    outer loop
      vertex 0.343332 -1.85696 -0.528133
      vertex 0.340387 -1.83351 -0.530035
      vertex 0.412435 -1.77716 -0.647824
    endloop
  endfacet
  facet normal -0.810645 -0.147819 -0.566572
    outer loop
      vertex 0.412435 -1.77716 -0.647824
      vertex 0.340387 -1.83351 -0.530035
      vertex 0.409475 -1.75374 -0.649699
    endloop
  endfacet
  facet normal -0.83961 -0.078998 -0.537414
    outer loop
      vertex 0.340387 -1.83351 -0.530035
      vertex 0.33881 -1.80988 -0.531045
      vertex 0.409475 -1.75374 -0.649699
    endloop
  endfacet
  facet normal -0.83961 -0.0789988 -0.537415
    outer loop
      vertex 0.409475 -1.75374 -0.649699
      vertex 0.33881 -1.80988 -0.531045
      vertex 0.40789 -1.73011 -0.650696
    endloop
  endfacet
  facet normal -0.859303 -0.0222933 -0.510981
    outer loop
      vertex 0.33881 -1.80988 -0.531045
      vertex 0.338526 -1.7948 -0.531226
      vertex 0.40789 -1.73011 -0.650696
    endloop
  endfacet
  facet normal -0.859303 -0.0222926 -0.510981
    outer loop
      vertex 0.40789 -1.73011 -0.650696
      vertex 0.338526 -1.7948 -0.531226
      vertex 0.407605 -1.71503 -0.650874
    endloop
  endfacet
  facet normal -0.592831 -0.469173 -0.654544
    outer loop
      vertex 0.442912 -1.87929 -0.627382
      vertex 0.373477 -1.95913 -0.507263
      vertex 0.440431 -1.87372 -0.629126
    endloop
  endfacet
  facet normal -0.599945 -0.461813 -0.653295
    outer loop
      vertex 0.373477 -1.95913 -0.507263
      vertex 0.367917 -1.94618 -0.51131
      vertex 0.440431 -1.87372 -0.629126
    endloop
  endfacet
  facet normal -0.609662 -0.450408 -0.652261
    outer loop
      vertex 0.440431 -1.87372 -0.629126
      vertex 0.367917 -1.94618 -0.51131
      vertex 0.437226 -1.86615 -0.631357
    endloop
  endfacet
  facet normal -0.640812 -0.414404 -0.646242
    outer loop
      vertex 0.367917 -1.94618 -0.51131
      vertex 0.361223 -1.92842 -0.516061
      vertex 0.437226 -1.86615 -0.631357
    endloop
  endfacet
  facet normal -0.644493 -0.409234 -0.645877
    outer loop
      vertex 0.437226 -1.86615 -0.631357
      vertex 0.361223 -1.92842 -0.516061
      vertex 0.429198 -1.84485 -0.636842
    endloop
  endfacet
  facet normal -0.6657 -0.383599 -0.640075
    outer loop
      vertex 0.361223 -1.92842 -0.516061
      vertex 0.35997 -1.92479 -0.516935
      vertex 0.429198 -1.84485 -0.636842
    endloop
  endfacet
  facet normal -0.693409 -0.346846 -0.631571
    outer loop
      vertex 0.429198 -1.84485 -0.636842
      vertex 0.35997 -1.92479 -0.516935
      vertex 0.353177 -1.90271 -0.5216
    endloop
  endfacet
  facet normal 0.249999 -0.866025 -0.433013
    outer loop
      vertex 0.290792 -1.7948 -0.558785
      vertex 0.359871 -1.71503 -0.678433
      vertex 0.314961 -1.79445 -0.545528
    endloop
  endfacet
  facet normal 0.249999 -0.866025 -0.433013
    outer loop
      vertex 0.359871 -1.71503 -0.678433
      vertex 0.383985 -1.71475 -0.665082
      vertex 0.314961 -1.79445 -0.545528
    endloop
  endfacet
  facet normal 0.250001 -0.866025 -0.433012
    outer loop
      vertex 0.314961 -1.79445 -0.545528
      vertex 0.383985 -1.71475 -0.665082
      vertex 0.338526 -1.7948 -0.531226
    endloop
  endfacet
  facet normal 0.25 -0.866026 -0.433012
    outer loop
      vertex 0.383985 -1.71475 -0.665082
      vertex 0.407605 -1.71503 -0.650874
      vertex 0.338526 -1.7948 -0.531226
    endloop
  endfacet
  facet normal 0.86862 -0.454153 0.198102
    outer loop
      vertex 0.258849 -1.94618 -0.57428
      vertex 0.252735 -1.95906 -0.576997
      vertex 0.321873 -1.87929 -0.697264
    endloop
  endfacet
  facet normal 0.863029 -0.46926 0.18702
    outer loop
      vertex 0.321873 -1.87929 -0.697264
      vertex 0.324624 -1.87372 -0.695987
      vertex 0.258849 -1.94618 -0.57428
    endloop
  endfacet
  facet normal 0.869704 -0.450412 0.20185
    outer loop
      vertex 0.324624 -1.87372 -0.695987
      vertex 0.328158 -1.86615 -0.694328
      vertex 0.258849 -1.94618 -0.57428
    endloop
  endfacet
  facet normal 0.880068 -0.414406 0.231837
    outer loop
      vertex 0.258849 -1.94618 -0.57428
      vertex 0.328158 -1.86615 -0.694328
      vertex 0.266311 -1.92842 -0.570858
    endloop
  endfacet
  facet normal 0.881592 -0.409233 0.23521
    outer loop
      vertex 0.328158 -1.86615 -0.694328
      vertex 0.336922 -1.84485 -0.690118
      vertex 0.266311 -1.92842 -0.570858
    endloop
  endfacet
  facet normal 0.887171 -0.383596 0.256478
    outer loop
      vertex 0.266311 -1.92842 -0.570858
      vertex 0.336922 -1.84485 -0.690118
      vertex 0.267694 -1.92479 -0.570211
    endloop
  endfacet
  facet normal 0.893661 -0.346847 0.284724
    outer loop
      vertex 0.336922 -1.84485 -0.690118
      vertex 0.3443 -1.82284 -0.686466
      vertex 0.267694 -1.92479 -0.570211
    endloop
  endfacet
  facet normal 0.893661 -0.346846 0.284724
    outer loop
      vertex 0.267694 -1.92479 -0.570211
      vertex 0.3443 -1.82284 -0.686466
      vertex 0.27513 -1.90271 -0.56666
    endloop
  endfacet
  facet normal 0.900223 -0.282175 0.331627
    outer loop
      vertex 0.3443 -1.82284 -0.686466
      vertex 0.35027 -1.80024 -0.683439
      vertex 0.27513 -1.90271 -0.56666
    endloop
  endfacet
  facet normal 0.900223 -0.282174 0.331628
    outer loop
      vertex 0.27513 -1.90271 -0.56666
      vertex 0.35027 -1.80024 -0.683439
      vertex 0.28114 -1.88006 -0.563703
    endloop
  endfacet
  facet normal 0.901 -0.21569 0.376399
    outer loop
      vertex 0.35027 -1.80024 -0.683439
      vertex 0.354814 -1.77716 -0.681091
      vertex 0.28114 -1.88006 -0.563703
    endloop
  endfacet
  facet normal 0.901 -0.215691 0.376399
    outer loop
      vertex 0.28114 -1.88006 -0.563703
      vertex 0.354814 -1.77716 -0.681091
      vertex 0.28571 -1.85696 -0.5614
    endloop
  endfacet
  facet normal 0.895989 -0.147819 0.418753
    outer loop
      vertex 0.354814 -1.77716 -0.681091
      vertex 0.357918 -1.75374 -0.679465
      vertex 0.28571 -1.85696 -0.5614
    endloop
  endfacet
  facet normal 0.895989 -0.147819 0.418753
    outer loop
      vertex 0.28571 -1.85696 -0.5614
      vertex 0.357918 -1.75374 -0.679465
      vertex 0.28883 -1.83351 -0.559802
    endloop
  endfacet
  facet normal 0.88522 -0.0789988 0.458416
    outer loop
      vertex 0.357918 -1.75374 -0.679465
      vertex 0.359574 -1.73011 -0.678591
      vertex 0.28883 -1.83351 -0.559802
    endloop
  endfacet
  facet normal 0.88522 -0.0789984 0.458416
    outer loop
      vertex 0.28883 -1.83351 -0.559802
      vertex 0.359574 -1.73011 -0.678591
      vertex 0.290494 -1.80988 -0.55894
    endloop
  endfacet
  facet normal 0.872173 -0.0222917 0.488689
    outer loop
      vertex 0.359574 -1.73011 -0.678591
      vertex 0.359871 -1.71503 -0.678433
      vertex 0.290494 -1.80988 -0.55894
    endloop
  endfacet
  facet normal 0.872174 -0.0222919 0.488688
    outer loop
      vertex 0.290494 -1.80988 -0.55894
      vertex 0.359871 -1.71503 -0.678433
      vertex 0.290792 -1.7948 -0.558785
    endloop
  endfacet
  facet normal -0.833243 -0.346848 -0.430584
    outer loop
      vertex 0.249747 -1.84485 -0.726227
      vertex 0.206143 -1.90271 -0.595236
      vertex 0.241948 -1.82284 -0.728862
    endloop
  endfacet
  facet normal -0.871049 -0.282175 -0.402058
    outer loop
      vertex 0.206143 -1.90271 -0.595236
      vertex 0.199802 -1.88006 -0.597394
      vertex 0.241948 -1.82284 -0.728862
    endloop
  endfacet
  facet normal -0.871049 -0.282175 -0.402058
    outer loop
      vertex 0.241948 -1.82284 -0.728862
      vertex 0.199802 -1.88006 -0.597394
      vertex 0.235586 -1.80024 -0.730943
    endloop
  endfacet
  facet normal -0.903258 -0.21569 -0.370949
    outer loop
      vertex 0.199802 -1.88006 -0.597394
      vertex 0.194942 -1.85696 -0.598998
      vertex 0.235586 -1.80024 -0.730943
    endloop
  endfacet
  facet normal -0.903258 -0.21569 -0.370949
    outer loop
      vertex 0.235586 -1.80024 -0.730943
      vertex 0.194942 -1.85696 -0.598998
      vertex 0.230713 -1.77716 -0.732496
    endloop
  endfacet
  facet normal -0.929663 -0.147819 -0.337456
    outer loop
      vertex 0.194942 -1.85696 -0.598998
      vertex 0.191606 -1.83351 -0.600073
      vertex 0.230713 -1.77716 -0.732496
    endloop
  endfacet
  facet normal -0.929663 -0.147818 -0.337456
    outer loop
      vertex 0.230713 -1.77716 -0.732496
      vertex 0.191606 -1.83351 -0.600073
      vertex 0.227368 -1.75374 -0.733541
    endloop
  endfacet
  facet normal -0.950094 -0.0789982 -0.301796
    outer loop
      vertex 0.191606 -1.83351 -0.600073
      vertex 0.18982 -1.80988 -0.600641
      vertex 0.227368 -1.75374 -0.733541
    endloop
  endfacet
  facet normal -0.950094 -0.0789984 -0.301796
    outer loop
      vertex 0.227368 -1.75374 -0.733541
      vertex 0.18982 -1.80988 -0.600641
      vertex 0.225579 -1.73011 -0.734093
    endloop
  endfacet
  facet normal -0.962275 -0.0222913 -0.271165
    outer loop
      vertex 0.18982 -1.80988 -0.600641
      vertex 0.1895 -1.7948 -0.600742
      vertex 0.225579 -1.73011 -0.734093
    endloop
  endfacet
  facet normal -0.962275 -0.0222931 -0.271166
    outer loop
      vertex 0.225579 -1.73011 -0.734093
      vertex 0.1895 -1.7948 -0.600742
      vertex 0.225257 -1.71503 -0.734192
    endloop
  endfacet
  facet normal -0.742039 -0.469173 -0.478805
    outer loop
      vertex 0.265441 -1.87929 -0.720638
      vertex 0.229461 -1.95913 -0.586642
      vertex 0.262594 -1.87372 -0.721681
    endloop
  endfacet
  facet normal -0.748588 -0.461813 -0.475757
    outer loop
      vertex 0.229461 -1.95913 -0.586642
      vertex 0.223044 -1.94618 -0.589111
      vertex 0.262594 -1.87372 -0.721681
    endloop
  endfacet
  facet normal -0.757704 -0.45041 -0.472244
    outer loop
      vertex 0.262594 -1.87372 -0.721681
      vertex 0.223044 -1.94618 -0.589111
      vertex 0.258921 -1.86615 -0.723007
    endloop
  endfacet
  facet normal -0.786236 -0.414405 -0.458368
    outer loop
      vertex 0.223044 -1.94618 -0.589111
      vertex 0.215348 -1.92842 -0.591968
      vertex 0.258921 -1.86615 -0.723007
    endloop
  endfacet
  facet normal -0.789698 -0.409233 -0.457062
    outer loop
      vertex 0.258921 -1.86615 -0.723007
      vertex 0.215348 -1.92842 -0.591968
      vertex 0.249747 -1.84485 -0.726227
    endloop
  endfacet
  facet normal -0.808682 -0.383596 -0.445968
    outer loop
      vertex 0.215348 -1.92842 -0.591968
      vertex 0.213912 -1.92479 -0.592488
      vertex 0.249747 -1.84485 -0.726227
    endloop
  endfacet
  facet normal -0.833244 -0.346846 -0.430583
    outer loop
      vertex 0.249747 -1.84485 -0.726227
      vertex 0.213912 -1.92479 -0.592488
      vertex 0.206143 -1.90271 -0.595236
    endloop
  endfacet
  facet normal 0.129409 -0.866025 -0.482963
    outer loop
      vertex 0.13626 -1.7948 -0.615007
      vertex 0.172017 -1.71503 -0.748458
      vertex 0.163036 -1.79445 -0.608457
    endloop
  endfacet
  facet normal 0.129408 -0.866026 -0.482963
    outer loop
      vertex 0.172017 -1.71503 -0.748458
      vertex 0.198765 -1.71475 -0.741803
      vertex 0.163036 -1.79445 -0.608457
    endloop
  endfacet
  facet normal 0.12941 -0.866026 -0.482962
    outer loop
      vertex 0.163036 -1.79445 -0.608457
      vertex 0.198765 -1.71475 -0.741803
      vertex 0.1895 -1.7948 -0.600742
    endloop
  endfacet
  facet normal 0.12941 -0.866026 -0.482963
    outer loop
      vertex 0.198765 -1.71475 -0.741803
      vertex 0.225257 -1.71503 -0.734192
      vertex 0.1895 -1.7948 -0.600742
    endloop
  endfacet
  facet normal 0.890295 -0.454154 -0.0334635
    outer loop
      vertex 0.101394 -1.94618 -0.621707
      vertex 0.0947854 -1.95906 -0.622749
      vertex 0.13044 -1.87929 -0.756812
    endloop
  endfacet
  facet normal 0.882026 -0.469261 -0.0427213
    outer loop
      vertex 0.13044 -1.87929 -0.756812
      vertex 0.133428 -1.87372 -0.756291
      vertex 0.101394 -1.94618 -0.621707
    endloop
  endfacet
  facet normal 0.892313 -0.450411 -0.0301236
    outer loop
      vertex 0.133428 -1.87372 -0.756291
      vertex 0.137271 -1.86615 -0.755603
      vertex 0.101394 -1.94618 -0.621707
    endloop
  endfacet
  facet normal 0.910084 -0.414405 -0.00384054
    outer loop
      vertex 0.101394 -1.94618 -0.621707
      vertex 0.137271 -1.86615 -0.755603
      vertex 0.109487 -1.92842 -0.620333
    endloop
  endfacet
  facet normal 0.912429 -0.409233 -0.000977869
    outer loop
      vertex 0.137271 -1.86615 -0.755603
      vertex 0.146826 -1.84485 -0.753804
      vertex 0.109487 -1.92842 -0.620333
    endloop
  endfacet
  facet normal 0.923323 -0.383596 0.0181217
    outer loop
      vertex 0.109487 -1.92842 -0.620333
      vertex 0.146826 -1.84485 -0.753804
      vertex 0.110991 -1.92479 -0.620066
    endloop
  endfacet
  facet normal 0.936902 -0.346848 0.0437251
    outer loop
      vertex 0.146826 -1.84485 -0.753804
      vertex 0.154898 -1.82284 -0.752187
      vertex 0.110991 -1.92479 -0.620066
    endloop
  endfacet
  facet normal 0.936902 -0.346846 0.0437262
    outer loop
      vertex 0.110991 -1.92479 -0.620066
      vertex 0.154898 -1.82284 -0.752187
      vertex 0.119093 -1.90271 -0.618561
    endloop
  endfacet
  facet normal 0.95538 -0.282175 0.0873324
    outer loop
      vertex 0.154898 -1.82284 -0.752187
      vertex 0.161448 -1.80024 -0.750808
      vertex 0.119093 -1.90271 -0.618561
    endloop
  endfacet
  facet normal 0.95538 -0.282175 0.0873325
    outer loop
      vertex 0.119093 -1.90271 -0.618561
      vertex 0.161448 -1.80024 -0.750808
      vertex 0.125664 -1.88006 -0.61726
    endloop
  endfacet
  facet normal 0.967719 -0.21569 0.130378
    outer loop
      vertex 0.161448 -1.80024 -0.750808
      vertex 0.166445 -1.77716 -0.749717
      vertex 0.125664 -1.88006 -0.61726
    endloop
  endfacet
  facet normal 0.967719 -0.21569 0.130378
    outer loop
      vertex 0.125664 -1.88006 -0.61726
      vertex 0.166445 -1.77716 -0.749717
      vertex 0.130674 -1.85696 -0.616218
    endloop
  endfacet
  facet normal 0.97384 -0.14782 0.172585
    outer loop
      vertex 0.166445 -1.77716 -0.749717
      vertex 0.169864 -1.75374 -0.748949
      vertex 0.130674 -1.85696 -0.616218
    endloop
  endfacet
  facet normal 0.97384 -0.147819 0.172586
    outer loop
      vertex 0.130674 -1.85696 -0.616218
      vertex 0.169864 -1.75374 -0.748949
      vertex 0.134101 -1.83351 -0.615482
    endloop
  endfacet
  facet normal 0.973703 -0.0789976 0.213685
    outer loop
      vertex 0.169864 -1.75374 -0.748949
      vertex 0.17169 -1.73011 -0.748533
      vertex 0.134101 -1.83351 -0.615482
    endloop
  endfacet
  facet normal 0.973703 -0.0789981 0.213685
    outer loop
      vertex 0.134101 -1.83351 -0.615482
      vertex 0.17169 -1.73011 -0.748533
      vertex 0.135931 -1.80988 -0.61508
    endloop
  endfacet
  facet normal 0.968937 -0.022292 0.246302
    outer loop
      vertex 0.17169 -1.73011 -0.748533
      vertex 0.172017 -1.71503 -0.748458
      vertex 0.135931 -1.80988 -0.61508
    endloop
  endfacet
  facet normal 0.968937 -0.0222925 0.246301
    outer loop
      vertex 0.135931 -1.80988 -0.61508
      vertex 0.172017 -1.71503 -0.748458
      vertex 0.13626 -1.7948 -0.615007
    endloop
  endfacet
  facet normal -0.916295 -0.346847 -0.200252
    outer loop
      vertex 0.0532759 -1.84485 -0.76612
      vertex 0.0450603 -1.90271 -0.628308
      vertex 0.0450603 -1.82284 -0.766647
    endloop
  endfacet
  facet normal -0.945429 -0.282175 -0.162914
    outer loop
      vertex 0.0450603 -1.90271 -0.628308
      vertex 0.0383766 -1.88006 -0.628751
      vertex 0.0450603 -1.82284 -0.766647
    endloop
  endfacet
  facet normal -0.945429 -0.282175 -0.162914
    outer loop
      vertex 0.0450603 -1.82284 -0.766647
      vertex 0.0383766 -1.88006 -0.628751
      vertex 0.0383766 -1.80024 -0.767011
    endloop
  endfacet
  facet normal -0.968489 -0.21569 -0.124529
    outer loop
      vertex 0.0383766 -1.88006 -0.628751
      vertex 0.0332676 -1.85696 -0.629042
      vertex 0.0383766 -1.80024 -0.767011
    endloop
  endfacet
  facet normal -0.968489 -0.21569 -0.124529
    outer loop
      vertex 0.0383766 -1.80024 -0.767011
      vertex 0.0332676 -1.85696 -0.629042
      vertex 0.0332676 -1.77716 -0.76725
    endloop
  endfacet
  facet normal -0.985325 -0.147819 -0.0853435
    outer loop
      vertex 0.0332676 -1.85696 -0.629042
      vertex 0.0297663 -1.83351 -0.629218
      vertex 0.0332676 -1.77716 -0.76725
    endloop
  endfacet
  facet normal -0.985325 -0.147819 -0.0853434
    outer loop
      vertex 0.0332676 -1.77716 -0.76725
      vertex 0.0297663 -1.83351 -0.629218
      vertex 0.0297663 -1.75374 -0.767393
    endloop
  endfacet
  facet normal -0.995831 -0.0789979 -0.0456095
    outer loop
      vertex 0.0297663 -1.83351 -0.629218
      vertex 0.0278951 -1.80988 -0.629303
      vertex 0.0297663 -1.75374 -0.767393
    endloop
  endfacet
  facet normal -0.995831 -0.0789981 -0.0456096
    outer loop
      vertex 0.0297663 -1.75374 -0.767393
      vertex 0.0278951 -1.80988 -0.629303
      vertex 0.0278951 -1.73011 -0.767464
    endloop
  endfacet
  facet normal -0.999669 -0.0222925 -0.0128706
    outer loop
      vertex 0.0278951 -1.80988 -0.629303
      vertex 0.0275591 -1.7948 -0.629318
      vertex 0.0278951 -1.73011 -0.767464
    endloop
  endfacet
  facet normal -0.999669 -0.0222925 -0.0128706
    outer loop
      vertex 0.0278951 -1.73011 -0.767464
      vertex 0.0275591 -1.7948 -0.629318
      vertex 0.0275591 -1.71503 -0.767476
    endloop
  endfacet
  facet normal -0.840679 -0.469172 -0.270436
    outer loop
      vertex 0.0698819 -1.87929 -0.764784
      vertex 0.0698086 -1.95913 -0.626041
      vertex 0.0668612 -1.87372 -0.765054
    endloop
  endfacet
  facet normal -0.846216 -0.461812 -0.265797
    outer loop
      vertex 0.0698086 -1.95913 -0.626041
      vertex 0.0629706 -1.94618 -0.626766
      vertex 0.0668612 -1.87372 -0.765054
    endloop
  endfacet
  facet normal -0.854111 -0.450411 -0.260045
    outer loop
      vertex 0.0668612 -1.87372 -0.765054
      vertex 0.0629706 -1.94618 -0.626766
      vertex 0.0629706 -1.86615 -0.765384
    endloop
  endfacet
  facet normal -0.87808 -0.414405 -0.239257
    outer loop
      vertex 0.0629706 -1.94618 -0.626766
      vertex 0.0547975 -1.92842 -0.627533
      vertex 0.0629706 -1.86615 -0.765384
    endloop
  endfacet
  facet normal -0.881086 -0.409233 -0.237099
    outer loop
      vertex 0.0629706 -1.86615 -0.765384
      vertex 0.0547975 -1.92842 -0.627533
      vertex 0.0532759 -1.84485 -0.76612
    endloop
  endfacet
  facet normal -0.896552 -0.383595 -0.221469
    outer loop
      vertex 0.0547975 -1.92842 -0.627533
      vertex 0.0532759 -1.92479 -0.627664
      vertex 0.0532759 -1.84485 -0.76612
    endloop
  endfacet
  facet normal -0.916295 -0.346846 -0.200252
    outer loop
      vertex 0.0532759 -1.84485 -0.76612
      vertex 0.0532759 -1.92479 -0.627664
      vertex 0.0450603 -1.90271 -0.628308
    endloop
  endfacet
  facet normal -1.6255e-6 -0.866025 -0.5
    outer loop
      vertex -0.0275591 -1.7948 -0.629318
      vertex -0.0275591 -1.71503 -0.767476
      vertex 7.71431e-17 -1.79445 -0.629921
    endloop
  endfacet
  facet normal -1.85295e-6 -0.866025 -0.5
    outer loop
      vertex -0.0275591 -1.71503 -0.767476
      vertex -1.88216e-16 -1.71475 -0.767971
      vertex 7.71431e-17 -1.79445 -0.629921
    endloop
  endfacet
  facet normal 1.6245e-6 -0.866025 -0.5
    outer loop
      vertex 7.71431e-17 -1.79445 -0.629921
      vertex -1.88216e-16 -1.71475 -0.767971
      vertex 0.0275591 -1.7948 -0.629318
    endloop
  endfacet
  facet normal 1.85377e-6 -0.866025 -0.5
    outer loop
      vertex -1.88216e-16 -1.71475 -0.767971
      vertex 0.0275591 -1.71503 -0.767476
      vertex 0.0275591 -1.7948 -0.629318
    endloop
  endfacet
  facet normal 0.851297 -0.454154 -0.262749
    outer loop
      vertex -0.0629706 -1.94618 -0.626766
      vertex -0.0696237 -1.95906 -0.626062
      vertex -0.0698819 -1.87929 -0.764784
    endloop
  endfacet
  facet normal 0.840916 -0.469258 -0.269549
    outer loop
      vertex -0.0698819 -1.87929 -0.764784
      vertex -0.0668612 -1.87372 -0.765054
      vertex -0.0629706 -1.94618 -0.626766
    endloop
  endfacet
  facet normal 0.854111 -0.450411 -0.260045
    outer loop
      vertex -0.0668612 -1.87372 -0.765054
      vertex -0.0629706 -1.86615 -0.765384
      vertex -0.0629706 -1.94618 -0.626766
    endloop
  endfacet
  facet normal 0.87808 -0.414405 -0.239257
    outer loop
      vertex -0.0629706 -1.94618 -0.626766
      vertex -0.0629706 -1.86615 -0.765384
      vertex -0.0547975 -1.92842 -0.627533
    endloop
  endfacet
  facet normal 0.881086 -0.409233 -0.237099
    outer loop
      vertex -0.0629706 -1.86615 -0.765384
      vertex -0.0532759 -1.84485 -0.76612
      vertex -0.0547975 -1.92842 -0.627533
    endloop
  endfacet
  facet normal 0.896552 -0.383595 -0.221469
    outer loop
      vertex -0.0547975 -1.92842 -0.627533
      vertex -0.0532759 -1.84485 -0.76612
      vertex -0.0532759 -1.92479 -0.627664
    endloop
  endfacet
  facet normal 0.916295 -0.346847 -0.200252
    outer loop
      vertex -0.0532759 -1.84485 -0.76612
      vertex -0.0450603 -1.82284 -0.766647
      vertex -0.0532759 -1.92479 -0.627664
    endloop
  endfacet
  facet normal 0.916295 -0.346846 -0.200252
    outer loop
      vertex -0.0532759 -1.92479 -0.627664
      vertex -0.0450603 -1.82284 -0.766647
      vertex -0.0450603 -1.90271 -0.628308
    endloop
  endfacet
  facet normal 0.945429 -0.282175 -0.162914
    outer loop
      vertex -0.0450603 -1.82284 -0.766647
      vertex -0.0383766 -1.80024 -0.767011
      vertex -0.0450603 -1.90271 -0.628308
    endloop
  endfacet
  facet normal 0.945429 -0.282175 -0.162914
    outer loop
      vertex -0.0450603 -1.90271 -0.628308
      vertex -0.0383766 -1.80024 -0.767011
      vertex -0.0383766 -1.88006 -0.628751
    endloop
  endfacet
  facet normal 0.968489 -0.21569 -0.124528
    outer loop
      vertex -0.0383766 -1.80024 -0.767011
      vertex -0.0332676 -1.77716 -0.76725
      vertex -0.0383766 -1.88006 -0.628751
    endloop
  endfacet
  facet normal 0.968489 -0.21569 -0.124529
    outer loop
      vertex -0.0383766 -1.88006 -0.628751
      vertex -0.0332676 -1.77716 -0.76725
      vertex -0.0332676 -1.85696 -0.629042
    endloop
  endfacet
  facet normal 0.985325 -0.147819 -0.0853433
    outer loop
      vertex -0.0332676 -1.77716 -0.76725
      vertex -0.0297663 -1.75374 -0.767393
      vertex -0.0332676 -1.85696 -0.629042
    endloop
  endfacet
  facet normal 0.985325 -0.147819 -0.0853436
    outer loop
      vertex -0.0332676 -1.85696 -0.629042
      vertex -0.0297663 -1.75374 -0.767393
      vertex -0.0297663 -1.83351 -0.629218
    endloop
  endfacet
  facet normal 0.995831 -0.0789981 -0.0456096
    outer loop
      vertex -0.0297663 -1.75374 -0.767393
      vertex -0.0278951 -1.73011 -0.767464
      vertex -0.0297663 -1.83351 -0.629218
    endloop
  endfacet
  facet normal 0.995831 -0.0789979 -0.0456095
    outer loop
      vertex -0.0297663 -1.83351 -0.629218
      vertex -0.0278951 -1.73011 -0.767464
      vertex -0.0278951 -1.80988 -0.629303
    endloop
  endfacet
  facet normal 0.999669 -0.0222925 -0.0128706
    outer loop
      vertex -0.0278951 -1.73011 -0.767464
      vertex -0.0275591 -1.71503 -0.767476
      vertex -0.0278951 -1.80988 -0.629303
    endloop
  endfacet
  facet normal 0.999669 -0.0222925 -0.0128706
    outer loop
      vertex -0.0278951 -1.80988 -0.629303
      vertex -0.0275591 -1.71503 -0.767476
      vertex -0.0275591 -1.7948 -0.629318
    endloop
  endfacet
  facet normal -0.936902 -0.346848 0.0437254
    outer loop
      vertex -0.146826 -1.84485 -0.753804
      vertex -0.119093 -1.90271 -0.618561
      vertex -0.154898 -1.82284 -0.752187
    endloop
  endfacet
  facet normal -0.95538 -0.282175 0.0873325
    outer loop
      vertex -0.119093 -1.90271 -0.618561
      vertex -0.125664 -1.88006 -0.61726
      vertex -0.154898 -1.82284 -0.752187
    endloop
  endfacet
  facet normal -0.95538 -0.282175 0.0873324
    outer loop
      vertex -0.154898 -1.82284 -0.752187
      vertex -0.125664 -1.88006 -0.61726
      vertex -0.161448 -1.80024 -0.750808
    endloop
  endfacet
  facet normal -0.967719 -0.21569 0.130378
    outer loop
      vertex -0.125664 -1.88006 -0.61726
      vertex -0.130674 -1.85696 -0.616218
      vertex -0.161448 -1.80024 -0.750808
    endloop
  endfacet
  facet normal -0.967719 -0.21569 0.130378
    outer loop
      vertex -0.161448 -1.80024 -0.750808
      vertex -0.130674 -1.85696 -0.616218
      vertex -0.166445 -1.77716 -0.749717
    endloop
  endfacet
  facet normal -0.97384 -0.147819 0.172586
    outer loop
      vertex -0.130674 -1.85696 -0.616218
      vertex -0.134101 -1.83351 -0.615482
      vertex -0.166445 -1.77716 -0.749717
    endloop
  endfacet
  facet normal -0.97384 -0.14782 0.172585
    outer loop
      vertex -0.166445 -1.77716 -0.749717
      vertex -0.134101 -1.83351 -0.615482
      vertex -0.169864 -1.75374 -0.748949
    endloop
  endfacet
  facet normal -0.973703 -0.0789981 0.213685
    outer loop
      vertex -0.134101 -1.83351 -0.615482
      vertex -0.135931 -1.80988 -0.61508
      vertex -0.169864 -1.75374 -0.748949
    endloop
  endfacet
  facet normal -0.973703 -0.0789976 0.213685
    outer loop
      vertex -0.169864 -1.75374 -0.748949
      vertex -0.135931 -1.80988 -0.61508
      vertex -0.17169 -1.73011 -0.748533
    endloop
  endfacet
  facet normal -0.968937 -0.0222925 0.246301
    outer loop
      vertex -0.135931 -1.80988 -0.61508
      vertex -0.13626 -1.7948 -0.615007
      vertex -0.17169 -1.73011 -0.748533
    endloop
  endfacet
  facet normal -0.968937 -0.022292 0.246301
    outer loop
      vertex -0.17169 -1.73011 -0.748533
      vertex -0.13626 -1.7948 -0.615007
      vertex -0.172017 -1.71503 -0.748458
    endloop
  endfacet
  facet normal -0.882026 -0.469175 -0.0436398
    outer loop
      vertex -0.13044 -1.87929 -0.756812
      vertex -0.0946014 -1.95913 -0.622777
      vertex -0.133428 -1.87372 -0.756291
    endloop
  endfacet
  facet normal -0.886175 -0.461812 -0.0377233
    outer loop
      vertex -0.0946014 -1.95913 -0.622777
      vertex -0.101394 -1.94618 -0.621707
      vertex -0.133428 -1.87372 -0.756291
    endloop
  endfacet
  facet normal -0.892313 -0.450411 -0.0301236
    outer loop
      vertex -0.133428 -1.87372 -0.756291
      vertex -0.101394 -1.94618 -0.621707
      vertex -0.137271 -1.86615 -0.755603
    endloop
  endfacet
  facet normal -0.910084 -0.414405 -0.00384054
    outer loop
      vertex -0.101394 -1.94618 -0.621707
      vertex -0.109487 -1.92842 -0.620333
      vertex -0.137271 -1.86615 -0.755603
    endloop
  endfacet
  facet normal -0.912429 -0.409233 -0.000977869
    outer loop
      vertex -0.137271 -1.86615 -0.755603
      vertex -0.109487 -1.92842 -0.620333
      vertex -0.146826 -1.84485 -0.753804
    endloop
  endfacet
  facet normal -0.923323 -0.383596 0.0181217
    outer loop
      vertex -0.109487 -1.92842 -0.620333
      vertex -0.110991 -1.92479 -0.620066
      vertex -0.146826 -1.84485 -0.753804
    endloop
  endfacet
  facet normal -0.936902 -0.346846 0.043726
    outer loop
      vertex -0.146826 -1.84485 -0.753804
      vertex -0.110991 -1.92479 -0.620066
      vertex -0.119093 -1.90271 -0.618561
    endloop
  endfacet
  facet normal -0.12941 -0.866026 -0.482962
    outer loop
      vertex -0.1895 -1.7948 -0.600742
      vertex -0.225257 -1.71503 -0.734192
      vertex -0.163036 -1.79445 -0.608457
    endloop
  endfacet
  facet normal -0.12941 -0.866026 -0.482963
    outer loop
      vertex -0.225257 -1.71503 -0.734192
      vertex -0.198765 -1.71475 -0.741803
      vertex -0.163036 -1.79445 -0.608457
    endloop
  endfacet
  facet normal -0.129409 -0.866026 -0.482963
    outer loop
      vertex -0.163036 -1.79445 -0.608457
      vertex -0.198765 -1.71475 -0.741803
      vertex -0.13626 -1.7948 -0.615007
    endloop
  endfacet
  facet normal -0.129408 -0.866025 -0.482963
    outer loop
      vertex -0.198765 -1.71475 -0.741803
      vertex -0.172017 -1.71503 -0.748458
      vertex -0.13626 -1.7948 -0.615007
    endloop
  endfacet
  facet normal 0.754286 -0.454153 -0.474127
    outer loop
      vertex -0.223044 -1.94618 -0.589111
      vertex -0.229288 -1.95906 -0.586709
      vertex -0.265441 -1.87929 -0.720638
    endloop
  endfacet
  facet normal 0.742498 -0.469258 -0.47801
    outer loop
      vertex -0.265441 -1.87929 -0.720638
      vertex -0.262594 -1.87372 -0.721681
      vertex -0.223044 -1.94618 -0.589111
    endloop
  endfacet
  facet normal 0.757704 -0.45041 -0.472244
    outer loop
      vertex -0.262594 -1.87372 -0.721681
      vertex -0.258921 -1.86615 -0.723007
      vertex -0.223044 -1.94618 -0.589111
    endloop
  endfacet
  facet normal 0.786236 -0.414405 -0.458368
    outer loop
      vertex -0.223044 -1.94618 -0.589111
      vertex -0.258921 -1.86615 -0.723007
      vertex -0.215348 -1.92842 -0.591968
    endloop
  endfacet
  facet normal 0.789698 -0.409233 -0.457062
    outer loop
      vertex -0.258921 -1.86615 -0.723007
      vertex -0.249747 -1.84485 -0.726227
      vertex -0.215348 -1.92842 -0.591968
    endloop
  endfacet
  facet normal 0.808682 -0.383596 -0.445968
    outer loop
      vertex -0.215348 -1.92842 -0.591968
      vertex -0.249747 -1.84485 -0.726227
      vertex -0.213912 -1.92479 -0.592488
    endloop
  endfacet
  facet normal 0.833243 -0.346848 -0.430584
    outer loop
      vertex -0.249747 -1.84485 -0.726227
      vertex -0.241948 -1.82284 -0.728862
      vertex -0.213912 -1.92479 -0.592488
    endloop
  endfacet
  facet normal 0.833244 -0.346846 -0.430583
    outer loop
      vertex -0.213912 -1.92479 -0.592488
      vertex -0.241948 -1.82284 -0.728862
      vertex -0.206143 -1.90271 -0.595236
    endloop
  endfacet
  facet normal 0.871049 -0.282175 -0.402058
    outer loop
      vertex -0.241948 -1.82284 -0.728862
      vertex -0.235586 -1.80024 -0.730943
      vertex -0.206143 -1.90271 -0.595236
    endloop
  endfacet
  facet normal 0.871049 -0.282175 -0.402058
    outer loop
      vertex -0.206143 -1.90271 -0.595236
      vertex -0.235586 -1.80024 -0.730943
      vertex -0.199802 -1.88006 -0.597394
    endloop
  endfacet
  facet normal 0.903258 -0.21569 -0.370949
    outer loop
      vertex -0.235586 -1.80024 -0.730943
      vertex -0.230713 -1.77716 -0.732496
      vertex -0.199802 -1.88006 -0.597394
    endloop
  endfacet
  facet normal 0.903258 -0.21569 -0.370949
    outer loop
      vertex -0.199802 -1.88006 -0.597394
      vertex -0.230713 -1.77716 -0.732496
      vertex -0.194942 -1.85696 -0.598998
    endloop
  endfacet
  facet normal 0.929663 -0.147818 -0.337456
    outer loop
      vertex -0.230713 -1.77716 -0.732496
      vertex -0.227368 -1.75374 -0.733541
      vertex -0.194942 -1.85696 -0.598998
    endloop
  endfacet
  facet normal 0.929663 -0.147819 -0.337457
    outer loop
      vertex -0.194942 -1.85696 -0.598998
      vertex -0.227368 -1.75374 -0.733541
      vertex -0.191606 -1.83351 -0.600073
    endloop
  endfacet
  facet normal 0.950094 -0.0789984 -0.301796
    outer loop
      vertex -0.227368 -1.75374 -0.733541
      vertex -0.225579 -1.73011 -0.734093
      vertex -0.191606 -1.83351 -0.600073
    endloop
  endfacet
  facet normal 0.950094 -0.0789982 -0.301796
    outer loop
      vertex -0.191606 -1.83351 -0.600073
      vertex -0.225579 -1.73011 -0.734093
      vertex -0.18982 -1.80988 -0.600641
    endloop
  endfacet
  facet normal 0.962274 -0.0222931 -0.271166
    outer loop
      vertex -0.225579 -1.73011 -0.734093
      vertex -0.225257 -1.71503 -0.734192
      vertex -0.18982 -1.80988 -0.600641
    endloop
  endfacet
  facet normal 0.962275 -0.0222913 -0.271165
    outer loop
      vertex -0.18982 -1.80988 -0.600641
      vertex -0.225257 -1.71503 -0.734192
      vertex -0.1895 -1.7948 -0.600742
    endloop
  endfacet
  facet normal -0.893661 -0.346847 0.284724
    outer loop
      vertex -0.336922 -1.84485 -0.690118
      vertex -0.27513 -1.90271 -0.56666
      vertex -0.3443 -1.82284 -0.686466
    endloop
  endfacet
  facet normal -0.900223 -0.282174 0.331628
    outer loop
      vertex -0.27513 -1.90271 -0.56666
      vertex -0.28114 -1.88006 -0.563703
      vertex -0.3443 -1.82284 -0.686466
    endloop
  endfacet
  facet normal -0.900223 -0.282175 0.331627
    outer loop
      vertex -0.3443 -1.82284 -0.686466
      vertex -0.28114 -1.88006 -0.563703
      vertex -0.35027 -1.80024 -0.683439
    endloop
  endfacet
  facet normal -0.901 -0.215691 0.376399
    outer loop
      vertex -0.28114 -1.88006 -0.563703
      vertex -0.28571 -1.85696 -0.5614
      vertex -0.35027 -1.80024 -0.683439
    endloop
  endfacet
  facet normal -0.901 -0.21569 0.376399
    outer loop
      vertex -0.35027 -1.80024 -0.683439
      vertex -0.28571 -1.85696 -0.5614
      vertex -0.354814 -1.77716 -0.681091
    endloop
  endfacet
  facet normal -0.895989 -0.147819 0.418753
    outer loop
      vertex -0.28571 -1.85696 -0.5614
      vertex -0.28883 -1.83351 -0.559802
      vertex -0.354814 -1.77716 -0.681091
    endloop
  endfacet
  facet normal -0.895989 -0.147819 0.418753
    outer loop
      vertex -0.354814 -1.77716 -0.681091
      vertex -0.28883 -1.83351 -0.559802
      vertex -0.357918 -1.75374 -0.679465
    endloop
  endfacet
  facet normal -0.88522 -0.0789984 0.458416
    outer loop
      vertex -0.28883 -1.83351 -0.559802
      vertex -0.290494 -1.80988 -0.55894
      vertex -0.357918 -1.75374 -0.679465
    endloop
  endfacet
  facet normal -0.88522 -0.0789988 0.458416
    outer loop
      vertex -0.357918 -1.75374 -0.679465
      vertex -0.290494 -1.80988 -0.55894
      vertex -0.359574 -1.73011 -0.678591
    endloop
  endfacet
  facet normal -0.872174 -0.0222919 0.488688
    outer loop
      vertex -0.290494 -1.80988 -0.55894
      vertex -0.290792 -1.7948 -0.558785
      vertex -0.359574 -1.73011 -0.678591
    endloop
  endfacet
  facet normal -0.872174 -0.0222917 0.488689
    outer loop
      vertex -0.359574 -1.73011 -0.678591
      vertex -0.290792 -1.7948 -0.558785
      vertex -0.359871 -1.71503 -0.678433
    endloop
  endfacet
  facet normal -0.863267 -0.469174 0.186133
    outer loop
      vertex -0.321873 -1.87929 -0.697264
      vertex -0.252565 -1.95913 -0.577072
      vertex -0.324624 -1.87372 -0.695987
    endloop
  endfacet
  facet normal -0.865743 -0.461813 0.192921
    outer loop
      vertex -0.252565 -1.95913 -0.577072
      vertex -0.258849 -1.94618 -0.57428
      vertex -0.324624 -1.87372 -0.695987
    endloop
  endfacet
  facet normal -0.869704 -0.450412 0.20185
    outer loop
      vertex -0.324624 -1.87372 -0.695987
      vertex -0.258849 -1.94618 -0.57428
      vertex -0.328158 -1.86615 -0.694328
    endloop
  endfacet
  facet normal -0.880068 -0.414406 0.231837
    outer loop
      vertex -0.258849 -1.94618 -0.57428
      vertex -0.266311 -1.92842 -0.570858
      vertex -0.328158 -1.86615 -0.694328
    endloop
  endfacet
  facet normal -0.881592 -0.409233 0.23521
    outer loop
      vertex -0.328158 -1.86615 -0.694328
      vertex -0.266311 -1.92842 -0.570858
      vertex -0.336922 -1.84485 -0.690118
    endloop
  endfacet
  facet normal -0.887171 -0.383596 0.256478
    outer loop
      vertex -0.266311 -1.92842 -0.570858
      vertex -0.267694 -1.92479 -0.570211
      vertex -0.336922 -1.84485 -0.690118
    endloop
  endfacet
  facet normal -0.893661 -0.346846 0.284724
    outer loop
      vertex -0.336922 -1.84485 -0.690118
      vertex -0.267694 -1.92479 -0.570211
      vertex -0.27513 -1.90271 -0.56666
    endloop
  endfacet
  facet normal 0.997564 0 0.0697547
    outer loop
      vertex 0.821567 -1.6284 0.0430565
      vertex 0.821567 -0.0393701 0.0430565
      vertex 0.819564 -1.6284 0.0717026
    endloop
  endfacet
  facet normal 0.996067 0.000341683 0.0886036
    outer loop
      vertex 0.821567 -0.0393701 0.0430565
      vertex 0.816268 -0.0393701 0.102636
      vertex 0.819564 -1.6284 0.0717026
    endloop
  endfacet
  facet normal 0.994369 0 0.105975
    outer loop
      vertex 0.819564 -1.6284 0.0717026
      vertex 0.816268 -0.0393701 0.102636
      vertex 0.816268 -1.6284 0.102636
    endloop
  endfacet
  facet normal 0.9888 0 0.149248
    outer loop
      vertex 0.816268 -1.6284 0.102636
      vertex 0.816268 -0.0393701 0.102636
      vertex 0.810196 -1.6284 0.142859
    endloop
  endfacet
  facet normal 0.986996 0.00029786 0.160743
    outer loop
      vertex 0.816268 -0.0393701 0.102636
      vertex 0.806653 -0.0393701 0.161673
      vertex 0.810196 -1.6284 0.142859
    endloop
  endfacet
  facet normal 0.982721 0 0.185096
    outer loop
      vertex 0.810196 -1.6284 0.142859
      vertex 0.806653 -0.0393701 0.161673
      vertex 0.806653 -1.6284 0.161673
    endloop
  endfacet
  facet normal 0.972708 0 0.232031
    outer loop
      vertex 0.792774 -0.0393701 0.219856
      vertex 0.792774 -1.6284 0.219856
      vertex 0.806653 -0.0393701 0.161673
    endloop
  endfacet
  facet normal 0.964787 0.00120422 0.26303
    outer loop
      vertex 0.792774 -1.6284 0.219856
      vertex 0.794662 -1.6284 0.212929
      vertex 0.806653 -0.0393701 0.161673
    endloop
  endfacet
  facet normal 0.973712 0 0.227785
    outer loop
      vertex 0.806653 -0.0393701 0.161673
      vertex 0.794662 -1.6284 0.212929
      vertex 0.806653 -1.6284 0.161673
    endloop
  endfacet
  facet normal 0.954153 0 -0.299319
    outer loop
      vertex 0.775506 -1.6284 -0.274621
      vertex 0.775506 -0.0393701 -0.274621
      vertex 0.79341 -0.0393701 -0.217549
    endloop
  endfacet
  facet normal 0.95502 -0.000109533 -0.296542
    outer loop
      vertex 0.775506 -1.6284 -0.274621
      vertex 0.79341 -0.0393701 -0.217549
      vertex 0.794662 -1.6284 -0.212929
    endloop
  endfacet
  facet normal 0.973379 0.000100705 -0.2292
    outer loop
      vertex 0.79341 -0.0393701 -0.217549
      vertex 0.80712 -0.0393701 -0.159326
      vertex 0.794662 -1.6284 -0.212929
    endloop
  endfacet
  facet normal 0.974042 0 -0.226369
    outer loop
      vertex 0.794662 -1.6284 -0.212929
      vertex 0.80712 -0.0393701 -0.159326
      vertex 0.80712 -1.6284 -0.159326
    endloop
  endfacet
  facet normal 0.982989 0 -0.183664
    outer loop
      vertex 0.80712 -1.6284 -0.159326
      vertex 0.80712 -0.0393701 -0.159326
      vertex 0.810196 -1.6284 -0.142859
    endloop
  endfacet
  facet normal 0.98746 0.000275946 -0.157871
    outer loop
      vertex 0.80712 -0.0393701 -0.159326
      vertex 0.816563 -0.0393701 -0.100261
      vertex 0.810196 -1.6284 -0.142859
    endloop
  endfacet
  facet normal 0.989016 0 -0.14781
    outer loop
      vertex 0.810196 -1.6284 -0.142859
      vertex 0.816563 -0.0393701 -0.100261
      vertex 0.816563 -1.6284 -0.100261
    endloop
  endfacet
  facet normal -0.333807 0 -0.942641
    outer loop
      vertex 0.775506 -0.0393701 -0.274621
      vertex 0.775506 -1.6284 -0.274621
      vertex 0.752757 -0.0393701 -0.266565
    endloop
  endfacet
  facet normal -0.333807 0 -0.942641
    outer loop
      vertex 0.775506 -1.6284 -0.274621
      vertex 0.752757 -1.64233 -0.266565
      vertex 0.752757 -0.0393701 -0.266565
    endloop
  endfacet
  facet normal 0.927184 0 -0.374607
    outer loop
      vertex 0.72666 -0.0393701 -0.331158
      vertex 0.752757 -0.0393701 -0.266565
      vertex 0.752757 -1.64233 -0.266565
    endloop
  endfacet
  facet normal 0.941175 0.00170625 -0.337916
    outer loop
      vertex 0.752757 -1.64233 -0.266565
      vertex 0.750402 -1.64233 -0.273124
      vertex 0.72666 -0.0393701 -0.331158
    endloop
  endfacet
  facet normal 0.92554 0 -0.378649
    outer loop
      vertex 0.750402 -1.64233 -0.273124
      vertex 0.72666 -1.64233 -0.331158
      vertex 0.72666 -0.0393701 -0.331158
    endloop
  endfacet
  facet normal 0.891006 0 -0.453991
    outer loop
      vertex 0.72666 -0.0393701 -0.331158
      vertex 0.72666 -1.64233 -0.331158
      vertex 0.695033 -0.0393701 -0.393231
    endloop
  endfacet
  facet normal 0.908141 0.00170619 -0.41866
    outer loop
      vertex 0.72666 -1.64233 -0.331158
      vertex 0.723743 -1.64233 -0.337487
      vertex 0.695033 -0.0393701 -0.393231
    endloop
  endfacet
  facet normal 0.889017 0 -0.457874
    outer loop
      vertex 0.695033 -0.0393701 -0.393231
      vertex 0.723743 -1.64233 -0.337487
      vertex 0.695033 -1.64233 -0.393231
    endloop
  endfacet
  facet normal 0.492424 0 0.870355
    outer loop
      vertex 0.695033 -0.0393701 -0.393231
      vertex 0.695033 -1.64233 -0.393231
      vertex 0.716037 -0.0393701 -0.405114
    endloop
  endfacet
  facet normal 0.492424 0 0.870355
    outer loop
      vertex 0.695033 -1.64233 -0.393231
      vertex 0.716037 -1.6284 -0.405114
      vertex 0.716037 -0.0393701 -0.405114
    endloop
  endfacet
  facet normal -0.267239 0 0.96363
    outer loop
      vertex 0.769518 -0.0393701 0.213406
      vertex 0.769518 -1.64233 0.213406
      vertex 0.792774 -0.0393701 0.219856
    endloop
  endfacet
  facet normal -0.267239 0 0.96363
    outer loop
      vertex 0.769518 -1.64233 0.213406
      vertex 0.792774 -1.6284 0.219856
      vertex 0.792774 -0.0393701 0.219856
    endloop
  endfacet
  facet normal -0.482963 -0.866025 -0.129409
    outer loop
      vertex -0.615007 -1.7948 -0.13626
      vertex -0.748458 -1.71503 -0.172017
      vertex -0.608457 -1.79445 -0.163036
    endloop
  endfacet
  facet normal -0.482963 -0.866026 -0.129408
    outer loop
      vertex -0.748458 -1.71503 -0.172017
      vertex -0.741803 -1.71475 -0.198765
      vertex -0.608457 -1.79445 -0.163036
    endloop
  endfacet
  facet normal -0.482962 -0.866026 -0.12941
    outer loop
      vertex -0.608457 -1.79445 -0.163036
      vertex -0.741803 -1.71475 -0.198765
      vertex -0.600742 -1.7948 -0.1895
    endloop
  endfacet
  facet normal -0.482963 -0.866026 -0.12941
    outer loop
      vertex -0.741803 -1.71475 -0.198765
      vertex -0.734192 -1.71503 -0.225257
      vertex -0.600742 -1.7948 -0.1895
    endloop
  endfacet
  facet normal 0.754709 0 -0.656059
    outer loop
      vertex 0.611381 -1.6284 -0.55049
      vertex 0.611381 -0.0393701 -0.55049
      vertex 0.630221 -1.6284 -0.528818
    endloop
  endfacet
  facet normal 0.766979 0.00034168 -0.641673
    outer loop
      vertex 0.611381 -0.0393701 -0.55049
      vertex 0.649763 -0.0393701 -0.504614
      vertex 0.630221 -1.6284 -0.528818
    endloop
  endfacet
  facet normal 0.778061 0 -0.628189
    outer loop
      vertex 0.630221 -1.6284 -0.528818
      vertex 0.649763 -0.0393701 -0.504614
      vertex 0.649763 -1.6284 -0.504614
    endloop
  endfacet
  facet normal 0.804721 0 -0.593654
    outer loop
      vertex 0.649763 -1.6284 -0.504614
      vertex 0.649763 -0.0393701 -0.504614
      vertex 0.673912 -1.6284 -0.471878
    endloop
  endfacet
  facet normal 0.811574 0.000297881 -0.58425
    outer loop
      vertex 0.649763 -0.0393701 -0.504614
      vertex 0.68471 -0.0393701 -0.456069
      vertex 0.673912 -1.6284 -0.471878
    endloop
  endfacet
  facet normal 0.825771 0 -0.564005
    outer loop
      vertex 0.673912 -1.6284 -0.471878
      vertex 0.68471 -0.0393701 -0.456069
      vertex 0.68471 -1.6284 -0.456069
    endloop
  endfacet
  facet normal 0.851879 0 -0.523738
    outer loop
      vertex 0.716037 -0.0393701 -0.405114
      vertex 0.716037 -1.6284 -0.405114
      vertex 0.68471 -0.0393701 -0.456069
    endloop
  endfacet
  facet normal 0.868199 0.0012043 -0.496216
    outer loop
      vertex 0.716037 -1.6284 -0.405114
      vertex 0.712475 -1.6284 -0.411347
      vertex 0.68471 -0.0393701 -0.456069
    endloop
  endfacet
  facet normal 0.849586 0 -0.527451
    outer loop
      vertex 0.68471 -0.0393701 -0.456069
      vertex 0.712475 -1.6284 -0.411347
      vertex 0.68471 -1.6284 -0.456069
    endloop
  endfacet
  facet normal -0.669131 0 -0.743145
    outer loop
      vertex 0.611381 -0.0393701 -0.55049
      vertex 0.611381 -1.6284 -0.55049
      vertex 0.593447 -0.0393701 -0.534342
    endloop
  endfacet
  facet normal -0.669131 0 -0.743145
    outer loop
      vertex 0.611381 -1.6284 -0.55049
      vertex 0.593447 -1.64233 -0.534342
      vertex 0.593447 -0.0393701 -0.534342
    endloop
  endfacet
  facet normal 0.629321 0 -0.777145
    outer loop
      vertex 0.491644 -1.64233 -0.629275
      vertex 0.491644 -0.0393701 -0.629275
      vertex 0.513306 -1.64233 -0.611734
    endloop
  endfacet
  facet normal 0.649448 0.000455171 -0.760406
    outer loop
      vertex 0.491644 -0.0393701 -0.629275
      vertex 0.544618 -0.0393701 -0.584031
      vertex 0.513306 -1.64233 -0.611734
    endloop
  endfacet
  facet normal 0.66262 0 -0.748956
    outer loop
      vertex 0.513306 -1.64233 -0.611734
      vertex 0.544618 -0.0393701 -0.584031
      vertex 0.544618 -1.64233 -0.584031
    endloop
  endfacet
  facet normal 0.694659 0 -0.719339
    outer loop
      vertex 0.544618 -1.64233 -0.584031
      vertex 0.544618 -0.0393701 -0.584031
      vertex 0.564668 -1.64233 -0.564668
    endloop
  endfacet
  facet normal 0.713251 0.000455179 -0.700909
    outer loop
      vertex 0.544618 -0.0393701 -0.584031
      vertex 0.593447 -0.0393701 -0.534342
      vertex 0.564668 -1.64233 -0.564668
    endloop
  endfacet
  facet normal 0.725374 0 -0.688355
    outer loop
      vertex 0.564668 -1.64233 -0.564668
      vertex 0.593447 -0.0393701 -0.534342
      vertex 0.593447 -1.64233 -0.534342
    endloop
  endfacet
  facet normal 0.78801 0 0.615662
    outer loop
      vertex 0.491644 -0.0393701 -0.629275
      vertex 0.491644 -1.64233 -0.629275
      vertex 0.506502 -0.0393701 -0.648292
    endloop
  endfacet
  facet normal 0.78801 0 0.615662
    outer loop
      vertex 0.491644 -1.64233 -0.629275
      vertex 0.506502 -1.6284 -0.648292
      vertex 0.506502 -0.0393701 -0.648292
    endloop
  endfacet
  facet normal 0.920505 0 0.39073
    outer loop
      vertex 0.74799 -0.0393701 0.279662
      vertex 0.72077 -0.0393701 0.34379
      vertex 0.72077 -1.64233 0.34379
    endloop
  endfacet
  facet normal 0.904456 0.00170601 0.426563
    outer loop
      vertex 0.72077 -1.64233 0.34379
      vertex 0.723743 -1.64233 0.337487
      vertex 0.74799 -0.0393701 0.279662
    endloop
  endfacet
  facet normal 0.922201 0 0.386711
    outer loop
      vertex 0.723743 -1.64233 0.337487
      vertex 0.74799 -1.64233 0.279662
      vertex 0.74799 -0.0393701 0.279662
    endloop
  endfacet
  facet normal 0.951056 0 0.309017
    outer loop
      vertex 0.74799 -0.0393701 0.279662
      vertex 0.74799 -1.64233 0.279662
      vertex 0.769518 -0.0393701 0.213406
    endloop
  endfacet
  facet normal 0.938188 0.00170654 0.346123
    outer loop
      vertex 0.74799 -1.64233 0.279662
      vertex 0.750402 -1.64233 0.273124
      vertex 0.769518 -0.0393701 0.213406
    endloop
  endfacet
  facet normal 0.952396 0 0.304864
    outer loop
      vertex 0.769518 -0.0393701 0.213406
      vertex 0.750402 -1.64233 0.273124
      vertex 0.769518 -1.64233 0.213406
    endloop
  endfacet
  facet normal -0.430584 -0.346848 0.833243
    outer loop
      vertex -0.726227 -1.84485 -0.249747
      vertex -0.595236 -1.90271 -0.206143
      vertex -0.728862 -1.82284 -0.241948
    endloop
  endfacet
  facet normal -0.402058 -0.282175 0.871049
    outer loop
      vertex -0.595236 -1.90271 -0.206143
      vertex -0.597394 -1.88006 -0.199802
      vertex -0.728862 -1.82284 -0.241948
    endloop
  endfacet
  facet normal -0.402058 -0.282175 0.871049
    outer loop
      vertex -0.728862 -1.82284 -0.241948
      vertex -0.597394 -1.88006 -0.199802
      vertex -0.730943 -1.80024 -0.235586
    endloop
  endfacet
  facet normal -0.370949 -0.21569 0.903258
    outer loop
      vertex -0.597394 -1.88006 -0.199802
      vertex -0.598998 -1.85696 -0.194942
      vertex -0.730943 -1.80024 -0.235586
    endloop
  endfacet
  facet normal -0.370949 -0.21569 0.903258
    outer loop
      vertex -0.730943 -1.80024 -0.235586
      vertex -0.598998 -1.85696 -0.194942
      vertex -0.732496 -1.77716 -0.230713
    endloop
  endfacet
  facet normal -0.337456 -0.147819 0.929663
    outer loop
      vertex -0.598998 -1.85696 -0.194942
      vertex -0.600073 -1.83351 -0.191606
      vertex -0.732496 -1.77716 -0.230713
    endloop
  endfacet
  facet normal -0.337456 -0.147818 0.929663
    outer loop
      vertex -0.732496 -1.77716 -0.230713
      vertex -0.600073 -1.83351 -0.191606
      vertex -0.733541 -1.75374 -0.227368
    endloop
  endfacet
  facet normal -0.301796 -0.0789982 0.950094
    outer loop
      vertex -0.600073 -1.83351 -0.191606
      vertex -0.600641 -1.80988 -0.18982
      vertex -0.733541 -1.75374 -0.227368
    endloop
  endfacet
  facet normal -0.301796 -0.0789984 0.950094
    outer loop
      vertex -0.733541 -1.75374 -0.227368
      vertex -0.600641 -1.80988 -0.18982
      vertex -0.734093 -1.73011 -0.225579
    endloop
  endfacet
  facet normal -0.271165 -0.0222913 0.962275
    outer loop
      vertex -0.600641 -1.80988 -0.18982
      vertex -0.600742 -1.7948 -0.1895
      vertex -0.734093 -1.73011 -0.225579
    endloop
  endfacet
  facet normal -0.271166 -0.0222931 0.962275
    outer loop
      vertex -0.734093 -1.73011 -0.225579
      vertex -0.600742 -1.7948 -0.1895
      vertex -0.734192 -1.71503 -0.225257
    endloop
  endfacet
  facet normal -0.478805 -0.469173 0.742039
    outer loop
      vertex -0.720638 -1.87929 -0.265441
      vertex -0.586642 -1.95913 -0.229461
      vertex -0.721681 -1.87372 -0.262594
    endloop
  endfacet
  facet normal -0.475757 -0.461813 0.748588
    outer loop
      vertex -0.586642 -1.95913 -0.229461
      vertex -0.589111 -1.94618 -0.223044
      vertex -0.721681 -1.87372 -0.262594
    endloop
  endfacet
  facet normal -0.472244 -0.45041 0.757704
    outer loop
      vertex -0.721681 -1.87372 -0.262594
      vertex -0.589111 -1.94618 -0.223044
      vertex -0.723007 -1.86615 -0.258921
    endloop
  endfacet
  facet normal -0.458368 -0.414405 0.786236
    outer loop
      vertex -0.589111 -1.94618 -0.223044
      vertex -0.591968 -1.92842 -0.215348
      vertex -0.723007 -1.86615 -0.258921
    endloop
  endfacet
  facet normal -0.457062 -0.409233 0.789698
    outer loop
      vertex -0.723007 -1.86615 -0.258921
      vertex -0.591968 -1.92842 -0.215348
      vertex -0.726227 -1.84485 -0.249747
    endloop
  endfacet
  facet normal -0.445968 -0.383596 0.808682
    outer loop
      vertex -0.591968 -1.92842 -0.215348
      vertex -0.592488 -1.92479 -0.213912
      vertex -0.726227 -1.84485 -0.249747
    endloop
  endfacet
  facet normal -0.430583 -0.346846 0.833244
    outer loop
      vertex -0.726227 -1.84485 -0.249747
      vertex -0.592488 -1.92479 -0.213912
      vertex -0.595236 -1.90271 -0.206143
    endloop
  endfacet
  facet normal 0.463038 0 -0.886338
    outer loop
      vertex 0.354179 -1.6284 -0.742552
      vertex 0.354179 -0.0393701 -0.742552
      vertex 0.407195 -0.0393701 -0.714856
    endloop
  endfacet
  facet normal 0.465614 -0.00010949 -0.884988
    outer loop
      vertex 0.354179 -1.6284 -0.742552
      vertex 0.407195 -0.0393701 -0.714856
      vertex 0.411347 -1.6284 -0.712475
    endloop
  endfacet
  facet normal 0.526214 0.000100747 -0.850352
    outer loop
      vertex 0.407195 -0.0393701 -0.714856
      vertex 0.458059 -0.0393701 -0.68338
      vertex 0.411347 -1.6284 -0.712475
    endloop
  endfacet
  facet normal 0.528685 0 -0.848818
    outer loop
      vertex 0.411347 -1.6284 -0.712475
      vertex 0.458059 -0.0393701 -0.68338
      vertex 0.458059 -1.6284 -0.68338
    endloop
  endfacet
  facet normal 0.565206 0 -0.82495
    outer loop
      vertex 0.458059 -1.6284 -0.68338
      vertex 0.458059 -0.0393701 -0.68338
      vertex 0.471878 -1.6284 -0.673912
    endloop
  endfacet
  facet normal 0.586608 0.000275969 -0.809871
    outer loop
      vertex 0.458059 -0.0393701 -0.68338
      vertex 0.506502 -0.0393701 -0.648292
      vertex 0.471878 -1.6284 -0.673912
    endloop
  endfacet
  facet normal 0.594823 0 -0.803856
    outer loop
      vertex 0.471878 -1.6284 -0.673912
      vertex 0.506502 -0.0393701 -0.648292
      vertex 0.506502 -1.6284 -0.648292
    endloop
  endfacet
  facet normal -0.902585 0 -0.430511
    outer loop
      vertex 0.354179 -0.0393701 -0.742552
      vertex 0.354179 -1.6284 -0.742552
      vertex 0.34379 -0.0393701 -0.72077
    endloop
  endfacet
  facet normal -0.902585 0 -0.430511
    outer loop
      vertex 0.354179 -1.6284 -0.742552
      vertex 0.34379 -1.64233 -0.72077
      vertex 0.34379 -0.0393701 -0.72077
    endloop
  endfacet
  facet normal 0.39073 0 -0.920505
    outer loop
      vertex 0.279662 -0.0393701 -0.74799
      vertex 0.34379 -0.0393701 -0.72077
      vertex 0.34379 -1.64233 -0.72077
    endloop
  endfacet
  facet normal 0.426563 0.00170601 -0.904456
    outer loop
      vertex 0.34379 -1.64233 -0.72077
      vertex 0.337487 -1.64233 -0.723743
      vertex 0.279662 -0.0393701 -0.74799
    endloop
  endfacet
  facet normal 0.386711 0 -0.922201
    outer loop
      vertex 0.337487 -1.64233 -0.723743
      vertex 0.279662 -1.64233 -0.74799
      vertex 0.279662 -0.0393701 -0.74799
    endloop
  endfacet
  facet normal 0.309017 0 -0.951056
    outer loop
      vertex 0.279662 -0.0393701 -0.74799
      vertex 0.279662 -1.64233 -0.74799
      vertex 0.213406 -0.0393701 -0.769518
    endloop
  endfacet
  facet normal 0.346123 0.00170654 -0.938188
    outer loop
      vertex 0.279662 -1.64233 -0.74799
      vertex 0.273124 -1.64233 -0.750402
      vertex 0.213406 -0.0393701 -0.769518
    endloop
  endfacet
  facet normal 0.304864 0 -0.952396
    outer loop
      vertex 0.213406 -0.0393701 -0.769518
      vertex 0.273124 -1.64233 -0.750402
      vertex 0.213406 -1.64233 -0.769518
    endloop
  endfacet
  facet normal 0.96363 0 0.267239
    outer loop
      vertex 0.213406 -0.0393701 -0.769518
      vertex 0.213406 -1.64233 -0.769518
      vertex 0.219856 -0.0393701 -0.792774
    endloop
  endfacet
  facet normal 0.96363 0 0.267239
    outer loop
      vertex 0.213406 -1.64233 -0.769518
      vertex 0.219856 -1.6284 -0.792774
      vertex 0.219856 -0.0393701 -0.792774
    endloop
  endfacet
  facet normal 0.430511 0 -0.902585
    outer loop
      vertex 0.742552 -0.0393701 0.354179
      vertex 0.742552 -1.6284 0.354179
      vertex 0.72077 -0.0393701 0.34379
    endloop
  endfacet
  facet normal 0.430511 0 -0.902585
    outer loop
      vertex 0.742552 -1.6284 0.354179
      vertex 0.72077 -1.64233 0.34379
      vertex 0.72077 -0.0393701 0.34379
    endloop
  endfacet
  facet normal 0.0697547 0 -0.997564
    outer loop
      vertex 0.0430565 -1.6284 -0.821567
      vertex 0.0430565 -0.0393701 -0.821567
      vertex 0.0717026 -1.6284 -0.819564
    endloop
  endfacet
  facet normal 0.0886036 0.000341683 -0.996067
    outer loop
      vertex 0.0430565 -0.0393701 -0.821567
      vertex 0.102636 -0.0393701 -0.816268
      vertex 0.0717026 -1.6284 -0.819564
    endloop
  endfacet
  facet normal 0.105975 0 -0.994369
    outer loop
      vertex 0.0717026 -1.6284 -0.819564
      vertex 0.102636 -0.0393701 -0.816268
      vertex 0.102636 -1.6284 -0.816268
    endloop
  endfacet
  facet normal 0.149248 0 -0.9888
    outer loop
      vertex 0.102636 -1.6284 -0.816268
      vertex 0.102636 -0.0393701 -0.816268
      vertex 0.142859 -1.6284 -0.810196
    endloop
  endfacet
  facet normal 0.160743 0.00029786 -0.986996
    outer loop
      vertex 0.102636 -0.0393701 -0.816268
      vertex 0.161673 -0.0393701 -0.806653
      vertex 0.142859 -1.6284 -0.810196
    endloop
  endfacet
  facet normal 0.185096 0 -0.982721
    outer loop
      vertex 0.142859 -1.6284 -0.810196
      vertex 0.161673 -0.0393701 -0.806653
      vertex 0.161673 -1.6284 -0.806653
    endloop
  endfacet
  facet normal 0.232031 0 -0.972708
    outer loop
      vertex 0.219856 -0.0393701 -0.792774
      vertex 0.219856 -1.6284 -0.792774
      vertex 0.161673 -0.0393701 -0.806653
    endloop
  endfacet
  facet normal 0.26303 0.00120422 -0.964787
    outer loop
      vertex 0.219856 -1.6284 -0.792774
      vertex 0.212929 -1.6284 -0.794662
      vertex 0.161673 -0.0393701 -0.806653
    endloop
  endfacet
  facet normal 0.227785 0 -0.973712
    outer loop
      vertex 0.161673 -0.0393701 -0.806653
      vertex 0.212929 -1.6284 -0.794662
      vertex 0.161673 -1.6284 -0.806653
    endloop
  endfacet
  facet normal -0.430511 0 0.902585
    outer loop
      vertex -0.742552 -0.0393701 -0.354179
      vertex -0.742552 -1.6284 -0.354179
      vertex -0.72077 -0.0393701 -0.34379
    endloop
  endfacet
  facet normal -0.430511 0 0.902585
    outer loop
      vertex -0.742552 -1.6284 -0.354179
      vertex -0.72077 -1.64233 -0.34379
      vertex -0.72077 -0.0393701 -0.34379
    endloop
  endfacet
  facet normal -0.920505 0 -0.39073
    outer loop
      vertex -0.74799 -0.0393701 -0.279662
      vertex -0.72077 -0.0393701 -0.34379
      vertex -0.72077 -1.64233 -0.34379
    endloop
  endfacet
  facet normal -0.904456 0.00170601 -0.426563
    outer loop
      vertex -0.72077 -1.64233 -0.34379
      vertex -0.723743 -1.64233 -0.337487
      vertex -0.74799 -0.0393701 -0.279662
    endloop
  endfacet
  facet normal -0.922201 0 -0.386711
    outer loop
      vertex -0.723743 -1.64233 -0.337487
      vertex -0.74799 -1.64233 -0.279662
      vertex -0.74799 -0.0393701 -0.279662
    endloop
  endfacet
  facet normal -0.951056 0 -0.309017
    outer loop
      vertex -0.74799 -0.0393701 -0.279662
      vertex -0.74799 -1.64233 -0.279662
      vertex -0.769518 -0.0393701 -0.213406
    endloop
  endfacet
  facet normal -0.938188 0.00170654 -0.346123
    outer loop
      vertex -0.74799 -1.64233 -0.279662
      vertex -0.750402 -1.64233 -0.273124
      vertex -0.769518 -0.0393701 -0.213406
    endloop
  endfacet
  facet normal -0.952396 0 -0.304864
    outer loop
      vertex -0.769518 -0.0393701 -0.213406
      vertex -0.750402 -1.64233 -0.273124
      vertex -0.769518 -1.64233 -0.213406
    endloop
  endfacet
  facet normal 0.0523359 0 -0.99863
    outer loop
      vertex 0.821567 -0.0393701 0.0430565
      vertex 0.821567 -1.6284 0.0430565
      vertex 0.797467 -0.0393701 0.0417935
    endloop
  endfacet
  facet normal 0.0523359 0 -0.99863
    outer loop
      vertex 0.821567 -1.6284 0.0430565
      vertex 0.797467 -1.64233 0.0417935
      vertex 0.797467 -0.0393701 0.0417935
    endloop
  endfacet
  facet normal -0.886338 0 -0.463038
    outer loop
      vertex -0.742552 -1.6284 -0.354179
      vertex -0.742552 -0.0393701 -0.354179
      vertex -0.714856 -0.0393701 -0.407195
    endloop
  endfacet
  facet normal -0.884988 -0.00010949 -0.465614
    outer loop
      vertex -0.742552 -1.6284 -0.354179
      vertex -0.714856 -0.0393701 -0.407195
      vertex -0.712475 -1.6284 -0.411347
    endloop
  endfacet
  facet normal -0.850352 0.000100747 -0.526214
    outer loop
      vertex -0.714856 -0.0393701 -0.407195
      vertex -0.68338 -0.0393701 -0.458059
      vertex -0.712475 -1.6284 -0.411347
    endloop
  endfacet
  facet normal -0.848818 0 -0.528685
    outer loop
      vertex -0.712475 -1.6284 -0.411347
      vertex -0.68338 -0.0393701 -0.458059
      vertex -0.68338 -1.6284 -0.458059
    endloop
  endfacet
  facet normal -0.82495 0 -0.565206
    outer loop
      vertex -0.68338 -1.6284 -0.458059
      vertex -0.68338 -0.0393701 -0.458059
      vertex -0.673912 -1.6284 -0.471878
    endloop
  endfacet
  facet normal -0.809871 0.000275969 -0.586608
    outer loop
      vertex -0.68338 -0.0393701 -0.458059
      vertex -0.648292 -0.0393701 -0.506502
      vertex -0.673912 -1.6284 -0.471878
    endloop
  endfacet
  facet normal -0.803856 0 -0.594823
    outer loop
      vertex -0.673912 -1.6284 -0.471878
      vertex -0.648292 -0.0393701 -0.506502
      vertex -0.648292 -1.6284 -0.506502
    endloop
  endfacet
  facet normal -0.991189 0.0227317 -0.130493
    outer loop
      vertex -0.756812 -1.87929 -0.13044
      vertex -0.764784 -1.87929 -0.0698819
      vertex -0.756291 -1.87372 -0.133428
    endloop
  endfacet
  facet normal -0.991189 0.0227391 -0.130492
    outer loop
      vertex -0.764784 -1.87929 -0.0698819
      vertex -0.765054 -1.87372 -0.0668612
      vertex -0.756291 -1.87372 -0.133428
    endloop
  endfacet
  facet normal -0.979461 0.00168194 -0.201625
    outer loop
      vertex -0.748533 -1.73011 -0.17169
      vertex -0.748949 -1.75374 -0.169864
      vertex -0.756303 -1.66 -0.133357
    endloop
  endfacet
  facet normal -0.9791 0.00238889 -0.203367
    outer loop
      vertex -0.748949 -1.75374 -0.169864
      vertex -0.749717 -1.77716 -0.166445
      vertex -0.756303 -1.66 -0.133357
    endloop
  endfacet
  facet normal -0.979139 0.00233385 -0.20318
    outer loop
      vertex -0.756303 -1.66 -0.133357
      vertex -0.749717 -1.77716 -0.166445
      vertex -0.750808 -1.80024 -0.161448
    endloop
  endfacet
  facet normal -0.979741 0.00172527 -0.20026
    outer loop
      vertex -0.750808 -1.80024 -0.161448
      vertex -0.752187 -1.82284 -0.154898
      vertex -0.756303 -1.66 -0.133357
    endloop
  endfacet
  facet normal -0.980976 0.0008828 -0.194127
    outer loop
      vertex -0.752187 -1.82284 -0.154898
      vertex -0.753804 -1.84485 -0.146826
      vertex -0.756303 -1.66 -0.133357
    endloop
  endfacet
  facet normal -0.982811 0.000165089 -0.184617
    outer loop
      vertex -0.756303 -1.66 -0.133357
      vertex -0.753804 -1.84485 -0.146826
      vertex -0.755603 -1.86615 -0.137271
    endloop
  endfacet
  facet normal -0.94059 8.18357e-7 -0.339543
    outer loop
      vertex -0.721656 -1.66 -0.262661
      vertex -0.721681 -1.87372 -0.262594
      vertex -0.723007 -1.86615 -0.258921
    endloop
  endfacet
  facet normal -0.949609 0.00238893 -0.313429
    outer loop
      vertex -0.732496 -1.77716 -0.230713
      vertex -0.733541 -1.75374 -0.227368
      vertex -0.721656 -1.66 -0.262661
    endloop
  endfacet
  facet normal -0.949549 0.00233384 -0.313611
    outer loop
      vertex -0.732496 -1.77716 -0.230713
      vertex -0.721656 -1.66 -0.262661
      vertex -0.730943 -1.80024 -0.235586
    endloop
  endfacet
  facet normal -0.943446 0.000165008 -0.331525
    outer loop
      vertex -0.723007 -1.86615 -0.258921
      vertex -0.726227 -1.84485 -0.249747
      vertex -0.721656 -1.66 -0.262661
    endloop
  endfacet
  facet normal -0.946614 0.000883005 -0.322369
    outer loop
      vertex -0.726227 -1.84485 -0.249747
      vertex -0.728862 -1.82284 -0.241948
      vertex -0.721656 -1.66 -0.262661
    endloop
  endfacet
  facet normal -0.948611 0.00172542 -0.31644
    outer loop
      vertex -0.721656 -1.66 -0.262661
      vertex -0.728862 -1.82284 -0.241948
      vertex -0.730943 -1.80024 -0.235586
    endloop
  endfacet
  facet normal -0.949049 0.00168006 -0.315123
    outer loop
      vertex -0.733541 -1.75374 -0.227368
      vertex -0.734093 -1.73011 -0.225579
      vertex -0.721656 -1.66 -0.262661
    endloop
  endfacet
  facet normal -0.948411 0.000551334 -0.317043
    outer loop
      vertex -0.734093 -1.73011 -0.225579
      vertex -0.734192 -1.71503 -0.225257
      vertex -0.721656 -1.66 -0.262661
    endloop
  endfacet
  facet normal -0.953638 0.0128618 -0.300681
    outer loop
      vertex -0.721656 -1.66 -0.262661
      vertex -0.734192 -1.71503 -0.225257
      vertex -0.741803 -1.66 -0.198765
    endloop
  endfacet
  facet normal -0.961126 0 -0.276111
    outer loop
      vertex -0.734192 -1.71503 -0.225257
      vertex -0.741803 -1.71475 -0.198765
      vertex -0.741803 -1.66 -0.198765
    endloop
  endfacet
  facet normal -0.976296 0 -0.21644
    outer loop
      vertex -0.741803 -1.66 -0.198765
      vertex -0.741803 -1.71475 -0.198765
      vertex -0.756303 -1.66 -0.133357
    endloop
  endfacet
  facet normal -0.970026 0.0310183 -0.241014
    outer loop
      vertex -0.741803 -1.71475 -0.198765
      vertex -0.748458 -1.71503 -0.172017
      vertex -0.756303 -1.66 -0.133357
    endloop
  endfacet
  facet normal -0.97987 0.000549931 -0.199637
    outer loop
      vertex -0.756303 -1.66 -0.133357
      vertex -0.748458 -1.71503 -0.172017
      vertex -0.748533 -1.73011 -0.17169
    endloop
  endfacet
  facet normal -0.923641 0.02274 -0.382585
    outer loop
      vertex -0.697264 -1.87929 -0.321873
      vertex -0.720638 -1.87929 -0.265441
      vertex -0.695987 -1.87372 -0.324624
    endloop
  endfacet
  facet normal -0.923641 0.0227353 -0.382585
    outer loop
      vertex -0.720638 -1.87929 -0.265441
      vertex -0.721681 -1.87372 -0.262594
      vertex -0.695987 -1.87372 -0.324624
    endloop
  endfacet
  facet normal -0.923879 -1.49441e-5 -0.382684
    outer loop
      vertex -0.695987 -1.87372 -0.324624
      vertex -0.721681 -1.87372 -0.262594
      vertex -0.696018 -1.66 -0.324558
    endloop
  endfacet
  facet normal -0.92388 -1.47817e-5 -0.382683
    outer loop
      vertex -0.721681 -1.87372 -0.262594
      vertex -0.721656 -1.66 -0.262661
      vertex -0.696018 -1.66 -0.324558
    endloop
  endfacet
  facet normal -0.893903 0.00168197 -0.448257
    outer loop
      vertex -0.696018 -1.66 -0.324558
      vertex -0.678591 -1.73011 -0.359574
      vertex -0.679465 -1.75374 -0.357918
    endloop
  endfacet
  facet normal -0.893103 0.00238836 -0.449846
    outer loop
      vertex -0.679465 -1.75374 -0.357918
      vertex -0.681091 -1.77716 -0.354814
      vertex -0.696018 -1.66 -0.324558
    endloop
  endfacet
  facet normal -0.893187 0.00233446 -0.449678
    outer loop
      vertex -0.681091 -1.77716 -0.354814
      vertex -0.683439 -1.80024 -0.35027
      vertex -0.696018 -1.66 -0.324558
    endloop
  endfacet
  facet normal -0.894528 0.00172496 -0.44701
    outer loop
      vertex -0.696018 -1.66 -0.324558
      vertex -0.683439 -1.80024 -0.35027
      vertex -0.686466 -1.82284 -0.3443
    endloop
  endfacet
  facet normal -0.897306 0.000882801 -0.441407
    outer loop
      vertex -0.686466 -1.82284 -0.3443
      vertex -0.690118 -1.84485 -0.336922
      vertex -0.696018 -1.66 -0.324558
    endloop
  endfacet
  facet normal -0.901539 0.000165142 -0.432697
    outer loop
      vertex -0.690118 -1.84485 -0.336922
      vertex -0.694328 -1.86615 -0.328158
      vertex -0.696018 -1.66 -0.324558
    endloop
  endfacet
  facet normal -0.905196 6.50201e-7 -0.424993
    outer loop
      vertex -0.696018 -1.66 -0.324558
      vertex -0.694328 -1.86615 -0.328158
      vertex -0.695987 -1.87372 -0.324624
    endloop
  endfacet
  facet normal -0.82066 8.83604e-7 -0.571417
    outer loop
      vertex -0.629085 -1.66 -0.44049
      vertex -0.629126 -1.87372 -0.440431
      vertex -0.631357 -1.86615 -0.437226
    endloop
  endfacet
  facet normal -0.836128 0.00238782 -0.548529
    outer loop
      vertex -0.647824 -1.77716 -0.412435
      vertex -0.649699 -1.75374 -0.409475
      vertex -0.629085 -1.66 -0.44049
    endloop
  endfacet
  facet normal -0.836027 0.00233489 -0.548683
    outer loop
      vertex -0.647824 -1.77716 -0.412435
      vertex -0.629085 -1.66 -0.44049
      vertex -0.645063 -1.80024 -0.416741
    endloop
  endfacet
  facet normal -0.825495 0.000165128 -0.564409
    outer loop
      vertex -0.631357 -1.86615 -0.437226
      vertex -0.636842 -1.84485 -0.429198
      vertex -0.629085 -1.66 -0.44049
    endloop
  endfacet
  facet normal -0.830923 0.000882881 -0.556387
    outer loop
      vertex -0.636842 -1.84485 -0.429198
      vertex -0.641406 -1.82284 -0.422347
      vertex -0.629085 -1.66 -0.44049
    endloop
  endfacet
  facet normal -0.834386 0.0017252 -0.551178
    outer loop
      vertex -0.629085 -1.66 -0.44049
      vertex -0.641406 -1.82284 -0.422347
      vertex -0.645063 -1.80024 -0.416741
    endloop
  endfacet
  facet normal -0.835152 0.00168105 -0.550016
    outer loop
      vertex -0.649699 -1.75374 -0.409475
      vertex -0.650696 -1.73011 -0.40789
      vertex -0.629085 -1.66 -0.44049
    endloop
  endfacet
  facet normal -0.834036 0.000549911 -0.551709
    outer loop
      vertex -0.650696 -1.73011 -0.40789
      vertex -0.650874 -1.71503 -0.407605
      vertex -0.629085 -1.66 -0.44049
    endloop
  endfacet
  facet normal -0.843321 0.0128622 -0.537256
    outer loop
      vertex -0.629085 -1.66 -0.44049
      vertex -0.650874 -1.71503 -0.407605
      vertex -0.665082 -1.66 -0.383985
    endloop
  endfacet
  facet normal -0.856913 0 -0.51546
    outer loop
      vertex -0.650874 -1.71503 -0.407605
      vertex -0.665082 -1.71475 -0.383985
      vertex -0.665082 -1.66 -0.383985
    endloop
  endfacet
  facet normal -0.887011 0 -0.461749
    outer loop
      vertex -0.665082 -1.66 -0.383985
      vertex -0.665082 -1.71475 -0.383985
      vertex -0.696018 -1.66 -0.324558
    endloop
  endfacet
  facet normal -0.874594 0.0310183 -0.483863
    outer loop
      vertex -0.665082 -1.71475 -0.383985
      vertex -0.678433 -1.71503 -0.359871
      vertex -0.696018 -1.66 -0.324558
    endloop
  endfacet
  facet normal -0.894811 0.000550975 -0.446445
    outer loop
      vertex -0.696018 -1.66 -0.324558
      vertex -0.678433 -1.71503 -0.359871
      vertex -0.678591 -1.73011 -0.359574
    endloop
  endfacet
  facet normal -0.793148 0.0227229 -0.608605
    outer loop
      vertex -0.590198 -1.87929 -0.49137
      vertex -0.627382 -1.87929 -0.442912
      vertex -0.588253 -1.87372 -0.493697
    endloop
  endfacet
  facet normal -0.793149 0.0227319 -0.608604
    outer loop
      vertex -0.627382 -1.87929 -0.442912
      vertex -0.629126 -1.87372 -0.440431
      vertex -0.588253 -1.87372 -0.493697
    endloop
  endfacet
  facet normal -0.793354 -1.47549e-5 -0.608761
    outer loop
      vertex -0.588253 -1.87372 -0.493697
      vertex -0.629126 -1.87372 -0.440431
      vertex -0.5883 -1.66 -0.493642
    endloop
  endfacet
  facet normal -0.793354 -1.47217e-5 -0.608761
    outer loop
      vertex -0.629126 -1.87372 -0.440431
      vertex -0.629085 -1.66 -0.44049
      vertex -0.5883 -1.66 -0.493642
    endloop
  endfacet
  facet normal -0.747424 0.00168375 -0.664345
    outer loop
      vertex -0.5883 -1.66 -0.493642
      vertex -0.562404 -1.73011 -0.522954
      vertex -0.563677 -1.75374 -0.521581
    endloop
  endfacet
  facet normal -0.746247 0.00238646 -0.665665
    outer loop
      vertex -0.563677 -1.75374 -0.521581
      vertex -0.566051 -1.77716 -0.519004
      vertex -0.5883 -1.66 -0.493642
    endloop
  endfacet
  facet normal -0.746368 0.00233416 -0.66553
    outer loop
      vertex -0.566051 -1.77716 -0.519004
      vertex -0.569495 -1.80024 -0.515222
      vertex -0.5883 -1.66 -0.493642
    endloop
  endfacet
  facet normal -0.748351 0.00172509 -0.6633
    outer loop
      vertex -0.5883 -1.66 -0.493642
      vertex -0.569495 -1.80024 -0.515222
      vertex -0.573964 -1.82284 -0.510239
    endloop
  endfacet
  facet normal -0.752484 0.000883229 -0.65861
    outer loop
      vertex -0.573964 -1.82284 -0.510239
      vertex -0.579401 -1.84485 -0.504057
      vertex -0.5883 -1.66 -0.493642
    endloop
  endfacet
  facet normal -0.758832 0.00016502 -0.651286
    outer loop
      vertex -0.579401 -1.84485 -0.504057
      vertex -0.585735 -1.86615 -0.496682
      vertex -0.5883 -1.66 -0.493642
    endloop
  endfacet
  facet normal -0.764348 8.47573e-7 -0.644805
    outer loop
      vertex -0.5883 -1.66 -0.493642
      vertex -0.585735 -1.86615 -0.496682
      vertex -0.588253 -1.87372 -0.493697
    endloop
  endfacet
  facet normal -0.644805 8.47573e-7 -0.764348
    outer loop
      vertex -0.493642 -1.66 -0.5883
      vertex -0.493697 -1.87372 -0.588253
      vertex -0.496682 -1.86615 -0.585735
    endloop
  endfacet
  facet normal -0.665665 0.00238646 -0.746247
    outer loop
      vertex -0.519004 -1.77716 -0.566051
      vertex -0.521581 -1.75374 -0.563677
      vertex -0.493642 -1.66 -0.5883
    endloop
  endfacet
  facet normal -0.66553 0.00233416 -0.746368
    outer loop
      vertex -0.519004 -1.77716 -0.566051
      vertex -0.493642 -1.66 -0.5883
      vertex -0.515222 -1.80024 -0.569495
    endloop
  endfacet
  facet normal -0.651286 0.00016502 -0.758832
    outer loop
      vertex -0.496682 -1.86615 -0.585735
      vertex -0.504057 -1.84485 -0.579401
      vertex -0.493642 -1.66 -0.5883
    endloop
  endfacet
  facet normal -0.65861 0.000883229 -0.752484
    outer loop
      vertex -0.504057 -1.84485 -0.579401
      vertex -0.510239 -1.82284 -0.573964
      vertex -0.493642 -1.66 -0.5883
    endloop
  endfacet
  facet normal -0.6633 0.00172509 -0.748351
    outer loop
      vertex -0.493642 -1.66 -0.5883
      vertex -0.510239 -1.82284 -0.573964
      vertex -0.515222 -1.80024 -0.569495
    endloop
  endfacet
  facet normal -0.664345 0.00168375 -0.747424
    outer loop
      vertex -0.521581 -1.75374 -0.563677
      vertex -0.522954 -1.73011 -0.562404
      vertex -0.493642 -1.66 -0.5883
    endloop
  endfacet
  facet normal -0.662827 0.000551282 -0.748772
    outer loop
      vertex -0.522954 -1.73011 -0.562404
      vertex -0.5232 -1.71503 -0.562175
      vertex -0.493642 -1.66 -0.5883
    endloop
  endfacet
  facet normal -0.675534 0.0128608 -0.737216
    outer loop
      vertex -0.493642 -1.66 -0.5883
      vertex -0.5232 -1.71503 -0.562175
      vertex -0.543037 -1.66 -0.543037
    endloop
  endfacet
  facet normal -0.694302 0 -0.719683
    outer loop
      vertex -0.5232 -1.71503 -0.562175
      vertex -0.543037 -1.71475 -0.543037
      vertex -0.543037 -1.66 -0.543037
    endloop
  endfacet
  facet normal -0.737277 0 -0.67559
    outer loop
      vertex -0.543037 -1.66 -0.543037
      vertex -0.543037 -1.71475 -0.543037
      vertex -0.5883 -1.66 -0.493642
    endloop
  endfacet
  facet normal -0.71956 0.0310174 -0.693737
    outer loop
      vertex -0.543037 -1.71475 -0.543037
      vertex -0.562175 -1.71503 -0.5232
      vertex -0.5883 -1.66 -0.493642
    endloop
  endfacet
  facet normal -0.748772 0.000551282 -0.662827
    outer loop
      vertex -0.5883 -1.66 -0.493642
      vertex -0.562175 -1.71503 -0.5232
      vertex -0.562404 -1.73011 -0.522954
    endloop
  endfacet
  facet normal -0.608604 0.0227324 -0.793148
    outer loop
      vertex -0.442912 -1.87929 -0.627382
      vertex -0.49137 -1.87929 -0.590198
      vertex -0.440431 -1.87372 -0.629126
    endloop
  endfacet
  facet normal -0.608604 0.0227233 -0.793149
    outer loop
      vertex -0.49137 -1.87929 -0.590198
      vertex -0.493697 -1.87372 -0.588253
      vertex -0.440431 -1.87372 -0.629126
    endloop
  endfacet
  facet normal -0.608761 -1.47217e-5 -0.793354
    outer loop
      vertex -0.440431 -1.87372 -0.629126
      vertex -0.493697 -1.87372 -0.588253
      vertex -0.44049 -1.66 -0.629085
    endloop
  endfacet
  facet normal -0.608761 -1.4755e-5 -0.793354
    outer loop
      vertex -0.493697 -1.87372 -0.588253
      vertex -0.493642 -1.66 -0.5883
      vertex -0.44049 -1.66 -0.629085
    endloop
  endfacet
  facet normal -0.550016 0.00168105 -0.835152
    outer loop
      vertex -0.44049 -1.66 -0.629085
      vertex -0.40789 -1.73011 -0.650696
      vertex -0.409475 -1.75374 -0.649699
    endloop
  endfacet
  facet normal -0.548529 0.00238782 -0.836128
    outer loop
      vertex -0.409475 -1.75374 -0.649699
      vertex -0.412435 -1.77716 -0.647824
      vertex -0.44049 -1.66 -0.629085
    endloop
  endfacet
  facet normal -0.548683 0.00233489 -0.836027
    outer loop
      vertex -0.412435 -1.77716 -0.647824
      vertex -0.416741 -1.80024 -0.645063
      vertex -0.44049 -1.66 -0.629085
    endloop
  endfacet
  facet normal -0.551178 0.0017252 -0.834386
    outer loop
      vertex -0.44049 -1.66 -0.629085
      vertex -0.416741 -1.80024 -0.645063
      vertex -0.422347 -1.82284 -0.641406
    endloop
  endfacet
  facet normal -0.556387 0.000882881 -0.830923
    outer loop
      vertex -0.422347 -1.82284 -0.641406
      vertex -0.429198 -1.84485 -0.636842
      vertex -0.44049 -1.66 -0.629085
    endloop
  endfacet
  facet normal -0.564409 0.000165128 -0.825495
    outer loop
      vertex -0.429198 -1.84485 -0.636842
      vertex -0.437226 -1.86615 -0.631357
      vertex -0.44049 -1.66 -0.629085
    endloop
  endfacet
  facet normal -0.571417 8.83604e-7 -0.82066
    outer loop
      vertex -0.44049 -1.66 -0.629085
      vertex -0.437226 -1.86615 -0.631357
      vertex -0.440431 -1.87372 -0.629126
    endloop
  endfacet
  facet normal -0.424993 6.50201e-7 -0.905196
    outer loop
      vertex -0.324558 -1.66 -0.696018
      vertex -0.324624 -1.87372 -0.695987
      vertex -0.328158 -1.86615 -0.694328
    endloop
  endfacet
  facet normal -0.449846 0.00238836 -0.893103
    outer loop
      vertex -0.354814 -1.77716 -0.681091
      vertex -0.357918 -1.75374 -0.679465
      vertex -0.324558 -1.66 -0.696018
    endloop
  endfacet
  facet normal -0.449678 0.00233446 -0.893187
    outer loop
      vertex -0.354814 -1.77716 -0.681091
      vertex -0.324558 -1.66 -0.696018
      vertex -0.35027 -1.80024 -0.683439
    endloop
  endfacet
  facet normal -0.432697 0.000165142 -0.901539
    outer loop
      vertex -0.328158 -1.86615 -0.694328
      vertex -0.336922 -1.84485 -0.690118
      vertex -0.324558 -1.66 -0.696018
    endloop
  endfacet
  facet normal -0.441407 0.000882801 -0.897306
    outer loop
      vertex -0.336922 -1.84485 -0.690118
      vertex -0.3443 -1.82284 -0.686466
      vertex -0.324558 -1.66 -0.696018
    endloop
  endfacet
  facet normal -0.44701 0.00172496 -0.894528
    outer loop
      vertex -0.324558 -1.66 -0.696018
      vertex -0.3443 -1.82284 -0.686466
      vertex -0.35027 -1.80024 -0.683439
    endloop
  endfacet
  facet normal -0.448257 0.00168197 -0.893903
    outer loop
      vertex -0.357918 -1.75374 -0.679465
      vertex -0.359574 -1.73011 -0.678591
      vertex -0.324558 -1.66 -0.696018
    endloop
  endfacet
  facet normal -0.446445 0.000550975 -0.894811
    outer loop
      vertex -0.359574 -1.73011 -0.678591
      vertex -0.359871 -1.71503 -0.678433
      vertex -0.324558 -1.66 -0.696018
    endloop
  endfacet
  facet normal -0.46171 0.0128612 -0.886937
    outer loop
      vertex -0.324558 -1.66 -0.696018
      vertex -0.359871 -1.71503 -0.678433
      vertex -0.383985 -1.66 -0.665082
    endloop
  endfacet
  facet normal -0.484377 0 -0.874859
    outer loop
      vertex -0.359871 -1.71503 -0.678433
      vertex -0.383985 -1.71475 -0.665082
      vertex -0.383985 -1.66 -0.665082
    endloop
  endfacet
  facet normal -0.5373 0 -0.843391
    outer loop
      vertex -0.383985 -1.66 -0.665082
      vertex -0.383985 -1.71475 -0.665082
      vertex -0.44049 -1.66 -0.629085
    endloop
  endfacet
  facet normal -0.515488 0.0310207 -0.856335
    outer loop
      vertex -0.383985 -1.71475 -0.665082
      vertex -0.407605 -1.71503 -0.650874
      vertex -0.44049 -1.66 -0.629085
    endloop
  endfacet
  facet normal -0.551709 0.000549911 -0.834036
    outer loop
      vertex -0.44049 -1.66 -0.629085
      vertex -0.407605 -1.71503 -0.650874
      vertex -0.40789 -1.73011 -0.650696
    endloop
  endfacet
  facet normal -0.382585 0.0227351 -0.923641
    outer loop
      vertex -0.265441 -1.87929 -0.720638
      vertex -0.321873 -1.87929 -0.697264
      vertex -0.262594 -1.87372 -0.721681
    endloop
  endfacet
  facet normal -0.382585 0.0227398 -0.92364
    outer loop
      vertex -0.321873 -1.87929 -0.697264
      vertex -0.324624 -1.87372 -0.695987
      vertex -0.262594 -1.87372 -0.721681
    endloop
  endfacet
  facet normal -0.382684 -1.47818e-5 -0.923879
    outer loop
      vertex -0.262594 -1.87372 -0.721681
      vertex -0.324624 -1.87372 -0.695987
      vertex -0.262661 -1.66 -0.721656
    endloop
  endfacet
  facet normal -0.382683 -1.49443e-5 -0.92388
    outer loop
      vertex -0.324624 -1.87372 -0.695987
      vertex -0.324558 -1.66 -0.696018
      vertex -0.262661 -1.66 -0.721656
    endloop
  endfacet
  facet normal -0.315123 0.00168006 -0.949049
    outer loop
      vertex -0.262661 -1.66 -0.721656
      vertex -0.225579 -1.73011 -0.734093
      vertex -0.227368 -1.75374 -0.733541
    endloop
  endfacet
  facet normal -0.313429 0.00238893 -0.949609
    outer loop
      vertex -0.227368 -1.75374 -0.733541
      vertex -0.230713 -1.77716 -0.732496
      vertex -0.262661 -1.66 -0.721656
    endloop
  endfacet
  facet normal -0.313611 0.00233384 -0.949549
    outer loop
      vertex -0.230713 -1.77716 -0.732496
      vertex -0.235586 -1.80024 -0.730943
      vertex -0.262661 -1.66 -0.721656
    endloop
  endfacet
  facet normal -0.31644 0.00172542 -0.948611
    outer loop
      vertex -0.262661 -1.66 -0.721656
      vertex -0.235586 -1.80024 -0.730943
      vertex -0.241948 -1.82284 -0.728862
    endloop
  endfacet
  facet normal -0.322369 0.000883005 -0.946614
    outer loop
      vertex -0.241948 -1.82284 -0.728862
      vertex -0.249747 -1.84485 -0.726227
      vertex -0.262661 -1.66 -0.721656
    endloop
  endfacet
  facet normal -0.331525 0.000165008 -0.943446
    outer loop
      vertex -0.249747 -1.84485 -0.726227
      vertex -0.258921 -1.86615 -0.723007
      vertex -0.262661 -1.66 -0.721656
    endloop
  endfacet
  facet normal -0.339543 8.18357e-7 -0.94059
    outer loop
      vertex -0.262661 -1.66 -0.721656
      vertex -0.258921 -1.86615 -0.723007
      vertex -0.262594 -1.87372 -0.721681
    endloop
  endfacet
  facet normal -0.176239 7.88595e-7 -0.984347
    outer loop
      vertex -0.133357 -1.66 -0.756303
      vertex -0.133428 -1.87372 -0.756291
      vertex -0.137271 -1.86615 -0.755603
    endloop
  endfacet
  facet normal -0.203367 0.00238889 -0.9791
    outer loop
      vertex -0.166445 -1.77716 -0.749717
      vertex -0.169864 -1.75374 -0.748949
      vertex -0.133357 -1.66 -0.756303
    endloop
  endfacet
  facet normal -0.20318 0.00233385 -0.979139
    outer loop
      vertex -0.166445 -1.77716 -0.749717
      vertex -0.133357 -1.66 -0.756303
      vertex -0.161448 -1.80024 -0.750808
    endloop
  endfacet
  facet normal -0.184617 0.000165089 -0.982811
    outer loop
      vertex -0.137271 -1.86615 -0.755603
      vertex -0.146826 -1.84485 -0.753804
      vertex -0.133357 -1.66 -0.756303
    endloop
  endfacet
  facet normal -0.194127 0.0008828 -0.980976
    outer loop
      vertex -0.146826 -1.84485 -0.753804
      vertex -0.154898 -1.82284 -0.752187
      vertex -0.133357 -1.66 -0.756303
    endloop
  endfacet
  facet normal -0.20026 0.00172527 -0.979741
    outer loop
      vertex -0.133357 -1.66 -0.756303
      vertex -0.154898 -1.82284 -0.752187
      vertex -0.161448 -1.80024 -0.750808
    endloop
  endfacet
  facet normal -0.201625 0.00168194 -0.979461
    outer loop
      vertex -0.169864 -1.75374 -0.748949
      vertex -0.17169 -1.73011 -0.748533
      vertex -0.133357 -1.66 -0.756303
    endloop
  endfacet
  facet normal -0.199637 0.000549931 -0.97987
    outer loop
      vertex -0.17169 -1.73011 -0.748533
      vertex -0.172017 -1.71503 -0.748458
      vertex -0.133357 -1.66 -0.756303
    endloop
  endfacet
  facet normal -0.216422 0.0128612 -0.976215
    outer loop
      vertex -0.133357 -1.66 -0.756303
      vertex -0.172017 -1.71503 -0.748458
      vertex -0.198765 -1.66 -0.741803
    endloop
  endfacet
  facet normal -0.241442 0 -0.970415
    outer loop
      vertex -0.172017 -1.71503 -0.748458
      vertex -0.198765 -1.71475 -0.741803
      vertex -0.198765 -1.66 -0.741803
    endloop
  endfacet
  facet normal -0.300706 0 -0.953717
    outer loop
      vertex -0.198765 -1.66 -0.741803
      vertex -0.198765 -1.71475 -0.741803
      vertex -0.262661 -1.66 -0.721656
    endloop
  endfacet
  facet normal -0.276287 0.0310199 -0.960574
    outer loop
      vertex -0.198765 -1.71475 -0.741803
      vertex -0.225257 -1.71503 -0.734192
      vertex -0.262661 -1.66 -0.721656
    endloop
  endfacet
  facet normal -0.317043 0.000551334 -0.948411
    outer loop
      vertex -0.262661 -1.66 -0.721656
      vertex -0.225257 -1.71503 -0.734192
      vertex -0.225579 -1.73011 -0.734093
    endloop
  endfacet
  facet normal -0.130492 0.0227395 -0.991188
    outer loop
      vertex -0.0698819 -1.87929 -0.764784
      vertex -0.13044 -1.87929 -0.756812
      vertex -0.0668612 -1.87372 -0.765054
    endloop
  endfacet
  facet normal -0.130492 0.022732 -0.991189
    outer loop
      vertex -0.13044 -1.87929 -0.756812
      vertex -0.133428 -1.87372 -0.756291
      vertex -0.0668612 -1.87372 -0.765054
    endloop
  endfacet
  facet normal -0.130526 -1.49437e-5 -0.991445
    outer loop
      vertex -0.0668612 -1.87372 -0.765054
      vertex -0.133428 -1.87372 -0.756291
      vertex -0.066933 -1.66 -0.765048
    endloop
  endfacet
  facet normal -0.130526 -1.4813e-5 -0.991445
    outer loop
      vertex -0.133428 -1.87372 -0.756291
      vertex -0.133357 -1.66 -0.756303
      vertex -0.066933 -1.66 -0.765048
    endloop
  endfacet
  facet normal -0.0587507 0.00168142 -0.998271
    outer loop
      vertex -0.066933 -1.66 -0.765048
      vertex -0.0278951 -1.73011 -0.767464
      vertex -0.0297663 -1.75374 -0.767393
    endloop
  endfacet
  facet normal -0.0569761 0.00238751 -0.998373
    outer loop
      vertex -0.0297663 -1.75374 -0.767393
      vertex -0.0332676 -1.77716 -0.76725
      vertex -0.066933 -1.66 -0.765048
    endloop
  endfacet
  facet normal -0.0571607 0.00233429 -0.998362
    outer loop
      vertex -0.0332676 -1.77716 -0.76725
      vertex -0.0383766 -1.80024 -0.767011
      vertex -0.066933 -1.66 -0.765048
    endloop
  endfacet
  facet normal -0.0601429 0.00172461 -0.998188
    outer loop
      vertex -0.066933 -1.66 -0.765048
      vertex -0.0383766 -1.80024 -0.767011
      vertex -0.0450603 -1.82284 -0.766647
    endloop
  endfacet
  facet normal -0.0663764 0.000883492 -0.997794
    outer loop
      vertex -0.0450603 -1.82284 -0.766647
      vertex -0.0532759 -1.84485 -0.76612
      vertex -0.066933 -1.66 -0.765048
    endloop
  endfacet
  facet normal -0.0760492 0.000164864 -0.997104
    outer loop
      vertex -0.0532759 -1.84485 -0.76612
      vertex -0.0629706 -1.86615 -0.765384
      vertex -0.066933 -1.66 -0.765048
    endloop
  endfacet
  facet normal -0.0845345 6.55378e-7 -0.996421
    outer loop
      vertex -0.066933 -1.66 -0.765048
      vertex -0.0629706 -1.86615 -0.765384
      vertex -0.0668612 -1.87372 -0.765054
    endloop
  endfacet
  facet normal 0.0845345 6.55378e-7 -0.996421
    outer loop
      vertex 0.066933 -1.66 -0.765048
      vertex 0.0668612 -1.87372 -0.765054
      vertex 0.0629706 -1.86615 -0.765384
    endloop
  endfacet
  facet normal 0.0569761 0.00238751 -0.998373
    outer loop
      vertex 0.0332676 -1.77716 -0.76725
      vertex 0.0297663 -1.75374 -0.767393
      vertex 0.066933 -1.66 -0.765048
    endloop
  endfacet
  facet normal 0.0571607 0.00233429 -0.998362
    outer loop
      vertex 0.0332676 -1.77716 -0.76725
      vertex 0.066933 -1.66 -0.765048
      vertex 0.0383766 -1.80024 -0.767011
    endloop
  endfacet
  facet normal 0.0760492 0.000164864 -0.997104
    outer loop
      vertex 0.0629706 -1.86615 -0.765384
      vertex 0.0532759 -1.84485 -0.76612
      vertex 0.066933 -1.66 -0.765048
    endloop
  endfacet
  facet normal 0.0663764 0.000883492 -0.997794
    outer loop
      vertex 0.0532759 -1.84485 -0.76612
      vertex 0.0450603 -1.82284 -0.766647
      vertex 0.066933 -1.66 -0.765048
    endloop
  endfacet
  facet normal 0.0601429 0.00172461 -0.998188
    outer loop
      vertex 0.066933 -1.66 -0.765048
      vertex 0.0450603 -1.82284 -0.766647
      vertex 0.0383766 -1.80024 -0.767011
    endloop
  endfacet
  facet normal 0.0587507 0.00168142 -0.998271
    outer loop
      vertex 0.0297663 -1.75374 -0.767393
      vertex 0.0278951 -1.73011 -0.767464
      vertex 0.066933 -1.66 -0.765048
    endloop
  endfacet
  facet normal 0.0607691 0.000553496 -0.998152
    outer loop
      vertex 0.0278951 -1.73011 -0.767464
      vertex 0.0275591 -1.71503 -0.767476
      vertex 0.066933 -1.66 -0.765048
    endloop
  endfacet
  facet normal 0.043616 0.0128607 -0.998966
    outer loop
      vertex 0.066933 -1.66 -0.765048
      vertex 0.0275591 -1.71503 -0.767476
      vertex 2.82148e-16 -1.66 -0.767971
    endloop
  endfacet
  facet normal 0.0179477 -1.52921e-16 -0.999839
    outer loop
      vertex 0.0275591 -1.71503 -0.767476
      vertex -1.88216e-16 -1.71475 -0.767971
      vertex 2.82148e-16 -1.66 -0.767971
    endloop
  endfacet
  facet normal -0.0436196 3.74725e-16 -0.999048
    outer loop
      vertex 2.82148e-16 -1.66 -0.767971
      vertex -1.88216e-16 -1.71475 -0.767971
      vertex -0.066933 -1.66 -0.765048
    endloop
  endfacet
  facet normal -0.0182603 0.0310171 -0.999352
    outer loop
      vertex -1.88216e-16 -1.71475 -0.767971
      vertex -0.0275591 -1.71503 -0.767476
      vertex -0.066933 -1.66 -0.765048
    endloop
  endfacet
  facet normal -0.0607691 0.000553496 -0.998152
    outer loop
      vertex -0.066933 -1.66 -0.765048
      vertex -0.0275591 -1.71503 -0.767476
      vertex -0.0278951 -1.73011 -0.767464
    endloop
  endfacet
  facet normal 0.130493 0.0227317 -0.991189
    outer loop
      vertex 0.13044 -1.87929 -0.756812
      vertex 0.0698819 -1.87929 -0.764784
      vertex 0.133428 -1.87372 -0.756291
    endloop
  endfacet
  facet normal 0.130492 0.0227391 -0.991189
    outer loop
      vertex 0.0698819 -1.87929 -0.764784
      vertex 0.0668612 -1.87372 -0.765054
      vertex 0.133428 -1.87372 -0.756291
    endloop
  endfacet
  facet normal 0.130526 -1.48131e-5 -0.991445
    outer loop
      vertex 0.133428 -1.87372 -0.756291
      vertex 0.0668612 -1.87372 -0.765054
      vertex 0.133357 -1.66 -0.756303
    endloop
  endfacet
  facet normal 0.130526 -1.49438e-5 -0.991445
    outer loop
      vertex 0.0668612 -1.87372 -0.765054
      vertex 0.066933 -1.66 -0.765048
      vertex 0.133357 -1.66 -0.756303
    endloop
  endfacet
  facet normal 0.201625 0.00168194 -0.979461
    outer loop
      vertex 0.133357 -1.66 -0.756303
      vertex 0.17169 -1.73011 -0.748533
      vertex 0.169864 -1.75374 -0.748949
    endloop
  endfacet
  facet normal 0.203367 0.00238889 -0.9791
    outer loop
      vertex 0.169864 -1.75374 -0.748949
      vertex 0.166445 -1.77716 -0.749717
      vertex 0.133357 -1.66 -0.756303
    endloop
  endfacet
  facet normal 0.20318 0.00233385 -0.979139
    outer loop
      vertex 0.166445 -1.77716 -0.749717
      vertex 0.161448 -1.80024 -0.750808
      vertex 0.133357 -1.66 -0.756303
    endloop
  endfacet
  facet normal 0.20026 0.00172527 -0.979741
    outer loop
      vertex 0.133357 -1.66 -0.756303
      vertex 0.161448 -1.80024 -0.750808
      vertex 0.154898 -1.82284 -0.752187
    endloop
  endfacet
  facet normal 0.194127 0.0008828 -0.980976
    outer loop
      vertex 0.154898 -1.82284 -0.752187
      vertex 0.146826 -1.84485 -0.753804
      vertex 0.133357 -1.66 -0.756303
    endloop
  endfacet
  facet normal 0.184617 0.000165089 -0.982811
    outer loop
      vertex 0.146826 -1.84485 -0.753804
      vertex 0.137271 -1.86615 -0.755603
      vertex 0.133357 -1.66 -0.756303
    endloop
  endfacet
  facet normal 0.176239 7.88595e-7 -0.984347
    outer loop
      vertex 0.133357 -1.66 -0.756303
      vertex 0.137271 -1.86615 -0.755603
      vertex 0.133428 -1.87372 -0.756291
    endloop
  endfacet
  facet normal 0.339543 8.18357e-7 -0.94059
    outer loop
      vertex 0.262661 -1.66 -0.721656
      vertex 0.262594 -1.87372 -0.721681
      vertex 0.258921 -1.86615 -0.723007
    endloop
  endfacet
  facet normal 0.313429 0.00238893 -0.949609
    outer loop
      vertex 0.230713 -1.77716 -0.732496
      vertex 0.227368 -1.75374 -0.733541
      vertex 0.262661 -1.66 -0.721656
    endloop
  endfacet
  facet normal 0.313611 0.00233384 -0.949549
    outer loop
      vertex 0.230713 -1.77716 -0.732496
      vertex 0.262661 -1.66 -0.721656
      vertex 0.235586 -1.80024 -0.730943
    endloop
  endfacet
  facet normal 0.331525 0.000165008 -0.943446
    outer loop
      vertex 0.258921 -1.86615 -0.723007
      vertex 0.249747 -1.84485 -0.726227
      vertex 0.262661 -1.66 -0.721656
    endloop
  endfacet
  facet normal 0.322369 0.000883005 -0.946614
    outer loop
      vertex 0.249747 -1.84485 -0.726227
      vertex 0.241948 -1.82284 -0.728862
      vertex 0.262661 -1.66 -0.721656
    endloop
  endfacet
  facet normal 0.31644 0.00172542 -0.948611
    outer loop
      vertex 0.262661 -1.66 -0.721656
      vertex 0.241948 -1.82284 -0.728862
      vertex 0.235586 -1.80024 -0.730943
    endloop
  endfacet
  facet normal 0.315123 0.00168006 -0.949049
    outer loop
      vertex 0.227368 -1.75374 -0.733541
      vertex 0.225579 -1.73011 -0.734093
      vertex 0.262661 -1.66 -0.721656
    endloop
  endfacet
  facet normal 0.317043 0.000551334 -0.948411
    outer loop
      vertex 0.225579 -1.73011 -0.734093
      vertex 0.225257 -1.71503 -0.734192
      vertex 0.262661 -1.66 -0.721656
    endloop
  endfacet
  facet normal 0.300681 0.0128618 -0.953638
    outer loop
      vertex 0.262661 -1.66 -0.721656
      vertex 0.225257 -1.71503 -0.734192
      vertex 0.198765 -1.66 -0.741803
    endloop
  endfacet
  facet normal 0.276111 0 -0.961126
    outer loop
      vertex 0.225257 -1.71503 -0.734192
      vertex 0.198765 -1.71475 -0.741803
      vertex 0.198765 -1.66 -0.741803
    endloop
  endfacet
  facet normal 0.21644 0 -0.976296
    outer loop
      vertex 0.198765 -1.66 -0.741803
      vertex 0.198765 -1.71475 -0.741803
      vertex 0.133357 -1.66 -0.756303
    endloop
  endfacet
  facet normal 0.241014 0.0310183 -0.970026
    outer loop
      vertex 0.198765 -1.71475 -0.741803
      vertex 0.172017 -1.71503 -0.748458
      vertex 0.133357 -1.66 -0.756303
    endloop
  endfacet
  facet normal 0.199637 0.000549931 -0.97987
    outer loop
      vertex 0.133357 -1.66 -0.756303
      vertex 0.172017 -1.71503 -0.748458
      vertex 0.17169 -1.73011 -0.748533
    endloop
  endfacet
  facet normal 0.382585 0.02274 -0.923641
    outer loop
      vertex 0.321873 -1.87929 -0.697264
      vertex 0.265441 -1.87929 -0.720638
      vertex 0.324624 -1.87372 -0.695987
    endloop
  endfacet
  facet normal 0.382585 0.0227353 -0.923641
    outer loop
      vertex 0.265441 -1.87929 -0.720638
      vertex 0.262594 -1.87372 -0.721681
      vertex 0.324624 -1.87372 -0.695987
    endloop
  endfacet
  facet normal 0.382684 -1.49441e-5 -0.923879
    outer loop
      vertex 0.324624 -1.87372 -0.695987
      vertex 0.262594 -1.87372 -0.721681
      vertex 0.324558 -1.66 -0.696018
    endloop
  endfacet
  facet normal 0.382683 -1.47817e-5 -0.92388
    outer loop
      vertex 0.262594 -1.87372 -0.721681
      vertex 0.262661 -1.66 -0.721656
      vertex 0.324558 -1.66 -0.696018
    endloop
  endfacet
  facet normal 0.448257 0.00168197 -0.893903
    outer loop
      vertex 0.324558 -1.66 -0.696018
      vertex 0.359574 -1.73011 -0.678591
      vertex 0.357918 -1.75374 -0.679465
    endloop
  endfacet
  facet normal 0.449846 0.00238836 -0.893103
    outer loop
      vertex 0.357918 -1.75374 -0.679465
      vertex 0.354814 -1.77716 -0.681091
      vertex 0.324558 -1.66 -0.696018
    endloop
  endfacet
  facet normal 0.449678 0.00233446 -0.893187
    outer loop
      vertex 0.354814 -1.77716 -0.681091
      vertex 0.35027 -1.80024 -0.683439
      vertex 0.324558 -1.66 -0.696018
    endloop
  endfacet
  facet normal 0.44701 0.00172496 -0.894528
    outer loop
      vertex 0.324558 -1.66 -0.696018
      vertex 0.35027 -1.80024 -0.683439
      vertex 0.3443 -1.82284 -0.686466
    endloop
  endfacet
  facet normal 0.441407 0.000882801 -0.897306
    outer loop
      vertex 0.3443 -1.82284 -0.686466
      vertex 0.336922 -1.84485 -0.690118
      vertex 0.324558 -1.66 -0.696018
    endloop
  endfacet
  facet normal 0.432697 0.000165142 -0.901539
    outer loop
      vertex 0.336922 -1.84485 -0.690118
      vertex 0.328158 -1.86615 -0.694328
      vertex 0.324558 -1.66 -0.696018
    endloop
  endfacet
  facet normal 0.424993 6.50201e-7 -0.905196
    outer loop
      vertex 0.324558 -1.66 -0.696018
      vertex 0.328158 -1.86615 -0.694328
      vertex 0.324624 -1.87372 -0.695987
    endloop
  endfacet
  facet normal 0.571417 8.83604e-7 -0.82066
    outer loop
      vertex 0.44049 -1.66 -0.629085
      vertex 0.440431 -1.87372 -0.629126
      vertex 0.437226 -1.86615 -0.631357
    endloop
  endfacet
  facet normal 0.548529 0.00238782 -0.836128
    outer loop
      vertex 0.412435 -1.77716 -0.647824
      vertex 0.409475 -1.75374 -0.649699
      vertex 0.44049 -1.66 -0.629085
    endloop
  endfacet
  facet normal 0.548683 0.00233489 -0.836027
    outer loop
      vertex 0.412435 -1.77716 -0.647824
      vertex 0.44049 -1.66 -0.629085
      vertex 0.416741 -1.80024 -0.645063
    endloop
  endfacet
  facet normal 0.564409 0.000165128 -0.825495
    outer loop
      vertex 0.437226 -1.86615 -0.631357
      vertex 0.429198 -1.84485 -0.636842
      vertex 0.44049 -1.66 -0.629085
    endloop
  endfacet
  facet normal 0.556387 0.000882881 -0.830923
    outer loop
      vertex 0.429198 -1.84485 -0.636842
      vertex 0.422347 -1.82284 -0.641406
      vertex 0.44049 -1.66 -0.629085
    endloop
  endfacet
  facet normal 0.551178 0.0017252 -0.834386
    outer loop
      vertex 0.44049 -1.66 -0.629085
      vertex 0.422347 -1.82284 -0.641406
      vertex 0.416741 -1.80024 -0.645063
    endloop
  endfacet
  facet normal 0.550016 0.00168105 -0.835152
    outer loop
      vertex 0.409475 -1.75374 -0.649699
      vertex 0.40789 -1.73011 -0.650696
      vertex 0.44049 -1.66 -0.629085
    endloop
  endfacet
  facet normal 0.551709 0.000549911 -0.834036
    outer loop
      vertex 0.40789 -1.73011 -0.650696
      vertex 0.407605 -1.71503 -0.650874
      vertex 0.44049 -1.66 -0.629085
    endloop
  endfacet
  facet normal 0.537256 0.0128622 -0.843321
    outer loop
      vertex 0.44049 -1.66 -0.629085
      vertex 0.407605 -1.71503 -0.650874
      vertex 0.383985 -1.66 -0.665082
    endloop
  endfacet
  facet normal 0.51546 0 -0.856913
    outer loop
      vertex 0.407605 -1.71503 -0.650874
      vertex 0.383985 -1.71475 -0.665082
      vertex 0.383985 -1.66 -0.665082
    endloop
  endfacet
  facet normal 0.461749 0 -0.887011
    outer loop
      vertex 0.383985 -1.66 -0.665082
      vertex 0.383985 -1.71475 -0.665082
      vertex 0.324558 -1.66 -0.696018
    endloop
  endfacet
  facet normal 0.483863 0.0310183 -0.874594
    outer loop
      vertex 0.383985 -1.71475 -0.665082
      vertex 0.359871 -1.71503 -0.678433
      vertex 0.324558 -1.66 -0.696018
    endloop
  endfacet
  facet normal 0.446445 0.000550975 -0.894811
    outer loop
      vertex 0.324558 -1.66 -0.696018
      vertex 0.359871 -1.71503 -0.678433
      vertex 0.359574 -1.73011 -0.678591
    endloop
  endfacet
  facet normal 0.608605 0.0227229 -0.793148
    outer loop
      vertex 0.49137 -1.87929 -0.590198
      vertex 0.442912 -1.87929 -0.627382
      vertex 0.493697 -1.87372 -0.588253
    endloop
  endfacet
  facet normal 0.608604 0.0227319 -0.793149
    outer loop
      vertex 0.442912 -1.87929 -0.627382
      vertex 0.440431 -1.87372 -0.629126
      vertex 0.493697 -1.87372 -0.588253
    endloop
  endfacet
  facet normal 0.608761 -1.47549e-5 -0.793354
    outer loop
      vertex 0.493697 -1.87372 -0.588253
      vertex 0.440431 -1.87372 -0.629126
      vertex 0.493642 -1.66 -0.5883
    endloop
  endfacet
  facet normal 0.608761 -1.47217e-5 -0.793354
    outer loop
      vertex 0.440431 -1.87372 -0.629126
      vertex 0.44049 -1.66 -0.629085
      vertex 0.493642 -1.66 -0.5883
    endloop
  endfacet
  facet normal 0.664345 0.00168375 -0.747424
    outer loop
      vertex 0.493642 -1.66 -0.5883
      vertex 0.522954 -1.73011 -0.562404
      vertex 0.521581 -1.75374 -0.563677
    endloop
  endfacet
  facet normal 0.665665 0.00238646 -0.746247
    outer loop
      vertex 0.521581 -1.75374 -0.563677
      vertex 0.519004 -1.77716 -0.566051
      vertex 0.493642 -1.66 -0.5883
    endloop
  endfacet
  facet normal 0.66553 0.00233416 -0.746368
    outer loop
      vertex 0.519004 -1.77716 -0.566051
      vertex 0.515222 -1.80024 -0.569495
      vertex 0.493642 -1.66 -0.5883
    endloop
  endfacet
  facet normal 0.6633 0.00172509 -0.748351
    outer loop
      vertex 0.493642 -1.66 -0.5883
      vertex 0.515222 -1.80024 -0.569495
      vertex 0.510239 -1.82284 -0.573964
    endloop
  endfacet
  facet normal 0.65861 0.000883229 -0.752484
    outer loop
      vertex 0.510239 -1.82284 -0.573964
      vertex 0.504057 -1.84485 -0.579401
      vertex 0.493642 -1.66 -0.5883
    endloop
  endfacet
  facet normal 0.651286 0.00016502 -0.758832
    outer loop
      vertex 0.504057 -1.84485 -0.579401
      vertex 0.496682 -1.86615 -0.585735
      vertex 0.493642 -1.66 -0.5883
    endloop
  endfacet
  facet normal 0.644805 8.47573e-7 -0.764348
    outer loop
      vertex 0.493642 -1.66 -0.5883
      vertex 0.496682 -1.86615 -0.585735
      vertex 0.493697 -1.87372 -0.588253
    endloop
  endfacet
  facet normal 0.764348 8.47573e-7 -0.644805
    outer loop
      vertex 0.5883 -1.66 -0.493642
      vertex 0.588253 -1.87372 -0.493697
      vertex 0.585735 -1.86615 -0.496682
    endloop
  endfacet
  facet normal 0.746247 0.00238646 -0.665665
    outer loop
      vertex 0.566051 -1.77716 -0.519004
      vertex 0.563677 -1.75374 -0.521581
      vertex 0.5883 -1.66 -0.493642
    endloop
  endfacet
  facet normal 0.746368 0.00233416 -0.66553
    outer loop
      vertex 0.566051 -1.77716 -0.519004
      vertex 0.5883 -1.66 -0.493642
      vertex 0.569495 -1.80024 -0.515222
    endloop
  endfacet
  facet normal 0.758832 0.00016502 -0.651286
    outer loop
      vertex 0.585735 -1.86615 -0.496682
      vertex 0.579401 -1.84485 -0.504057
      vertex 0.5883 -1.66 -0.493642
    endloop
  endfacet
  facet normal 0.752484 0.000883229 -0.65861
    outer loop
      vertex 0.579401 -1.84485 -0.504057
      vertex 0.573964 -1.82284 -0.510239
      vertex 0.5883 -1.66 -0.493642
    endloop
  endfacet
  facet normal 0.748351 0.00172509 -0.6633
    outer loop
      vertex 0.5883 -1.66 -0.493642
      vertex 0.573964 -1.82284 -0.510239
      vertex 0.569495 -1.80024 -0.515222
    endloop
  endfacet
  facet normal 0.747424 0.00168375 -0.664345
    outer loop
      vertex 0.563677 -1.75374 -0.521581
      vertex 0.562404 -1.73011 -0.522954
      vertex 0.5883 -1.66 -0.493642
    endloop
  endfacet
  facet normal 0.748772 0.000551282 -0.662827
    outer loop
      vertex 0.562404 -1.73011 -0.522954
      vertex 0.562175 -1.71503 -0.5232
      vertex 0.5883 -1.66 -0.493642
    endloop
  endfacet
  facet normal 0.737216 0.0128608 -0.675534
    outer loop
      vertex 0.5883 -1.66 -0.493642
      vertex 0.562175 -1.71503 -0.5232
      vertex 0.543037 -1.66 -0.543037
    endloop
  endfacet
  facet normal 0.719683 0 -0.694302
    outer loop
      vertex 0.562175 -1.71503 -0.5232
      vertex 0.543037 -1.71475 -0.543037
      vertex 0.543037 -1.66 -0.543037
    endloop
  endfacet
  facet normal 0.67559 0 -0.737277
    outer loop
      vertex 0.543037 -1.66 -0.543037
      vertex 0.543037 -1.71475 -0.543037
      vertex 0.493642 -1.66 -0.5883
    endloop
  endfacet
  facet normal 0.693737 0.0310174 -0.71956
    outer loop
      vertex 0.543037 -1.71475 -0.543037
      vertex 0.5232 -1.71503 -0.562175
      vertex 0.493642 -1.66 -0.5883
    endloop
  endfacet
  facet normal 0.662827 0.000551282 -0.748772
    outer loop
      vertex 0.493642 -1.66 -0.5883
      vertex 0.5232 -1.71503 -0.562175
      vertex 0.522954 -1.73011 -0.562404
    endloop
  endfacet
  facet normal 0.793148 0.0227324 -0.608604
    outer loop
      vertex 0.627382 -1.87929 -0.442912
      vertex 0.590198 -1.87929 -0.49137
      vertex 0.629126 -1.87372 -0.440431
    endloop
  endfacet
  facet normal 0.793149 0.0227233 -0.608604
    outer loop
      vertex 0.590198 -1.87929 -0.49137
      vertex 0.588253 -1.87372 -0.493697
      vertex 0.629126 -1.87372 -0.440431
    endloop
  endfacet
  facet normal 0.793354 -1.47217e-5 -0.608761
    outer loop
      vertex 0.629126 -1.87372 -0.440431
      vertex 0.588253 -1.87372 -0.493697
      vertex 0.629085 -1.66 -0.44049
    endloop
  endfacet
  facet normal 0.793354 -1.4755e-5 -0.608761
    outer loop
      vertex 0.588253 -1.87372 -0.493697
      vertex 0.5883 -1.66 -0.493642
      vertex 0.629085 -1.66 -0.44049
    endloop
  endfacet
  facet normal 0.835152 0.00168105 -0.550016
    outer loop
      vertex 0.629085 -1.66 -0.44049
      vertex 0.650696 -1.73011 -0.40789
      vertex 0.649699 -1.75374 -0.409475
    endloop
  endfacet
  facet normal 0.836128 0.00238782 -0.548529
    outer loop
      vertex 0.649699 -1.75374 -0.409475
      vertex 0.647824 -1.77716 -0.412435
      vertex 0.629085 -1.66 -0.44049
    endloop
  endfacet
  facet normal 0.836027 0.00233489 -0.548683
    outer loop
      vertex 0.647824 -1.77716 -0.412435
      vertex 0.645063 -1.80024 -0.416741
      vertex 0.629085 -1.66 -0.44049
    endloop
  endfacet
  facet normal 0.834386 0.0017252 -0.551178
    outer loop
      vertex 0.629085 -1.66 -0.44049
      vertex 0.645063 -1.80024 -0.416741
      vertex 0.641406 -1.82284 -0.422347
    endloop
  endfacet
  facet normal 0.830923 0.000882881 -0.556387
    outer loop
      vertex 0.641406 -1.82284 -0.422347
      vertex 0.636842 -1.84485 -0.429198
      vertex 0.629085 -1.66 -0.44049
    endloop
  endfacet
  facet normal 0.825495 0.000165128 -0.564409
    outer loop
      vertex 0.636842 -1.84485 -0.429198
      vertex 0.631357 -1.86615 -0.437226
      vertex 0.629085 -1.66 -0.44049
    endloop
  endfacet
  facet normal 0.82066 8.83604e-7 -0.571417
    outer loop
      vertex 0.629085 -1.66 -0.44049
      vertex 0.631357 -1.86615 -0.437226
      vertex 0.629126 -1.87372 -0.440431
    endloop
  endfacet
  facet normal 0.905196 6.50201e-7 -0.424993
    outer loop
      vertex 0.696018 -1.66 -0.324558
      vertex 0.695987 -1.87372 -0.324624
      vertex 0.694328 -1.86615 -0.328158
    endloop
  endfacet
  facet normal 0.893103 0.00238836 -0.449846
    outer loop
      vertex 0.681091 -1.77716 -0.354814
      vertex 0.679465 -1.75374 -0.357918
      vertex 0.696018 -1.66 -0.324558
    endloop
  endfacet
  facet normal 0.893187 0.00233446 -0.449678
    outer loop
      vertex 0.681091 -1.77716 -0.354814
      vertex 0.696018 -1.66 -0.324558
      vertex 0.683439 -1.80024 -0.35027
    endloop
  endfacet
  facet normal 0.901539 0.000165142 -0.432697
    outer loop
      vertex 0.694328 -1.86615 -0.328158
      vertex 0.690118 -1.84485 -0.336922
      vertex 0.696018 -1.66 -0.324558
    endloop
  endfacet
  facet normal 0.897306 0.000882801 -0.441407
    outer loop
      vertex 0.690118 -1.84485 -0.336922
      vertex 0.686466 -1.82284 -0.3443
      vertex 0.696018 -1.66 -0.324558
    endloop
  endfacet
  facet normal 0.894528 0.00172496 -0.44701
    outer loop
      vertex 0.696018 -1.66 -0.324558
      vertex 0.686466 -1.82284 -0.3443
      vertex 0.683439 -1.80024 -0.35027
    endloop
  endfacet
  facet normal 0.893903 0.00168197 -0.448257
    outer loop
      vertex 0.679465 -1.75374 -0.357918
      vertex 0.678591 -1.73011 -0.359574
      vertex 0.696018 -1.66 -0.324558
    endloop
  endfacet
  facet normal 0.894811 0.000550975 -0.446445
    outer loop
      vertex 0.678591 -1.73011 -0.359574
      vertex 0.678433 -1.71503 -0.359871
      vertex 0.696018 -1.66 -0.324558
    endloop
  endfacet
  facet normal 0.886937 0.0128612 -0.46171
    outer loop
      vertex 0.696018 -1.66 -0.324558
      vertex 0.678433 -1.71503 -0.359871
      vertex 0.665082 -1.66 -0.383985
    endloop
  endfacet
  facet normal 0.874859 0 -0.484377
    outer loop
      vertex 0.678433 -1.71503 -0.359871
      vertex 0.665082 -1.71475 -0.383985
      vertex 0.665082 -1.66 -0.383985
    endloop
  endfacet
  facet normal 0.843391 0 -0.5373
    outer loop
      vertex 0.665082 -1.66 -0.383985
      vertex 0.665082 -1.71475 -0.383985
      vertex 0.629085 -1.66 -0.44049
    endloop
  endfacet
  facet normal 0.856335 0.0310207 -0.515488
    outer loop
      vertex 0.665082 -1.71475 -0.383985
      vertex 0.650874 -1.71503 -0.407605
      vertex 0.629085 -1.66 -0.44049
    endloop
  endfacet
  facet normal 0.834036 0.000549911 -0.551709
    outer loop
      vertex 0.629085 -1.66 -0.44049
      vertex 0.650874 -1.71503 -0.407605
      vertex 0.650696 -1.73011 -0.40789
    endloop
  endfacet
  facet normal 0.923641 0.0227351 -0.382585
    outer loop
      vertex 0.720638 -1.87929 -0.265441
      vertex 0.697264 -1.87929 -0.321873
      vertex 0.721681 -1.87372 -0.262594
    endloop
  endfacet
  facet normal 0.92364 0.0227398 -0.382585
    outer loop
      vertex 0.697264 -1.87929 -0.321873
      vertex 0.695987 -1.87372 -0.324624
      vertex 0.721681 -1.87372 -0.262594
    endloop
  endfacet
  facet normal 0.923879 -1.47818e-5 -0.382684
    outer loop
      vertex 0.721681 -1.87372 -0.262594
      vertex 0.695987 -1.87372 -0.324624
      vertex 0.721656 -1.66 -0.262661
    endloop
  endfacet
  facet normal 0.92388 -1.49443e-5 -0.382683
    outer loop
      vertex 0.695987 -1.87372 -0.324624
      vertex 0.696018 -1.66 -0.324558
      vertex 0.721656 -1.66 -0.262661
    endloop
  endfacet
  facet normal 0.949049 0.00168006 -0.315123
    outer loop
      vertex 0.721656 -1.66 -0.262661
      vertex 0.734093 -1.73011 -0.225579
      vertex 0.733541 -1.75374 -0.227368
    endloop
  endfacet
  facet normal 0.949609 0.00238893 -0.313429
    outer loop
      vertex 0.733541 -1.75374 -0.227368
      vertex 0.732496 -1.77716 -0.230713
      vertex 0.721656 -1.66 -0.262661
    endloop
  endfacet
  facet normal 0.949549 0.00233384 -0.313611
    outer loop
      vertex 0.732496 -1.77716 -0.230713
      vertex 0.730943 -1.80024 -0.235586
      vertex 0.721656 -1.66 -0.262661
    endloop
  endfacet
  facet normal 0.948611 0.00172542 -0.31644
    outer loop
      vertex 0.721656 -1.66 -0.262661
      vertex 0.730943 -1.80024 -0.235586
      vertex 0.728862 -1.82284 -0.241948
    endloop
  endfacet
  facet normal 0.946614 0.000883005 -0.322369
    outer loop
      vertex 0.728862 -1.82284 -0.241948
      vertex 0.726227 -1.84485 -0.249747
      vertex 0.721656 -1.66 -0.262661
    endloop
  endfacet
  facet normal 0.943446 0.000165008 -0.331525
    outer loop
      vertex 0.726227 -1.84485 -0.249747
      vertex 0.723007 -1.86615 -0.258921
      vertex 0.721656 -1.66 -0.262661
    endloop
  endfacet
  facet normal 0.94059 8.18357e-7 -0.339543
    outer loop
      vertex 0.721656 -1.66 -0.262661
      vertex 0.723007 -1.86615 -0.258921
      vertex 0.721681 -1.87372 -0.262594
    endloop
  endfacet
  facet normal 0.984347 7.88595e-7 -0.176239
    outer loop
      vertex 0.756303 -1.66 -0.133357
      vertex 0.756291 -1.87372 -0.133428
      vertex 0.755603 -1.86615 -0.137271
    endloop
  endfacet
  facet normal 0.9791 0.00238889 -0.203367
    outer loop
      vertex 0.749717 -1.77716 -0.166445
      vertex 0.748949 -1.75374 -0.169864
      vertex 0.756303 -1.66 -0.133357
    endloop
  endfacet
  facet normal 0.979139 0.00233385 -0.20318
    outer loop
      vertex 0.749717 -1.77716 -0.166445
      vertex 0.756303 -1.66 -0.133357
      vertex 0.750808 -1.80024 -0.161448
    endloop
  endfacet
  facet normal 0.982811 0.000165089 -0.184617
    outer loop
      vertex 0.755603 -1.86615 -0.137271
      vertex 0.753804 -1.84485 -0.146826
      vertex 0.756303 -1.66 -0.133357
    endloop
  endfacet
  facet normal 0.980976 0.0008828 -0.194127
    outer loop
      vertex 0.753804 -1.84485 -0.146826
      vertex 0.752187 -1.82284 -0.154898
      vertex 0.756303 -1.66 -0.133357
    endloop
  endfacet
  facet normal 0.979741 0.00172527 -0.20026
    outer loop
      vertex 0.756303 -1.66 -0.133357
      vertex 0.752187 -1.82284 -0.154898
      vertex 0.750808 -1.80024 -0.161448
    endloop
  endfacet
  facet normal 0.979461 0.00168194 -0.201625
    outer loop
      vertex 0.748949 -1.75374 -0.169864
      vertex 0.748533 -1.73011 -0.17169
      vertex 0.756303 -1.66 -0.133357
    endloop
  endfacet
  facet normal 0.97987 0.000549931 -0.199637
    outer loop
      vertex 0.748533 -1.73011 -0.17169
      vertex 0.748458 -1.71503 -0.172017
      vertex 0.756303 -1.66 -0.133357
    endloop
  endfacet
  facet normal 0.976215 0.0128612 -0.216422
    outer loop
      vertex 0.756303 -1.66 -0.133357
      vertex 0.748458 -1.71503 -0.172017
      vertex 0.741803 -1.66 -0.198765
    endloop
  endfacet
  facet normal 0.970415 0 -0.241442
    outer loop
      vertex 0.748458 -1.71503 -0.172017
      vertex 0.741803 -1.71475 -0.198765
      vertex 0.741803 -1.66 -0.198765
    endloop
  endfacet
  facet normal 0.953717 0 -0.300706
    outer loop
      vertex 0.741803 -1.66 -0.198765
      vertex 0.741803 -1.71475 -0.198765
      vertex 0.721656 -1.66 -0.262661
    endloop
  endfacet
  facet normal 0.960574 0.0310199 -0.276287
    outer loop
      vertex 0.741803 -1.71475 -0.198765
      vertex 0.734192 -1.71503 -0.225257
      vertex 0.721656 -1.66 -0.262661
    endloop
  endfacet
  facet normal 0.948411 0.000551334 -0.317043
    outer loop
      vertex 0.721656 -1.66 -0.262661
      vertex 0.734192 -1.71503 -0.225257
      vertex 0.734093 -1.73011 -0.225579
    endloop
  endfacet
  facet normal 0.991188 0.0227395 -0.130492
    outer loop
      vertex 0.764784 -1.87929 -0.0698819
      vertex 0.756812 -1.87929 -0.13044
      vertex 0.765054 -1.87372 -0.0668612
    endloop
  endfacet
  facet normal 0.991189 0.022732 -0.130492
    outer loop
      vertex 0.756812 -1.87929 -0.13044
      vertex 0.756291 -1.87372 -0.133428
      vertex 0.765054 -1.87372 -0.0668612
    endloop
  endfacet
  facet normal 0.991445 -1.49437e-5 -0.130526
    outer loop
      vertex 0.765054 -1.87372 -0.0668612
      vertex 0.756291 -1.87372 -0.133428
      vertex 0.765048 -1.66 -0.066933
    endloop
  endfacet
  facet normal 0.991445 -1.4813e-5 -0.130526
    outer loop
      vertex 0.756291 -1.87372 -0.133428
      vertex 0.756303 -1.66 -0.133357
      vertex 0.765048 -1.66 -0.066933
    endloop
  endfacet
  facet normal 0.998271 0.00168142 -0.0587507
    outer loop
      vertex 0.765048 -1.66 -0.066933
      vertex 0.767464 -1.73011 -0.0278951
      vertex 0.767393 -1.75374 -0.0297663
    endloop
  endfacet
  facet normal 0.998373 0.00238751 -0.0569761
    outer loop
      vertex 0.767393 -1.75374 -0.0297663
      vertex 0.76725 -1.77716 -0.0332676
      vertex 0.765048 -1.66 -0.066933
    endloop
  endfacet
  facet normal 0.998362 0.00233429 -0.0571607
    outer loop
      vertex 0.76725 -1.77716 -0.0332676
      vertex 0.767011 -1.80024 -0.0383766
      vertex 0.765048 -1.66 -0.066933
    endloop
  endfacet
  facet normal 0.998188 0.00172461 -0.0601429
    outer loop
      vertex 0.765048 -1.66 -0.066933
      vertex 0.767011 -1.80024 -0.0383766
      vertex 0.766647 -1.82284 -0.0450603
    endloop
  endfacet
  facet normal 0.997794 0.000883492 -0.0663764
    outer loop
      vertex 0.766647 -1.82284 -0.0450603
      vertex 0.76612 -1.84485 -0.0532759
      vertex 0.765048 -1.66 -0.066933
    endloop
  endfacet
  facet normal 0.997104 0.000164864 -0.0760492
    outer loop
      vertex 0.76612 -1.84485 -0.0532759
      vertex 0.765384 -1.86615 -0.0629706
      vertex 0.765048 -1.66 -0.066933
    endloop
  endfacet
  facet normal 0.996421 6.55378e-7 -0.0845345
    outer loop
      vertex 0.765048 -1.66 -0.066933
      vertex 0.765384 -1.86615 -0.0629706
      vertex 0.765054 -1.87372 -0.0668612
    endloop
  endfacet
  facet normal 0.996421 6.55378e-7 0.0845345
    outer loop
      vertex 0.765048 -1.66 0.066933
      vertex 0.765054 -1.87372 0.0668612
      vertex 0.765384 -1.86615 0.0629706
    endloop
  endfacet
  facet normal 0.998373 0.00238751 0.0569761
    outer loop
      vertex 0.76725 -1.77716 0.0332676
      vertex 0.767393 -1.75374 0.0297663
      vertex 0.765048 -1.66 0.066933
    endloop
  endfacet
  facet normal 0.998362 0.00233429 0.0571607
    outer loop
      vertex 0.76725 -1.77716 0.0332676
      vertex 0.765048 -1.66 0.066933
      vertex 0.767011 -1.80024 0.0383766
    endloop
  endfacet
  facet normal 0.997104 0.000164864 0.0760492
    outer loop
      vertex 0.765384 -1.86615 0.0629706
      vertex 0.76612 -1.84485 0.0532759
      vertex 0.765048 -1.66 0.066933
    endloop
  endfacet
  facet normal 0.997794 0.000883492 0.0663764
    outer loop
      vertex 0.76612 -1.84485 0.0532759
      vertex 0.766647 -1.82284 0.0450603
      vertex 0.765048 -1.66 0.066933
    endloop
  endfacet
  facet normal 0.998188 0.00172461 0.0601429
    outer loop
      vertex 0.765048 -1.66 0.066933
      vertex 0.766647 -1.82284 0.0450603
      vertex 0.767011 -1.80024 0.0383766
    endloop
  endfacet
  facet normal 0.998271 0.00168142 0.0587507
    outer loop
      vertex 0.767393 -1.75374 0.0297663
      vertex 0.767464 -1.73011 0.0278951
      vertex 0.765048 -1.66 0.066933
    endloop
  endfacet
  facet normal 0.998152 0.000553496 0.0607691
    outer loop
      vertex 0.767464 -1.73011 0.0278951
      vertex 0.767476 -1.71503 0.0275591
      vertex 0.765048 -1.66 0.066933
    endloop
  endfacet
  facet normal 0.998966 0.0128607 0.043616
    outer loop
      vertex 0.765048 -1.66 0.066933
      vertex 0.767476 -1.71503 0.0275591
      vertex 0.767971 -1.66 5.58596e-16
    endloop
  endfacet
  facet normal 0.999839 -2.54869e-16 0.0179477
    outer loop
      vertex 0.767476 -1.71503 0.0275591
      vertex 0.767971 -1.71475 -2.18096e-16
      vertex 0.767971 -1.66 5.58596e-16
    endloop
  endfacet
  facet normal 0.999048 6.18767e-16 -0.0436196
    outer loop
      vertex 0.767971 -1.66 5.58596e-16
      vertex 0.767971 -1.71475 -2.18096e-16
      vertex 0.765048 -1.66 -0.066933
    endloop
  endfacet
  facet normal 0.999352 0.0310171 -0.0182603
    outer loop
      vertex 0.767971 -1.71475 -2.18096e-16
      vertex 0.767476 -1.71503 -0.0275591
      vertex 0.765048 -1.66 -0.066933
    endloop
  endfacet
  facet normal 0.998152 0.000553496 -0.0607691
    outer loop
      vertex 0.765048 -1.66 -0.066933
      vertex 0.767476 -1.71503 -0.0275591
      vertex 0.767464 -1.73011 -0.0278951
    endloop
  endfacet
  facet normal 0.991189 0.0227317 0.130493
    outer loop
      vertex 0.756812 -1.87929 0.13044
      vertex 0.764784 -1.87929 0.0698819
      vertex 0.756291 -1.87372 0.133428
    endloop
  endfacet
  facet normal 0.991189 0.0227391 0.130492
    outer loop
      vertex 0.764784 -1.87929 0.0698819
      vertex 0.765054 -1.87372 0.0668612
      vertex 0.756291 -1.87372 0.133428
    endloop
  endfacet
  facet normal 0.991445 -1.48131e-5 0.130526
    outer loop
      vertex 0.756291 -1.87372 0.133428
      vertex 0.765054 -1.87372 0.0668612
      vertex 0.756303 -1.66 0.133357
    endloop
  endfacet
  facet normal 0.991445 -1.49438e-5 0.130526
    outer loop
      vertex 0.765054 -1.87372 0.0668612
      vertex 0.765048 -1.66 0.066933
      vertex 0.756303 -1.66 0.133357
    endloop
  endfacet
  facet normal 0.979461 0.00168194 0.201625
    outer loop
      vertex 0.756303 -1.66 0.133357
      vertex 0.748533 -1.73011 0.17169
      vertex 0.748949 -1.75374 0.169864
    endloop
  endfacet
  facet normal 0.9791 0.00238889 0.203367
    outer loop
      vertex 0.748949 -1.75374 0.169864
      vertex 0.749717 -1.77716 0.166445
      vertex 0.756303 -1.66 0.133357
    endloop
  endfacet
  facet normal 0.979139 0.00233385 0.20318
    outer loop
      vertex 0.749717 -1.77716 0.166445
      vertex 0.750808 -1.80024 0.161448
      vertex 0.756303 -1.66 0.133357
    endloop
  endfacet
  facet normal 0.979741 0.00172527 0.20026
    outer loop
      vertex 0.756303 -1.66 0.133357
      vertex 0.750808 -1.80024 0.161448
      vertex 0.752187 -1.82284 0.154898
    endloop
  endfacet
  facet normal 0.980976 0.0008828 0.194127
    outer loop
      vertex 0.752187 -1.82284 0.154898
      vertex 0.753804 -1.84485 0.146826
      vertex 0.756303 -1.66 0.133357
    endloop
  endfacet
  facet normal 0.982811 0.000165089 0.184617
    outer loop
      vertex 0.753804 -1.84485 0.146826
      vertex 0.755603 -1.86615 0.137271
      vertex 0.756303 -1.66 0.133357
    endloop
  endfacet
  facet normal 0.984347 7.88595e-7 0.176239
    outer loop
      vertex 0.756303 -1.66 0.133357
      vertex 0.755603 -1.86615 0.137271
      vertex 0.756291 -1.87372 0.133428
    endloop
  endfacet
  facet normal 0.94059 8.18357e-7 0.339543
    outer loop
      vertex 0.721656 -1.66 0.262661
      vertex 0.721681 -1.87372 0.262594
      vertex 0.723007 -1.86615 0.258921
    endloop
  endfacet
  facet normal 0.949609 0.00238893 0.313429
    outer loop
      vertex 0.732496 -1.77716 0.230713
      vertex 0.733541 -1.75374 0.227368
      vertex 0.721656 -1.66 0.262661
    endloop
  endfacet
  facet normal 0.949549 0.00233384 0.313611
    outer loop
      vertex 0.732496 -1.77716 0.230713
      vertex 0.721656 -1.66 0.262661
      vertex 0.730943 -1.80024 0.235586
    endloop
  endfacet
  facet normal 0.943446 0.000165008 0.331525
    outer loop
      vertex 0.723007 -1.86615 0.258921
      vertex 0.726227 -1.84485 0.249747
      vertex 0.721656 -1.66 0.262661
    endloop
  endfacet
  facet normal 0.946614 0.000883005 0.322369
    outer loop
      vertex 0.726227 -1.84485 0.249747
      vertex 0.728862 -1.82284 0.241948
      vertex 0.721656 -1.66 0.262661
    endloop
  endfacet
  facet normal 0.948611 0.00172542 0.31644
    outer loop
      vertex 0.721656 -1.66 0.262661
      vertex 0.728862 -1.82284 0.241948
      vertex 0.730943 -1.80024 0.235586
    endloop
  endfacet
  facet normal 0.949049 0.00168006 0.315123
    outer loop
      vertex 0.733541 -1.75374 0.227368
      vertex 0.734093 -1.73011 0.225579
      vertex 0.721656 -1.66 0.262661
    endloop
  endfacet
  facet normal 0.948411 0.000551334 0.317043
    outer loop
      vertex 0.734093 -1.73011 0.225579
      vertex 0.734192 -1.71503 0.225257
      vertex 0.721656 -1.66 0.262661
    endloop
  endfacet
  facet normal 0.953638 0.0128618 0.300681
    outer loop
      vertex 0.721656 -1.66 0.262661
      vertex 0.734192 -1.71503 0.225257
      vertex 0.741803 -1.66 0.198765
    endloop
  endfacet
  facet normal 0.961126 0 0.276111
    outer loop
      vertex 0.734192 -1.71503 0.225257
      vertex 0.741803 -1.71475 0.198765
      vertex 0.741803 -1.66 0.198765
    endloop
  endfacet
  facet normal 0.976296 0 0.21644
    outer loop
      vertex 0.741803 -1.66 0.198765
      vertex 0.741803 -1.71475 0.198765
      vertex 0.756303 -1.66 0.133357
    endloop
  endfacet
  facet normal 0.970026 0.0310183 0.241014
    outer loop
      vertex 0.741803 -1.71475 0.198765
      vertex 0.748458 -1.71503 0.172017
      vertex 0.756303 -1.66 0.133357
    endloop
  endfacet
  facet normal 0.97987 0.000549931 0.199637
    outer loop
      vertex 0.756303 -1.66 0.133357
      vertex 0.748458 -1.71503 0.172017
      vertex 0.748533 -1.73011 0.17169
    endloop
  endfacet
  facet normal 0.923641 0.02274 0.382585
    outer loop
      vertex 0.697264 -1.87929 0.321873
      vertex 0.720638 -1.87929 0.265441
      vertex 0.695987 -1.87372 0.324624
    endloop
  endfacet
  facet normal 0.923641 0.0227353 0.382585
    outer loop
      vertex 0.720638 -1.87929 0.265441
      vertex 0.721681 -1.87372 0.262594
      vertex 0.695987 -1.87372 0.324624
    endloop
  endfacet
  facet normal 0.923879 -1.49441e-5 0.382684
    outer loop
      vertex 0.695987 -1.87372 0.324624
      vertex 0.721681 -1.87372 0.262594
      vertex 0.696018 -1.66 0.324558
    endloop
  endfacet
  facet normal 0.92388 -1.47817e-5 0.382683
    outer loop
      vertex 0.721681 -1.87372 0.262594
      vertex 0.721656 -1.66 0.262661
      vertex 0.696018 -1.66 0.324558
    endloop
  endfacet
  facet normal 0.893903 0.00168197 0.448257
    outer loop
      vertex 0.696018 -1.66 0.324558
      vertex 0.678591 -1.73011 0.359574
      vertex 0.679465 -1.75374 0.357918
    endloop
  endfacet
  facet normal 0.893103 0.00238836 0.449846
    outer loop
      vertex 0.679465 -1.75374 0.357918
      vertex 0.681091 -1.77716 0.354814
      vertex 0.696018 -1.66 0.324558
    endloop
  endfacet
  facet normal 0.893187 0.00233446 0.449678
    outer loop
      vertex 0.681091 -1.77716 0.354814
      vertex 0.683439 -1.80024 0.35027
      vertex 0.696018 -1.66 0.324558
    endloop
  endfacet
  facet normal 0.894528 0.00172496 0.44701
    outer loop
      vertex 0.696018 -1.66 0.324558
      vertex 0.683439 -1.80024 0.35027
      vertex 0.686466 -1.82284 0.3443
    endloop
  endfacet
  facet normal 0.897306 0.000882801 0.441407
    outer loop
      vertex 0.686466 -1.82284 0.3443
      vertex 0.690118 -1.84485 0.336922
      vertex 0.696018 -1.66 0.324558
    endloop
  endfacet
  facet normal 0.901539 0.000165142 0.432697
    outer loop
      vertex 0.690118 -1.84485 0.336922
      vertex 0.694328 -1.86615 0.328158
      vertex 0.696018 -1.66 0.324558
    endloop
  endfacet
  facet normal 0.905196 6.50201e-7 0.424993
    outer loop
      vertex 0.696018 -1.66 0.324558
      vertex 0.694328 -1.86615 0.328158
      vertex 0.695987 -1.87372 0.324624
    endloop
  endfacet
  facet normal 0.82066 8.83604e-7 0.571417
    outer loop
      vertex 0.629085 -1.66 0.44049
      vertex 0.629126 -1.87372 0.440431
      vertex 0.631357 -1.86615 0.437226
    endloop
  endfacet
  facet normal 0.836128 0.00238782 0.548529
    outer loop
      vertex 0.647824 -1.77716 0.412435
      vertex 0.649699 -1.75374 0.409475
      vertex 0.629085 -1.66 0.44049
    endloop
  endfacet
  facet normal 0.836027 0.00233489 0.548683
    outer loop
      vertex 0.647824 -1.77716 0.412435
      vertex 0.629085 -1.66 0.44049
      vertex 0.645063 -1.80024 0.416741
    endloop
  endfacet
  facet normal 0.825495 0.000165128 0.564409
    outer loop
      vertex 0.631357 -1.86615 0.437226
      vertex 0.636842 -1.84485 0.429198
      vertex 0.629085 -1.66 0.44049
    endloop
  endfacet
  facet normal 0.830923 0.000882881 0.556387
    outer loop
      vertex 0.636842 -1.84485 0.429198
      vertex 0.641406 -1.82284 0.422347
      vertex 0.629085 -1.66 0.44049
    endloop
  endfacet
  facet normal 0.834386 0.0017252 0.551178
    outer loop
      vertex 0.629085 -1.66 0.44049
      vertex 0.641406 -1.82284 0.422347
      vertex 0.645063 -1.80024 0.416741
    endloop
  endfacet
  facet normal 0.835152 0.00168105 0.550016
    outer loop
      vertex 0.649699 -1.75374 0.409475
      vertex 0.650696 -1.73011 0.40789
      vertex 0.629085 -1.66 0.44049
    endloop
  endfacet
  facet normal 0.834036 0.000549911 0.551709
    outer loop
      vertex 0.650696 -1.73011 0.40789
      vertex 0.650874 -1.71503 0.407605
      vertex 0.629085 -1.66 0.44049
    endloop
  endfacet
  facet normal 0.843321 0.0128622 0.537256
    outer loop
      vertex 0.629085 -1.66 0.44049
      vertex 0.650874 -1.71503 0.407605
      vertex 0.665082 -1.66 0.383985
    endloop
  endfacet
  facet normal 0.856913 0 0.51546
    outer loop
      vertex 0.650874 -1.71503 0.407605
      vertex 0.665082 -1.71475 0.383985
      vertex 0.665082 -1.66 0.383985
    endloop
  endfacet
  facet normal 0.887011 0 0.461749
    outer loop
      vertex 0.665082 -1.66 0.383985
      vertex 0.665082 -1.71475 0.383985
      vertex 0.696018 -1.66 0.324558
    endloop
  endfacet
  facet normal 0.874594 0.0310183 0.483863
    outer loop
      vertex 0.665082 -1.71475 0.383985
      vertex 0.678433 -1.71503 0.359871
      vertex 0.696018 -1.66 0.324558
    endloop
  endfacet
  facet normal 0.894811 0.000550975 0.446445
    outer loop
      vertex 0.696018 -1.66 0.324558
      vertex 0.678433 -1.71503 0.359871
      vertex 0.678591 -1.73011 0.359574
    endloop
  endfacet
  facet normal 0.793148 0.0227229 0.608605
    outer loop
      vertex 0.590198 -1.87929 0.49137
      vertex 0.627382 -1.87929 0.442912
      vertex 0.588253 -1.87372 0.493697
    endloop
  endfacet
  facet normal 0.793149 0.0227319 0.608604
    outer loop
      vertex 0.627382 -1.87929 0.442912
      vertex 0.629126 -1.87372 0.440431
      vertex 0.588253 -1.87372 0.493697
    endloop
  endfacet
  facet normal 0.793354 -1.47549e-5 0.608761
    outer loop
      vertex 0.588253 -1.87372 0.493697
      vertex 0.629126 -1.87372 0.440431
      vertex 0.5883 -1.66 0.493642
    endloop
  endfacet
  facet normal 0.793354 -1.47217e-5 0.608761
    outer loop
      vertex 0.629126 -1.87372 0.440431
      vertex 0.629085 -1.66 0.44049
      vertex 0.5883 -1.66 0.493642
    endloop
  endfacet
  facet normal 0.747424 0.00168375 0.664345
    outer loop
      vertex 0.5883 -1.66 0.493642
      vertex 0.562404 -1.73011 0.522954
      vertex 0.563677 -1.75374 0.521581
    endloop
  endfacet
  facet normal 0.746247 0.00238646 0.665665
    outer loop
      vertex 0.563677 -1.75374 0.521581
      vertex 0.566051 -1.77716 0.519004
      vertex 0.5883 -1.66 0.493642
    endloop
  endfacet
  facet normal 0.746368 0.00233416 0.66553
    outer loop
      vertex 0.566051 -1.77716 0.519004
      vertex 0.569495 -1.80024 0.515222
      vertex 0.5883 -1.66 0.493642
    endloop
  endfacet
  facet normal 0.748351 0.00172509 0.6633
    outer loop
      vertex 0.5883 -1.66 0.493642
      vertex 0.569495 -1.80024 0.515222
      vertex 0.573964 -1.82284 0.510239
    endloop
  endfacet
  facet normal 0.752484 0.000883229 0.65861
    outer loop
      vertex 0.573964 -1.82284 0.510239
      vertex 0.579401 -1.84485 0.504057
      vertex 0.5883 -1.66 0.493642
    endloop
  endfacet
  facet normal 0.758832 0.00016502 0.651286
    outer loop
      vertex 0.579401 -1.84485 0.504057
      vertex 0.585735 -1.86615 0.496682
      vertex 0.5883 -1.66 0.493642
    endloop
  endfacet
  facet normal 0.764348 8.47573e-7 0.644805
    outer loop
      vertex 0.5883 -1.66 0.493642
      vertex 0.585735 -1.86615 0.496682
      vertex 0.588253 -1.87372 0.493697
    endloop
  endfacet
  facet normal 0.644805 8.47573e-7 0.764348
    outer loop
      vertex 0.493642 -1.66 0.5883
      vertex 0.493697 -1.87372 0.588253
      vertex 0.496682 -1.86615 0.585735
    endloop
  endfacet
  facet normal 0.665665 0.00238646 0.746247
    outer loop
      vertex 0.519004 -1.77716 0.566051
      vertex 0.521581 -1.75374 0.563677
      vertex 0.493642 -1.66 0.5883
    endloop
  endfacet
  facet normal 0.66553 0.00233416 0.746368
    outer loop
      vertex 0.519004 -1.77716 0.566051
      vertex 0.493642 -1.66 0.5883
      vertex 0.515222 -1.80024 0.569495
    endloop
  endfacet
  facet normal 0.651286 0.00016502 0.758832
    outer loop
      vertex 0.496682 -1.86615 0.585735
      vertex 0.504057 -1.84485 0.579401
      vertex 0.493642 -1.66 0.5883
    endloop
  endfacet
  facet normal 0.65861 0.000883229 0.752484
    outer loop
      vertex 0.504057 -1.84485 0.579401
      vertex 0.510239 -1.82284 0.573964
      vertex 0.493642 -1.66 0.5883
    endloop
  endfacet
  facet normal 0.6633 0.00172509 0.748351
    outer loop
      vertex 0.493642 -1.66 0.5883
      vertex 0.510239 -1.82284 0.573964
      vertex 0.515222 -1.80024 0.569495
    endloop
  endfacet
  facet normal 0.664345 0.00168375 0.747424
    outer loop
      vertex 0.521581 -1.75374 0.563677
      vertex 0.522954 -1.73011 0.562404
      vertex 0.493642 -1.66 0.5883
    endloop
  endfacet
  facet normal 0.662827 0.000551282 0.748772
    outer loop
      vertex 0.522954 -1.73011 0.562404
      vertex 0.5232 -1.71503 0.562175
      vertex 0.493642 -1.66 0.5883
    endloop
  endfacet
  facet normal 0.675534 0.0128608 0.737216
    outer loop
      vertex 0.493642 -1.66 0.5883
      vertex 0.5232 -1.71503 0.562175
      vertex 0.543037 -1.66 0.543037
    endloop
  endfacet
  facet normal 0.694302 0 0.719683
    outer loop
      vertex 0.5232 -1.71503 0.562175
      vertex 0.543037 -1.71475 0.543037
      vertex 0.543037 -1.66 0.543037
    endloop
  endfacet
  facet normal 0.737277 0 0.67559
    outer loop
      vertex 0.543037 -1.66 0.543037
      vertex 0.543037 -1.71475 0.543037
      vertex 0.5883 -1.66 0.493642
    endloop
  endfacet
  facet normal 0.71956 0.0310174 0.693737
    outer loop
      vertex 0.543037 -1.71475 0.543037
      vertex 0.562175 -1.71503 0.5232
      vertex 0.5883 -1.66 0.493642
    endloop
  endfacet
  facet normal 0.748772 0.000551282 0.662827
    outer loop
      vertex 0.5883 -1.66 0.493642
      vertex 0.562175 -1.71503 0.5232
      vertex 0.562404 -1.73011 0.522954
    endloop
  endfacet
  facet normal 0.608604 0.0227324 0.793148
    outer loop
      vertex 0.442912 -1.87929 0.627382
      vertex 0.49137 -1.87929 0.590198
      vertex 0.440431 -1.87372 0.629126
    endloop
  endfacet
  facet normal 0.608604 0.0227233 0.793149
    outer loop
      vertex 0.49137 -1.87929 0.590198
      vertex 0.493697 -1.87372 0.588253
      vertex 0.440431 -1.87372 0.629126
    endloop
  endfacet
  facet normal 0.608761 -1.47217e-5 0.793354
    outer loop
      vertex 0.440431 -1.87372 0.629126
      vertex 0.493697 -1.87372 0.588253
      vertex 0.44049 -1.66 0.629085
    endloop
  endfacet
  facet normal 0.608761 -1.4755e-5 0.793354
    outer loop
      vertex 0.493697 -1.87372 0.588253
      vertex 0.493642 -1.66 0.5883
      vertex 0.44049 -1.66 0.629085
    endloop
  endfacet
  facet normal 0.550016 0.00168105 0.835152
    outer loop
      vertex 0.44049 -1.66 0.629085
      vertex 0.40789 -1.73011 0.650696
      vertex 0.409475 -1.75374 0.649699
    endloop
  endfacet
  facet normal 0.548529 0.00238782 0.836128
    outer loop
      vertex 0.409475 -1.75374 0.649699
      vertex 0.412435 -1.77716 0.647824
      vertex 0.44049 -1.66 0.629085
    endloop
  endfacet
  facet normal 0.548683 0.00233489 0.836027
    outer loop
      vertex 0.412435 -1.77716 0.647824
      vertex 0.416741 -1.80024 0.645063
      vertex 0.44049 -1.66 0.629085
    endloop
  endfacet
  facet normal 0.551178 0.0017252 0.834386
    outer loop
      vertex 0.44049 -1.66 0.629085
      vertex 0.416741 -1.80024 0.645063
      vertex 0.422347 -1.82284 0.641406
    endloop
  endfacet
  facet normal 0.556387 0.000882881 0.830923
    outer loop
      vertex 0.422347 -1.82284 0.641406
      vertex 0.429198 -1.84485 0.636842
      vertex 0.44049 -1.66 0.629085
    endloop
  endfacet
  facet normal 0.564409 0.000165128 0.825495
    outer loop
      vertex 0.429198 -1.84485 0.636842
      vertex 0.437226 -1.86615 0.631357
      vertex 0.44049 -1.66 0.629085
    endloop
  endfacet
  facet normal 0.571417 8.83604e-7 0.82066
    outer loop
      vertex 0.44049 -1.66 0.629085
      vertex 0.437226 -1.86615 0.631357
      vertex 0.440431 -1.87372 0.629126
    endloop
  endfacet
  facet normal 0.424993 6.50201e-7 0.905196
    outer loop
      vertex 0.324558 -1.66 0.696018
      vertex 0.324624 -1.87372 0.695987
      vertex 0.328158 -1.86615 0.694328
    endloop
  endfacet
  facet normal 0.449846 0.00238836 0.893103
    outer loop
      vertex 0.354814 -1.77716 0.681091
      vertex 0.357918 -1.75374 0.679465
      vertex 0.324558 -1.66 0.696018
    endloop
  endfacet
  facet normal 0.449678 0.00233446 0.893187
    outer loop
      vertex 0.354814 -1.77716 0.681091
      vertex 0.324558 -1.66 0.696018
      vertex 0.35027 -1.80024 0.683439
    endloop
  endfacet
  facet normal 0.432697 0.000165142 0.901539
    outer loop
      vertex 0.328158 -1.86615 0.694328
      vertex 0.336922 -1.84485 0.690118
      vertex 0.324558 -1.66 0.696018
    endloop
  endfacet
  facet normal 0.441407 0.000882801 0.897306
    outer loop
      vertex 0.336922 -1.84485 0.690118
      vertex 0.3443 -1.82284 0.686466
      vertex 0.324558 -1.66 0.696018
    endloop
  endfacet
  facet normal 0.44701 0.00172496 0.894528
    outer loop
      vertex 0.324558 -1.66 0.696018
      vertex 0.3443 -1.82284 0.686466
      vertex 0.35027 -1.80024 0.683439
    endloop
  endfacet
  facet normal 0.448257 0.00168197 0.893903
    outer loop
      vertex 0.357918 -1.75374 0.679465
      vertex 0.359574 -1.73011 0.678591
      vertex 0.324558 -1.66 0.696018
    endloop
  endfacet
  facet normal 0.446445 0.000550975 0.894811
    outer loop
      vertex 0.359574 -1.73011 0.678591
      vertex 0.359871 -1.71503 0.678433
      vertex 0.324558 -1.66 0.696018
    endloop
  endfacet
  facet normal 0.46171 0.0128612 0.886937
    outer loop
      vertex 0.324558 -1.66 0.696018
      vertex 0.359871 -1.71503 0.678433
      vertex 0.383985 -1.66 0.665082
    endloop
  endfacet
  facet normal 0.484377 0 0.874859
    outer loop
      vertex 0.359871 -1.71503 0.678433
      vertex 0.383985 -1.71475 0.665082
      vertex 0.383985 -1.66 0.665082
    endloop
  endfacet
  facet normal 0.5373 0 0.843391
    outer loop
      vertex 0.383985 -1.66 0.665082
      vertex 0.383985 -1.71475 0.665082
      vertex 0.44049 -1.66 0.629085
    endloop
  endfacet
  facet normal 0.515488 0.0310207 0.856335
    outer loop
      vertex 0.383985 -1.71475 0.665082
      vertex 0.407605 -1.71503 0.650874
      vertex 0.44049 -1.66 0.629085
    endloop
  endfacet
  facet normal 0.551709 0.000549911 0.834036
    outer loop
      vertex 0.44049 -1.66 0.629085
      vertex 0.407605 -1.71503 0.650874
      vertex 0.40789 -1.73011 0.650696
    endloop
  endfacet
  facet normal 0.382585 0.0227351 0.923641
    outer loop
      vertex 0.265441 -1.87929 0.720638
      vertex 0.321873 -1.87929 0.697264
      vertex 0.262594 -1.87372 0.721681
    endloop
  endfacet
  facet normal 0.382585 0.0227398 0.92364
    outer loop
      vertex 0.321873 -1.87929 0.697264
      vertex 0.324624 -1.87372 0.695987
      vertex 0.262594 -1.87372 0.721681
    endloop
  endfacet
  facet normal 0.382684 -1.47818e-5 0.923879
    outer loop
      vertex 0.262594 -1.87372 0.721681
      vertex 0.324624 -1.87372 0.695987
      vertex 0.262661 -1.66 0.721656
    endloop
  endfacet
  facet normal 0.382683 -1.49443e-5 0.92388
    outer loop
      vertex 0.324624 -1.87372 0.695987
      vertex 0.324558 -1.66 0.696018
      vertex 0.262661 -1.66 0.721656
    endloop
  endfacet
  facet normal 0.315123 0.00168006 0.949049
    outer loop
      vertex 0.262661 -1.66 0.721656
      vertex 0.225579 -1.73011 0.734093
      vertex 0.227368 -1.75374 0.733541
    endloop
  endfacet
  facet normal 0.313429 0.00238893 0.949609
    outer loop
      vertex 0.227368 -1.75374 0.733541
      vertex 0.230713 -1.77716 0.732496
      vertex 0.262661 -1.66 0.721656
    endloop
  endfacet
  facet normal 0.313611 0.00233384 0.949549
    outer loop
      vertex 0.230713 -1.77716 0.732496
      vertex 0.235586 -1.80024 0.730943
      vertex 0.262661 -1.66 0.721656
    endloop
  endfacet
  facet normal 0.31644 0.00172542 0.948611
    outer loop
      vertex 0.262661 -1.66 0.721656
      vertex 0.235586 -1.80024 0.730943
      vertex 0.241948 -1.82284 0.728862
    endloop
  endfacet
  facet normal 0.322369 0.000883005 0.946614
    outer loop
      vertex 0.241948 -1.82284 0.728862
      vertex 0.249747 -1.84485 0.726227
      vertex 0.262661 -1.66 0.721656
    endloop
  endfacet
  facet normal 0.331525 0.000165008 0.943446
    outer loop
      vertex 0.249747 -1.84485 0.726227
      vertex 0.258921 -1.86615 0.723007
      vertex 0.262661 -1.66 0.721656
    endloop
  endfacet
  facet normal 0.339543 8.18357e-7 0.94059
    outer loop
      vertex 0.262661 -1.66 0.721656
      vertex 0.258921 -1.86615 0.723007
      vertex 0.262594 -1.87372 0.721681
    endloop
  endfacet
  facet normal 0.176239 7.88595e-7 0.984347
    outer loop
      vertex 0.133357 -1.66 0.756303
      vertex 0.133428 -1.87372 0.756291
      vertex 0.137271 -1.86615 0.755603
    endloop
  endfacet
  facet normal 0.203367 0.00238889 0.9791
    outer loop
      vertex 0.166445 -1.77716 0.749717
      vertex 0.169864 -1.75374 0.748949
      vertex 0.133357 -1.66 0.756303
    endloop
  endfacet
  facet normal 0.20318 0.00233385 0.979139
    outer loop
      vertex 0.166445 -1.77716 0.749717
      vertex 0.133357 -1.66 0.756303
      vertex 0.161448 -1.80024 0.750808
    endloop
  endfacet
  facet normal 0.184617 0.000165089 0.982811
    outer loop
      vertex 0.137271 -1.86615 0.755603
      vertex 0.146826 -1.84485 0.753804
      vertex 0.133357 -1.66 0.756303
    endloop
  endfacet
  facet normal 0.194127 0.0008828 0.980976
    outer loop
      vertex 0.146826 -1.84485 0.753804
      vertex 0.154898 -1.82284 0.752187
      vertex 0.133357 -1.66 0.756303
    endloop
  endfacet
  facet normal 0.20026 0.00172527 0.979741
    outer loop
      vertex 0.133357 -1.66 0.756303
      vertex 0.154898 -1.82284 0.752187
      vertex 0.161448 -1.80024 0.750808
    endloop
  endfacet
  facet normal 0.201625 0.00168194 0.979461
    outer loop
      vertex 0.169864 -1.75374 0.748949
      vertex 0.17169 -1.73011 0.748533
      vertex 0.133357 -1.66 0.756303
    endloop
  endfacet
  facet normal 0.199637 0.000549931 0.97987
    outer loop
      vertex 0.17169 -1.73011 0.748533
      vertex 0.172017 -1.71503 0.748458
      vertex 0.133357 -1.66 0.756303
    endloop
  endfacet
  facet normal 0.216422 0.0128612 0.976215
    outer loop
      vertex 0.133357 -1.66 0.756303
      vertex 0.172017 -1.71503 0.748458
      vertex 0.198765 -1.66 0.741803
    endloop
  endfacet
  facet normal 0.241442 0 0.970415
    outer loop
      vertex 0.172017 -1.71503 0.748458
      vertex 0.198765 -1.71475 0.741803
      vertex 0.198765 -1.66 0.741803
    endloop
  endfacet
  facet normal 0.300706 0 0.953717
    outer loop
      vertex 0.198765 -1.66 0.741803
      vertex 0.198765 -1.71475 0.741803
      vertex 0.262661 -1.66 0.721656
    endloop
  endfacet
  facet normal 0.276287 0.0310199 0.960574
    outer loop
      vertex 0.198765 -1.71475 0.741803
      vertex 0.225257 -1.71503 0.734192
      vertex 0.262661 -1.66 0.721656
    endloop
  endfacet
  facet normal 0.317043 0.000551334 0.948411
    outer loop
      vertex 0.262661 -1.66 0.721656
      vertex 0.225257 -1.71503 0.734192
      vertex 0.225579 -1.73011 0.734093
    endloop
  endfacet
  facet normal 0.130492 0.0227395 0.991188
    outer loop
      vertex 0.0698819 -1.87929 0.764784
      vertex 0.13044 -1.87929 0.756812
      vertex 0.0668612 -1.87372 0.765054
    endloop
  endfacet
  facet normal 0.130492 0.022732 0.991189
    outer loop
      vertex 0.13044 -1.87929 0.756812
      vertex 0.133428 -1.87372 0.756291
      vertex 0.0668612 -1.87372 0.765054
    endloop
  endfacet
  facet normal 0.130526 -1.49437e-5 0.991445
    outer loop
      vertex 0.0668612 -1.87372 0.765054
      vertex 0.133428 -1.87372 0.756291
      vertex 0.066933 -1.66 0.765048
    endloop
  endfacet
  facet normal 0.130526 -1.4813e-5 0.991445
    outer loop
      vertex 0.133428 -1.87372 0.756291
      vertex 0.133357 -1.66 0.756303
      vertex 0.066933 -1.66 0.765048
    endloop
  endfacet
  facet normal 0.0587507 0.00168142 0.998271
    outer loop
      vertex 0.066933 -1.66 0.765048
      vertex 0.0278951 -1.73011 0.767464
      vertex 0.0297663 -1.75374 0.767393
    endloop
  endfacet
  facet normal 0.0569761 0.00238751 0.998373
    outer loop
      vertex 0.0297663 -1.75374 0.767393
      vertex 0.0332676 -1.77716 0.76725
      vertex 0.066933 -1.66 0.765048
    endloop
  endfacet
  facet normal 0.0571607 0.00233429 0.998362
    outer loop
      vertex 0.0332676 -1.77716 0.76725
      vertex 0.0383766 -1.80024 0.767011
      vertex 0.066933 -1.66 0.765048
    endloop
  endfacet
  facet normal 0.0601429 0.00172461 0.998188
    outer loop
      vertex 0.066933 -1.66 0.765048
      vertex 0.0383766 -1.80024 0.767011
      vertex 0.0450603 -1.82284 0.766647
    endloop
  endfacet
  facet normal 0.0663764 0.000883492 0.997794
    outer loop
      vertex 0.0450603 -1.82284 0.766647
      vertex 0.0532759 -1.84485 0.76612
      vertex 0.066933 -1.66 0.765048
    endloop
  endfacet
  facet normal 0.0760492 0.000164864 0.997104
    outer loop
      vertex 0.0532759 -1.84485 0.76612
      vertex 0.0629706 -1.86615 0.765384
      vertex 0.066933 -1.66 0.765048
    endloop
  endfacet
  facet normal 0.0845345 6.55378e-7 0.996421
    outer loop
      vertex 0.066933 -1.66 0.765048
      vertex 0.0629706 -1.86615 0.765384
      vertex 0.0668612 -1.87372 0.765054
    endloop
  endfacet
  facet normal -0.0845345 6.55378e-7 0.996421
    outer loop
      vertex -0.066933 -1.66 0.765048
      vertex -0.0668612 -1.87372 0.765054
      vertex -0.0629706 -1.86615 0.765384
    endloop
  endfacet
  facet normal -0.0569761 0.00238751 0.998373
    outer loop
      vertex -0.0332676 -1.77716 0.76725
      vertex -0.0297663 -1.75374 0.767393
      vertex -0.066933 -1.66 0.765048
    endloop
  endfacet
  facet normal -0.0571607 0.00233429 0.998362
    outer loop
      vertex -0.0332676 -1.77716 0.76725
      vertex -0.066933 -1.66 0.765048
      vertex -0.0383766 -1.80024 0.767011
    endloop
  endfacet
  facet normal -0.0760492 0.000164864 0.997104
    outer loop
      vertex -0.0629706 -1.86615 0.765384
      vertex -0.0532759 -1.84485 0.76612
      vertex -0.066933 -1.66 0.765048
    endloop
  endfacet
  facet normal -0.0663764 0.000883492 0.997794
    outer loop
      vertex -0.0532759 -1.84485 0.76612
      vertex -0.0450603 -1.82284 0.766647
      vertex -0.066933 -1.66 0.765048
    endloop
  endfacet
  facet normal -0.0601429 0.00172461 0.998188
    outer loop
      vertex -0.066933 -1.66 0.765048
      vertex -0.0450603 -1.82284 0.766647
      vertex -0.0383766 -1.80024 0.767011
    endloop
  endfacet
  facet normal -0.0587507 0.00168142 0.998271
    outer loop
      vertex -0.0297663 -1.75374 0.767393
      vertex -0.0278951 -1.73011 0.767464
      vertex -0.066933 -1.66 0.765048
    endloop
  endfacet
  facet normal -0.0607691 0.000553496 0.998152
    outer loop
      vertex -0.0278951 -1.73011 0.767464
      vertex -0.0275591 -1.71503 0.767476
      vertex -0.066933 -1.66 0.765048
    endloop
  endfacet
  facet normal -0.043616 0.0128607 0.998966
    outer loop
      vertex -0.066933 -1.66 0.765048
      vertex -0.0275591 -1.71503 0.767476
      vertex 0 -1.66 0.767971
    endloop
  endfacet
  facet normal -0.0179477 -1.42727e-16 0.999839
    outer loop
      vertex -0.0275591 -1.71503 0.767476
      vertex 4.3579e-16 -1.71475 0.767971
      vertex 0 -1.66 0.767971
    endloop
  endfacet
  facet normal 0.0436196 3.47181e-16 0.999048
    outer loop
      vertex 0 -1.66 0.767971
      vertex 4.3579e-16 -1.71475 0.767971
      vertex 0.066933 -1.66 0.765048
    endloop
  endfacet
  facet normal 0.0182603 0.0310171 0.999352
    outer loop
      vertex 4.3579e-16 -1.71475 0.767971
      vertex 0.0275591 -1.71503 0.767476
      vertex 0.066933 -1.66 0.765048
    endloop
  endfacet
  facet normal 0.0607691 0.000553496 0.998152
    outer loop
      vertex 0.066933 -1.66 0.765048
      vertex 0.0275591 -1.71503 0.767476
      vertex 0.0278951 -1.73011 0.767464
    endloop
  endfacet
  facet normal -0.130493 0.0227317 0.991189
    outer loop
      vertex -0.13044 -1.87929 0.756812
      vertex -0.0698819 -1.87929 0.764784
      vertex -0.133428 -1.87372 0.756291
    endloop
  endfacet
  facet normal -0.130492 0.0227391 0.991189
    outer loop
      vertex -0.0698819 -1.87929 0.764784
      vertex -0.0668612 -1.87372 0.765054
      vertex -0.133428 -1.87372 0.756291
    endloop
  endfacet
  facet normal -0.130526 -1.48131e-5 0.991445
    outer loop
      vertex -0.133428 -1.87372 0.756291
      vertex -0.0668612 -1.87372 0.765054
      vertex -0.133357 -1.66 0.756303
    endloop
  endfacet
  facet normal -0.130526 -1.49438e-5 0.991445
    outer loop
      vertex -0.0668612 -1.87372 0.765054
      vertex -0.066933 -1.66 0.765048
      vertex -0.133357 -1.66 0.756303
    endloop
  endfacet
  facet normal -0.201625 0.00168194 0.979461
    outer loop
      vertex -0.133357 -1.66 0.756303
      vertex -0.17169 -1.73011 0.748533
      vertex -0.169864 -1.75374 0.748949
    endloop
  endfacet
  facet normal -0.203367 0.00238889 0.9791
    outer loop
      vertex -0.169864 -1.75374 0.748949
      vertex -0.166445 -1.77716 0.749717
      vertex -0.133357 -1.66 0.756303
    endloop
  endfacet
  facet normal -0.20318 0.00233385 0.979139
    outer loop
      vertex -0.166445 -1.77716 0.749717
      vertex -0.161448 -1.80024 0.750808
      vertex -0.133357 -1.66 0.756303
    endloop
  endfacet
  facet normal -0.20026 0.00172527 0.979741
    outer loop
      vertex -0.133357 -1.66 0.756303
      vertex -0.161448 -1.80024 0.750808
      vertex -0.154898 -1.82284 0.752187
    endloop
  endfacet
  facet normal -0.194127 0.0008828 0.980976
    outer loop
      vertex -0.154898 -1.82284 0.752187
      vertex -0.146826 -1.84485 0.753804
      vertex -0.133357 -1.66 0.756303
    endloop
  endfacet
  facet normal -0.184617 0.000165089 0.982811
    outer loop
      vertex -0.146826 -1.84485 0.753804
      vertex -0.137271 -1.86615 0.755603
      vertex -0.133357 -1.66 0.756303
    endloop
  endfacet
  facet normal -0.176239 7.88595e-7 0.984347
    outer loop
      vertex -0.133357 -1.66 0.756303
      vertex -0.137271 -1.86615 0.755603
      vertex -0.133428 -1.87372 0.756291
    endloop
  endfacet
  facet normal -0.339543 8.18357e-7 0.94059
    outer loop
      vertex -0.262661 -1.66 0.721656
      vertex -0.262594 -1.87372 0.721681
      vertex -0.258921 -1.86615 0.723007
    endloop
  endfacet
  facet normal -0.313429 0.00238893 0.949609
    outer loop
      vertex -0.230713 -1.77716 0.732496
      vertex -0.227368 -1.75374 0.733541
      vertex -0.262661 -1.66 0.721656
    endloop
  endfacet
  facet normal -0.313611 0.00233384 0.949549
    outer loop
      vertex -0.230713 -1.77716 0.732496
      vertex -0.262661 -1.66 0.721656
      vertex -0.235586 -1.80024 0.730943
    endloop
  endfacet
  facet normal -0.331525 0.000165008 0.943446
    outer loop
      vertex -0.258921 -1.86615 0.723007
      vertex -0.249747 -1.84485 0.726227
      vertex -0.262661 -1.66 0.721656
    endloop
  endfacet
  facet normal -0.322369 0.000883005 0.946614
    outer loop
      vertex -0.249747 -1.84485 0.726227
      vertex -0.241948 -1.82284 0.728862
      vertex -0.262661 -1.66 0.721656
    endloop
  endfacet
  facet normal -0.31644 0.00172542 0.948611
    outer loop
      vertex -0.262661 -1.66 0.721656
      vertex -0.241948 -1.82284 0.728862
      vertex -0.235586 -1.80024 0.730943
    endloop
  endfacet
  facet normal -0.315123 0.00168006 0.949049
    outer loop
      vertex -0.227368 -1.75374 0.733541
      vertex -0.225579 -1.73011 0.734093
      vertex -0.262661 -1.66 0.721656
    endloop
  endfacet
  facet normal -0.317043 0.000551334 0.948411
    outer loop
      vertex -0.225579 -1.73011 0.734093
      vertex -0.225257 -1.71503 0.734192
      vertex -0.262661 -1.66 0.721656
    endloop
  endfacet
  facet normal -0.300681 0.0128618 0.953638
    outer loop
      vertex -0.262661 -1.66 0.721656
      vertex -0.225257 -1.71503 0.734192
      vertex -0.198765 -1.66 0.741803
    endloop
  endfacet
  facet normal -0.276111 0 0.961126
    outer loop
      vertex -0.225257 -1.71503 0.734192
      vertex -0.198765 -1.71475 0.741803
      vertex -0.198765 -1.66 0.741803
    endloop
  endfacet
  facet normal -0.21644 0 0.976296
    outer loop
      vertex -0.198765 -1.66 0.741803
      vertex -0.198765 -1.71475 0.741803
      vertex -0.133357 -1.66 0.756303
    endloop
  endfacet
  facet normal -0.241014 0.0310183 0.970026
    outer loop
      vertex -0.198765 -1.71475 0.741803
      vertex -0.172017 -1.71503 0.748458
      vertex -0.133357 -1.66 0.756303
    endloop
  endfacet
  facet normal -0.199637 0.000549931 0.97987
    outer loop
      vertex -0.133357 -1.66 0.756303
      vertex -0.172017 -1.71503 0.748458
      vertex -0.17169 -1.73011 0.748533
    endloop
  endfacet
  facet normal -0.382585 0.02274 0.923641
    outer loop
      vertex -0.321873 -1.87929 0.697264
      vertex -0.265441 -1.87929 0.720638
      vertex -0.324624 -1.87372 0.695987
    endloop
  endfacet
  facet normal -0.382585 0.0227353 0.923641
    outer loop
      vertex -0.265441 -1.87929 0.720638
      vertex -0.262594 -1.87372 0.721681
      vertex -0.324624 -1.87372 0.695987
    endloop
  endfacet
  facet normal -0.382684 -1.49441e-5 0.923879
    outer loop
      vertex -0.324624 -1.87372 0.695987
      vertex -0.262594 -1.87372 0.721681
      vertex -0.324558 -1.66 0.696018
    endloop
  endfacet
  facet normal -0.382683 -1.47817e-5 0.92388
    outer loop
      vertex -0.262594 -1.87372 0.721681
      vertex -0.262661 -1.66 0.721656
      vertex -0.324558 -1.66 0.696018
    endloop
  endfacet
  facet normal -0.448257 0.00168197 0.893903
    outer loop
      vertex -0.324558 -1.66 0.696018
      vertex -0.359574 -1.73011 0.678591
      vertex -0.357918 -1.75374 0.679465
    endloop
  endfacet
  facet normal -0.449846 0.00238836 0.893103
    outer loop
      vertex -0.357918 -1.75374 0.679465
      vertex -0.354814 -1.77716 0.681091
      vertex -0.324558 -1.66 0.696018
    endloop
  endfacet
  facet normal -0.449678 0.00233446 0.893187
    outer loop
      vertex -0.354814 -1.77716 0.681091
      vertex -0.35027 -1.80024 0.683439
      vertex -0.324558 -1.66 0.696018
    endloop
  endfacet
  facet normal -0.44701 0.00172496 0.894528
    outer loop
      vertex -0.324558 -1.66 0.696018
      vertex -0.35027 -1.80024 0.683439
      vertex -0.3443 -1.82284 0.686466
    endloop
  endfacet
  facet normal -0.441407 0.000882801 0.897306
    outer loop
      vertex -0.3443 -1.82284 0.686466
      vertex -0.336922 -1.84485 0.690118
      vertex -0.324558 -1.66 0.696018
    endloop
  endfacet
  facet normal -0.432697 0.000165142 0.901539
    outer loop
      vertex -0.336922 -1.84485 0.690118
      vertex -0.328158 -1.86615 0.694328
      vertex -0.324558 -1.66 0.696018
    endloop
  endfacet
  facet normal -0.424993 6.50201e-7 0.905196
    outer loop
      vertex -0.324558 -1.66 0.696018
      vertex -0.328158 -1.86615 0.694328
      vertex -0.324624 -1.87372 0.695987
    endloop
  endfacet
  facet normal -0.571417 8.83604e-7 0.82066
    outer loop
      vertex -0.44049 -1.66 0.629085
      vertex -0.440431 -1.87372 0.629126
      vertex -0.437226 -1.86615 0.631357
    endloop
  endfacet
  facet normal -0.548529 0.00238782 0.836128
    outer loop
      vertex -0.412435 -1.77716 0.647824
      vertex -0.409475 -1.75374 0.649699
      vertex -0.44049 -1.66 0.629085
    endloop
  endfacet
  facet normal -0.548683 0.00233489 0.836027
    outer loop
      vertex -0.412435 -1.77716 0.647824
      vertex -0.44049 -1.66 0.629085
      vertex -0.416741 -1.80024 0.645063
    endloop
  endfacet
  facet normal -0.564409 0.000165128 0.825495
    outer loop
      vertex -0.437226 -1.86615 0.631357
      vertex -0.429198 -1.84485 0.636842
      vertex -0.44049 -1.66 0.629085
    endloop
  endfacet
  facet normal -0.556387 0.000882881 0.830923
    outer loop
      vertex -0.429198 -1.84485 0.636842
      vertex -0.422347 -1.82284 0.641406
      vertex -0.44049 -1.66 0.629085
    endloop
  endfacet
  facet normal -0.551178 0.0017252 0.834386
    outer loop
      vertex -0.44049 -1.66 0.629085
      vertex -0.422347 -1.82284 0.641406
      vertex -0.416741 -1.80024 0.645063
    endloop
  endfacet
  facet normal -0.550016 0.00168105 0.835152
    outer loop
      vertex -0.409475 -1.75374 0.649699
      vertex -0.40789 -1.73011 0.650696
      vertex -0.44049 -1.66 0.629085
    endloop
  endfacet
  facet normal -0.551709 0.000549911 0.834036
    outer loop
      vertex -0.40789 -1.73011 0.650696
      vertex -0.407605 -1.71503 0.650874
      vertex -0.44049 -1.66 0.629085
    endloop
  endfacet
  facet normal -0.537256 0.0128622 0.843321
    outer loop
      vertex -0.44049 -1.66 0.629085
      vertex -0.407605 -1.71503 0.650874
      vertex -0.383985 -1.66 0.665082
    endloop
  endfacet
  facet normal -0.51546 0 0.856913
    outer loop
      vertex -0.407605 -1.71503 0.650874
      vertex -0.383985 -1.71475 0.665082
      vertex -0.383985 -1.66 0.665082
    endloop
  endfacet
  facet normal -0.461749 0 0.887011
    outer loop
      vertex -0.383985 -1.66 0.665082
      vertex -0.383985 -1.71475 0.665082
      vertex -0.324558 -1.66 0.696018
    endloop
  endfacet
  facet normal -0.483863 0.0310183 0.874594
    outer loop
      vertex -0.383985 -1.71475 0.665082
      vertex -0.359871 -1.71503 0.678433
      vertex -0.324558 -1.66 0.696018
    endloop
  endfacet
  facet normal -0.446445 0.000550975 0.894811
    outer loop
      vertex -0.324558 -1.66 0.696018
      vertex -0.359871 -1.71503 0.678433
      vertex -0.359574 -1.73011 0.678591
    endloop
  endfacet
  facet normal -0.608605 0.0227229 0.793148
    outer loop
      vertex -0.49137 -1.87929 0.590198
      vertex -0.442912 -1.87929 0.627382
      vertex -0.493697 -1.87372 0.588253
    endloop
  endfacet
  facet normal -0.608604 0.0227319 0.793149
    outer loop
      vertex -0.442912 -1.87929 0.627382
      vertex -0.440431 -1.87372 0.629126
      vertex -0.493697 -1.87372 0.588253
    endloop
  endfacet
  facet normal -0.608761 -1.47549e-5 0.793354
    outer loop
      vertex -0.493697 -1.87372 0.588253
      vertex -0.440431 -1.87372 0.629126
      vertex -0.493642 -1.66 0.5883
    endloop
  endfacet
  facet normal -0.608761 -1.47217e-5 0.793354
    outer loop
      vertex -0.440431 -1.87372 0.629126
      vertex -0.44049 -1.66 0.629085
      vertex -0.493642 -1.66 0.5883
    endloop
  endfacet
  facet normal -0.664345 0.00168375 0.747424
    outer loop
      vertex -0.493642 -1.66 0.5883
      vertex -0.522954 -1.73011 0.562404
      vertex -0.521581 -1.75374 0.563677
    endloop
  endfacet
  facet normal -0.665665 0.00238646 0.746247
    outer loop
      vertex -0.521581 -1.75374 0.563677
      vertex -0.519004 -1.77716 0.566051
      vertex -0.493642 -1.66 0.5883
    endloop
  endfacet
  facet normal -0.66553 0.00233416 0.746368
    outer loop
      vertex -0.519004 -1.77716 0.566051
      vertex -0.515222 -1.80024 0.569495
      vertex -0.493642 -1.66 0.5883
    endloop
  endfacet
  facet normal -0.6633 0.00172509 0.748351
    outer loop
      vertex -0.493642 -1.66 0.5883
      vertex -0.515222 -1.80024 0.569495
      vertex -0.510239 -1.82284 0.573964
    endloop
  endfacet
  facet normal -0.65861 0.000883229 0.752484
    outer loop
      vertex -0.510239 -1.82284 0.573964
      vertex -0.504057 -1.84485 0.579401
      vertex -0.493642 -1.66 0.5883
    endloop
  endfacet
  facet normal -0.651286 0.00016502 0.758832
    outer loop
      vertex -0.504057 -1.84485 0.579401
      vertex -0.496682 -1.86615 0.585735
      vertex -0.493642 -1.66 0.5883
    endloop
  endfacet
  facet normal -0.644805 8.47573e-7 0.764348
    outer loop
      vertex -0.493642 -1.66 0.5883
      vertex -0.496682 -1.86615 0.585735
      vertex -0.493697 -1.87372 0.588253
    endloop
  endfacet
  facet normal -0.764348 8.47573e-7 0.644805
    outer loop
      vertex -0.5883 -1.66 0.493642
      vertex -0.588253 -1.87372 0.493697
      vertex -0.585735 -1.86615 0.496682
    endloop
  endfacet
  facet normal -0.746247 0.00238646 0.665665
    outer loop
      vertex -0.566051 -1.77716 0.519004
      vertex -0.563677 -1.75374 0.521581
      vertex -0.5883 -1.66 0.493642
    endloop
  endfacet
  facet normal -0.746368 0.00233416 0.66553
    outer loop
      vertex -0.566051 -1.77716 0.519004
      vertex -0.5883 -1.66 0.493642
      vertex -0.569495 -1.80024 0.515222
    endloop
  endfacet
  facet normal -0.758832 0.00016502 0.651286
    outer loop
      vertex -0.585735 -1.86615 0.496682
      vertex -0.579401 -1.84485 0.504057
      vertex -0.5883 -1.66 0.493642
    endloop
  endfacet
  facet normal -0.752484 0.000883229 0.65861
    outer loop
      vertex -0.579401 -1.84485 0.504057
      vertex -0.573964 -1.82284 0.510239
      vertex -0.5883 -1.66 0.493642
    endloop
  endfacet
  facet normal -0.748351 0.00172509 0.6633
    outer loop
      vertex -0.5883 -1.66 0.493642
      vertex -0.573964 -1.82284 0.510239
      vertex -0.569495 -1.80024 0.515222
    endloop
  endfacet
  facet normal -0.747424 0.00168375 0.664345
    outer loop
      vertex -0.563677 -1.75374 0.521581
      vertex -0.562404 -1.73011 0.522954
      vertex -0.5883 -1.66 0.493642
    endloop
  endfacet
  facet normal -0.748772 0.000551282 0.662827
    outer loop
      vertex -0.562404 -1.73011 0.522954
      vertex -0.562175 -1.71503 0.5232
      vertex -0.5883 -1.66 0.493642
    endloop
  endfacet
  facet normal -0.737216 0.0128608 0.675534
    outer loop
      vertex -0.5883 -1.66 0.493642
      vertex -0.562175 -1.71503 0.5232
      vertex -0.543037 -1.66 0.543037
    endloop
  endfacet
  facet normal -0.719683 0 0.694302
    outer loop
      vertex -0.562175 -1.71503 0.5232
      vertex -0.543037 -1.71475 0.543037
      vertex -0.543037 -1.66 0.543037
    endloop
  endfacet
  facet normal -0.67559 0 0.737277
    outer loop
      vertex -0.543037 -1.66 0.543037
      vertex -0.543037 -1.71475 0.543037
      vertex -0.493642 -1.66 0.5883
    endloop
  endfacet
  facet normal -0.693737 0.0310174 0.71956
    outer loop
      vertex -0.543037 -1.71475 0.543037
      vertex -0.5232 -1.71503 0.562175
      vertex -0.493642 -1.66 0.5883
    endloop
  endfacet
  facet normal -0.662827 0.000551282 0.748772
    outer loop
      vertex -0.493642 -1.66 0.5883
      vertex -0.5232 -1.71503 0.562175
      vertex -0.522954 -1.73011 0.562404
    endloop
  endfacet
  facet normal -0.793148 0.0227324 0.608604
    outer loop
      vertex -0.627382 -1.87929 0.442912
      vertex -0.590198 -1.87929 0.49137
      vertex -0.629126 -1.87372 0.440431
    endloop
  endfacet
  facet normal -0.793149 0.0227233 0.608604
    outer loop
      vertex -0.590198 -1.87929 0.49137
      vertex -0.588253 -1.87372 0.493697
      vertex -0.629126 -1.87372 0.440431
    endloop
  endfacet
  facet normal -0.793354 -1.47217e-5 0.608761
    outer loop
      vertex -0.629126 -1.87372 0.440431
      vertex -0.588253 -1.87372 0.493697
      vertex -0.629085 -1.66 0.44049
    endloop
  endfacet
  facet normal -0.793354 -1.4755e-5 0.608761
    outer loop
      vertex -0.588253 -1.87372 0.493697
      vertex -0.5883 -1.66 0.493642
      vertex -0.629085 -1.66 0.44049
    endloop
  endfacet
  facet normal -0.835152 0.00168105 0.550016
    outer loop
      vertex -0.629085 -1.66 0.44049
      vertex -0.650696 -1.73011 0.40789
      vertex -0.649699 -1.75374 0.409475
    endloop
  endfacet
  facet normal -0.836128 0.00238782 0.548529
    outer loop
      vertex -0.649699 -1.75374 0.409475
      vertex -0.647824 -1.77716 0.412435
      vertex -0.629085 -1.66 0.44049
    endloop
  endfacet
  facet normal -0.836027 0.00233489 0.548683
    outer loop
      vertex -0.647824 -1.77716 0.412435
      vertex -0.645063 -1.80024 0.416741
      vertex -0.629085 -1.66 0.44049
    endloop
  endfacet
  facet normal -0.834386 0.0017252 0.551178
    outer loop
      vertex -0.629085 -1.66 0.44049
      vertex -0.645063 -1.80024 0.416741
      vertex -0.641406 -1.82284 0.422347
    endloop
  endfacet
  facet normal -0.830923 0.000882881 0.556387
    outer loop
      vertex -0.641406 -1.82284 0.422347
      vertex -0.636842 -1.84485 0.429198
      vertex -0.629085 -1.66 0.44049
    endloop
  endfacet
  facet normal -0.825495 0.000165128 0.564409
    outer loop
      vertex -0.636842 -1.84485 0.429198
      vertex -0.631357 -1.86615 0.437226
      vertex -0.629085 -1.66 0.44049
    endloop
  endfacet
  facet normal -0.82066 8.83604e-7 0.571417
    outer loop
      vertex -0.629085 -1.66 0.44049
      vertex -0.631357 -1.86615 0.437226
      vertex -0.629126 -1.87372 0.440431
    endloop
  endfacet
  facet normal -0.905196 6.50201e-7 0.424993
    outer loop
      vertex -0.696018 -1.66 0.324558
      vertex -0.695987 -1.87372 0.324624
      vertex -0.694328 -1.86615 0.328158
    endloop
  endfacet
  facet normal -0.893103 0.00238836 0.449846
    outer loop
      vertex -0.681091 -1.77716 0.354814
      vertex -0.679465 -1.75374 0.357918
      vertex -0.696018 -1.66 0.324558
    endloop
  endfacet
  facet normal -0.893187 0.00233446 0.449678
    outer loop
      vertex -0.681091 -1.77716 0.354814
      vertex -0.696018 -1.66 0.324558
      vertex -0.683439 -1.80024 0.35027
    endloop
  endfacet
  facet normal -0.901539 0.000165142 0.432697
    outer loop
      vertex -0.694328 -1.86615 0.328158
      vertex -0.690118 -1.84485 0.336922
      vertex -0.696018 -1.66 0.324558
    endloop
  endfacet
  facet normal -0.897306 0.000882801 0.441407
    outer loop
      vertex -0.690118 -1.84485 0.336922
      vertex -0.686466 -1.82284 0.3443
      vertex -0.696018 -1.66 0.324558
    endloop
  endfacet
  facet normal -0.894528 0.00172496 0.44701
    outer loop
      vertex -0.696018 -1.66 0.324558
      vertex -0.686466 -1.82284 0.3443
      vertex -0.683439 -1.80024 0.35027
    endloop
  endfacet
  facet normal -0.893903 0.00168197 0.448257
    outer loop
      vertex -0.679465 -1.75374 0.357918
      vertex -0.678591 -1.73011 0.359574
      vertex -0.696018 -1.66 0.324558
    endloop
  endfacet
  facet normal -0.894811 0.000550975 0.446445
    outer loop
      vertex -0.678591 -1.73011 0.359574
      vertex -0.678433 -1.71503 0.359871
      vertex -0.696018 -1.66 0.324558
    endloop
  endfacet
  facet normal -0.886937 0.0128612 0.46171
    outer loop
      vertex -0.696018 -1.66 0.324558
      vertex -0.678433 -1.71503 0.359871
      vertex -0.665082 -1.66 0.383985
    endloop
  endfacet
  facet normal -0.874859 0 0.484377
    outer loop
      vertex -0.678433 -1.71503 0.359871
      vertex -0.665082 -1.71475 0.383985
      vertex -0.665082 -1.66 0.383985
    endloop
  endfacet
  facet normal -0.843391 0 0.5373
    outer loop
      vertex -0.665082 -1.66 0.383985
      vertex -0.665082 -1.71475 0.383985
      vertex -0.629085 -1.66 0.44049
    endloop
  endfacet
  facet normal -0.856335 0.0310207 0.515488
    outer loop
      vertex -0.665082 -1.71475 0.383985
      vertex -0.650874 -1.71503 0.407605
      vertex -0.629085 -1.66 0.44049
    endloop
  endfacet
  facet normal -0.834036 0.000549911 0.551709
    outer loop
      vertex -0.629085 -1.66 0.44049
      vertex -0.650874 -1.71503 0.407605
      vertex -0.650696 -1.73011 0.40789
    endloop
  endfacet
  facet normal -0.923641 0.0227351 0.382585
    outer loop
      vertex -0.720638 -1.87929 0.265441
      vertex -0.697264 -1.87929 0.321873
      vertex -0.721681 -1.87372 0.262594
    endloop
  endfacet
  facet normal -0.92364 0.0227398 0.382585
    outer loop
      vertex -0.697264 -1.87929 0.321873
      vertex -0.695987 -1.87372 0.324624
      vertex -0.721681 -1.87372 0.262594
    endloop
  endfacet
  facet normal -0.923879 -1.47818e-5 0.382684
    outer loop
      vertex -0.721681 -1.87372 0.262594
      vertex -0.695987 -1.87372 0.324624
      vertex -0.721656 -1.66 0.262661
    endloop
  endfacet
  facet normal -0.92388 -1.49443e-5 0.382683
    outer loop
      vertex -0.695987 -1.87372 0.324624
      vertex -0.696018 -1.66 0.324558
      vertex -0.721656 -1.66 0.262661
    endloop
  endfacet
  facet normal -0.949049 0.00168006 0.315123
    outer loop
      vertex -0.721656 -1.66 0.262661
      vertex -0.734093 -1.73011 0.225579
      vertex -0.733541 -1.75374 0.227368
    endloop
  endfacet
  facet normal -0.949609 0.00238893 0.313429
    outer loop
      vertex -0.733541 -1.75374 0.227368
      vertex -0.732496 -1.77716 0.230713
      vertex -0.721656 -1.66 0.262661
    endloop
  endfacet
  facet normal -0.949549 0.00233384 0.313611
    outer loop
      vertex -0.732496 -1.77716 0.230713
      vertex -0.730943 -1.80024 0.235586
      vertex -0.721656 -1.66 0.262661
    endloop
  endfacet
  facet normal -0.948611 0.00172542 0.31644
    outer loop
      vertex -0.721656 -1.66 0.262661
      vertex -0.730943 -1.80024 0.235586
      vertex -0.728862 -1.82284 0.241948
    endloop
  endfacet
  facet normal -0.946614 0.000883005 0.322369
    outer loop
      vertex -0.728862 -1.82284 0.241948
      vertex -0.726227 -1.84485 0.249747
      vertex -0.721656 -1.66 0.262661
    endloop
  endfacet
  facet normal -0.943446 0.000165008 0.331525
    outer loop
      vertex -0.726227 -1.84485 0.249747
      vertex -0.723007 -1.86615 0.258921
      vertex -0.721656 -1.66 0.262661
    endloop
  endfacet
  facet normal -0.94059 8.18357e-7 0.339543
    outer loop
      vertex -0.721656 -1.66 0.262661
      vertex -0.723007 -1.86615 0.258921
      vertex -0.721681 -1.87372 0.262594
    endloop
  endfacet
  facet normal -0.984347 7.88595e-7 0.176239
    outer loop
      vertex -0.756303 -1.66 0.133357
      vertex -0.756291 -1.87372 0.133428
      vertex -0.755603 -1.86615 0.137271
    endloop
  endfacet
  facet normal -0.9791 0.00238889 0.203367
    outer loop
      vertex -0.749717 -1.77716 0.166445
      vertex -0.748949 -1.75374 0.169864
      vertex -0.756303 -1.66 0.133357
    endloop
  endfacet
  facet normal -0.979139 0.00233385 0.20318
    outer loop
      vertex -0.749717 -1.77716 0.166445
      vertex -0.756303 -1.66 0.133357
      vertex -0.750808 -1.80024 0.161448
    endloop
  endfacet
  facet normal -0.982811 0.000165089 0.184617
    outer loop
      vertex -0.755603 -1.86615 0.137271
      vertex -0.753804 -1.84485 0.146826
      vertex -0.756303 -1.66 0.133357
    endloop
  endfacet
  facet normal -0.980976 0.0008828 0.194127
    outer loop
      vertex -0.753804 -1.84485 0.146826
      vertex -0.752187 -1.82284 0.154898
      vertex -0.756303 -1.66 0.133357
    endloop
  endfacet
  facet normal -0.979741 0.00172527 0.20026
    outer loop
      vertex -0.756303 -1.66 0.133357
      vertex -0.752187 -1.82284 0.154898
      vertex -0.750808 -1.80024 0.161448
    endloop
  endfacet
  facet normal -0.979461 0.00168194 0.201625
    outer loop
      vertex -0.748949 -1.75374 0.169864
      vertex -0.748533 -1.73011 0.17169
      vertex -0.756303 -1.66 0.133357
    endloop
  endfacet
  facet normal -0.97987 0.000549931 0.199637
    outer loop
      vertex -0.748533 -1.73011 0.17169
      vertex -0.748458 -1.71503 0.172017
      vertex -0.756303 -1.66 0.133357
    endloop
  endfacet
  facet normal -0.976215 0.0128612 0.216422
    outer loop
      vertex -0.756303 -1.66 0.133357
      vertex -0.748458 -1.71503 0.172017
      vertex -0.741803 -1.66 0.198765
    endloop
  endfacet
  facet normal -0.970415 0 0.241442
    outer loop
      vertex -0.748458 -1.71503 0.172017
      vertex -0.741803 -1.71475 0.198765
      vertex -0.741803 -1.66 0.198765
    endloop
  endfacet
  facet normal -0.953717 0 0.300706
    outer loop
      vertex -0.741803 -1.66 0.198765
      vertex -0.741803 -1.71475 0.198765
      vertex -0.721656 -1.66 0.262661
    endloop
  endfacet
  facet normal -0.960574 0.0310199 0.276287
    outer loop
      vertex -0.741803 -1.71475 0.198765
      vertex -0.734192 -1.71503 0.225257
      vertex -0.721656 -1.66 0.262661
    endloop
  endfacet
  facet normal -0.948411 0.000551334 0.317043
    outer loop
      vertex -0.721656 -1.66 0.262661
      vertex -0.734192 -1.71503 0.225257
      vertex -0.734093 -1.73011 0.225579
    endloop
  endfacet
  facet normal -0.991188 0.0227395 0.130492
    outer loop
      vertex -0.764784 -1.87929 0.0698819
      vertex -0.756812 -1.87929 0.13044
      vertex -0.765054 -1.87372 0.0668612
    endloop
  endfacet
  facet normal -0.991189 0.022732 0.130492
    outer loop
      vertex -0.756812 -1.87929 0.13044
      vertex -0.756291 -1.87372 0.133428
      vertex -0.765054 -1.87372 0.0668612
    endloop
  endfacet
  facet normal -0.991445 -1.49437e-5 0.130526
    outer loop
      vertex -0.765054 -1.87372 0.0668612
      vertex -0.756291 -1.87372 0.133428
      vertex -0.765048 -1.66 0.066933
    endloop
  endfacet
  facet normal -0.991445 -1.4813e-5 0.130526
    outer loop
      vertex -0.756291 -1.87372 0.133428
      vertex -0.756303 -1.66 0.133357
      vertex -0.765048 -1.66 0.066933
    endloop
  endfacet
  facet normal -0.998271 0.00168142 0.0587507
    outer loop
      vertex -0.765048 -1.66 0.066933
      vertex -0.767464 -1.73011 0.0278951
      vertex -0.767393 -1.75374 0.0297663
    endloop
  endfacet
  facet normal -0.998373 0.00238751 0.0569761
    outer loop
      vertex -0.767393 -1.75374 0.0297663
      vertex -0.76725 -1.77716 0.0332676
      vertex -0.765048 -1.66 0.066933
    endloop
  endfacet
  facet normal -0.998362 0.00233429 0.0571607
    outer loop
      vertex -0.76725 -1.77716 0.0332676
      vertex -0.767011 -1.80024 0.0383766
      vertex -0.765048 -1.66 0.066933
    endloop
  endfacet
  facet normal -0.998188 0.00172461 0.0601429
    outer loop
      vertex -0.765048 -1.66 0.066933
      vertex -0.767011 -1.80024 0.0383766
      vertex -0.766647 -1.82284 0.0450603
    endloop
  endfacet
  facet normal -0.997794 0.000883492 0.0663764
    outer loop
      vertex -0.766647 -1.82284 0.0450603
      vertex -0.76612 -1.84485 0.0532759
      vertex -0.765048 -1.66 0.066933
    endloop
  endfacet
  facet normal -0.997104 0.000164864 0.0760492
    outer loop
      vertex -0.76612 -1.84485 0.0532759
      vertex -0.765384 -1.86615 0.0629706
      vertex -0.765048 -1.66 0.066933
    endloop
  endfacet
  facet normal -0.996421 6.55378e-7 0.0845345
    outer loop
      vertex -0.765048 -1.66 0.066933
      vertex -0.765384 -1.86615 0.0629706
      vertex -0.765054 -1.87372 0.0668612
    endloop
  endfacet
  facet normal -0.998373 0.00238751 -0.0569761
    outer loop
      vertex -0.76725 -1.77716 -0.0332676
      vertex -0.767393 -1.75374 -0.0297663
      vertex -0.765048 -1.66 -0.066933
    endloop
  endfacet
  facet normal -0.997794 0.000883492 -0.0663764
    outer loop
      vertex -0.76612 -1.84485 -0.0532759
      vertex -0.766647 -1.82284 -0.0450603
      vertex -0.765048 -1.66 -0.066933
    endloop
  endfacet
  facet normal -0.998188 0.00172461 -0.0601429
    outer loop
      vertex -0.766647 -1.82284 -0.0450603
      vertex -0.767011 -1.80024 -0.0383766
      vertex -0.765048 -1.66 -0.066933
    endloop
  endfacet
  facet normal -0.998362 0.00233429 -0.0571607
    outer loop
      vertex -0.765048 -1.66 -0.066933
      vertex -0.767011 -1.80024 -0.0383766
      vertex -0.76725 -1.77716 -0.0332676
    endloop
  endfacet
  facet normal -0.984347 7.88595e-7 -0.176239
    outer loop
      vertex -0.755603 -1.86615 -0.137271
      vertex -0.756291 -1.87372 -0.133428
      vertex -0.756303 -1.66 -0.133357
    endloop
  endfacet
  facet normal -0.991445 -1.48131e-5 -0.130526
    outer loop
      vertex -0.756291 -1.87372 -0.133428
      vertex -0.765054 -1.87372 -0.0668612
      vertex -0.756303 -1.66 -0.133357
    endloop
  endfacet
  facet normal -0.991445 -1.49438e-5 -0.130526
    outer loop
      vertex -0.756303 -1.66 -0.133357
      vertex -0.765054 -1.87372 -0.0668612
      vertex -0.765048 -1.66 -0.066933
    endloop
  endfacet
  facet normal -0.996421 6.55378e-7 -0.0845345
    outer loop
      vertex -0.765054 -1.87372 -0.0668612
      vertex -0.765384 -1.86615 -0.0629706
      vertex -0.765048 -1.66 -0.066933
    endloop
  endfacet
  facet normal -0.997104 0.000164864 -0.0760492
    outer loop
      vertex -0.765048 -1.66 -0.066933
      vertex -0.765384 -1.86615 -0.0629706
      vertex -0.76612 -1.84485 -0.0532759
    endloop
  endfacet
  facet normal -0.998271 0.00168142 -0.0587507
    outer loop
      vertex -0.767393 -1.75374 -0.0297663
      vertex -0.767464 -1.73011 -0.0278951
      vertex -0.765048 -1.66 -0.066933
    endloop
  endfacet
  facet normal -0.998152 0.000553496 -0.0607691
    outer loop
      vertex -0.767464 -1.73011 -0.0278951
      vertex -0.767476 -1.71503 -0.0275591
      vertex -0.765048 -1.66 -0.066933
    endloop
  endfacet
  facet normal -0.998966 0.0128607 -0.043616
    outer loop
      vertex -0.765048 -1.66 -0.066933
      vertex -0.767476 -1.71503 -0.0275591
      vertex -0.767971 -1.66 -2.86945e-15
    endloop
  endfacet
  facet normal -0.999839 -1.20978e-15 -0.0179477
    outer loop
      vertex -0.767476 -1.71503 -0.0275591
      vertex -0.767971 -1.71475 8.24224e-16
      vertex -0.767971 -1.66 -2.86945e-15
    endloop
  endfacet
  facet normal -0.999048 2.94264e-15 0.0436196
    outer loop
      vertex -0.767971 -1.66 -2.86945e-15
      vertex -0.767971 -1.71475 8.24224e-16
      vertex -0.765048 -1.66 0.066933
    endloop
  endfacet
  facet normal -0.999352 0.0310171 0.0182603
    outer loop
      vertex -0.767971 -1.71475 8.24224e-16
      vertex -0.767476 -1.71503 0.0275591
      vertex -0.765048 -1.66 0.066933
    endloop
  endfacet
  facet normal -0.998152 0.000553496 0.0607691
    outer loop
      vertex -0.765048 -1.66 0.066933
      vertex -0.767476 -1.71503 0.0275591
      vertex -0.767464 -1.73011 0.0278951
    endloop
  endfacet
  facet normal 0.615662 0 -0.78801
    outer loop
      vertex -0.629275 -0.0393701 -0.491644
      vertex -0.629275 -1.64233 -0.491644
      vertex -0.648292 -0.0393701 -0.506502
    endloop
  endfacet
  facet normal 0.615662 0 -0.78801
    outer loop
      vertex -0.629275 -1.64233 -0.491644
      vertex -0.648292 -1.6284 -0.506502
      vertex -0.648292 -0.0393701 -0.506502
    endloop
  endfacet
  facet normal -0.997564 0 -0.0697547
    outer loop
      vertex -0.821567 -1.6284 -0.0430565
      vertex -0.821567 -0.0393701 -0.0430565
      vertex -0.819564 -1.6284 -0.0717026
    endloop
  endfacet
  facet normal -0.996067 0.000341683 -0.0886036
    outer loop
      vertex -0.821567 -0.0393701 -0.0430565
      vertex -0.816268 -0.0393701 -0.102636
      vertex -0.819564 -1.6284 -0.0717026
    endloop
  endfacet
  facet normal -0.994369 0 -0.105975
    outer loop
      vertex -0.819564 -1.6284 -0.0717026
      vertex -0.816268 -0.0393701 -0.102636
      vertex -0.816268 -1.6284 -0.102636
    endloop
  endfacet
  facet normal -0.9888 0 -0.149248
    outer loop
      vertex -0.816268 -1.6284 -0.102636
      vertex -0.816268 -0.0393701 -0.102636
      vertex -0.810196 -1.6284 -0.142859
    endloop
  endfacet
  facet normal -0.986996 0.00029786 -0.160743
    outer loop
      vertex -0.816268 -0.0393701 -0.102636
      vertex -0.806653 -0.0393701 -0.161673
      vertex -0.810196 -1.6284 -0.142859
    endloop
  endfacet
  facet normal -0.982721 0 -0.185096
    outer loop
      vertex -0.810196 -1.6284 -0.142859
      vertex -0.806653 -0.0393701 -0.161673
      vertex -0.806653 -1.6284 -0.161673
    endloop
  endfacet
  facet normal -0.972708 0 -0.232031
    outer loop
      vertex -0.792774 -0.0393701 -0.219856
      vertex -0.792774 -1.6284 -0.219856
      vertex -0.806653 -0.0393701 -0.161673
    endloop
  endfacet
  facet normal -0.964787 0.00120422 -0.26303
    outer loop
      vertex -0.792774 -1.6284 -0.219856
      vertex -0.794662 -1.6284 -0.212929
      vertex -0.806653 -0.0393701 -0.161673
    endloop
  endfacet
  facet normal -0.973712 0 -0.227785
    outer loop
      vertex -0.806653 -0.0393701 -0.161673
      vertex -0.794662 -1.6284 -0.212929
      vertex -0.806653 -1.6284 -0.161673
    endloop
  endfacet
  facet normal 0.267239 0 -0.96363
    outer loop
      vertex -0.769518 -0.0393701 -0.213406
      vertex -0.769518 -1.64233 -0.213406
      vertex -0.792774 -0.0393701 -0.219856
    endloop
  endfacet
  facet normal 0.267239 0 -0.96363
    outer loop
      vertex -0.769518 -1.64233 -0.213406
      vertex -0.792774 -1.6284 -0.219856
      vertex -0.792774 -0.0393701 -0.219856
    endloop
  endfacet
  facet normal 0.994522 0 -0.104528
    outer loop
      vertex 0.792609 -1.64233 -0.0973202
      vertex 0.792609 -0.0393701 -0.0973202
      vertex 0.795523 -1.64233 -0.0695992
    endloop
  endfacet
  facet normal 0.996917 0.000455191 -0.0784583
    outer loop
      vertex 0.792609 -0.0393701 -0.0973202
      vertex 0.798075 -0.0393701 -0.0278694
      vertex 0.795523 -1.64233 -0.0695992
    endloop
  endfacet
  facet normal 0.998135 0 -0.0610475
    outer loop
      vertex 0.795523 -1.64233 -0.0695992
      vertex 0.798075 -0.0393701 -0.0278694
      vertex 0.798075 -1.64233 -0.0278694
    endloop
  endfacet
  facet normal 0.999848 0 -0.0174533
    outer loop
      vertex 0.798075 -1.64233 -0.0278694
      vertex 0.798075 -0.0393701 -0.0278694
      vertex 0.798562 -1.64233 5.80847e-16
    endloop
  endfacet
  facet normal 0.999962 0.000455199 0.00872636
    outer loop
      vertex 0.798075 -0.0393701 -0.0278694
      vertex 0.797467 -0.0393701 0.0417935
      vertex 0.798562 -1.64233 5.80847e-16
    endloop
  endfacet
  facet normal 0.999657 0 0.0261773
    outer loop
      vertex 0.798562 -1.64233 5.80847e-16
      vertex 0.797467 -0.0393701 0.0417935
      vertex 0.797467 -1.64233 0.0417935
    endloop
  endfacet
  facet normal -0.656059 0 -0.754709
    outer loop
      vertex -0.55049 -1.6284 -0.611381
      vertex -0.55049 -0.0393701 -0.611381
      vertex -0.528818 -1.6284 -0.630221
    endloop
  endfacet
  facet normal -0.641673 0.00034168 -0.766979
    outer loop
      vertex -0.55049 -0.0393701 -0.611381
      vertex -0.504614 -0.0393701 -0.649763
      vertex -0.528818 -1.6284 -0.630221
    endloop
  endfacet
  facet normal -0.628189 0 -0.778061
    outer loop
      vertex -0.528818 -1.6284 -0.630221
      vertex -0.504614 -0.0393701 -0.649763
      vertex -0.504614 -1.6284 -0.649763
    endloop
  endfacet
  facet normal -0.593654 0 -0.804721
    outer loop
      vertex -0.504614 -1.6284 -0.649763
      vertex -0.504614 -0.0393701 -0.649763
      vertex -0.471878 -1.6284 -0.673912
    endloop
  endfacet
  facet normal -0.58425 0.000297881 -0.811574
    outer loop
      vertex -0.504614 -0.0393701 -0.649763
      vertex -0.456069 -0.0393701 -0.68471
      vertex -0.471878 -1.6284 -0.673912
    endloop
  endfacet
  facet normal -0.564005 0 -0.825771
    outer loop
      vertex -0.471878 -1.6284 -0.673912
      vertex -0.456069 -0.0393701 -0.68471
      vertex -0.456069 -1.6284 -0.68471
    endloop
  endfacet
  facet normal -0.523738 0 -0.851879
    outer loop
      vertex -0.405114 -0.0393701 -0.716037
      vertex -0.405114 -1.6284 -0.716037
      vertex -0.456069 -0.0393701 -0.68471
    endloop
  endfacet
  facet normal -0.496216 0.0012043 -0.868199
    outer loop
      vertex -0.405114 -1.6284 -0.716037
      vertex -0.411347 -1.6284 -0.712475
      vertex -0.456069 -0.0393701 -0.68471
    endloop
  endfacet
  facet normal -0.527451 0 -0.849586
    outer loop
      vertex -0.456069 -0.0393701 -0.68471
      vertex -0.411347 -1.6284 -0.712475
      vertex -0.456069 -1.6284 -0.68471
    endloop
  endfacet
  facet normal -0.777145 0 -0.629321
    outer loop
      vertex -0.629275 -1.64233 -0.491644
      vertex -0.629275 -0.0393701 -0.491644
      vertex -0.611734 -1.64233 -0.513306
    endloop
  endfacet
  facet normal -0.760406 0.000455171 -0.649448
    outer loop
      vertex -0.629275 -0.0393701 -0.491644
      vertex -0.584031 -0.0393701 -0.544618
      vertex -0.611734 -1.64233 -0.513306
    endloop
  endfacet
  facet normal -0.748956 0 -0.66262
    outer loop
      vertex -0.611734 -1.64233 -0.513306
      vertex -0.584031 -0.0393701 -0.544618
      vertex -0.584031 -1.64233 -0.544618
    endloop
  endfacet
  facet normal -0.719339 0 -0.694659
    outer loop
      vertex -0.584031 -1.64233 -0.544618
      vertex -0.584031 -0.0393701 -0.544618
      vertex -0.564668 -1.64233 -0.564668
    endloop
  endfacet
  facet normal -0.700909 0.000455179 -0.713251
    outer loop
      vertex -0.584031 -0.0393701 -0.544618
      vertex -0.534342 -0.0393701 -0.593447
      vertex -0.564668 -1.64233 -0.564668
    endloop
  endfacet
  facet normal -0.688355 0 -0.725374
    outer loop
      vertex -0.564668 -1.64233 -0.564668
      vertex -0.534342 -0.0393701 -0.593447
      vertex -0.534342 -1.64233 -0.593447
    endloop
  endfacet
  facet normal -0.743145 0 0.669131
    outer loop
      vertex -0.55049 -0.0393701 -0.611381
      vertex -0.55049 -1.6284 -0.611381
      vertex -0.534342 -0.0393701 -0.593447
    endloop
  endfacet
  facet normal -0.743145 0 0.669131
    outer loop
      vertex -0.55049 -1.6284 -0.611381
      vertex -0.534342 -1.64233 -0.593447
      vertex -0.534342 -0.0393701 -0.593447
    endloop
  endfacet
  facet normal 0.121869 0 0.992546
    outer loop
      vertex 0.792609 -0.0393701 -0.0973202
      vertex 0.792609 -1.64233 -0.0973202
      vertex 0.816563 -0.0393701 -0.100261
    endloop
  endfacet
  facet normal 0.121869 0 0.992546
    outer loop
      vertex 0.792609 -1.64233 -0.0973202
      vertex 0.816563 -1.6284 -0.100261
      vertex 0.816563 -0.0393701 -0.100261
    endloop
  endfacet
  facet normal -0.299319 0 -0.954153
    outer loop
      vertex -0.274621 -1.6284 -0.775506
      vertex -0.274621 -0.0393701 -0.775506
      vertex -0.217549 -0.0393701 -0.79341
    endloop
  endfacet
  facet normal -0.296542 -0.000109533 -0.95502
    outer loop
      vertex -0.274621 -1.6284 -0.775506
      vertex -0.217549 -0.0393701 -0.79341
      vertex -0.212929 -1.6284 -0.794662
    endloop
  endfacet
  facet normal -0.2292 0.000100705 -0.973379
    outer loop
      vertex -0.217549 -0.0393701 -0.79341
      vertex -0.159326 -0.0393701 -0.80712
      vertex -0.212929 -1.6284 -0.794662
    endloop
  endfacet
  facet normal -0.226369 0 -0.974042
    outer loop
      vertex -0.212929 -1.6284 -0.794662
      vertex -0.159326 -0.0393701 -0.80712
      vertex -0.159326 -1.6284 -0.80712
    endloop
  endfacet
  facet normal -0.183664 0 -0.982989
    outer loop
      vertex -0.159326 -1.6284 -0.80712
      vertex -0.159326 -0.0393701 -0.80712
      vertex -0.142859 -1.6284 -0.810196
    endloop
  endfacet
  facet normal -0.157871 0.000275946 -0.98746
    outer loop
      vertex -0.159326 -0.0393701 -0.80712
      vertex -0.100261 -0.0393701 -0.816563
      vertex -0.142859 -1.6284 -0.810196
    endloop
  endfacet
  facet normal -0.14781 0 -0.989016
    outer loop
      vertex -0.142859 -1.6284 -0.810196
      vertex -0.100261 -0.0393701 -0.816563
      vertex -0.100261 -1.6284 -0.816563
    endloop
  endfacet
  facet normal -0.200252 -0.346847 0.916295
    outer loop
      vertex -0.76612 -1.84485 -0.0532759
      vertex -0.628308 -1.90271 -0.0450603
      vertex -0.766647 -1.82284 -0.0450603
    endloop
  endfacet
  facet normal -0.162914 -0.282175 0.945429
    outer loop
      vertex -0.628308 -1.90271 -0.0450603
      vertex -0.628751 -1.88006 -0.0383766
      vertex -0.766647 -1.82284 -0.0450603
    endloop
  endfacet
  facet normal -0.162914 -0.282175 0.945429
    outer loop
      vertex -0.766647 -1.82284 -0.0450603
      vertex -0.628751 -1.88006 -0.0383766
      vertex -0.767011 -1.80024 -0.0383766
    endloop
  endfacet
  facet normal -0.124529 -0.21569 0.968489
    outer loop
      vertex -0.628751 -1.88006 -0.0383766
      vertex -0.629042 -1.85696 -0.0332676
      vertex -0.767011 -1.80024 -0.0383766
    endloop
  endfacet
  facet normal -0.124529 -0.21569 0.968489
    outer loop
      vertex -0.767011 -1.80024 -0.0383766
      vertex -0.629042 -1.85696 -0.0332676
      vertex -0.76725 -1.77716 -0.0332676
    endloop
  endfacet
  facet normal -0.0853435 -0.147819 0.985325
    outer loop
      vertex -0.629042 -1.85696 -0.0332676
      vertex -0.629218 -1.83351 -0.0297663
      vertex -0.76725 -1.77716 -0.0332676
    endloop
  endfacet
  facet normal -0.0853434 -0.147819 0.985325
    outer loop
      vertex -0.76725 -1.77716 -0.0332676
      vertex -0.629218 -1.83351 -0.0297663
      vertex -0.767393 -1.75374 -0.0297663
    endloop
  endfacet
  facet normal -0.0456095 -0.0789979 0.995831
    outer loop
      vertex -0.629218 -1.83351 -0.0297663
      vertex -0.629303 -1.80988 -0.0278951
      vertex -0.767393 -1.75374 -0.0297663
    endloop
  endfacet
  facet normal -0.0456096 -0.0789981 0.995831
    outer loop
      vertex -0.767393 -1.75374 -0.0297663
      vertex -0.629303 -1.80988 -0.0278951
      vertex -0.767464 -1.73011 -0.0278951
    endloop
  endfacet
  facet normal -0.0128706 -0.0222925 0.999669
    outer loop
      vertex -0.629303 -1.80988 -0.0278951
      vertex -0.629318 -1.7948 -0.0275591
      vertex -0.767464 -1.73011 -0.0278951
    endloop
  endfacet
  facet normal -0.0128706 -0.0222925 0.999669
    outer loop
      vertex -0.767464 -1.73011 -0.0278951
      vertex -0.629318 -1.7948 -0.0275591
      vertex -0.767476 -1.71503 -0.0275591
    endloop
  endfacet
  facet normal -0.270436 -0.469172 0.840679
    outer loop
      vertex -0.764784 -1.87929 -0.0698819
      vertex -0.626041 -1.95913 -0.0698086
      vertex -0.765054 -1.87372 -0.0668612
    endloop
  endfacet
  facet normal -0.265797 -0.461812 0.846216
    outer loop
      vertex -0.626041 -1.95913 -0.0698086
      vertex -0.626766 -1.94618 -0.0629706
      vertex -0.765054 -1.87372 -0.0668612
    endloop
  endfacet
  facet normal -0.260045 -0.450411 0.854111
    outer loop
      vertex -0.765054 -1.87372 -0.0668612
      vertex -0.626766 -1.94618 -0.0629706
      vertex -0.765384 -1.86615 -0.0629706
    endloop
  endfacet
  facet normal -0.239257 -0.414405 0.87808
    outer loop
      vertex -0.626766 -1.94618 -0.0629706
      vertex -0.627533 -1.92842 -0.0547975
      vertex -0.765384 -1.86615 -0.0629706
    endloop
  endfacet
  facet normal -0.237099 -0.409233 0.881086
    outer loop
      vertex -0.765384 -1.86615 -0.0629706
      vertex -0.627533 -1.92842 -0.0547975
      vertex -0.76612 -1.84485 -0.0532759
    endloop
  endfacet
  facet normal -0.221469 -0.383595 0.896552
    outer loop
      vertex -0.627533 -1.92842 -0.0547975
      vertex -0.627664 -1.92479 -0.0532759
      vertex -0.76612 -1.84485 -0.0532759
    endloop
  endfacet
  facet normal -0.200252 -0.346846 0.916295
    outer loop
      vertex -0.76612 -1.84485 -0.0532759
      vertex -0.627664 -1.92479 -0.0532759
      vertex -0.628308 -1.90271 -0.0450603
    endloop
  endfacet
  facet normal 0.870355 0 -0.492424
    outer loop
      vertex -0.393231 -0.0393701 -0.695033
      vertex -0.393231 -1.64233 -0.695033
      vertex -0.405114 -0.0393701 -0.716037
    endloop
  endfacet
  facet normal 0.870355 0 -0.492424
    outer loop
      vertex -0.393231 -1.64233 -0.695033
      vertex -0.405114 -1.6284 -0.716037
      vertex -0.405114 -0.0393701 -0.716037
    endloop
  endfacet
  facet normal 0.991445 2.41773e-6 0.130526
    outer loop
      vertex -0.620333 -1.92842 -0.109487
      vertex -0.620351 -0.0393701 -0.109385
      vertex -0.627524 -0.0393701 -0.0549013
    endloop
  endfacet
  facet normal 0.99134 -0.0134977 0.130626
    outer loop
      vertex -0.626041 -1.95913 -0.0698086
      vertex -0.622749 -1.95906 -0.0947854
      vertex -0.626766 -1.94618 -0.0629706
    endloop
  endfacet
  facet normal 0.991358 -0.0132179 0.130515
    outer loop
      vertex -0.622749 -1.95906 -0.0947854
      vertex -0.621707 -1.94618 -0.101394
      vertex -0.626766 -1.94618 -0.0629706
    endloop
  endfacet
  facet normal 0.991298 -0.0172273 0.130507
    outer loop
      vertex -0.626766 -1.94618 -0.0629706
      vertex -0.621707 -1.94618 -0.101394
      vertex -0.627533 -1.92842 -0.0547975
    endloop
  endfacet
  facet normal 0.991298 -0.0172284 0.130507
    outer loop
      vertex -0.621707 -1.94618 -0.101394
      vertex -0.620333 -1.92842 -0.109487
      vertex -0.627533 -1.92842 -0.0547975
    endloop
  endfacet
  facet normal 0.991445 2.39831e-6 0.130527
    outer loop
      vertex -0.620333 -1.92842 -0.109487
      vertex -0.627524 -0.0393701 -0.0549013
      vertex -0.627533 -1.92842 -0.0547975
    endloop
  endfacet
  facet normal 0.997093 -6.13553e-7 0.0761979
    outer loop
      vertex -0.627533 -1.92842 -0.0547975
      vertex -0.627524 -0.0393701 -0.0549013
      vertex -0.628573 -1.86161 -0.0411879
    endloop
  endfacet
  facet normal 0.998199 -0.00148774 0.0599684
    outer loop
      vertex -0.629218 -1.83351 -0.0297663
      vertex -0.629042 -1.85696 -0.0332676
      vertex -0.628573 -1.86161 -0.0411879
    endloop
  endfacet
  facet normal 0.998232 -0.000569464 0.0594307
    outer loop
      vertex -0.629042 -1.85696 -0.0332676
      vertex -0.628751 -1.88006 -0.0383766
      vertex -0.628573 -1.86161 -0.0411879
    endloop
  endfacet
  facet normal 0.997873 0.000310672 0.0651852
    outer loop
      vertex -0.628751 -1.88006 -0.0383766
      vertex -0.628308 -1.90271 -0.0450603
      vertex -0.628573 -1.86161 -0.0411879
    endloop
  endfacet
  facet normal 0.996688 -0.00121577 0.0813064
    outer loop
      vertex -0.628308 -1.90271 -0.0450603
      vertex -0.627664 -1.92479 -0.0532759
      vertex -0.628573 -1.86161 -0.0411879
    endloop
  endfacet
  facet normal 0.99549 -0.00381279 0.0947899
    outer loop
      vertex -0.628573 -1.86161 -0.0411879
      vertex -0.627664 -1.92479 -0.0532759
      vertex -0.627533 -1.92842 -0.0547975
    endloop
  endfacet
  facet normal 0.998265 -0.00103992 -0.0588706
    outer loop
      vertex -0.629303 -1.80988 0.0278951
      vertex -0.628573 -1.86161 0.0411879
      vertex -0.629218 -1.83351 0.0297663
    endloop
  endfacet
  facet normal 0.998199 -0.00148774 -0.0599684
    outer loop
      vertex -0.628573 -1.86161 0.0411879
      vertex -0.629042 -1.85696 0.0332676
      vertex -0.629218 -1.83351 0.0297663
    endloop
  endfacet
  facet normal 0.99549 -0.00381279 -0.0947899
    outer loop
      vertex -0.628573 -1.86161 0.0411879
      vertex -0.627533 -1.92842 0.0547975
      vertex -0.627664 -1.92479 0.0532759
    endloop
  endfacet
  facet normal 0.996688 -0.00121577 -0.0813064
    outer loop
      vertex -0.627664 -1.92479 0.0532759
      vertex -0.628308 -1.90271 0.0450603
      vertex -0.628573 -1.86161 0.0411879
    endloop
  endfacet
  facet normal 0.997873 0.000310672 -0.0651852
    outer loop
      vertex -0.628308 -1.90271 0.0450603
      vertex -0.628751 -1.88006 0.0383766
      vertex -0.628573 -1.86161 0.0411879
    endloop
  endfacet
  facet normal 0.998232 -0.000569464 -0.0594307
    outer loop
      vertex -0.628573 -1.86161 0.0411879
      vertex -0.628751 -1.88006 0.0383766
      vertex -0.629042 -1.85696 0.0332676
    endloop
  endfacet
  facet normal 0.999048 -0.00034154 -0.0436203
    outer loop
      vertex -0.627524 -0.0393701 0.0549013
      vertex -0.629318 -1.7948 0.0275591
      vertex -0.629921 -0.0393701 -6.36626e-16
    endloop
  endfacet
  facet normal 0.999761 -1.48407e-18 -0.0218808
    outer loop
      vertex -0.629318 -1.7948 0.0275591
      vertex -0.629921 -1.79445 -5.20911e-16
      vertex -0.629921 -0.0393701 -6.36626e-16
    endloop
  endfacet
  facet normal 0.999048 2.87594e-18 0.0436203
    outer loop
      vertex -0.629921 -0.0393701 -6.36626e-16
      vertex -0.629921 -1.79445 -5.20911e-16
      vertex -0.627524 -0.0393701 -0.0549013
    endloop
  endfacet
  facet normal 0.99976 -0.000680744 0.0218894
    outer loop
      vertex -0.629921 -1.79445 -5.20911e-16
      vertex -0.629318 -1.7948 -0.0275591
      vertex -0.627524 -0.0393701 -0.0549013
    endloop
  endfacet
  facet normal 0.998467 -0.000158342 0.0553439
    outer loop
      vertex -0.627524 -0.0393701 -0.0549013
      vertex -0.629318 -1.7948 -0.0275591
      vertex -0.628573 -1.86161 -0.0411879
    endloop
  endfacet
  facet normal 0.998439 -0.000264166 0.0558611
    outer loop
      vertex -0.629318 -1.7948 -0.0275591
      vertex -0.629303 -1.80988 -0.0278951
      vertex -0.628573 -1.86161 -0.0411879
    endloop
  endfacet
  facet normal 0.998265 -0.00103992 0.0588706
    outer loop
      vertex -0.628573 -1.86161 -0.0411879
      vertex -0.629303 -1.80988 -0.0278951
      vertex -0.629218 -1.83351 -0.0297663
    endloop
  endfacet
  facet normal 0.991369 -0.0134992 -0.130402
    outer loop
      vertex -0.622777 -1.95913 0.0946014
      vertex -0.626062 -1.95906 0.0696237
      vertex -0.621707 -1.94618 0.101394
    endloop
  endfacet
  facet normal 0.991358 -0.0132164 -0.130515
    outer loop
      vertex -0.626062 -1.95906 0.0696237
      vertex -0.626766 -1.94618 0.0629706
      vertex -0.621707 -1.94618 0.101394
    endloop
  endfacet
  facet normal 0.991298 -0.0172286 -0.130507
    outer loop
      vertex -0.621707 -1.94618 0.101394
      vertex -0.626766 -1.94618 0.0629706
      vertex -0.620333 -1.92842 0.109487
    endloop
  endfacet
  facet normal 0.991298 -0.0172275 -0.130507
    outer loop
      vertex -0.626766 -1.94618 0.0629706
      vertex -0.627533 -1.92842 0.0547975
      vertex -0.620333 -1.92842 0.109487
    endloop
  endfacet
  facet normal 0.998439 -0.000264166 -0.0558611
    outer loop
      vertex -0.629303 -1.80988 0.0278951
      vertex -0.629318 -1.7948 0.0275591
      vertex -0.628573 -1.86161 0.0411879
    endloop
  endfacet
  facet normal 0.998467 -0.000158342 -0.0553439
    outer loop
      vertex -0.629318 -1.7948 0.0275591
      vertex -0.627524 -0.0393701 0.0549013
      vertex -0.628573 -1.86161 0.0411879
    endloop
  endfacet
  facet normal 0.997093 -6.13553e-7 -0.0761979
    outer loop
      vertex -0.628573 -1.86161 0.0411879
      vertex -0.627524 -0.0393701 0.0549013
      vertex -0.627533 -1.92842 0.0547975
    endloop
  endfacet
  facet normal 0.991445 2.39827e-6 -0.130526
    outer loop
      vertex -0.627524 -0.0393701 0.0549013
      vertex -0.620351 -0.0393701 0.109385
      vertex -0.627533 -1.92842 0.0547975
    endloop
  endfacet
  facet normal 0.991445 2.4177e-6 -0.130527
    outer loop
      vertex -0.627533 -1.92842 0.0547975
      vertex -0.620351 -0.0393701 0.109385
      vertex -0.620333 -1.92842 0.109487
    endloop
  endfacet
  facet normal 0.982839 -5.94269e-7 -0.184467
    outer loop
      vertex -0.620351 -0.0393701 0.109385
      vertex -0.617815 -1.86161 0.122902
      vertex -0.620333 -1.92842 0.109487
    endloop
  endfacet
  facet normal 0.979709 -0.00148886 -0.200421
    outer loop
      vertex -0.615482 -1.83351 0.134101
      vertex -0.616218 -1.85696 0.130674
      vertex -0.617815 -1.86161 0.122902
    endloop
  endfacet
  facet normal 0.979601 -0.000568792 -0.20095
    outer loop
      vertex -0.616218 -1.85696 0.130674
      vertex -0.61726 -1.88006 0.125664
      vertex -0.617815 -1.86161 0.122902
    endloop
  endfacet
  facet normal 0.980742 0.000310113 -0.195306
    outer loop
      vertex -0.61726 -1.88006 0.125664
      vertex -0.618561 -1.90271 0.119093
      vertex -0.617815 -1.86161 0.122902
    endloop
  endfacet
  facet normal 0.983769 -0.00121556 -0.179436
    outer loop
      vertex -0.618561 -1.90271 0.119093
      vertex -0.620066 -1.92479 0.110991
      vertex -0.617815 -1.86161 0.122902
    endloop
  endfacet
  facet normal 0.986119 -0.00383344 -0.165994
    outer loop
      vertex -0.617815 -1.86161 0.122902
      vertex -0.620066 -1.92479 0.110991
      vertex -0.620333 -1.92842 0.109487
    endloop
  endfacet
  facet normal 0.949012 -0.00103962 -0.315237
    outer loop
      vertex -0.600641 -1.80988 0.18982
      vertex -0.596495 -1.86161 0.202471
      vertex -0.600073 -1.83351 0.191606
    endloop
  endfacet
  facet normal 0.948664 -0.00148852 -0.316283
    outer loop
      vertex -0.596495 -1.86161 0.202471
      vertex -0.598998 -1.85696 0.194942
      vertex -0.600073 -1.83351 0.191606
    endloop
  endfacet
  facet normal 0.937029 -0.00381772 -0.349231
    outer loop
      vertex -0.596495 -1.86161 0.202471
      vertex -0.591968 -1.92842 0.215348
      vertex -0.592488 -1.92479 0.213912
    endloop
  endfacet
  facet normal 0.941683 -0.00121723 -0.3365
    outer loop
      vertex -0.592488 -1.92479 0.213912
      vertex -0.595236 -1.90271 0.206143
      vertex -0.596495 -1.86161 0.202471
    endloop
  endfacet
  facet normal 0.947001 0.000309519 -0.321232
    outer loop
      vertex -0.595236 -1.90271 0.206143
      vertex -0.597394 -1.88006 0.199802
      vertex -0.596495 -1.86161 0.202471
    endloop
  endfacet
  facet normal 0.948835 -0.000569725 -0.315772
    outer loop
      vertex -0.596495 -1.86161 0.202471
      vertex -0.597394 -1.88006 0.199802
      vertex -0.598998 -1.85696 0.194942
    endloop
  endfacet
  facet normal 0.953717 -0.000341543 -0.300706
    outer loop
      vertex -0.591932 -0.0393701 0.215446
      vertex -0.600742 -1.7948 0.1895
      vertex -0.608457 -0.0393701 0.163036
    endloop
  endfacet
  facet normal 0.960032 0 -0.279891
    outer loop
      vertex -0.600742 -1.7948 0.1895
      vertex -0.608457 -1.79445 0.163036
      vertex -0.608457 -0.0393701 0.163036
    endloop
  endfacet
  facet normal 0.976296 0 -0.21644
    outer loop
      vertex -0.608457 -0.0393701 0.163036
      vertex -0.608457 -1.79445 0.163036
      vertex -0.620351 -0.0393701 0.109385
    endloop
  endfacet
  facet normal 0.971359 -0.00068076 -0.237615
    outer loop
      vertex -0.608457 -1.79445 0.163036
      vertex -0.615007 -1.7948 0.13626
      vertex -0.620351 -0.0393701 0.109385
    endloop
  endfacet
  facet normal 0.97877 -0.000158279 -0.204961
    outer loop
      vertex -0.620351 -0.0393701 0.109385
      vertex -0.615007 -1.7948 0.13626
      vertex -0.617815 -1.86161 0.122902
    endloop
  endfacet
  facet normal 0.978876 -0.000264167 -0.204453
    outer loop
      vertex -0.615007 -1.7948 0.13626
      vertex -0.61508 -1.80988 0.135931
      vertex -0.617815 -1.86161 0.122902
    endloop
  endfacet
  facet normal 0.979488 -0.00104042 -0.2015
    outer loop
      vertex -0.617815 -1.86161 0.122902
      vertex -0.61508 -1.80988 0.135931
      vertex -0.615482 -1.83351 0.134101
    endloop
  endfacet
  facet normal 0.923838 -0.0134962 -0.382547
    outer loop
      vertex -0.577072 -1.95913 0.252565
      vertex -0.586709 -1.95906 0.229288
      vertex -0.57428 -1.94618 0.258849
    endloop
  endfacet
  facet normal 0.923799 -0.0132212 -0.38265
    outer loop
      vertex -0.586709 -1.95906 0.229288
      vertex -0.589111 -1.94618 0.223044
      vertex -0.57428 -1.94618 0.258849
    endloop
  endfacet
  facet normal 0.923742 -0.0172255 -0.382627
    outer loop
      vertex -0.57428 -1.94618 0.258849
      vertex -0.589111 -1.94618 0.223044
      vertex -0.570858 -1.92842 0.266311
    endloop
  endfacet
  facet normal 0.923742 -0.0172255 -0.382627
    outer loop
      vertex -0.589111 -1.94618 0.223044
      vertex -0.591968 -1.92842 0.215348
      vertex -0.570858 -1.92842 0.266311
    endloop
  endfacet
  facet normal 0.949957 -0.000265223 -0.31238
    outer loop
      vertex -0.600641 -1.80988 0.18982
      vertex -0.600742 -1.7948 0.1895
      vertex -0.596495 -1.86161 0.202471
    endloop
  endfacet
  facet normal 0.950121 -0.000158293 -0.311883
    outer loop
      vertex -0.600742 -1.7948 0.1895
      vertex -0.591932 -0.0393701 0.215446
      vertex -0.596495 -1.86161 0.202471
    endloop
  endfacet
  facet normal 0.943397 -6.10206e-7 -0.331665
    outer loop
      vertex -0.596495 -1.86161 0.202471
      vertex -0.591932 -0.0393701 0.215446
      vertex -0.591968 -1.92842 0.215348
    endloop
  endfacet
  facet normal 0.92388 2.40205e-6 -0.382683
    outer loop
      vertex -0.591932 -0.0393701 0.215446
      vertex -0.570903 -0.0393701 0.266216
      vertex -0.591968 -1.92842 0.215348
    endloop
  endfacet
  facet normal 0.923879 2.4101e-6 -0.382684
    outer loop
      vertex -0.591968 -1.92842 0.215348
      vertex -0.570903 -0.0393701 0.266216
      vertex -0.570858 -1.92842 0.266311
    endloop
  endfacet
  facet normal 0.901606 -6.01872e-7 -0.432558
    outer loop
      vertex -0.570903 -0.0393701 0.266216
      vertex -0.564954 -1.86161 0.278617
      vertex -0.570858 -1.92842 0.266311
    endloop
  endfacet
  facet normal 0.894452 -0.00148895 -0.447161
    outer loop
      vertex -0.559802 -1.83351 0.28883
      vertex -0.5614 -1.85696 0.28571
      vertex -0.564954 -1.86161 0.278617
    endloop
  endfacet
  facet normal 0.894212 -0.000569307 -0.447644
    outer loop
      vertex -0.5614 -1.85696 0.28571
      vertex -0.563703 -1.88006 0.28114
      vertex -0.564954 -1.86161 0.278617
    endloop
  endfacet
  facet normal 0.896776 0.00031022 -0.442484
    outer loop
      vertex -0.563703 -1.88006 0.28114
      vertex -0.56666 -1.90271 0.27513
      vertex -0.564954 -1.86161 0.278617
    endloop
  endfacet
  facet normal 0.903808 -0.00121555 -0.427937
    outer loop
      vertex -0.56666 -1.90271 0.27513
      vertex -0.570211 -1.92479 0.267694
      vertex -0.564954 -1.86161 0.278617
    endloop
  endfacet
  facet normal 0.909543 -0.00382714 -0.415592
    outer loop
      vertex -0.564954 -1.86161 0.278617
      vertex -0.570211 -1.92479 0.267694
      vertex -0.570858 -1.92842 0.266311
    endloop
  endfacet
  facet normal 0.835085 -0.00104075 -0.55012
    outer loop
      vertex -0.531045 -1.80988 0.33881
      vertex -0.523766 -1.86161 0.349956
      vertex -0.530035 -1.83351 0.340387
    endloop
  endfacet
  facet normal 0.83448 -0.0014879 -0.551036
    outer loop
      vertex -0.523766 -1.86161 0.349956
      vertex -0.528133 -1.85696 0.343332
      vertex -0.530035 -1.83351 0.340387
    endloop
  endfacet
  facet normal 0.814707 -0.00381935 -0.57986
    outer loop
      vertex -0.523766 -1.86161 0.349956
      vertex -0.516061 -1.92842 0.361223
      vertex -0.516935 -1.92479 0.35997
    endloop
  endfacet
  facet normal 0.822507 -0.00121576 -0.568754
    outer loop
      vertex -0.516935 -1.92479 0.35997
      vertex -0.5216 -1.90271 0.353177
      vertex -0.523766 -1.86161 0.349956
    endloop
  endfacet
  facet normal 0.831589 0.000309902 -0.555392
    outer loop
      vertex -0.5216 -1.90271 0.353177
      vertex -0.525326 -1.88006 0.347611
      vertex -0.523766 -1.86161 0.349956
    endloop
  endfacet
  facet normal 0.834777 -0.00057032 -0.550588
    outer loop
      vertex -0.523766 -1.86161 0.349956
      vertex -0.525326 -1.88006 0.347611
      vertex -0.528133 -1.85696 0.343332
    endloop
  endfacet
  facet normal 0.843391 -0.000341536 -0.5373
    outer loop
      vertex -0.516001 -0.0393701 0.361308
      vertex -0.531226 -1.7948 0.338526
      vertex -0.545528 -0.0393701 0.314961
    endloop
  endfacet
  facet normal 0.854878 0 -0.518829
    outer loop
      vertex -0.531226 -1.7948 0.338526
      vertex -0.545528 -1.79445 0.314961
      vertex -0.545528 -0.0393701 0.314961
    endloop
  endfacet
  facet normal 0.887011 0 -0.461748
    outer loop
      vertex -0.545528 -0.0393701 0.314961
      vertex -0.545528 -1.79445 0.314961
      vertex -0.570903 -0.0393701 0.266216
    endloop
  endfacet
  facet normal 0.876762 -0.000680735 -0.480924
    outer loop
      vertex -0.545528 -1.79445 0.314961
      vertex -0.558785 -1.7948 0.290792
      vertex -0.570903 -0.0393701 0.266216
    endloop
  endfacet
  facet normal 0.89237 -0.000158316 -0.451304
    outer loop
      vertex -0.570903 -0.0393701 0.266216
      vertex -0.558785 -1.7948 0.290792
      vertex -0.564954 -1.86161 0.278617
    endloop
  endfacet
  facet normal 0.892605 -0.000264518 -0.45084
    outer loop
      vertex -0.558785 -1.7948 0.290792
      vertex -0.55894 -1.80988 0.290494
      vertex -0.564954 -1.86161 0.278617
    endloop
  endfacet
  facet normal 0.89396 -0.00104046 -0.448146
    outer loop
      vertex -0.564954 -1.86161 0.278617
      vertex -0.55894 -1.80988 0.290494
      vertex -0.559802 -1.83351 0.28883
    endloop
  endfacet
  facet normal 0.79335 -0.0135005 -0.608616
    outer loop
      vertex -0.49204 -1.95913 0.393316
      vertex -0.507374 -1.95906 0.373327
      vertex -0.487717 -1.94618 0.398663
    endloop
  endfacet
  facet normal 0.793284 -0.0132187 -0.608709
    outer loop
      vertex -0.507374 -1.95906 0.373327
      vertex -0.51131 -1.94618 0.367917
      vertex -0.487717 -1.94618 0.398663
    endloop
  endfacet
  facet normal 0.793235 -0.0172251 -0.608671
    outer loop
      vertex -0.487717 -1.94618 0.398663
      vertex -0.51131 -1.94618 0.367917
      vertex -0.482481 -1.92842 0.404985
    endloop
  endfacet
  facet normal 0.793236 -0.0172261 -0.608671
    outer loop
      vertex -0.51131 -1.94618 0.367917
      vertex -0.516061 -1.92842 0.361223
      vertex -0.482481 -1.92842 0.404985
    endloop
  endfacet
  facet normal 0.836742 -0.000263975 -0.547597
    outer loop
      vertex -0.531045 -1.80988 0.33881
      vertex -0.531226 -1.7948 0.338526
      vertex -0.523766 -1.86161 0.349956
    endloop
  endfacet
  facet normal 0.837025 -0.000158302 -0.547164
    outer loop
      vertex -0.531226 -1.7948 0.338526
      vertex -0.516001 -0.0393701 0.361308
      vertex -0.523766 -1.86161 0.349956
    endloop
  endfacet
  facet normal 0.82541 -6.00193e-7 -0.564534
    outer loop
      vertex -0.523766 -1.86161 0.349956
      vertex -0.516001 -0.0393701 0.361308
      vertex -0.516061 -1.92842 0.361223
    endloop
  endfacet
  facet normal 0.793353 2.41101e-6 -0.608762
    outer loop
      vertex -0.516001 -0.0393701 0.361308
      vertex -0.482548 -0.0393701 0.404906
      vertex -0.516061 -1.92842 0.361223
    endloop
  endfacet
  facet normal 0.793353 2.40679e-6 -0.608761
    outer loop
      vertex -0.516061 -1.92842 0.361223
      vertex -0.482548 -0.0393701 0.404906
      vertex -0.482481 -1.92842 0.404985
    endloop
  endfacet
  facet normal 0.75893 -6.04512e-7 -0.651172
    outer loop
      vertex -0.482548 -0.0393701 0.404906
      vertex -0.473593 -1.86161 0.415344
      vertex -0.482481 -1.92842 0.404985
    endloop
  endfacet
  facet normal 0.74824 -0.00148918 -0.663426
    outer loop
      vertex -0.465972 -1.83351 0.423876
      vertex -0.468324 -1.85696 0.421276
      vertex -0.473593 -1.86161 0.415344
    endloop
  endfacet
  facet normal 0.747883 -0.000568047 -0.663831
    outer loop
      vertex -0.468324 -1.85696 0.421276
      vertex -0.471731 -1.88006 0.417458
      vertex -0.473593 -1.86161 0.415344
    endloop
  endfacet
  facet normal 0.751691 0.00031053 -0.659515
    outer loop
      vertex -0.471731 -1.88006 0.417458
      vertex -0.476143 -1.90271 0.412418
      vertex -0.473593 -1.86161 0.415344
    endloop
  endfacet
  facet normal 0.762257 -0.00121655 -0.647273
    outer loop
      vertex -0.476143 -1.90271 0.412418
      vertex -0.481497 -1.92479 0.406154
      vertex -0.473593 -1.86161 0.415344
    endloop
  endfacet
  facet normal 0.770974 -0.00382272 -0.636855
    outer loop
      vertex -0.473593 -1.86161 0.415344
      vertex -0.481497 -1.92479 0.406154
      vertex -0.482481 -1.92842 0.404985
    endloop
  endfacet
  facet normal 0.664253 -0.00103921 -0.747507
    outer loop
      vertex -0.42526 -1.80988 0.464709
      vertex -0.415344 -1.86161 0.473593
      vertex -0.423876 -1.83351 0.465972
    endloop
  endfacet
  facet normal 0.663426 -0.00148918 -0.74824
    outer loop
      vertex -0.415344 -1.86161 0.473593
      vertex -0.421276 -1.85696 0.468324
      vertex -0.423876 -1.83351 0.465972
    endloop
  endfacet
  facet normal 0.636855 -0.00382272 -0.770974
    outer loop
      vertex -0.415344 -1.86161 0.473593
      vertex -0.404985 -1.92842 0.482481
      vertex -0.406154 -1.92479 0.481497
    endloop
  endfacet
  facet normal 0.647273 -0.00121655 -0.762257
    outer loop
      vertex -0.406154 -1.92479 0.481497
      vertex -0.412418 -1.90271 0.476143
      vertex -0.415344 -1.86161 0.473593
    endloop
  endfacet
  facet normal 0.659515 0.00031053 -0.751691
    outer loop
      vertex -0.412418 -1.90271 0.476143
      vertex -0.417458 -1.88006 0.471731
      vertex -0.415344 -1.86161 0.473593
    endloop
  endfacet
  facet normal 0.663831 -0.000568047 -0.747883
    outer loop
      vertex -0.415344 -1.86161 0.473593
      vertex -0.417458 -1.88006 0.471731
      vertex -0.421276 -1.85696 0.468324
    endloop
  endfacet
  facet normal 0.67559 -0.000341541 -0.737277
    outer loop
      vertex -0.404906 -0.0393701 0.482548
      vertex -0.425508 -1.7948 0.464482
      vertex -0.445422 -0.0393701 0.445422
    endloop
  endfacet
  facet normal 0.691466 0 -0.722409
    outer loop
      vertex -0.425508 -1.7948 0.464482
      vertex -0.445422 -1.79445 0.445422
      vertex -0.445422 -0.0393701 0.445422
    endloop
  endfacet
  facet normal 0.737277 0 -0.67559
    outer loop
      vertex -0.445422 -0.0393701 0.445422
      vertex -0.445422 -1.79445 0.445422
      vertex -0.482548 -0.0393701 0.404906
    endloop
  endfacet
  facet normal 0.722415 -0.000680744 -0.69146
    outer loop
      vertex -0.445422 -1.79445 0.445422
      vertex -0.464482 -1.7948 0.425508
      vertex -0.482548 -0.0393701 0.404906
    endloop
  endfacet
  facet normal 0.745158 -0.000158311 -0.666888
    outer loop
      vertex -0.482548 -0.0393701 0.404906
      vertex -0.464482 -1.7948 0.425508
      vertex -0.473593 -1.86161 0.415344
    endloop
  endfacet
  facet normal 0.745505 -0.000264718 -0.6665
    outer loop
      vertex -0.464482 -1.7948 0.425508
      vertex -0.464709 -1.80988 0.42526
      vertex -0.473593 -1.86161 0.415344
    endloop
  endfacet
  facet normal 0.747507 -0.00103921 -0.664253
    outer loop
      vertex -0.473593 -1.86161 0.415344
      vertex -0.464709 -1.80988 0.42526
      vertex -0.465972 -1.83351 0.423876
    endloop
  endfacet
  facet normal 0.608794 -0.0134977 -0.793213
    outer loop
      vertex -0.373477 -1.95913 0.507263
      vertex -0.393461 -1.95906 0.491924
      vertex -0.367917 -1.94618 0.51131
    endloop
  endfacet
  facet normal 0.608709 -0.0132209 -0.793284
    outer loop
      vertex -0.393461 -1.95906 0.491924
      vertex -0.398663 -1.94618 0.487717
      vertex -0.367917 -1.94618 0.51131
    endloop
  endfacet
  facet normal 0.608671 -0.0172263 -0.793235
    outer loop
      vertex -0.367917 -1.94618 0.51131
      vertex -0.398663 -1.94618 0.487717
      vertex -0.361223 -1.92842 0.516061
    endloop
  endfacet
  facet normal 0.608671 -0.0172253 -0.793236
    outer loop
      vertex -0.398663 -1.94618 0.487717
      vertex -0.404985 -1.92842 0.482481
      vertex -0.361223 -1.92842 0.516061
    endloop
  endfacet
  facet normal 0.6665 -0.000264718 -0.745505
    outer loop
      vertex -0.42526 -1.80988 0.464709
      vertex -0.425508 -1.7948 0.464482
      vertex -0.415344 -1.86161 0.473593
    endloop
  endfacet
  facet normal 0.666888 -0.000158311 -0.745158
    outer loop
      vertex -0.425508 -1.7948 0.464482
      vertex -0.404906 -0.0393701 0.482548
      vertex -0.415344 -1.86161 0.473593
    endloop
  endfacet
  facet normal 0.651172 -6.04512e-7 -0.75893
    outer loop
      vertex -0.415344 -1.86161 0.473593
      vertex -0.404906 -0.0393701 0.482548
      vertex -0.404985 -1.92842 0.482481
    endloop
  endfacet
  facet normal 0.608762 2.40678e-6 -0.793353
    outer loop
      vertex -0.404906 -0.0393701 0.482548
      vertex -0.361308 -0.0393701 0.516001
      vertex -0.404985 -1.92842 0.482481
    endloop
  endfacet
  facet normal 0.608761 2.411e-6 -0.793353
    outer loop
      vertex -0.404985 -1.92842 0.482481
      vertex -0.361308 -0.0393701 0.516001
      vertex -0.361223 -1.92842 0.516061
    endloop
  endfacet
  facet normal 0.564534 -6.00193e-7 -0.82541
    outer loop
      vertex -0.361308 -0.0393701 0.516001
      vertex -0.349956 -1.86161 0.523766
      vertex -0.361223 -1.92842 0.516061
    endloop
  endfacet
  facet normal 0.551036 -0.0014879 -0.83448
    outer loop
      vertex -0.340387 -1.83351 0.530035
      vertex -0.343332 -1.85696 0.528133
      vertex -0.349956 -1.86161 0.523766
    endloop
  endfacet
  facet normal 0.550588 -0.00057032 -0.834777
    outer loop
      vertex -0.343332 -1.85696 0.528133
      vertex -0.347611 -1.88006 0.525326
      vertex -0.349956 -1.86161 0.523766
    endloop
  endfacet
  facet normal 0.555392 0.000309902 -0.831589
    outer loop
      vertex -0.347611 -1.88006 0.525326
      vertex -0.353177 -1.90271 0.5216
      vertex -0.349956 -1.86161 0.523766
    endloop
  endfacet
  facet normal 0.568754 -0.00121576 -0.822507
    outer loop
      vertex -0.353177 -1.90271 0.5216
      vertex -0.35997 -1.92479 0.516935
      vertex -0.349956 -1.86161 0.523766
    endloop
  endfacet
  facet normal 0.57986 -0.00381935 -0.814707
    outer loop
      vertex -0.349956 -1.86161 0.523766
      vertex -0.35997 -1.92479 0.516935
      vertex -0.361223 -1.92842 0.516061
    endloop
  endfacet
  facet normal 0.448146 -0.00104046 -0.89396
    outer loop
      vertex -0.290494 -1.80988 0.55894
      vertex -0.278617 -1.86161 0.564954
      vertex -0.28883 -1.83351 0.559802
    endloop
  endfacet
  facet normal 0.447161 -0.00148895 -0.894452
    outer loop
      vertex -0.278617 -1.86161 0.564954
      vertex -0.28571 -1.85696 0.5614
      vertex -0.28883 -1.83351 0.559802
    endloop
  endfacet
  facet normal 0.415592 -0.00382714 -0.909543
    outer loop
      vertex -0.278617 -1.86161 0.564954
      vertex -0.266311 -1.92842 0.570858
      vertex -0.267694 -1.92479 0.570211
    endloop
  endfacet
  facet normal 0.427937 -0.00121555 -0.903808
    outer loop
      vertex -0.267694 -1.92479 0.570211
      vertex -0.27513 -1.90271 0.56666
      vertex -0.278617 -1.86161 0.564954
    endloop
  endfacet
  facet normal 0.442484 0.00031022 -0.896776
    outer loop
      vertex -0.27513 -1.90271 0.56666
      vertex -0.28114 -1.88006 0.563703
      vertex -0.278617 -1.86161 0.564954
    endloop
  endfacet
  facet normal 0.447644 -0.000569307 -0.894212
    outer loop
      vertex -0.278617 -1.86161 0.564954
      vertex -0.28114 -1.88006 0.563703
      vertex -0.28571 -1.85696 0.5614
    endloop
  endfacet
  facet normal 0.461748 -0.000341536 -0.887011
    outer loop
      vertex -0.266216 -0.0393701 0.570903
      vertex -0.290792 -1.7948 0.558785
      vertex -0.314961 -0.0393701 0.545528
    endloop
  endfacet
  facet normal 0.480931 0 -0.876758
    outer loop
      vertex -0.290792 -1.7948 0.558785
      vertex -0.314961 -1.79445 0.545528
      vertex -0.314961 -0.0393701 0.545528
    endloop
  endfacet
  facet normal 0.5373 0 -0.843391
    outer loop
      vertex -0.314961 -0.0393701 0.545528
      vertex -0.314961 -1.79445 0.545528
      vertex -0.361308 -0.0393701 0.516001
    endloop
  endfacet
  facet normal 0.518836 -0.000680736 -0.854873
    outer loop
      vertex -0.314961 -1.79445 0.545528
      vertex -0.338526 -1.7948 0.531226
      vertex -0.361308 -0.0393701 0.516001
    endloop
  endfacet
  facet normal 0.547164 -0.000158302 -0.837025
    outer loop
      vertex -0.361308 -0.0393701 0.516001
      vertex -0.338526 -1.7948 0.531226
      vertex -0.349956 -1.86161 0.523766
    endloop
  endfacet
  facet normal 0.547597 -0.000263975 -0.836742
    outer loop
      vertex -0.338526 -1.7948 0.531226
      vertex -0.33881 -1.80988 0.531045
      vertex -0.349956 -1.86161 0.523766
    endloop
  endfacet
  facet normal 0.55012 -0.00104075 -0.835085
    outer loop
      vertex -0.349956 -1.86161 0.523766
      vertex -0.33881 -1.80988 0.531045
      vertex -0.340387 -1.83351 0.530035
    endloop
  endfacet
  facet normal 0.382751 -0.0134961 -0.923753
    outer loop
      vertex -0.229461 -1.95913 0.586642
      vertex -0.252735 -1.95906 0.576997
      vertex -0.223044 -1.94618 0.589111
    endloop
  endfacet
  facet normal 0.38265 -0.0132205 -0.923799
    outer loop
      vertex -0.252735 -1.95906 0.576997
      vertex -0.258849 -1.94618 0.57428
      vertex -0.223044 -1.94618 0.589111
    endloop
  endfacet
  facet normal 0.382627 -0.0172255 -0.923742
    outer loop
      vertex -0.223044 -1.94618 0.589111
      vertex -0.258849 -1.94618 0.57428
      vertex -0.215348 -1.92842 0.591968
    endloop
  endfacet
  facet normal 0.382627 -0.0172255 -0.923742
    outer loop
      vertex -0.258849 -1.94618 0.57428
      vertex -0.266311 -1.92842 0.570858
      vertex -0.215348 -1.92842 0.591968
    endloop
  endfacet
  facet normal 0.45084 -0.000264518 -0.892605
    outer loop
      vertex -0.290494 -1.80988 0.55894
      vertex -0.290792 -1.7948 0.558785
      vertex -0.278617 -1.86161 0.564954
    endloop
  endfacet
  facet normal 0.451304 -0.000158316 -0.89237
    outer loop
      vertex -0.290792 -1.7948 0.558785
      vertex -0.266216 -0.0393701 0.570903
      vertex -0.278617 -1.86161 0.564954
    endloop
  endfacet
  facet normal 0.432558 -6.01872e-7 -0.901606
    outer loop
      vertex -0.278617 -1.86161 0.564954
      vertex -0.266216 -0.0393701 0.570903
      vertex -0.266311 -1.92842 0.570858
    endloop
  endfacet
  facet normal 0.382683 2.41012e-6 -0.92388
    outer loop
      vertex -0.266216 -0.0393701 0.570903
      vertex -0.215446 -0.0393701 0.591932
      vertex -0.266311 -1.92842 0.570858
    endloop
  endfacet
  facet normal 0.382684 2.40206e-6 -0.923879
    outer loop
      vertex -0.266311 -1.92842 0.570858
      vertex -0.215446 -0.0393701 0.591932
      vertex -0.215348 -1.92842 0.591968
    endloop
  endfacet
  facet normal 0.331665 -6.10206e-7 -0.943397
    outer loop
      vertex -0.215446 -0.0393701 0.591932
      vertex -0.202471 -1.86161 0.596495
      vertex -0.215348 -1.92842 0.591968
    endloop
  endfacet
  facet normal 0.316283 -0.00148852 -0.948664
    outer loop
      vertex -0.191606 -1.83351 0.600073
      vertex -0.194942 -1.85696 0.598998
      vertex -0.202471 -1.86161 0.596495
    endloop
  endfacet
  facet normal 0.315772 -0.000569725 -0.948835
    outer loop
      vertex -0.194942 -1.85696 0.598998
      vertex -0.199802 -1.88006 0.597394
      vertex -0.202471 -1.86161 0.596495
    endloop
  endfacet
  facet normal 0.321232 0.000309519 -0.947001
    outer loop
      vertex -0.199802 -1.88006 0.597394
      vertex -0.206143 -1.90271 0.595236
      vertex -0.202471 -1.86161 0.596495
    endloop
  endfacet
  facet normal 0.3365 -0.00121723 -0.941683
    outer loop
      vertex -0.206143 -1.90271 0.595236
      vertex -0.213912 -1.92479 0.592488
      vertex -0.202471 -1.86161 0.596495
    endloop
  endfacet
  facet normal 0.349231 -0.00381772 -0.937029
    outer loop
      vertex -0.202471 -1.86161 0.596495
      vertex -0.213912 -1.92479 0.592488
      vertex -0.215348 -1.92842 0.591968
    endloop
  endfacet
  facet normal 0.2015 -0.00104042 -0.979488
    outer loop
      vertex -0.135931 -1.80988 0.61508
      vertex -0.122902 -1.86161 0.617815
      vertex -0.134101 -1.83351 0.615482
    endloop
  endfacet
  facet normal 0.200421 -0.00148886 -0.979709
    outer loop
      vertex -0.122902 -1.86161 0.617815
      vertex -0.130674 -1.85696 0.616218
      vertex -0.134101 -1.83351 0.615482
    endloop
  endfacet
  facet normal 0.165994 -0.00383344 -0.986119
    outer loop
      vertex -0.122902 -1.86161 0.617815
      vertex -0.109487 -1.92842 0.620333
      vertex -0.110991 -1.92479 0.620066
    endloop
  endfacet
  facet normal 0.179436 -0.00121556 -0.983769
    outer loop
      vertex -0.110991 -1.92479 0.620066
      vertex -0.119093 -1.90271 0.618561
      vertex -0.122902 -1.86161 0.617815
    endloop
  endfacet
  facet normal 0.195306 0.000310113 -0.980742
    outer loop
      vertex -0.119093 -1.90271 0.618561
      vertex -0.125664 -1.88006 0.61726
      vertex -0.122902 -1.86161 0.617815
    endloop
  endfacet
  facet normal 0.20095 -0.000568792 -0.979601
    outer loop
      vertex -0.122902 -1.86161 0.617815
      vertex -0.125664 -1.88006 0.61726
      vertex -0.130674 -1.85696 0.616218
    endloop
  endfacet
  facet normal 0.21644 -0.000341549 -0.976296
    outer loop
      vertex -0.109385 -0.0393701 0.620351
      vertex -0.13626 -1.7948 0.615007
      vertex -0.163036 -0.0393701 0.608457
    endloop
  endfacet
  facet normal 0.237623 0 -0.971357
    outer loop
      vertex -0.13626 -1.7948 0.615007
      vertex -0.163036 -1.79445 0.608457
      vertex -0.163036 -0.0393701 0.608457
    endloop
  endfacet
  facet normal 0.300706 0 -0.953717
    outer loop
      vertex -0.163036 -0.0393701 0.608457
      vertex -0.163036 -1.79445 0.608457
      vertex -0.215446 -0.0393701 0.591932
    endloop
  endfacet
  facet normal 0.279899 -0.000680749 -0.960029
    outer loop
      vertex -0.163036 -1.79445 0.608457
      vertex -0.1895 -1.7948 0.600742
      vertex -0.215446 -0.0393701 0.591932
    endloop
  endfacet
  facet normal 0.311883 -0.000158293 -0.950121
    outer loop
      vertex -0.215446 -0.0393701 0.591932
      vertex -0.1895 -1.7948 0.600742
      vertex -0.202471 -1.86161 0.596495
    endloop
  endfacet
  facet normal 0.31238 -0.000265223 -0.949957
    outer loop
      vertex -0.1895 -1.7948 0.600742
      vertex -0.18982 -1.80988 0.600641
      vertex -0.202471 -1.86161 0.596495
    endloop
  endfacet
  facet normal 0.315237 -0.00103962 -0.949012
    outer loop
      vertex -0.202471 -1.86161 0.596495
      vertex -0.18982 -1.80988 0.600641
      vertex -0.191606 -1.83351 0.600073
    endloop
  endfacet
  facet normal 0.130626 -0.0134977 -0.99134
    outer loop
      vertex -0.0698086 -1.95913 0.626041
      vertex -0.0947854 -1.95906 0.622749
      vertex -0.0629706 -1.94618 0.626766
    endloop
  endfacet
  facet normal 0.130515 -0.0132179 -0.991358
    outer loop
      vertex -0.0947854 -1.95906 0.622749
      vertex -0.101394 -1.94618 0.621707
      vertex -0.0629706 -1.94618 0.626766
    endloop
  endfacet
  facet normal 0.130507 -0.0172273 -0.991298
    outer loop
      vertex -0.0629706 -1.94618 0.626766
      vertex -0.101394 -1.94618 0.621707
      vertex -0.0547975 -1.92842 0.627533
    endloop
  endfacet
  facet normal 0.130507 -0.0172284 -0.991298
    outer loop
      vertex -0.101394 -1.94618 0.621707
      vertex -0.109487 -1.92842 0.620333
      vertex -0.0547975 -1.92842 0.627533
    endloop
  endfacet
  facet normal 0.204453 -0.000264167 -0.978876
    outer loop
      vertex -0.135931 -1.80988 0.61508
      vertex -0.13626 -1.7948 0.615007
      vertex -0.122902 -1.86161 0.617815
    endloop
  endfacet
  facet normal 0.204961 -0.000158279 -0.97877
    outer loop
      vertex -0.13626 -1.7948 0.615007
      vertex -0.109385 -0.0393701 0.620351
      vertex -0.122902 -1.86161 0.617815
    endloop
  endfacet
  facet normal 0.184467 -5.94269e-7 -0.982839
    outer loop
      vertex -0.122902 -1.86161 0.617815
      vertex -0.109385 -0.0393701 0.620351
      vertex -0.109487 -1.92842 0.620333
    endloop
  endfacet
  facet normal 0.130526 2.41773e-6 -0.991445
    outer loop
      vertex -0.109385 -0.0393701 0.620351
      vertex -0.0549013 -0.0393701 0.627524
      vertex -0.109487 -1.92842 0.620333
    endloop
  endfacet
  facet normal 0.130527 2.39831e-6 -0.991445
    outer loop
      vertex -0.109487 -1.92842 0.620333
      vertex -0.0549013 -0.0393701 0.627524
      vertex -0.0547975 -1.92842 0.627533
    endloop
  endfacet
  facet normal 0.0761979 -6.13553e-7 -0.997093
    outer loop
      vertex -0.0549013 -0.0393701 0.627524
      vertex -0.0411879 -1.86161 0.628573
      vertex -0.0547975 -1.92842 0.627533
    endloop
  endfacet
  facet normal 0.0599684 -0.00148774 -0.998199
    outer loop
      vertex -0.0297663 -1.83351 0.629218
      vertex -0.0332676 -1.85696 0.629042
      vertex -0.0411879 -1.86161 0.628573
    endloop
  endfacet
  facet normal 0.0594307 -0.000569464 -0.998232
    outer loop
      vertex -0.0332676 -1.85696 0.629042
      vertex -0.0383766 -1.88006 0.628751
      vertex -0.0411879 -1.86161 0.628573
    endloop
  endfacet
  facet normal 0.0651852 0.000310672 -0.997873
    outer loop
      vertex -0.0383766 -1.88006 0.628751
      vertex -0.0450603 -1.90271 0.628308
      vertex -0.0411879 -1.86161 0.628573
    endloop
  endfacet
  facet normal 0.0813064 -0.00121577 -0.996688
    outer loop
      vertex -0.0450603 -1.90271 0.628308
      vertex -0.0532759 -1.92479 0.627664
      vertex -0.0411879 -1.86161 0.628573
    endloop
  endfacet
  facet normal 0.0947899 -0.00381279 -0.99549
    outer loop
      vertex -0.0411879 -1.86161 0.628573
      vertex -0.0532759 -1.92479 0.627664
      vertex -0.0547975 -1.92842 0.627533
    endloop
  endfacet
  facet normal -0.0588706 -0.00103992 -0.998265
    outer loop
      vertex 0.0278951 -1.80988 0.629303
      vertex 0.0411879 -1.86161 0.628573
      vertex 0.0297663 -1.83351 0.629218
    endloop
  endfacet
  facet normal -0.0599684 -0.00148774 -0.998199
    outer loop
      vertex 0.0411879 -1.86161 0.628573
      vertex 0.0332676 -1.85696 0.629042
      vertex 0.0297663 -1.83351 0.629218
    endloop
  endfacet
  facet normal -0.0947899 -0.00381279 -0.99549
    outer loop
      vertex 0.0411879 -1.86161 0.628573
      vertex 0.0547975 -1.92842 0.627533
      vertex 0.0532759 -1.92479 0.627664
    endloop
  endfacet
  facet normal -0.0813064 -0.00121577 -0.996688
    outer loop
      vertex 0.0532759 -1.92479 0.627664
      vertex 0.0450603 -1.90271 0.628308
      vertex 0.0411879 -1.86161 0.628573
    endloop
  endfacet
  facet normal -0.0651852 0.000310672 -0.997873
    outer loop
      vertex 0.0450603 -1.90271 0.628308
      vertex 0.0383766 -1.88006 0.628751
      vertex 0.0411879 -1.86161 0.628573
    endloop
  endfacet
  facet normal -0.0594307 -0.000569464 -0.998232
    outer loop
      vertex 0.0411879 -1.86161 0.628573
      vertex 0.0383766 -1.88006 0.628751
      vertex 0.0332676 -1.85696 0.629042
    endloop
  endfacet
  facet normal -0.0436203 -0.00034154 -0.999048
    outer loop
      vertex 0.0549013 -0.0393701 0.627524
      vertex 0.0275591 -1.7948 0.629318
      vertex -1.54286e-16 -0.0393701 0.629921
    endloop
  endfacet
  facet normal -0.0218808 -1.9081e-18 -0.999761
    outer loop
      vertex 0.0275591 -1.7948 0.629318
      vertex 1.51648e-32 -1.79445 0.629921
      vertex -1.54286e-16 -0.0393701 0.629921
    endloop
  endfacet
  facet normal 0.0436203 3.83459e-18 -0.999048
    outer loop
      vertex -1.54286e-16 -0.0393701 0.629921
      vertex 1.51648e-32 -1.79445 0.629921
      vertex -0.0549013 -0.0393701 0.627524
    endloop
  endfacet
  facet normal 0.0218894 -0.000680744 -0.99976
    outer loop
      vertex 1.51648e-32 -1.79445 0.629921
      vertex -0.0275591 -1.7948 0.629318
      vertex -0.0549013 -0.0393701 0.627524
    endloop
  endfacet
  facet normal 0.0553439 -0.000158342 -0.998467
    outer loop
      vertex -0.0549013 -0.0393701 0.627524
      vertex -0.0275591 -1.7948 0.629318
      vertex -0.0411879 -1.86161 0.628573
    endloop
  endfacet
  facet normal 0.0558611 -0.000264166 -0.998439
    outer loop
      vertex -0.0275591 -1.7948 0.629318
      vertex -0.0278951 -1.80988 0.629303
      vertex -0.0411879 -1.86161 0.628573
    endloop
  endfacet
  facet normal 0.0588706 -0.00103992 -0.998265
    outer loop
      vertex -0.0411879 -1.86161 0.628573
      vertex -0.0278951 -1.80988 0.629303
      vertex -0.0297663 -1.83351 0.629218
    endloop
  endfacet
  facet normal -0.130402 -0.0134992 -0.991369
    outer loop
      vertex 0.0946014 -1.95913 0.622777
      vertex 0.0696237 -1.95906 0.626062
      vertex 0.101394 -1.94618 0.621707
    endloop
  endfacet
  facet normal -0.130515 -0.0132164 -0.991358
    outer loop
      vertex 0.0696237 -1.95906 0.626062
      vertex 0.0629706 -1.94618 0.626766
      vertex 0.101394 -1.94618 0.621707
    endloop
  endfacet
  facet normal -0.130507 -0.0172286 -0.991298
    outer loop
      vertex 0.101394 -1.94618 0.621707
      vertex 0.0629706 -1.94618 0.626766
      vertex 0.109487 -1.92842 0.620333
    endloop
  endfacet
  facet normal -0.130507 -0.0172275 -0.991298
    outer loop
      vertex 0.0629706 -1.94618 0.626766
      vertex 0.0547975 -1.92842 0.627533
      vertex 0.109487 -1.92842 0.620333
    endloop
  endfacet
  facet normal -0.0558611 -0.000264166 -0.998439
    outer loop
      vertex 0.0278951 -1.80988 0.629303
      vertex 0.0275591 -1.7948 0.629318
      vertex 0.0411879 -1.86161 0.628573
    endloop
  endfacet
  facet normal -0.0553439 -0.000158342 -0.998467
    outer loop
      vertex 0.0275591 -1.7948 0.629318
      vertex 0.0549013 -0.0393701 0.627524
      vertex 0.0411879 -1.86161 0.628573
    endloop
  endfacet
  facet normal -0.0761979 -6.13553e-7 -0.997093
    outer loop
      vertex 0.0411879 -1.86161 0.628573
      vertex 0.0549013 -0.0393701 0.627524
      vertex 0.0547975 -1.92842 0.627533
    endloop
  endfacet
  facet normal -0.130526 2.39827e-6 -0.991445
    outer loop
      vertex 0.0549013 -0.0393701 0.627524
      vertex 0.109385 -0.0393701 0.620351
      vertex 0.0547975 -1.92842 0.627533
    endloop
  endfacet
  facet normal -0.130527 2.4177e-6 -0.991445
    outer loop
      vertex 0.0547975 -1.92842 0.627533
      vertex 0.109385 -0.0393701 0.620351
      vertex 0.109487 -1.92842 0.620333
    endloop
  endfacet
  facet normal -0.184467 -5.94269e-7 -0.982839
    outer loop
      vertex 0.109385 -0.0393701 0.620351
      vertex 0.122902 -1.86161 0.617815
      vertex 0.109487 -1.92842 0.620333
    endloop
  endfacet
  facet normal -0.200421 -0.00148886 -0.979709
    outer loop
      vertex 0.134101 -1.83351 0.615482
      vertex 0.130674 -1.85696 0.616218
      vertex 0.122902 -1.86161 0.617815
    endloop
  endfacet
  facet normal -0.20095 -0.000568792 -0.979601
    outer loop
      vertex 0.130674 -1.85696 0.616218
      vertex 0.125664 -1.88006 0.61726
      vertex 0.122902 -1.86161 0.617815
    endloop
  endfacet
  facet normal -0.195306 0.000310113 -0.980742
    outer loop
      vertex 0.125664 -1.88006 0.61726
      vertex 0.119093 -1.90271 0.618561
      vertex 0.122902 -1.86161 0.617815
    endloop
  endfacet
  facet normal -0.179436 -0.00121556 -0.983769
    outer loop
      vertex 0.119093 -1.90271 0.618561
      vertex 0.110991 -1.92479 0.620066
      vertex 0.122902 -1.86161 0.617815
    endloop
  endfacet
  facet normal -0.165994 -0.00383344 -0.986119
    outer loop
      vertex 0.122902 -1.86161 0.617815
      vertex 0.110991 -1.92479 0.620066
      vertex 0.109487 -1.92842 0.620333
    endloop
  endfacet
  facet normal -0.315237 -0.00103962 -0.949012
    outer loop
      vertex 0.18982 -1.80988 0.600641
      vertex 0.202471 -1.86161 0.596495
      vertex 0.191606 -1.83351 0.600073
    endloop
  endfacet
  facet normal -0.316283 -0.00148852 -0.948664
    outer loop
      vertex 0.202471 -1.86161 0.596495
      vertex 0.194942 -1.85696 0.598998
      vertex 0.191606 -1.83351 0.600073
    endloop
  endfacet
  facet normal -0.349231 -0.00381772 -0.937029
    outer loop
      vertex 0.202471 -1.86161 0.596495
      vertex 0.215348 -1.92842 0.591968
      vertex 0.213912 -1.92479 0.592488
    endloop
  endfacet
  facet normal -0.3365 -0.00121723 -0.941683
    outer loop
      vertex 0.213912 -1.92479 0.592488
      vertex 0.206143 -1.90271 0.595236
      vertex 0.202471 -1.86161 0.596495
    endloop
  endfacet
  facet normal -0.321232 0.000309519 -0.947001
    outer loop
      vertex 0.206143 -1.90271 0.595236
      vertex 0.199802 -1.88006 0.597394
      vertex 0.202471 -1.86161 0.596495
    endloop
  endfacet
  facet normal -0.315772 -0.000569725 -0.948835
    outer loop
      vertex 0.202471 -1.86161 0.596495
      vertex 0.199802 -1.88006 0.597394
      vertex 0.194942 -1.85696 0.598998
    endloop
  endfacet
  facet normal -0.300706 -0.000341543 -0.953717
    outer loop
      vertex 0.215446 -0.0393701 0.591932
      vertex 0.1895 -1.7948 0.600742
      vertex 0.163036 -0.0393701 0.608457
    endloop
  endfacet
  facet normal -0.279891 0 -0.960032
    outer loop
      vertex 0.1895 -1.7948 0.600742
      vertex 0.163036 -1.79445 0.608457
      vertex 0.163036 -0.0393701 0.608457
    endloop
  endfacet
  facet normal -0.21644 0 -0.976296
    outer loop
      vertex 0.163036 -0.0393701 0.608457
      vertex 0.163036 -1.79445 0.608457
      vertex 0.109385 -0.0393701 0.620351
    endloop
  endfacet
  facet normal -0.237615 -0.00068076 -0.971359
    outer loop
      vertex 0.163036 -1.79445 0.608457
      vertex 0.13626 -1.7948 0.615007
      vertex 0.109385 -0.0393701 0.620351
    endloop
  endfacet
  facet normal -0.204961 -0.000158279 -0.97877
    outer loop
      vertex 0.109385 -0.0393701 0.620351
      vertex 0.13626 -1.7948 0.615007
      vertex 0.122902 -1.86161 0.617815
    endloop
  endfacet
  facet normal -0.204453 -0.000264167 -0.978876
    outer loop
      vertex 0.13626 -1.7948 0.615007
      vertex 0.135931 -1.80988 0.61508
      vertex 0.122902 -1.86161 0.617815
    endloop
  endfacet
  facet normal -0.2015 -0.00104042 -0.979488
    outer loop
      vertex 0.122902 -1.86161 0.617815
      vertex 0.135931 -1.80988 0.61508
      vertex 0.134101 -1.83351 0.615482
    endloop
  endfacet
  facet normal -0.382547 -0.0134962 -0.923838
    outer loop
      vertex 0.252565 -1.95913 0.577072
      vertex 0.229288 -1.95906 0.586709
      vertex 0.258849 -1.94618 0.57428
    endloop
  endfacet
  facet normal -0.38265 -0.0132212 -0.923799
    outer loop
      vertex 0.229288 -1.95906 0.586709
      vertex 0.223044 -1.94618 0.589111
      vertex 0.258849 -1.94618 0.57428
    endloop
  endfacet
  facet normal -0.382627 -0.0172255 -0.923742
    outer loop
      vertex 0.258849 -1.94618 0.57428
      vertex 0.223044 -1.94618 0.589111
      vertex 0.266311 -1.92842 0.570858
    endloop
  endfacet
  facet normal -0.382627 -0.0172255 -0.923742
    outer loop
      vertex 0.223044 -1.94618 0.589111
      vertex 0.215348 -1.92842 0.591968
      vertex 0.266311 -1.92842 0.570858
    endloop
  endfacet
  facet normal -0.31238 -0.000265223 -0.949957
    outer loop
      vertex 0.18982 -1.80988 0.600641
      vertex 0.1895 -1.7948 0.600742
      vertex 0.202471 -1.86161 0.596495
    endloop
  endfacet
  facet normal -0.311883 -0.000158293 -0.950121
    outer loop
      vertex 0.1895 -1.7948 0.600742
      vertex 0.215446 -0.0393701 0.591932
      vertex 0.202471 -1.86161 0.596495
    endloop
  endfacet
  facet normal -0.331665 -6.10206e-7 -0.943397
    outer loop
      vertex 0.202471 -1.86161 0.596495
      vertex 0.215446 -0.0393701 0.591932
      vertex 0.215348 -1.92842 0.591968
    endloop
  endfacet
  facet normal -0.382683 2.40205e-6 -0.92388
    outer loop
      vertex 0.215446 -0.0393701 0.591932
      vertex 0.266216 -0.0393701 0.570903
      vertex 0.215348 -1.92842 0.591968
    endloop
  endfacet
  facet normal -0.382684 2.4101e-6 -0.923879
    outer loop
      vertex 0.215348 -1.92842 0.591968
      vertex 0.266216 -0.0393701 0.570903
      vertex 0.266311 -1.92842 0.570858
    endloop
  endfacet
  facet normal -0.432558 -6.01872e-7 -0.901606
    outer loop
      vertex 0.266216 -0.0393701 0.570903
      vertex 0.278617 -1.86161 0.564954
      vertex 0.266311 -1.92842 0.570858
    endloop
  endfacet
  facet normal -0.447161 -0.00148895 -0.894452
    outer loop
      vertex 0.28883 -1.83351 0.559802
      vertex 0.28571 -1.85696 0.5614
      vertex 0.278617 -1.86161 0.564954
    endloop
  endfacet
  facet normal -0.447644 -0.000569307 -0.894212
    outer loop
      vertex 0.28571 -1.85696 0.5614
      vertex 0.28114 -1.88006 0.563703
      vertex 0.278617 -1.86161 0.564954
    endloop
  endfacet
  facet normal -0.442484 0.00031022 -0.896776
    outer loop
      vertex 0.28114 -1.88006 0.563703
      vertex 0.27513 -1.90271 0.56666
      vertex 0.278617 -1.86161 0.564954
    endloop
  endfacet
  facet normal -0.427937 -0.00121555 -0.903808
    outer loop
      vertex 0.27513 -1.90271 0.56666
      vertex 0.267694 -1.92479 0.570211
      vertex 0.278617 -1.86161 0.564954
    endloop
  endfacet
  facet normal -0.415592 -0.00382714 -0.909543
    outer loop
      vertex 0.278617 -1.86161 0.564954
      vertex 0.267694 -1.92479 0.570211
      vertex 0.266311 -1.92842 0.570858
    endloop
  endfacet
  facet normal -0.55012 -0.00104075 -0.835085
    outer loop
      vertex 0.33881 -1.80988 0.531045
      vertex 0.349956 -1.86161 0.523766
      vertex 0.340387 -1.83351 0.530035
    endloop
  endfacet
  facet normal -0.551036 -0.0014879 -0.83448
    outer loop
      vertex 0.349956 -1.86161 0.523766
      vertex 0.343332 -1.85696 0.528133
      vertex 0.340387 -1.83351 0.530035
    endloop
  endfacet
  facet normal -0.57986 -0.00381935 -0.814707
    outer loop
      vertex 0.349956 -1.86161 0.523766
      vertex 0.361223 -1.92842 0.516061
      vertex 0.35997 -1.92479 0.516935
    endloop
  endfacet
  facet normal -0.568754 -0.00121576 -0.822507
    outer loop
      vertex 0.35997 -1.92479 0.516935
      vertex 0.353177 -1.90271 0.5216
      vertex 0.349956 -1.86161 0.523766
    endloop
  endfacet
  facet normal -0.555392 0.000309902 -0.831589
    outer loop
      vertex 0.353177 -1.90271 0.5216
      vertex 0.347611 -1.88006 0.525326
      vertex 0.349956 -1.86161 0.523766
    endloop
  endfacet
  facet normal -0.550588 -0.00057032 -0.834777
    outer loop
      vertex 0.349956 -1.86161 0.523766
      vertex 0.347611 -1.88006 0.525326
      vertex 0.343332 -1.85696 0.528133
    endloop
  endfacet
  facet normal -0.5373 -0.000341536 -0.843391
    outer loop
      vertex 0.361308 -0.0393701 0.516001
      vertex 0.338526 -1.7948 0.531226
      vertex 0.314961 -0.0393701 0.545528
    endloop
  endfacet
  facet normal -0.518829 0 -0.854878
    outer loop
      vertex 0.338526 -1.7948 0.531226
      vertex 0.314961 -1.79445 0.545528
      vertex 0.314961 -0.0393701 0.545528
    endloop
  endfacet
  facet normal -0.461748 0 -0.887011
    outer loop
      vertex 0.314961 -0.0393701 0.545528
      vertex 0.314961 -1.79445 0.545528
      vertex 0.266216 -0.0393701 0.570903
    endloop
  endfacet
  facet normal -0.480924 -0.000680735 -0.876762
    outer loop
      vertex 0.314961 -1.79445 0.545528
      vertex 0.290792 -1.7948 0.558785
      vertex 0.266216 -0.0393701 0.570903
    endloop
  endfacet
  facet normal -0.451304 -0.000158316 -0.89237
    outer loop
      vertex 0.266216 -0.0393701 0.570903
      vertex 0.290792 -1.7948 0.558785
      vertex 0.278617 -1.86161 0.564954
    endloop
  endfacet
  facet normal -0.45084 -0.000264518 -0.892605
    outer loop
      vertex 0.290792 -1.7948 0.558785
      vertex 0.290494 -1.80988 0.55894
      vertex 0.278617 -1.86161 0.564954
    endloop
  endfacet
  facet normal -0.448146 -0.00104046 -0.89396
    outer loop
      vertex 0.278617 -1.86161 0.564954
      vertex 0.290494 -1.80988 0.55894
      vertex 0.28883 -1.83351 0.559802
    endloop
  endfacet
  facet normal -0.608616 -0.0135005 -0.79335
    outer loop
      vertex 0.393316 -1.95913 0.49204
      vertex 0.373327 -1.95906 0.507374
      vertex 0.398663 -1.94618 0.487717
    endloop
  endfacet
  facet normal -0.608709 -0.0132187 -0.793284
    outer loop
      vertex 0.373327 -1.95906 0.507374
      vertex 0.367917 -1.94618 0.51131
      vertex 0.398663 -1.94618 0.487717
    endloop
  endfacet
  facet normal -0.608671 -0.0172251 -0.793235
    outer loop
      vertex 0.398663 -1.94618 0.487717
      vertex 0.367917 -1.94618 0.51131
      vertex 0.404985 -1.92842 0.482481
    endloop
  endfacet
  facet normal -0.608671 -0.0172261 -0.793236
    outer loop
      vertex 0.367917 -1.94618 0.51131
      vertex 0.361223 -1.92842 0.516061
      vertex 0.404985 -1.92842 0.482481
    endloop
  endfacet
  facet normal -0.547597 -0.000263975 -0.836742
    outer loop
      vertex 0.33881 -1.80988 0.531045
      vertex 0.338526 -1.7948 0.531226
      vertex 0.349956 -1.86161 0.523766
    endloop
  endfacet
  facet normal -0.547164 -0.000158302 -0.837025
    outer loop
      vertex 0.338526 -1.7948 0.531226
      vertex 0.361308 -0.0393701 0.516001
      vertex 0.349956 -1.86161 0.523766
    endloop
  endfacet
  facet normal -0.564534 -6.00193e-7 -0.82541
    outer loop
      vertex 0.349956 -1.86161 0.523766
      vertex 0.361308 -0.0393701 0.516001
      vertex 0.361223 -1.92842 0.516061
    endloop
  endfacet
  facet normal -0.608762 2.41101e-6 -0.793353
    outer loop
      vertex 0.361308 -0.0393701 0.516001
      vertex 0.404906 -0.0393701 0.482548
      vertex 0.361223 -1.92842 0.516061
    endloop
  endfacet
  facet normal -0.608761 2.40679e-6 -0.793353
    outer loop
      vertex 0.361223 -1.92842 0.516061
      vertex 0.404906 -0.0393701 0.482548
      vertex 0.404985 -1.92842 0.482481
    endloop
  endfacet
  facet normal -0.651172 -6.04512e-7 -0.75893
    outer loop
      vertex 0.404906 -0.0393701 0.482548
      vertex 0.415344 -1.86161 0.473593
      vertex 0.404985 -1.92842 0.482481
    endloop
  endfacet
  facet normal -0.663426 -0.00148918 -0.74824
    outer loop
      vertex 0.423876 -1.83351 0.465972
      vertex 0.421276 -1.85696 0.468324
      vertex 0.415344 -1.86161 0.473593
    endloop
  endfacet
  facet normal -0.663831 -0.000568047 -0.747883
    outer loop
      vertex 0.421276 -1.85696 0.468324
      vertex 0.417458 -1.88006 0.471731
      vertex 0.415344 -1.86161 0.473593
    endloop
  endfacet
  facet normal -0.659515 0.00031053 -0.751691
    outer loop
      vertex 0.417458 -1.88006 0.471731
      vertex 0.412418 -1.90271 0.476143
      vertex 0.415344 -1.86161 0.473593
    endloop
  endfacet
  facet normal -0.647273 -0.00121655 -0.762257
    outer loop
      vertex 0.412418 -1.90271 0.476143
      vertex 0.406154 -1.92479 0.481497
      vertex 0.415344 -1.86161 0.473593
    endloop
  endfacet
  facet normal -0.636855 -0.00382272 -0.770974
    outer loop
      vertex 0.415344 -1.86161 0.473593
      vertex 0.406154 -1.92479 0.481497
      vertex 0.404985 -1.92842 0.482481
    endloop
  endfacet
  facet normal -0.747507 -0.00103921 -0.664253
    outer loop
      vertex 0.464709 -1.80988 0.42526
      vertex 0.473593 -1.86161 0.415344
      vertex 0.465972 -1.83351 0.423876
    endloop
  endfacet
  facet normal -0.74824 -0.00148918 -0.663426
    outer loop
      vertex 0.473593 -1.86161 0.415344
      vertex 0.468324 -1.85696 0.421276
      vertex 0.465972 -1.83351 0.423876
    endloop
  endfacet
  facet normal -0.770974 -0.00382272 -0.636855
    outer loop
      vertex 0.473593 -1.86161 0.415344
      vertex 0.482481 -1.92842 0.404985
      vertex 0.481497 -1.92479 0.406154
    endloop
  endfacet
  facet normal -0.762257 -0.00121655 -0.647273
    outer loop
      vertex 0.481497 -1.92479 0.406154
      vertex 0.476143 -1.90271 0.412418
      vertex 0.473593 -1.86161 0.415344
    endloop
  endfacet
  facet normal -0.751691 0.00031053 -0.659515
    outer loop
      vertex 0.476143 -1.90271 0.412418
      vertex 0.471731 -1.88006 0.417458
      vertex 0.473593 -1.86161 0.415344
    endloop
  endfacet
  facet normal -0.747883 -0.000568047 -0.663831
    outer loop
      vertex 0.473593 -1.86161 0.415344
      vertex 0.471731 -1.88006 0.417458
      vertex 0.468324 -1.85696 0.421276
    endloop
  endfacet
  facet normal -0.737277 -0.000341541 -0.67559
    outer loop
      vertex 0.482548 -0.0393701 0.404906
      vertex 0.464482 -1.7948 0.425508
      vertex 0.445422 -0.0393701 0.445422
    endloop
  endfacet
  facet normal -0.722409 0 -0.691466
    outer loop
      vertex 0.464482 -1.7948 0.425508
      vertex 0.445422 -1.79445 0.445422
      vertex 0.445422 -0.0393701 0.445422
    endloop
  endfacet
  facet normal -0.67559 0 -0.737277
    outer loop
      vertex 0.445422 -0.0393701 0.445422
      vertex 0.445422 -1.79445 0.445422
      vertex 0.404906 -0.0393701 0.482548
    endloop
  endfacet
  facet normal -0.69146 -0.000680744 -0.722415
    outer loop
      vertex 0.445422 -1.79445 0.445422
      vertex 0.425508 -1.7948 0.464482
      vertex 0.404906 -0.0393701 0.482548
    endloop
  endfacet
  facet normal -0.666888 -0.000158311 -0.745158
    outer loop
      vertex 0.404906 -0.0393701 0.482548
      vertex 0.425508 -1.7948 0.464482
      vertex 0.415344 -1.86161 0.473593
    endloop
  endfacet
  facet normal -0.6665 -0.000264718 -0.745505
    outer loop
      vertex 0.425508 -1.7948 0.464482
      vertex 0.42526 -1.80988 0.464709
      vertex 0.415344 -1.86161 0.473593
    endloop
  endfacet
  facet normal -0.664253 -0.00103921 -0.747507
    outer loop
      vertex 0.415344 -1.86161 0.473593
      vertex 0.42526 -1.80988 0.464709
      vertex 0.423876 -1.83351 0.465972
    endloop
  endfacet
  facet normal -0.793213 -0.0134977 -0.608794
    outer loop
      vertex 0.507263 -1.95913 0.373477
      vertex 0.491924 -1.95906 0.393461
      vertex 0.51131 -1.94618 0.367917
    endloop
  endfacet
  facet normal -0.793284 -0.0132209 -0.608709
    outer loop
      vertex 0.491924 -1.95906 0.393461
      vertex 0.487717 -1.94618 0.398663
      vertex 0.51131 -1.94618 0.367917
    endloop
  endfacet
  facet normal -0.793235 -0.0172263 -0.608671
    outer loop
      vertex 0.51131 -1.94618 0.367917
      vertex 0.487717 -1.94618 0.398663
      vertex 0.516061 -1.92842 0.361223
    endloop
  endfacet
  facet normal -0.793236 -0.0172253 -0.608671
    outer loop
      vertex 0.487717 -1.94618 0.398663
      vertex 0.482481 -1.92842 0.404985
      vertex 0.516061 -1.92842 0.361223
    endloop
  endfacet
  facet normal -0.745505 -0.000264718 -0.6665
    outer loop
      vertex 0.464709 -1.80988 0.42526
      vertex 0.464482 -1.7948 0.425508
      vertex 0.473593 -1.86161 0.415344
    endloop
  endfacet
  facet normal -0.745158 -0.000158311 -0.666888
    outer loop
      vertex 0.464482 -1.7948 0.425508
      vertex 0.482548 -0.0393701 0.404906
      vertex 0.473593 -1.86161 0.415344
    endloop
  endfacet
  facet normal -0.75893 -6.04512e-7 -0.651172
    outer loop
      vertex 0.473593 -1.86161 0.415344
      vertex 0.482548 -0.0393701 0.404906
      vertex 0.482481 -1.92842 0.404985
    endloop
  endfacet
  facet normal -0.793353 2.40678e-6 -0.608762
    outer loop
      vertex 0.482548 -0.0393701 0.404906
      vertex 0.516001 -0.0393701 0.361308
      vertex 0.482481 -1.92842 0.404985
    endloop
  endfacet
  facet normal -0.793353 2.411e-6 -0.608761
    outer loop
      vertex 0.482481 -1.92842 0.404985
      vertex 0.516001 -0.0393701 0.361308
      vertex 0.516061 -1.92842 0.361223
    endloop
  endfacet
  facet normal -0.82541 -6.00193e-7 -0.564534
    outer loop
      vertex 0.516001 -0.0393701 0.361308
      vertex 0.523766 -1.86161 0.349956
      vertex 0.516061 -1.92842 0.361223
    endloop
  endfacet
  facet normal -0.83448 -0.0014879 -0.551036
    outer loop
      vertex 0.530035 -1.83351 0.340387
      vertex 0.528133 -1.85696 0.343332
      vertex 0.523766 -1.86161 0.349956
    endloop
  endfacet
  facet normal -0.834777 -0.00057032 -0.550588
    outer loop
      vertex 0.528133 -1.85696 0.343332
      vertex 0.525326 -1.88006 0.347611
      vertex 0.523766 -1.86161 0.349956
    endloop
  endfacet
  facet normal -0.831589 0.000309902 -0.555392
    outer loop
      vertex 0.525326 -1.88006 0.347611
      vertex 0.5216 -1.90271 0.353177
      vertex 0.523766 -1.86161 0.349956
    endloop
  endfacet
  facet normal -0.822507 -0.00121576 -0.568754
    outer loop
      vertex 0.5216 -1.90271 0.353177
      vertex 0.516935 -1.92479 0.35997
      vertex 0.523766 -1.86161 0.349956
    endloop
  endfacet
  facet normal -0.814707 -0.00381935 -0.57986
    outer loop
      vertex 0.523766 -1.86161 0.349956
      vertex 0.516935 -1.92479 0.35997
      vertex 0.516061 -1.92842 0.361223
    endloop
  endfacet
  facet normal -0.89396 -0.00104046 -0.448146
    outer loop
      vertex 0.55894 -1.80988 0.290494
      vertex 0.564954 -1.86161 0.278617
      vertex 0.559802 -1.83351 0.28883
    endloop
  endfacet
  facet normal -0.894452 -0.00148895 -0.447161
    outer loop
      vertex 0.564954 -1.86161 0.278617
      vertex 0.5614 -1.85696 0.28571
      vertex 0.559802 -1.83351 0.28883
    endloop
  endfacet
  facet normal -0.909543 -0.00382714 -0.415592
    outer loop
      vertex 0.564954 -1.86161 0.278617
      vertex 0.570858 -1.92842 0.266311
      vertex 0.570211 -1.92479 0.267694
    endloop
  endfacet
  facet normal -0.903808 -0.00121555 -0.427937
    outer loop
      vertex 0.570211 -1.92479 0.267694
      vertex 0.56666 -1.90271 0.27513
      vertex 0.564954 -1.86161 0.278617
    endloop
  endfacet
  facet normal -0.896776 0.00031022 -0.442484
    outer loop
      vertex 0.56666 -1.90271 0.27513
      vertex 0.563703 -1.88006 0.28114
      vertex 0.564954 -1.86161 0.278617
    endloop
  endfacet
  facet normal -0.894212 -0.000569307 -0.447644
    outer loop
      vertex 0.564954 -1.86161 0.278617
      vertex 0.563703 -1.88006 0.28114
      vertex 0.5614 -1.85696 0.28571
    endloop
  endfacet
  facet normal -0.887011 -0.000341536 -0.461748
    outer loop
      vertex 0.570903 -0.0393701 0.266216
      vertex 0.558785 -1.7948 0.290792
      vertex 0.545528 -0.0393701 0.314961
    endloop
  endfacet
  facet normal -0.876758 0 -0.480931
    outer loop
      vertex 0.558785 -1.7948 0.290792
      vertex 0.545528 -1.79445 0.314961
      vertex 0.545528 -0.0393701 0.314961
    endloop
  endfacet
  facet normal -0.843391 0 -0.5373
    outer loop
      vertex 0.545528 -0.0393701 0.314961
      vertex 0.545528 -1.79445 0.314961
      vertex 0.516001 -0.0393701 0.361308
    endloop
  endfacet
  facet normal -0.854873 -0.000680736 -0.518836
    outer loop
      vertex 0.545528 -1.79445 0.314961
      vertex 0.531226 -1.7948 0.338526
      vertex 0.516001 -0.0393701 0.361308
    endloop
  endfacet
  facet normal -0.837025 -0.000158302 -0.547164
    outer loop
      vertex 0.516001 -0.0393701 0.361308
      vertex 0.531226 -1.7948 0.338526
      vertex 0.523766 -1.86161 0.349956
    endloop
  endfacet
  facet normal -0.836742 -0.000263975 -0.547597
    outer loop
      vertex 0.531226 -1.7948 0.338526
      vertex 0.531045 -1.80988 0.33881
      vertex 0.523766 -1.86161 0.349956
    endloop
  endfacet
  facet normal -0.835085 -0.00104075 -0.55012
    outer loop
      vertex 0.523766 -1.86161 0.349956
      vertex 0.531045 -1.80988 0.33881
      vertex 0.530035 -1.83351 0.340387
    endloop
  endfacet
  facet normal -0.923753 -0.0134961 -0.382751
    outer loop
      vertex 0.586642 -1.95913 0.229461
      vertex 0.576997 -1.95906 0.252735
      vertex 0.589111 -1.94618 0.223044
    endloop
  endfacet
  facet normal -0.923799 -0.0132205 -0.38265
    outer loop
      vertex 0.576997 -1.95906 0.252735
      vertex 0.57428 -1.94618 0.258849
      vertex 0.589111 -1.94618 0.223044
    endloop
  endfacet
  facet normal -0.923742 -0.0172255 -0.382627
    outer loop
      vertex 0.589111 -1.94618 0.223044
      vertex 0.57428 -1.94618 0.258849
      vertex 0.591968 -1.92842 0.215348
    endloop
  endfacet
  facet normal -0.923742 -0.0172255 -0.382627
    outer loop
      vertex 0.57428 -1.94618 0.258849
      vertex 0.570858 -1.92842 0.266311
      vertex 0.591968 -1.92842 0.215348
    endloop
  endfacet
  facet normal -0.892605 -0.000264518 -0.45084
    outer loop
      vertex 0.55894 -1.80988 0.290494
      vertex 0.558785 -1.7948 0.290792
      vertex 0.564954 -1.86161 0.278617
    endloop
  endfacet
  facet normal -0.89237 -0.000158316 -0.451304
    outer loop
      vertex 0.558785 -1.7948 0.290792
      vertex 0.570903 -0.0393701 0.266216
      vertex 0.564954 -1.86161 0.278617
    endloop
  endfacet
  facet normal -0.901606 -6.01872e-7 -0.432558
    outer loop
      vertex 0.564954 -1.86161 0.278617
      vertex 0.570903 -0.0393701 0.266216
      vertex 0.570858 -1.92842 0.266311
    endloop
  endfacet
  facet normal -0.92388 2.41012e-6 -0.382683
    outer loop
      vertex 0.570903 -0.0393701 0.266216
      vertex 0.591932 -0.0393701 0.215446
      vertex 0.570858 -1.92842 0.266311
    endloop
  endfacet
  facet normal -0.923879 2.40206e-6 -0.382684
    outer loop
      vertex 0.570858 -1.92842 0.266311
      vertex 0.591932 -0.0393701 0.215446
      vertex 0.591968 -1.92842 0.215348
    endloop
  endfacet
  facet normal -0.943397 -6.10206e-7 -0.331665
    outer loop
      vertex 0.591932 -0.0393701 0.215446
      vertex 0.596495 -1.86161 0.202471
      vertex 0.591968 -1.92842 0.215348
    endloop
  endfacet
  facet normal -0.948664 -0.00148852 -0.316283
    outer loop
      vertex 0.600073 -1.83351 0.191606
      vertex 0.598998 -1.85696 0.194942
      vertex 0.596495 -1.86161 0.202471
    endloop
  endfacet
  facet normal -0.948835 -0.000569725 -0.315772
    outer loop
      vertex 0.598998 -1.85696 0.194942
      vertex 0.597394 -1.88006 0.199802
      vertex 0.596495 -1.86161 0.202471
    endloop
  endfacet
  facet normal -0.947001 0.000309519 -0.321232
    outer loop
      vertex 0.597394 -1.88006 0.199802
      vertex 0.595236 -1.90271 0.206143
      vertex 0.596495 -1.86161 0.202471
    endloop
  endfacet
  facet normal -0.941683 -0.00121723 -0.3365
    outer loop
      vertex 0.595236 -1.90271 0.206143
      vertex 0.592488 -1.92479 0.213912
      vertex 0.596495 -1.86161 0.202471
    endloop
  endfacet
  facet normal -0.937029 -0.00381772 -0.349231
    outer loop
      vertex 0.596495 -1.86161 0.202471
      vertex 0.592488 -1.92479 0.213912
      vertex 0.591968 -1.92842 0.215348
    endloop
  endfacet
  facet normal -0.979488 -0.00104042 -0.2015
    outer loop
      vertex 0.61508 -1.80988 0.135931
      vertex 0.617815 -1.86161 0.122902
      vertex 0.615482 -1.83351 0.134101
    endloop
  endfacet
  facet normal -0.979709 -0.00148886 -0.200421
    outer loop
      vertex 0.617815 -1.86161 0.122902
      vertex 0.616218 -1.85696 0.130674
      vertex 0.615482 -1.83351 0.134101
    endloop
  endfacet
  facet normal -0.986119 -0.00383344 -0.165994
    outer loop
      vertex 0.617815 -1.86161 0.122902
      vertex 0.620333 -1.92842 0.109487
      vertex 0.620066 -1.92479 0.110991
    endloop
  endfacet
  facet normal -0.983769 -0.00121556 -0.179436
    outer loop
      vertex 0.620066 -1.92479 0.110991
      vertex 0.618561 -1.90271 0.119093
      vertex 0.617815 -1.86161 0.122902
    endloop
  endfacet
  facet normal -0.980742 0.000310113 -0.195306
    outer loop
      vertex 0.618561 -1.90271 0.119093
      vertex 0.61726 -1.88006 0.125664
      vertex 0.617815 -1.86161 0.122902
    endloop
  endfacet
  facet normal -0.979601 -0.000568792 -0.20095
    outer loop
      vertex 0.617815 -1.86161 0.122902
      vertex 0.61726 -1.88006 0.125664
      vertex 0.616218 -1.85696 0.130674
    endloop
  endfacet
  facet normal -0.976296 -0.000341549 -0.21644
    outer loop
      vertex 0.620351 -0.0393701 0.109385
      vertex 0.615007 -1.7948 0.13626
      vertex 0.608457 -0.0393701 0.163036
    endloop
  endfacet
  facet normal -0.971357 0 -0.237623
    outer loop
      vertex 0.615007 -1.7948 0.13626
      vertex 0.608457 -1.79445 0.163036
      vertex 0.608457 -0.0393701 0.163036
    endloop
  endfacet
  facet normal -0.953717 0 -0.300706
    outer loop
      vertex 0.608457 -0.0393701 0.163036
      vertex 0.608457 -1.79445 0.163036
      vertex 0.591932 -0.0393701 0.215446
    endloop
  endfacet
  facet normal -0.960029 -0.000680749 -0.279899
    outer loop
      vertex 0.608457 -1.79445 0.163036
      vertex 0.600742 -1.7948 0.1895
      vertex 0.591932 -0.0393701 0.215446
    endloop
  endfacet
  facet normal -0.950121 -0.000158293 -0.311883
    outer loop
      vertex 0.591932 -0.0393701 0.215446
      vertex 0.600742 -1.7948 0.1895
      vertex 0.596495 -1.86161 0.202471
    endloop
  endfacet
  facet normal -0.949957 -0.000265223 -0.31238
    outer loop
      vertex 0.600742 -1.7948 0.1895
      vertex 0.600641 -1.80988 0.18982
      vertex 0.596495 -1.86161 0.202471
    endloop
  endfacet
  facet normal -0.949012 -0.00103962 -0.315237
    outer loop
      vertex 0.596495 -1.86161 0.202471
      vertex 0.600641 -1.80988 0.18982
      vertex 0.600073 -1.83351 0.191606
    endloop
  endfacet
  facet normal -0.99134 -0.0134977 -0.130626
    outer loop
      vertex 0.626041 -1.95913 0.0698086
      vertex 0.622749 -1.95906 0.0947854
      vertex 0.626766 -1.94618 0.0629706
    endloop
  endfacet
  facet normal -0.991358 -0.0132179 -0.130515
    outer loop
      vertex 0.622749 -1.95906 0.0947854
      vertex 0.621707 -1.94618 0.101394
      vertex 0.626766 -1.94618 0.0629706
    endloop
  endfacet
  facet normal -0.991298 -0.0172273 -0.130507
    outer loop
      vertex 0.626766 -1.94618 0.0629706
      vertex 0.621707 -1.94618 0.101394
      vertex 0.627533 -1.92842 0.0547975
    endloop
  endfacet
  facet normal -0.991298 -0.0172284 -0.130507
    outer loop
      vertex 0.621707 -1.94618 0.101394
      vertex 0.620333 -1.92842 0.109487
      vertex 0.627533 -1.92842 0.0547975
    endloop
  endfacet
  facet normal -0.978876 -0.000264167 -0.204453
    outer loop
      vertex 0.61508 -1.80988 0.135931
      vertex 0.615007 -1.7948 0.13626
      vertex 0.617815 -1.86161 0.122902
    endloop
  endfacet
  facet normal -0.97877 -0.000158279 -0.204961
    outer loop
      vertex 0.615007 -1.7948 0.13626
      vertex 0.620351 -0.0393701 0.109385
      vertex 0.617815 -1.86161 0.122902
    endloop
  endfacet
  facet normal -0.982839 -5.94269e-7 -0.184467
    outer loop
      vertex 0.617815 -1.86161 0.122902
      vertex 0.620351 -0.0393701 0.109385
      vertex 0.620333 -1.92842 0.109487
    endloop
  endfacet
  facet normal -0.991445 2.41773e-6 -0.130526
    outer loop
      vertex 0.620351 -0.0393701 0.109385
      vertex 0.627524 -0.0393701 0.0549013
      vertex 0.620333 -1.92842 0.109487
    endloop
  endfacet
  facet normal -0.991445 2.39831e-6 -0.130527
    outer loop
      vertex 0.620333 -1.92842 0.109487
      vertex 0.627524 -0.0393701 0.0549013
      vertex 0.627533 -1.92842 0.0547975
    endloop
  endfacet
  facet normal -0.997093 -6.13553e-7 -0.0761979
    outer loop
      vertex 0.627524 -0.0393701 0.0549013
      vertex 0.628573 -1.86161 0.0411879
      vertex 0.627533 -1.92842 0.0547975
    endloop
  endfacet
  facet normal -0.998199 -0.00148774 -0.0599684
    outer loop
      vertex 0.629218 -1.83351 0.0297663
      vertex 0.629042 -1.85696 0.0332676
      vertex 0.628573 -1.86161 0.0411879
    endloop
  endfacet
  facet normal -0.998232 -0.000569464 -0.0594307
    outer loop
      vertex 0.629042 -1.85696 0.0332676
      vertex 0.628751 -1.88006 0.0383766
      vertex 0.628573 -1.86161 0.0411879
    endloop
  endfacet
  facet normal -0.997873 0.000310672 -0.0651852
    outer loop
      vertex 0.628751 -1.88006 0.0383766
      vertex 0.628308 -1.90271 0.0450603
      vertex 0.628573 -1.86161 0.0411879
    endloop
  endfacet
  facet normal -0.996688 -0.00121577 -0.0813064
    outer loop
      vertex 0.628308 -1.90271 0.0450603
      vertex 0.627664 -1.92479 0.0532759
      vertex 0.628573 -1.86161 0.0411879
    endloop
  endfacet
  facet normal -0.99549 -0.00381279 -0.0947899
    outer loop
      vertex 0.628573 -1.86161 0.0411879
      vertex 0.627664 -1.92479 0.0532759
      vertex 0.627533 -1.92842 0.0547975
    endloop
  endfacet
  facet normal -0.998265 -0.00103992 0.0588706
    outer loop
      vertex 0.629303 -1.80988 -0.0278951
      vertex 0.628573 -1.86161 -0.0411879
      vertex 0.629218 -1.83351 -0.0297663
    endloop
  endfacet
  facet normal -0.998199 -0.00148774 0.0599684
    outer loop
      vertex 0.628573 -1.86161 -0.0411879
      vertex 0.629042 -1.85696 -0.0332676
      vertex 0.629218 -1.83351 -0.0297663
    endloop
  endfacet
  facet normal -0.99549 -0.00381279 0.0947899
    outer loop
      vertex 0.628573 -1.86161 -0.0411879
      vertex 0.627533 -1.92842 -0.0547975
      vertex 0.627664 -1.92479 -0.0532759
    endloop
  endfacet
  facet normal -0.996688 -0.00121577 0.0813064
    outer loop
      vertex 0.627664 -1.92479 -0.0532759
      vertex 0.628308 -1.90271 -0.0450603
      vertex 0.628573 -1.86161 -0.0411879
    endloop
  endfacet
  facet normal -0.997873 0.000310672 0.0651852
    outer loop
      vertex 0.628308 -1.90271 -0.0450603
      vertex 0.628751 -1.88006 -0.0383766
      vertex 0.628573 -1.86161 -0.0411879
    endloop
  endfacet
  facet normal -0.998232 -0.000569464 0.0594307
    outer loop
      vertex 0.628573 -1.86161 -0.0411879
      vertex 0.628751 -1.88006 -0.0383766
      vertex 0.629042 -1.85696 -0.0332676
    endloop
  endfacet
  facet normal -0.999048 -0.00034154 0.0436203
    outer loop
      vertex 0.627524 -0.0393701 -0.0549013
      vertex 0.629318 -1.7948 -0.0275591
      vertex 0.629921 -0.0393701 2.17014e-16
    endloop
  endfacet
  facet normal -0.999761 -2.22611e-18 0.0218808
    outer loop
      vertex 0.629318 -1.7948 -0.0275591
      vertex 0.629921 -1.79445 3.85716e-17
      vertex 0.629921 -0.0393701 2.17014e-16
    endloop
  endfacet
  facet normal -0.999048 4.43496e-18 -0.0436203
    outer loop
      vertex 0.629921 -0.0393701 2.17014e-16
      vertex 0.629921 -1.79445 3.85716e-17
      vertex 0.627524 -0.0393701 0.0549013
    endloop
  endfacet
  facet normal -0.99976 -0.000680744 -0.0218894
    outer loop
      vertex 0.629921 -1.79445 3.85716e-17
      vertex 0.629318 -1.7948 0.0275591
      vertex 0.627524 -0.0393701 0.0549013
    endloop
  endfacet
  facet normal -0.998467 -0.000158342 -0.0553439
    outer loop
      vertex 0.627524 -0.0393701 0.0549013
      vertex 0.629318 -1.7948 0.0275591
      vertex 0.628573 -1.86161 0.0411879
    endloop
  endfacet
  facet normal -0.998439 -0.000264166 -0.0558611
    outer loop
      vertex 0.629318 -1.7948 0.0275591
      vertex 0.629303 -1.80988 0.0278951
      vertex 0.628573 -1.86161 0.0411879
    endloop
  endfacet
  facet normal -0.998265 -0.00103992 -0.0588706
    outer loop
      vertex 0.628573 -1.86161 0.0411879
      vertex 0.629303 -1.80988 0.0278951
      vertex 0.629218 -1.83351 0.0297663
    endloop
  endfacet
  facet normal -0.991369 -0.0134992 0.130402
    outer loop
      vertex 0.622777 -1.95913 -0.0946014
      vertex 0.626062 -1.95906 -0.0696237
      vertex 0.621707 -1.94618 -0.101394
    endloop
  endfacet
  facet normal -0.991358 -0.0132164 0.130515
    outer loop
      vertex 0.626062 -1.95906 -0.0696237
      vertex 0.626766 -1.94618 -0.0629706
      vertex 0.621707 -1.94618 -0.101394
    endloop
  endfacet
  facet normal -0.991298 -0.0172286 0.130507
    outer loop
      vertex 0.621707 -1.94618 -0.101394
      vertex 0.626766 -1.94618 -0.0629706
      vertex 0.620333 -1.92842 -0.109487
    endloop
  endfacet
  facet normal -0.991298 -0.0172275 0.130507
    outer loop
      vertex 0.626766 -1.94618 -0.0629706
      vertex 0.627533 -1.92842 -0.0547975
      vertex 0.620333 -1.92842 -0.109487
    endloop
  endfacet
  facet normal -0.998439 -0.000264166 0.0558611
    outer loop
      vertex 0.629303 -1.80988 -0.0278951
      vertex 0.629318 -1.7948 -0.0275591
      vertex 0.628573 -1.86161 -0.0411879
    endloop
  endfacet
  facet normal -0.998467 -0.000158342 0.0553439
    outer loop
      vertex 0.629318 -1.7948 -0.0275591
      vertex 0.627524 -0.0393701 -0.0549013
      vertex 0.628573 -1.86161 -0.0411879
    endloop
  endfacet
  facet normal -0.997093 -6.13553e-7 0.0761979
    outer loop
      vertex 0.628573 -1.86161 -0.0411879
      vertex 0.627524 -0.0393701 -0.0549013
      vertex 0.627533 -1.92842 -0.0547975
    endloop
  endfacet
  facet normal -0.991445 2.39827e-6 0.130526
    outer loop
      vertex 0.627524 -0.0393701 -0.0549013
      vertex 0.620351 -0.0393701 -0.109385
      vertex 0.627533 -1.92842 -0.0547975
    endloop
  endfacet
  facet normal -0.991445 2.4177e-6 0.130527
    outer loop
      vertex 0.627533 -1.92842 -0.0547975
      vertex 0.620351 -0.0393701 -0.109385
      vertex 0.620333 -1.92842 -0.109487
    endloop
  endfacet
  facet normal -0.982839 -5.94269e-7 0.184467
    outer loop
      vertex 0.620351 -0.0393701 -0.109385
      vertex 0.617815 -1.86161 -0.122902
      vertex 0.620333 -1.92842 -0.109487
    endloop
  endfacet
  facet normal -0.979709 -0.00148886 0.200421
    outer loop
      vertex 0.615482 -1.83351 -0.134101
      vertex 0.616218 -1.85696 -0.130674
      vertex 0.617815 -1.86161 -0.122902
    endloop
  endfacet
  facet normal -0.979601 -0.000568792 0.20095
    outer loop
      vertex 0.616218 -1.85696 -0.130674
      vertex 0.61726 -1.88006 -0.125664
      vertex 0.617815 -1.86161 -0.122902
    endloop
  endfacet
  facet normal -0.980742 0.000310113 0.195306
    outer loop
      vertex 0.61726 -1.88006 -0.125664
      vertex 0.618561 -1.90271 -0.119093
      vertex 0.617815 -1.86161 -0.122902
    endloop
  endfacet
  facet normal -0.983769 -0.00121556 0.179436
    outer loop
      vertex 0.618561 -1.90271 -0.119093
      vertex 0.620066 -1.92479 -0.110991
      vertex 0.617815 -1.86161 -0.122902
    endloop
  endfacet
  facet normal -0.986119 -0.00383344 0.165994
    outer loop
      vertex 0.617815 -1.86161 -0.122902
      vertex 0.620066 -1.92479 -0.110991
      vertex 0.620333 -1.92842 -0.109487
    endloop
  endfacet
  facet normal -0.949012 -0.00103962 0.315237
    outer loop
      vertex 0.600641 -1.80988 -0.18982
      vertex 0.596495 -1.86161 -0.202471
      vertex 0.600073 -1.83351 -0.191606
    endloop
  endfacet
  facet normal -0.948664 -0.00148852 0.316283
    outer loop
      vertex 0.596495 -1.86161 -0.202471
      vertex 0.598998 -1.85696 -0.194942
      vertex 0.600073 -1.83351 -0.191606
    endloop
  endfacet
  facet normal -0.937029 -0.00381772 0.349231
    outer loop
      vertex 0.596495 -1.86161 -0.202471
      vertex 0.591968 -1.92842 -0.215348
      vertex 0.592488 -1.92479 -0.213912
    endloop
  endfacet
  facet normal -0.941683 -0.00121723 0.3365
    outer loop
      vertex 0.592488 -1.92479 -0.213912
      vertex 0.595236 -1.90271 -0.206143
      vertex 0.596495 -1.86161 -0.202471
    endloop
  endfacet
  facet normal -0.947001 0.000309519 0.321232
    outer loop
      vertex 0.595236 -1.90271 -0.206143
      vertex 0.597394 -1.88006 -0.199802
      vertex 0.596495 -1.86161 -0.202471
    endloop
  endfacet
  facet normal -0.948835 -0.000569725 0.315772
    outer loop
      vertex 0.596495 -1.86161 -0.202471
      vertex 0.597394 -1.88006 -0.199802
      vertex 0.598998 -1.85696 -0.194942
    endloop
  endfacet
  facet normal -0.953717 -0.000341543 0.300706
    outer loop
      vertex 0.591932 -0.0393701 -0.215446
      vertex 0.600742 -1.7948 -0.1895
      vertex 0.608457 -0.0393701 -0.163036
    endloop
  endfacet
  facet normal -0.960032 0 0.279891
    outer loop
      vertex 0.600742 -1.7948 -0.1895
      vertex 0.608457 -1.79445 -0.163036
      vertex 0.608457 -0.0393701 -0.163036
    endloop
  endfacet
  facet normal -0.976296 0 0.21644
    outer loop
      vertex 0.608457 -0.0393701 -0.163036
      vertex 0.608457 -1.79445 -0.163036
      vertex 0.620351 -0.0393701 -0.109385
    endloop
  endfacet
  facet normal -0.971359 -0.00068076 0.237615
    outer loop
      vertex 0.608457 -1.79445 -0.163036
      vertex 0.615007 -1.7948 -0.13626
      vertex 0.620351 -0.0393701 -0.109385
    endloop
  endfacet
  facet normal -0.97877 -0.000158279 0.204961
    outer loop
      vertex 0.620351 -0.0393701 -0.109385
      vertex 0.615007 -1.7948 -0.13626
      vertex 0.617815 -1.86161 -0.122902
    endloop
  endfacet
  facet normal -0.978876 -0.000264167 0.204453
    outer loop
      vertex 0.615007 -1.7948 -0.13626
      vertex 0.61508 -1.80988 -0.135931
      vertex 0.617815 -1.86161 -0.122902
    endloop
  endfacet
  facet normal -0.979488 -0.00104042 0.2015
    outer loop
      vertex 0.617815 -1.86161 -0.122902
      vertex 0.61508 -1.80988 -0.135931
      vertex 0.615482 -1.83351 -0.134101
    endloop
  endfacet
  facet normal -0.923838 -0.0134962 0.382547
    outer loop
      vertex 0.577072 -1.95913 -0.252565
      vertex 0.586709 -1.95906 -0.229288
      vertex 0.57428 -1.94618 -0.258849
    endloop
  endfacet
  facet normal -0.923799 -0.0132212 0.38265
    outer loop
      vertex 0.586709 -1.95906 -0.229288
      vertex 0.589111 -1.94618 -0.223044
      vertex 0.57428 -1.94618 -0.258849
    endloop
  endfacet
  facet normal -0.923742 -0.0172255 0.382627
    outer loop
      vertex 0.57428 -1.94618 -0.258849
      vertex 0.589111 -1.94618 -0.223044
      vertex 0.570858 -1.92842 -0.266311
    endloop
  endfacet
  facet normal -0.923742 -0.0172255 0.382627
    outer loop
      vertex 0.589111 -1.94618 -0.223044
      vertex 0.591968 -1.92842 -0.215348
      vertex 0.570858 -1.92842 -0.266311
    endloop
  endfacet
  facet normal -0.949957 -0.000265223 0.31238
    outer loop
      vertex 0.600641 -1.80988 -0.18982
      vertex 0.600742 -1.7948 -0.1895
      vertex 0.596495 -1.86161 -0.202471
    endloop
  endfacet
  facet normal -0.950121 -0.000158293 0.311883
    outer loop
      vertex 0.600742 -1.7948 -0.1895
      vertex 0.591932 -0.0393701 -0.215446
      vertex 0.596495 -1.86161 -0.202471
    endloop
  endfacet
  facet normal -0.943397 -6.10206e-7 0.331665
    outer loop
      vertex 0.596495 -1.86161 -0.202471
      vertex 0.591932 -0.0393701 -0.215446
      vertex 0.591968 -1.92842 -0.215348
    endloop
  endfacet
  facet normal -0.92388 2.40205e-6 0.382683
    outer loop
      vertex 0.591932 -0.0393701 -0.215446
      vertex 0.570903 -0.0393701 -0.266216
      vertex 0.591968 -1.92842 -0.215348
    endloop
  endfacet
  facet normal -0.923879 2.4101e-6 0.382684
    outer loop
      vertex 0.591968 -1.92842 -0.215348
      vertex 0.570903 -0.0393701 -0.266216
      vertex 0.570858 -1.92842 -0.266311
    endloop
  endfacet
  facet normal -0.901606 -6.01872e-7 0.432558
    outer loop
      vertex 0.570903 -0.0393701 -0.266216
      vertex 0.564954 -1.86161 -0.278617
      vertex 0.570858 -1.92842 -0.266311
    endloop
  endfacet
  facet normal -0.894452 -0.00148895 0.447161
    outer loop
      vertex 0.559802 -1.83351 -0.28883
      vertex 0.5614 -1.85696 -0.28571
      vertex 0.564954 -1.86161 -0.278617
    endloop
  endfacet
  facet normal -0.894212 -0.000569307 0.447644
    outer loop
      vertex 0.5614 -1.85696 -0.28571
      vertex 0.563703 -1.88006 -0.28114
      vertex 0.564954 -1.86161 -0.278617
    endloop
  endfacet
  facet normal -0.896776 0.00031022 0.442484
    outer loop
      vertex 0.563703 -1.88006 -0.28114
      vertex 0.56666 -1.90271 -0.27513
      vertex 0.564954 -1.86161 -0.278617
    endloop
  endfacet
  facet normal -0.903808 -0.00121555 0.427937
    outer loop
      vertex 0.56666 -1.90271 -0.27513
      vertex 0.570211 -1.92479 -0.267694
      vertex 0.564954 -1.86161 -0.278617
    endloop
  endfacet
  facet normal -0.909543 -0.00382714 0.415592
    outer loop
      vertex 0.564954 -1.86161 -0.278617
      vertex 0.570211 -1.92479 -0.267694
      vertex 0.570858 -1.92842 -0.266311
    endloop
  endfacet
  facet normal -0.835085 -0.00104075 0.55012
    outer loop
      vertex 0.531045 -1.80988 -0.33881
      vertex 0.523766 -1.86161 -0.349956
      vertex 0.530035 -1.83351 -0.340387
    endloop
  endfacet
  facet normal -0.83448 -0.0014879 0.551036
    outer loop
      vertex 0.523766 -1.86161 -0.349956
      vertex 0.528133 -1.85696 -0.343332
      vertex 0.530035 -1.83351 -0.340387
    endloop
  endfacet
  facet normal -0.814707 -0.00381935 0.57986
    outer loop
      vertex 0.523766 -1.86161 -0.349956
      vertex 0.516061 -1.92842 -0.361223
      vertex 0.516935 -1.92479 -0.35997
    endloop
  endfacet
  facet normal -0.822507 -0.00121576 0.568754
    outer loop
      vertex 0.516935 -1.92479 -0.35997
      vertex 0.5216 -1.90271 -0.353177
      vertex 0.523766 -1.86161 -0.349956
    endloop
  endfacet
  facet normal -0.831589 0.000309902 0.555392
    outer loop
      vertex 0.5216 -1.90271 -0.353177
      vertex 0.525326 -1.88006 -0.347611
      vertex 0.523766 -1.86161 -0.349956
    endloop
  endfacet
  facet normal -0.834777 -0.00057032 0.550588
    outer loop
      vertex 0.523766 -1.86161 -0.349956
      vertex 0.525326 -1.88006 -0.347611
      vertex 0.528133 -1.85696 -0.343332
    endloop
  endfacet
  facet normal -0.843391 -0.000341536 0.5373
    outer loop
      vertex 0.516001 -0.0393701 -0.361308
      vertex 0.531226 -1.7948 -0.338526
      vertex 0.545528 -0.0393701 -0.314961
    endloop
  endfacet
  facet normal -0.854878 0 0.518829
    outer loop
      vertex 0.531226 -1.7948 -0.338526
      vertex 0.545528 -1.79445 -0.314961
      vertex 0.545528 -0.0393701 -0.314961
    endloop
  endfacet
  facet normal -0.887011 0 0.461748
    outer loop
      vertex 0.545528 -0.0393701 -0.314961
      vertex 0.545528 -1.79445 -0.314961
      vertex 0.570903 -0.0393701 -0.266216
    endloop
  endfacet
  facet normal -0.876762 -0.000680735 0.480924
    outer loop
      vertex 0.545528 -1.79445 -0.314961
      vertex 0.558785 -1.7948 -0.290792
      vertex 0.570903 -0.0393701 -0.266216
    endloop
  endfacet
  facet normal -0.89237 -0.000158316 0.451304
    outer loop
      vertex 0.570903 -0.0393701 -0.266216
      vertex 0.558785 -1.7948 -0.290792
      vertex 0.564954 -1.86161 -0.278617
    endloop
  endfacet
  facet normal -0.892605 -0.000264518 0.45084
    outer loop
      vertex 0.558785 -1.7948 -0.290792
      vertex 0.55894 -1.80988 -0.290494
      vertex 0.564954 -1.86161 -0.278617
    endloop
  endfacet
  facet normal -0.89396 -0.00104046 0.448146
    outer loop
      vertex 0.564954 -1.86161 -0.278617
      vertex 0.55894 -1.80988 -0.290494
      vertex 0.559802 -1.83351 -0.28883
    endloop
  endfacet
  facet normal -0.79335 -0.0135005 0.608616
    outer loop
      vertex 0.49204 -1.95913 -0.393316
      vertex 0.507374 -1.95906 -0.373327
      vertex 0.487717 -1.94618 -0.398663
    endloop
  endfacet
  facet normal -0.793284 -0.0132187 0.608709
    outer loop
      vertex 0.507374 -1.95906 -0.373327
      vertex 0.51131 -1.94618 -0.367917
      vertex 0.487717 -1.94618 -0.398663
    endloop
  endfacet
  facet normal -0.793235 -0.0172251 0.608671
    outer loop
      vertex 0.487717 -1.94618 -0.398663
      vertex 0.51131 -1.94618 -0.367917
      vertex 0.482481 -1.92842 -0.404985
    endloop
  endfacet
  facet normal -0.793236 -0.0172261 0.608671
    outer loop
      vertex 0.51131 -1.94618 -0.367917
      vertex 0.516061 -1.92842 -0.361223
      vertex 0.482481 -1.92842 -0.404985
    endloop
  endfacet
  facet normal -0.836742 -0.000263975 0.547597
    outer loop
      vertex 0.531045 -1.80988 -0.33881
      vertex 0.531226 -1.7948 -0.338526
      vertex 0.523766 -1.86161 -0.349956
    endloop
  endfacet
  facet normal -0.837025 -0.000158302 0.547164
    outer loop
      vertex 0.531226 -1.7948 -0.338526
      vertex 0.516001 -0.0393701 -0.361308
      vertex 0.523766 -1.86161 -0.349956
    endloop
  endfacet
  facet normal -0.82541 -6.00193e-7 0.564534
    outer loop
      vertex 0.523766 -1.86161 -0.349956
      vertex 0.516001 -0.0393701 -0.361308
      vertex 0.516061 -1.92842 -0.361223
    endloop
  endfacet
  facet normal -0.793353 2.41101e-6 0.608762
    outer loop
      vertex 0.516001 -0.0393701 -0.361308
      vertex 0.482548 -0.0393701 -0.404906
      vertex 0.516061 -1.92842 -0.361223
    endloop
  endfacet
  facet normal -0.793353 2.40679e-6 0.608761
    outer loop
      vertex 0.516061 -1.92842 -0.361223
      vertex 0.482548 -0.0393701 -0.404906
      vertex 0.482481 -1.92842 -0.404985
    endloop
  endfacet
  facet normal -0.75893 -6.04512e-7 0.651172
    outer loop
      vertex 0.482548 -0.0393701 -0.404906
      vertex 0.473593 -1.86161 -0.415344
      vertex 0.482481 -1.92842 -0.404985
    endloop
  endfacet
  facet normal -0.74824 -0.00148918 0.663426
    outer loop
      vertex 0.465972 -1.83351 -0.423876
      vertex 0.468324 -1.85696 -0.421276
      vertex 0.473593 -1.86161 -0.415344
    endloop
  endfacet
  facet normal -0.747883 -0.000568047 0.663831
    outer loop
      vertex 0.468324 -1.85696 -0.421276
      vertex 0.471731 -1.88006 -0.417458
      vertex 0.473593 -1.86161 -0.415344
    endloop
  endfacet
  facet normal -0.751691 0.00031053 0.659515
    outer loop
      vertex 0.471731 -1.88006 -0.417458
      vertex 0.476143 -1.90271 -0.412418
      vertex 0.473593 -1.86161 -0.415344
    endloop
  endfacet
  facet normal -0.762257 -0.00121655 0.647273
    outer loop
      vertex 0.476143 -1.90271 -0.412418
      vertex 0.481497 -1.92479 -0.406154
      vertex 0.473593 -1.86161 -0.415344
    endloop
  endfacet
  facet normal -0.770974 -0.00382272 0.636855
    outer loop
      vertex 0.473593 -1.86161 -0.415344
      vertex 0.481497 -1.92479 -0.406154
      vertex 0.482481 -1.92842 -0.404985
    endloop
  endfacet
  facet normal -0.664253 -0.00103921 0.747507
    outer loop
      vertex 0.42526 -1.80988 -0.464709
      vertex 0.415344 -1.86161 -0.473593
      vertex 0.423876 -1.83351 -0.465972
    endloop
  endfacet
  facet normal -0.663426 -0.00148918 0.74824
    outer loop
      vertex 0.415344 -1.86161 -0.473593
      vertex 0.421276 -1.85696 -0.468324
      vertex 0.423876 -1.83351 -0.465972
    endloop
  endfacet
  facet normal -0.636855 -0.00382272 0.770974
    outer loop
      vertex 0.415344 -1.86161 -0.473593
      vertex 0.404985 -1.92842 -0.482481
      vertex 0.406154 -1.92479 -0.481497
    endloop
  endfacet
  facet normal -0.647273 -0.00121655 0.762257
    outer loop
      vertex 0.406154 -1.92479 -0.481497
      vertex 0.412418 -1.90271 -0.476143
      vertex 0.415344 -1.86161 -0.473593
    endloop
  endfacet
  facet normal -0.659515 0.00031053 0.751691
    outer loop
      vertex 0.412418 -1.90271 -0.476143
      vertex 0.417458 -1.88006 -0.471731
      vertex 0.415344 -1.86161 -0.473593
    endloop
  endfacet
  facet normal -0.663831 -0.000568047 0.747883
    outer loop
      vertex 0.415344 -1.86161 -0.473593
      vertex 0.417458 -1.88006 -0.471731
      vertex 0.421276 -1.85696 -0.468324
    endloop
  endfacet
  facet normal -0.67559 -0.000341541 0.737277
    outer loop
      vertex 0.404906 -0.0393701 -0.482548
      vertex 0.425508 -1.7948 -0.464482
      vertex 0.445422 -0.0393701 -0.445422
    endloop
  endfacet
  facet normal -0.691466 0 0.722409
    outer loop
      vertex 0.425508 -1.7948 -0.464482
      vertex 0.445422 -1.79445 -0.445422
      vertex 0.445422 -0.0393701 -0.445422
    endloop
  endfacet
  facet normal -0.737277 0 0.67559
    outer loop
      vertex 0.445422 -0.0393701 -0.445422
      vertex 0.445422 -1.79445 -0.445422
      vertex 0.482548 -0.0393701 -0.404906
    endloop
  endfacet
  facet normal -0.722415 -0.000680744 0.69146
    outer loop
      vertex 0.445422 -1.79445 -0.445422
      vertex 0.464482 -1.7948 -0.425508
      vertex 0.482548 -0.0393701 -0.404906
    endloop
  endfacet
  facet normal -0.745158 -0.000158311 0.666888
    outer loop
      vertex 0.482548 -0.0393701 -0.404906
      vertex 0.464482 -1.7948 -0.425508
      vertex 0.473593 -1.86161 -0.415344
    endloop
  endfacet
  facet normal -0.745505 -0.000264718 0.6665
    outer loop
      vertex 0.464482 -1.7948 -0.425508
      vertex 0.464709 -1.80988 -0.42526
      vertex 0.473593 -1.86161 -0.415344
    endloop
  endfacet
  facet normal -0.747507 -0.00103921 0.664253
    outer loop
      vertex 0.473593 -1.86161 -0.415344
      vertex 0.464709 -1.80988 -0.42526
      vertex 0.465972 -1.83351 -0.423876
    endloop
  endfacet
  facet normal -0.608794 -0.0134977 0.793213
    outer loop
      vertex 0.373477 -1.95913 -0.507263
      vertex 0.393461 -1.95906 -0.491924
      vertex 0.367917 -1.94618 -0.51131
    endloop
  endfacet
  facet normal -0.608709 -0.0132209 0.793284
    outer loop
      vertex 0.393461 -1.95906 -0.491924
      vertex 0.398663 -1.94618 -0.487717
      vertex 0.367917 -1.94618 -0.51131
    endloop
  endfacet
  facet normal -0.608671 -0.0172263 0.793235
    outer loop
      vertex 0.367917 -1.94618 -0.51131
      vertex 0.398663 -1.94618 -0.487717
      vertex 0.361223 -1.92842 -0.516061
    endloop
  endfacet
  facet normal -0.608671 -0.0172253 0.793236
    outer loop
      vertex 0.398663 -1.94618 -0.487717
      vertex 0.404985 -1.92842 -0.482481
      vertex 0.361223 -1.92842 -0.516061
    endloop
  endfacet
  facet normal -0.6665 -0.000264718 0.745505
    outer loop
      vertex 0.42526 -1.80988 -0.464709
      vertex 0.425508 -1.7948 -0.464482
      vertex 0.415344 -1.86161 -0.473593
    endloop
  endfacet
  facet normal -0.666888 -0.000158311 0.745158
    outer loop
      vertex 0.425508 -1.7948 -0.464482
      vertex 0.404906 -0.0393701 -0.482548
      vertex 0.415344 -1.86161 -0.473593
    endloop
  endfacet
  facet normal -0.651172 -6.04512e-7 0.75893
    outer loop
      vertex 0.415344 -1.86161 -0.473593
      vertex 0.404906 -0.0393701 -0.482548
      vertex 0.404985 -1.92842 -0.482481
    endloop
  endfacet
  facet normal -0.608762 2.40678e-6 0.793353
    outer loop
      vertex 0.404906 -0.0393701 -0.482548
      vertex 0.361308 -0.0393701 -0.516001
      vertex 0.404985 -1.92842 -0.482481
    endloop
  endfacet
  facet normal -0.608761 2.411e-6 0.793353
    outer loop
      vertex 0.404985 -1.92842 -0.482481
      vertex 0.361308 -0.0393701 -0.516001
      vertex 0.361223 -1.92842 -0.516061
    endloop
  endfacet
  facet normal -0.564534 -6.00193e-7 0.82541
    outer loop
      vertex 0.361308 -0.0393701 -0.516001
      vertex 0.349956 -1.86161 -0.523766
      vertex 0.361223 -1.92842 -0.516061
    endloop
  endfacet
  facet normal -0.551036 -0.0014879 0.83448
    outer loop
      vertex 0.340387 -1.83351 -0.530035
      vertex 0.343332 -1.85696 -0.528133
      vertex 0.349956 -1.86161 -0.523766
    endloop
  endfacet
  facet normal -0.550588 -0.00057032 0.834777
    outer loop
      vertex 0.343332 -1.85696 -0.528133
      vertex 0.347611 -1.88006 -0.525326
      vertex 0.349956 -1.86161 -0.523766
    endloop
  endfacet
  facet normal -0.555392 0.000309902 0.831589
    outer loop
      vertex 0.347611 -1.88006 -0.525326
      vertex 0.353177 -1.90271 -0.5216
      vertex 0.349956 -1.86161 -0.523766
    endloop
  endfacet
  facet normal -0.568754 -0.00121576 0.822507
    outer loop
      vertex 0.353177 -1.90271 -0.5216
      vertex 0.35997 -1.92479 -0.516935
      vertex 0.349956 -1.86161 -0.523766
    endloop
  endfacet
  facet normal -0.57986 -0.00381935 0.814707
    outer loop
      vertex 0.349956 -1.86161 -0.523766
      vertex 0.35997 -1.92479 -0.516935
      vertex 0.361223 -1.92842 -0.516061
    endloop
  endfacet
  facet normal -0.448146 -0.00104046 0.89396
    outer loop
      vertex 0.290494 -1.80988 -0.55894
      vertex 0.278617 -1.86161 -0.564954
      vertex 0.28883 -1.83351 -0.559802
    endloop
  endfacet
  facet normal -0.447161 -0.00148895 0.894452
    outer loop
      vertex 0.278617 -1.86161 -0.564954
      vertex 0.28571 -1.85696 -0.5614
      vertex 0.28883 -1.83351 -0.559802
    endloop
  endfacet
  facet normal -0.415592 -0.00382714 0.909543
    outer loop
      vertex 0.278617 -1.86161 -0.564954
      vertex 0.266311 -1.92842 -0.570858
      vertex 0.267694 -1.92479 -0.570211
    endloop
  endfacet
  facet normal -0.427937 -0.00121555 0.903808
    outer loop
      vertex 0.267694 -1.92479 -0.570211
      vertex 0.27513 -1.90271 -0.56666
      vertex 0.278617 -1.86161 -0.564954
    endloop
  endfacet
  facet normal -0.442484 0.00031022 0.896776
    outer loop
      vertex 0.27513 -1.90271 -0.56666
      vertex 0.28114 -1.88006 -0.563703
      vertex 0.278617 -1.86161 -0.564954
    endloop
  endfacet
  facet normal -0.447644 -0.000569307 0.894212
    outer loop
      vertex 0.278617 -1.86161 -0.564954
      vertex 0.28114 -1.88006 -0.563703
      vertex 0.28571 -1.85696 -0.5614
    endloop
  endfacet
  facet normal -0.461748 -0.000341536 0.887011
    outer loop
      vertex 0.266216 -0.0393701 -0.570903
      vertex 0.290792 -1.7948 -0.558785
      vertex 0.314961 -0.0393701 -0.545528
    endloop
  endfacet
  facet normal -0.480931 0 0.876758
    outer loop
      vertex 0.290792 -1.7948 -0.558785
      vertex 0.314961 -1.79445 -0.545528
      vertex 0.314961 -0.0393701 -0.545528
    endloop
  endfacet
  facet normal -0.5373 0 0.843391
    outer loop
      vertex 0.314961 -0.0393701 -0.545528
      vertex 0.314961 -1.79445 -0.545528
      vertex 0.361308 -0.0393701 -0.516001
    endloop
  endfacet
  facet normal -0.518836 -0.000680736 0.854873
    outer loop
      vertex 0.314961 -1.79445 -0.545528
      vertex 0.338526 -1.7948 -0.531226
      vertex 0.361308 -0.0393701 -0.516001
    endloop
  endfacet
  facet normal -0.547164 -0.000158302 0.837025
    outer loop
      vertex 0.361308 -0.0393701 -0.516001
      vertex 0.338526 -1.7948 -0.531226
      vertex 0.349956 -1.86161 -0.523766
    endloop
  endfacet
  facet normal -0.547597 -0.000263975 0.836742
    outer loop
      vertex 0.338526 -1.7948 -0.531226
      vertex 0.33881 -1.80988 -0.531045
      vertex 0.349956 -1.86161 -0.523766
    endloop
  endfacet
  facet normal -0.55012 -0.00104075 0.835085
    outer loop
      vertex 0.349956 -1.86161 -0.523766
      vertex 0.33881 -1.80988 -0.531045
      vertex 0.340387 -1.83351 -0.530035
    endloop
  endfacet
  facet normal -0.382751 -0.0134961 0.923753
    outer loop
      vertex 0.229461 -1.95913 -0.586642
      vertex 0.252735 -1.95906 -0.576997
      vertex 0.223044 -1.94618 -0.589111
    endloop
  endfacet
  facet normal -0.38265 -0.0132205 0.923799
    outer loop
      vertex 0.252735 -1.95906 -0.576997
      vertex 0.258849 -1.94618 -0.57428
      vertex 0.223044 -1.94618 -0.589111
    endloop
  endfacet
  facet normal -0.382627 -0.0172255 0.923742
    outer loop
      vertex 0.223044 -1.94618 -0.589111
      vertex 0.258849 -1.94618 -0.57428
      vertex 0.215348 -1.92842 -0.591968
    endloop
  endfacet
  facet normal -0.382627 -0.0172255 0.923742
    outer loop
      vertex 0.258849 -1.94618 -0.57428
      vertex 0.266311 -1.92842 -0.570858
      vertex 0.215348 -1.92842 -0.591968
    endloop
  endfacet
  facet normal -0.45084 -0.000264518 0.892605
    outer loop
      vertex 0.290494 -1.80988 -0.55894
      vertex 0.290792 -1.7948 -0.558785
      vertex 0.278617 -1.86161 -0.564954
    endloop
  endfacet
  facet normal -0.451304 -0.000158316 0.89237
    outer loop
      vertex 0.290792 -1.7948 -0.558785
      vertex 0.266216 -0.0393701 -0.570903
      vertex 0.278617 -1.86161 -0.564954
    endloop
  endfacet
  facet normal -0.432558 -6.01872e-7 0.901606
    outer loop
      vertex 0.278617 -1.86161 -0.564954
      vertex 0.266216 -0.0393701 -0.570903
      vertex 0.266311 -1.92842 -0.570858
    endloop
  endfacet
  facet normal -0.382683 2.41012e-6 0.92388
    outer loop
      vertex 0.266216 -0.0393701 -0.570903
      vertex 0.215446 -0.0393701 -0.591932
      vertex 0.266311 -1.92842 -0.570858
    endloop
  endfacet
  facet normal -0.382684 2.40206e-6 0.923879
    outer loop
      vertex 0.266311 -1.92842 -0.570858
      vertex 0.215446 -0.0393701 -0.591932
      vertex 0.215348 -1.92842 -0.591968
    endloop
  endfacet
  facet normal -0.331665 -6.10206e-7 0.943397
    outer loop
      vertex 0.215446 -0.0393701 -0.591932
      vertex 0.202471 -1.86161 -0.596495
      vertex 0.215348 -1.92842 -0.591968
    endloop
  endfacet
  facet normal -0.316283 -0.00148852 0.948664
    outer loop
      vertex 0.191606 -1.83351 -0.600073
      vertex 0.194942 -1.85696 -0.598998
      vertex 0.202471 -1.86161 -0.596495
    endloop
  endfacet
  facet normal -0.315772 -0.000569725 0.948835
    outer loop
      vertex 0.194942 -1.85696 -0.598998
      vertex 0.199802 -1.88006 -0.597394
      vertex 0.202471 -1.86161 -0.596495
    endloop
  endfacet
  facet normal -0.321232 0.000309519 0.947001
    outer loop
      vertex 0.199802 -1.88006 -0.597394
      vertex 0.206143 -1.90271 -0.595236
      vertex 0.202471 -1.86161 -0.596495
    endloop
  endfacet
  facet normal -0.3365 -0.00121723 0.941683
    outer loop
      vertex 0.206143 -1.90271 -0.595236
      vertex 0.213912 -1.92479 -0.592488
      vertex 0.202471 -1.86161 -0.596495
    endloop
  endfacet
  facet normal -0.349231 -0.00381772 0.937029
    outer loop
      vertex 0.202471 -1.86161 -0.596495
      vertex 0.213912 -1.92479 -0.592488
      vertex 0.215348 -1.92842 -0.591968
    endloop
  endfacet
  facet normal -0.2015 -0.00104042 0.979488
    outer loop
      vertex 0.135931 -1.80988 -0.61508
      vertex 0.122902 -1.86161 -0.617815
      vertex 0.134101 -1.83351 -0.615482
    endloop
  endfacet
  facet normal -0.200421 -0.00148886 0.979709
    outer loop
      vertex 0.122902 -1.86161 -0.617815
      vertex 0.130674 -1.85696 -0.616218
      vertex 0.134101 -1.83351 -0.615482
    endloop
  endfacet
  facet normal -0.165994 -0.00383344 0.986119
    outer loop
      vertex 0.122902 -1.86161 -0.617815
      vertex 0.109487 -1.92842 -0.620333
      vertex 0.110991 -1.92479 -0.620066
    endloop
  endfacet
  facet normal -0.179436 -0.00121556 0.983769
    outer loop
      vertex 0.110991 -1.92479 -0.620066
      vertex 0.119093 -1.90271 -0.618561
      vertex 0.122902 -1.86161 -0.617815
    endloop
  endfacet
  facet normal -0.195306 0.000310113 0.980742
    outer loop
      vertex 0.119093 -1.90271 -0.618561
      vertex 0.125664 -1.88006 -0.61726
      vertex 0.122902 -1.86161 -0.617815
    endloop
  endfacet
  facet normal -0.20095 -0.000568792 0.979601
    outer loop
      vertex 0.122902 -1.86161 -0.617815
      vertex 0.125664 -1.88006 -0.61726
      vertex 0.130674 -1.85696 -0.616218
    endloop
  endfacet
  facet normal -0.21644 -0.000341549 0.976296
    outer loop
      vertex 0.109385 -0.0393701 -0.620351
      vertex 0.13626 -1.7948 -0.615007
      vertex 0.163036 -0.0393701 -0.608457
    endloop
  endfacet
  facet normal -0.237623 0 0.971357
    outer loop
      vertex 0.13626 -1.7948 -0.615007
      vertex 0.163036 -1.79445 -0.608457
      vertex 0.163036 -0.0393701 -0.608457
    endloop
  endfacet
  facet normal -0.300706 0 0.953717
    outer loop
      vertex 0.163036 -0.0393701 -0.608457
      vertex 0.163036 -1.79445 -0.608457
      vertex 0.215446 -0.0393701 -0.591932
    endloop
  endfacet
  facet normal -0.279899 -0.000680749 0.960029
    outer loop
      vertex 0.163036 -1.79445 -0.608457
      vertex 0.1895 -1.7948 -0.600742
      vertex 0.215446 -0.0393701 -0.591932
    endloop
  endfacet
  facet normal -0.311883 -0.000158293 0.950121
    outer loop
      vertex 0.215446 -0.0393701 -0.591932
      vertex 0.1895 -1.7948 -0.600742
      vertex 0.202471 -1.86161 -0.596495
    endloop
  endfacet
  facet normal -0.31238 -0.000265223 0.949957
    outer loop
      vertex 0.1895 -1.7948 -0.600742
      vertex 0.18982 -1.80988 -0.600641
      vertex 0.202471 -1.86161 -0.596495
    endloop
  endfacet
  facet normal -0.315237 -0.00103962 0.949012
    outer loop
      vertex 0.202471 -1.86161 -0.596495
      vertex 0.18982 -1.80988 -0.600641
      vertex 0.191606 -1.83351 -0.600073
    endloop
  endfacet
  facet normal -0.130626 -0.0134977 0.99134
    outer loop
      vertex 0.0698086 -1.95913 -0.626041
      vertex 0.0947854 -1.95906 -0.622749
      vertex 0.0629706 -1.94618 -0.626766
    endloop
  endfacet
  facet normal -0.130515 -0.0132179 0.991358
    outer loop
      vertex 0.0947854 -1.95906 -0.622749
      vertex 0.101394 -1.94618 -0.621707
      vertex 0.0629706 -1.94618 -0.626766
    endloop
  endfacet
  facet normal -0.130507 -0.0172273 0.991298
    outer loop
      vertex 0.0629706 -1.94618 -0.626766
      vertex 0.101394 -1.94618 -0.621707
      vertex 0.0547975 -1.92842 -0.627533
    endloop
  endfacet
  facet normal -0.130507 -0.0172284 0.991298
    outer loop
      vertex 0.101394 -1.94618 -0.621707
      vertex 0.109487 -1.92842 -0.620333
      vertex 0.0547975 -1.92842 -0.627533
    endloop
  endfacet
  facet normal -0.204453 -0.000264167 0.978876
    outer loop
      vertex 0.135931 -1.80988 -0.61508
      vertex 0.13626 -1.7948 -0.615007
      vertex 0.122902 -1.86161 -0.617815
    endloop
  endfacet
  facet normal -0.204961 -0.000158279 0.97877
    outer loop
      vertex 0.13626 -1.7948 -0.615007
      vertex 0.109385 -0.0393701 -0.620351
      vertex 0.122902 -1.86161 -0.617815
    endloop
  endfacet
  facet normal -0.184467 -5.94269e-7 0.982839
    outer loop
      vertex 0.122902 -1.86161 -0.617815
      vertex 0.109385 -0.0393701 -0.620351
      vertex 0.109487 -1.92842 -0.620333
    endloop
  endfacet
  facet normal -0.130526 2.41773e-6 0.991445
    outer loop
      vertex 0.109385 -0.0393701 -0.620351
      vertex 0.0549013 -0.0393701 -0.627524
      vertex 0.109487 -1.92842 -0.620333
    endloop
  endfacet
  facet normal -0.130527 2.39831e-6 0.991445
    outer loop
      vertex 0.109487 -1.92842 -0.620333
      vertex 0.0549013 -0.0393701 -0.627524
      vertex 0.0547975 -1.92842 -0.627533
    endloop
  endfacet
  facet normal -0.0761979 -6.13553e-7 0.997093
    outer loop
      vertex 0.0549013 -0.0393701 -0.627524
      vertex 0.0411879 -1.86161 -0.628573
      vertex 0.0547975 -1.92842 -0.627533
    endloop
  endfacet
  facet normal -0.0599684 -0.00148774 0.998199
    outer loop
      vertex 0.0297663 -1.83351 -0.629218
      vertex 0.0332676 -1.85696 -0.629042
      vertex 0.0411879 -1.86161 -0.628573
    endloop
  endfacet
  facet normal -0.0594307 -0.000569464 0.998232
    outer loop
      vertex 0.0332676 -1.85696 -0.629042
      vertex 0.0383766 -1.88006 -0.628751
      vertex 0.0411879 -1.86161 -0.628573
    endloop
  endfacet
  facet normal -0.0651852 0.000310672 0.997873
    outer loop
      vertex 0.0383766 -1.88006 -0.628751
      vertex 0.0450603 -1.90271 -0.628308
      vertex 0.0411879 -1.86161 -0.628573
    endloop
  endfacet
  facet normal -0.0813064 -0.00121577 0.996688
    outer loop
      vertex 0.0450603 -1.90271 -0.628308
      vertex 0.0532759 -1.92479 -0.627664
      vertex 0.0411879 -1.86161 -0.628573
    endloop
  endfacet
  facet normal -0.0947899 -0.00381279 0.99549
    outer loop
      vertex 0.0411879 -1.86161 -0.628573
      vertex 0.0532759 -1.92479 -0.627664
      vertex 0.0547975 -1.92842 -0.627533
    endloop
  endfacet
  facet normal 0.0588706 -0.00103992 0.998265
    outer loop
      vertex -0.0278951 -1.80988 -0.629303
      vertex -0.0411879 -1.86161 -0.628573
      vertex -0.0297663 -1.83351 -0.629218
    endloop
  endfacet
  facet normal 0.0599684 -0.00148774 0.998199
    outer loop
      vertex -0.0411879 -1.86161 -0.628573
      vertex -0.0332676 -1.85696 -0.629042
      vertex -0.0297663 -1.83351 -0.629218
    endloop
  endfacet
  facet normal 0.0947899 -0.00381279 0.99549
    outer loop
      vertex -0.0411879 -1.86161 -0.628573
      vertex -0.0547975 -1.92842 -0.627533
      vertex -0.0532759 -1.92479 -0.627664
    endloop
  endfacet
  facet normal 0.0813064 -0.00121577 0.996688
    outer loop
      vertex -0.0532759 -1.92479 -0.627664
      vertex -0.0450603 -1.90271 -0.628308
      vertex -0.0411879 -1.86161 -0.628573
    endloop
  endfacet
  facet normal 0.0651852 0.000310672 0.997873
    outer loop
      vertex -0.0450603 -1.90271 -0.628308
      vertex -0.0383766 -1.88006 -0.628751
      vertex -0.0411879 -1.86161 -0.628573
    endloop
  endfacet
  facet normal 0.0594307 -0.000569464 0.998232
    outer loop
      vertex -0.0411879 -1.86161 -0.628573
      vertex -0.0383766 -1.88006 -0.628751
      vertex -0.0332676 -1.85696 -0.629042
    endloop
  endfacet
  facet normal 0.0436203 -0.00034154 0.999048
    outer loop
      vertex -0.0549013 -0.0393701 -0.627524
      vertex -0.0275591 -1.7948 -0.629318
      vertex 3.56884e-16 -0.0393701 -0.629921
    endloop
  endfacet
  facet normal 0.0218808 -3.49818e-18 0.999761
    outer loop
      vertex -0.0275591 -1.7948 -0.629318
      vertex 7.71431e-17 -1.79445 -0.629921
      vertex 3.56884e-16 -0.0393701 -0.629921
    endloop
  endfacet
  facet normal -0.0436203 6.95262e-18 0.999048
    outer loop
      vertex 3.56884e-16 -0.0393701 -0.629921
      vertex 7.71431e-17 -1.79445 -0.629921
      vertex 0.0549013 -0.0393701 -0.627524
    endloop
  endfacet
  facet normal -0.0218894 -0.000680744 0.99976
    outer loop
      vertex 7.71431e-17 -1.79445 -0.629921
      vertex 0.0275591 -1.7948 -0.629318
      vertex 0.0549013 -0.0393701 -0.627524
    endloop
  endfacet
  facet normal -0.0553439 -0.000158342 0.998467
    outer loop
      vertex 0.0549013 -0.0393701 -0.627524
      vertex 0.0275591 -1.7948 -0.629318
      vertex 0.0411879 -1.86161 -0.628573
    endloop
  endfacet
  facet normal -0.0558611 -0.000264166 0.998439
    outer loop
      vertex 0.0275591 -1.7948 -0.629318
      vertex 0.0278951 -1.80988 -0.629303
      vertex 0.0411879 -1.86161 -0.628573
    endloop
  endfacet
  facet normal -0.0588706 -0.00103992 0.998265
    outer loop
      vertex 0.0411879 -1.86161 -0.628573
      vertex 0.0278951 -1.80988 -0.629303
      vertex 0.0297663 -1.83351 -0.629218
    endloop
  endfacet
  facet normal 0.130402 -0.0134992 0.991369
    outer loop
      vertex -0.0946014 -1.95913 -0.622777
      vertex -0.0696237 -1.95906 -0.626062
      vertex -0.101394 -1.94618 -0.621707
    endloop
  endfacet
  facet normal 0.130515 -0.0132164 0.991358
    outer loop
      vertex -0.0696237 -1.95906 -0.626062
      vertex -0.0629706 -1.94618 -0.626766
      vertex -0.101394 -1.94618 -0.621707
    endloop
  endfacet
  facet normal 0.130507 -0.0172286 0.991298
    outer loop
      vertex -0.101394 -1.94618 -0.621707
      vertex -0.0629706 -1.94618 -0.626766
      vertex -0.109487 -1.92842 -0.620333
    endloop
  endfacet
  facet normal 0.130507 -0.0172275 0.991298
    outer loop
      vertex -0.0629706 -1.94618 -0.626766
      vertex -0.0547975 -1.92842 -0.627533
      vertex -0.109487 -1.92842 -0.620333
    endloop
  endfacet
  facet normal 0.0558611 -0.000264166 0.998439
    outer loop
      vertex -0.0278951 -1.80988 -0.629303
      vertex -0.0275591 -1.7948 -0.629318
      vertex -0.0411879 -1.86161 -0.628573
    endloop
  endfacet
  facet normal 0.0553439 -0.000158342 0.998467
    outer loop
      vertex -0.0275591 -1.7948 -0.629318
      vertex -0.0549013 -0.0393701 -0.627524
      vertex -0.0411879 -1.86161 -0.628573
    endloop
  endfacet
  facet normal 0.0761979 -6.13553e-7 0.997093
    outer loop
      vertex -0.0411879 -1.86161 -0.628573
      vertex -0.0549013 -0.0393701 -0.627524
      vertex -0.0547975 -1.92842 -0.627533
    endloop
  endfacet
  facet normal 0.130526 2.39827e-6 0.991445
    outer loop
      vertex -0.0549013 -0.0393701 -0.627524
      vertex -0.109385 -0.0393701 -0.620351
      vertex -0.0547975 -1.92842 -0.627533
    endloop
  endfacet
  facet normal 0.130527 2.4177e-6 0.991445
    outer loop
      vertex -0.0547975 -1.92842 -0.627533
      vertex -0.109385 -0.0393701 -0.620351
      vertex -0.109487 -1.92842 -0.620333
    endloop
  endfacet
  facet normal 0.184467 -5.94269e-7 0.982839
    outer loop
      vertex -0.109385 -0.0393701 -0.620351
      vertex -0.122902 -1.86161 -0.617815
      vertex -0.109487 -1.92842 -0.620333
    endloop
  endfacet
  facet normal 0.200421 -0.00148886 0.979709
    outer loop
      vertex -0.134101 -1.83351 -0.615482
      vertex -0.130674 -1.85696 -0.616218
      vertex -0.122902 -1.86161 -0.617815
    endloop
  endfacet
  facet normal 0.20095 -0.000568792 0.979601
    outer loop
      vertex -0.130674 -1.85696 -0.616218
      vertex -0.125664 -1.88006 -0.61726
      vertex -0.122902 -1.86161 -0.617815
    endloop
  endfacet
  facet normal 0.195306 0.000310113 0.980742
    outer loop
      vertex -0.125664 -1.88006 -0.61726
      vertex -0.119093 -1.90271 -0.618561
      vertex -0.122902 -1.86161 -0.617815
    endloop
  endfacet
  facet normal 0.179436 -0.00121556 0.983769
    outer loop
      vertex -0.119093 -1.90271 -0.618561
      vertex -0.110991 -1.92479 -0.620066
      vertex -0.122902 -1.86161 -0.617815
    endloop
  endfacet
  facet normal 0.165994 -0.00383344 0.986119
    outer loop
      vertex -0.122902 -1.86161 -0.617815
      vertex -0.110991 -1.92479 -0.620066
      vertex -0.109487 -1.92842 -0.620333
    endloop
  endfacet
  facet normal 0.315237 -0.00103962 0.949012
    outer loop
      vertex -0.18982 -1.80988 -0.600641
      vertex -0.202471 -1.86161 -0.596495
      vertex -0.191606 -1.83351 -0.600073
    endloop
  endfacet
  facet normal 0.316283 -0.00148852 0.948664
    outer loop
      vertex -0.202471 -1.86161 -0.596495
      vertex -0.194942 -1.85696 -0.598998
      vertex -0.191606 -1.83351 -0.600073
    endloop
  endfacet
  facet normal 0.349231 -0.00381772 0.937029
    outer loop
      vertex -0.202471 -1.86161 -0.596495
      vertex -0.215348 -1.92842 -0.591968
      vertex -0.213912 -1.92479 -0.592488
    endloop
  endfacet
  facet normal 0.3365 -0.00121723 0.941683
    outer loop
      vertex -0.213912 -1.92479 -0.592488
      vertex -0.206143 -1.90271 -0.595236
      vertex -0.202471 -1.86161 -0.596495
    endloop
  endfacet
  facet normal 0.321232 0.000309519 0.947001
    outer loop
      vertex -0.206143 -1.90271 -0.595236
      vertex -0.199802 -1.88006 -0.597394
      vertex -0.202471 -1.86161 -0.596495
    endloop
  endfacet
  facet normal 0.315772 -0.000569725 0.948835
    outer loop
      vertex -0.202471 -1.86161 -0.596495
      vertex -0.199802 -1.88006 -0.597394
      vertex -0.194942 -1.85696 -0.598998
    endloop
  endfacet
  facet normal 0.300706 -0.000341543 0.953717
    outer loop
      vertex -0.215446 -0.0393701 -0.591932
      vertex -0.1895 -1.7948 -0.600742
      vertex -0.163036 -0.0393701 -0.608457
    endloop
  endfacet
  facet normal 0.279891 0 0.960032
    outer loop
      vertex -0.1895 -1.7948 -0.600742
      vertex -0.163036 -1.79445 -0.608457
      vertex -0.163036 -0.0393701 -0.608457
    endloop
  endfacet
  facet normal 0.21644 0 0.976296
    outer loop
      vertex -0.163036 -0.0393701 -0.608457
      vertex -0.163036 -1.79445 -0.608457
      vertex -0.109385 -0.0393701 -0.620351
    endloop
  endfacet
  facet normal 0.237615 -0.00068076 0.971359
    outer loop
      vertex -0.163036 -1.79445 -0.608457
      vertex -0.13626 -1.7948 -0.615007
      vertex -0.109385 -0.0393701 -0.620351
    endloop
  endfacet
  facet normal 0.204961 -0.000158279 0.97877
    outer loop
      vertex -0.109385 -0.0393701 -0.620351
      vertex -0.13626 -1.7948 -0.615007
      vertex -0.122902 -1.86161 -0.617815
    endloop
  endfacet
  facet normal 0.204453 -0.000264167 0.978876
    outer loop
      vertex -0.13626 -1.7948 -0.615007
      vertex -0.135931 -1.80988 -0.61508
      vertex -0.122902 -1.86161 -0.617815
    endloop
  endfacet
  facet normal 0.2015 -0.00104042 0.979488
    outer loop
      vertex -0.122902 -1.86161 -0.617815
      vertex -0.135931 -1.80988 -0.61508
      vertex -0.134101 -1.83351 -0.615482
    endloop
  endfacet
  facet normal 0.382547 -0.0134962 0.923838
    outer loop
      vertex -0.252565 -1.95913 -0.577072
      vertex -0.229288 -1.95906 -0.586709
      vertex -0.258849 -1.94618 -0.57428
    endloop
  endfacet
  facet normal 0.38265 -0.0132212 0.923799
    outer loop
      vertex -0.229288 -1.95906 -0.586709
      vertex -0.223044 -1.94618 -0.589111
      vertex -0.258849 -1.94618 -0.57428
    endloop
  endfacet
  facet normal 0.382627 -0.0172255 0.923742
    outer loop
      vertex -0.258849 -1.94618 -0.57428
      vertex -0.223044 -1.94618 -0.589111
      vertex -0.266311 -1.92842 -0.570858
    endloop
  endfacet
  facet normal 0.382627 -0.0172255 0.923742
    outer loop
      vertex -0.223044 -1.94618 -0.589111
      vertex -0.215348 -1.92842 -0.591968
      vertex -0.266311 -1.92842 -0.570858
    endloop
  endfacet
  facet normal 0.31238 -0.000265223 0.949957
    outer loop
      vertex -0.18982 -1.80988 -0.600641
      vertex -0.1895 -1.7948 -0.600742
      vertex -0.202471 -1.86161 -0.596495
    endloop
  endfacet
  facet normal 0.311883 -0.000158293 0.950121
    outer loop
      vertex -0.1895 -1.7948 -0.600742
      vertex -0.215446 -0.0393701 -0.591932
      vertex -0.202471 -1.86161 -0.596495
    endloop
  endfacet
  facet normal 0.331665 -6.10206e-7 0.943397
    outer loop
      vertex -0.202471 -1.86161 -0.596495
      vertex -0.215446 -0.0393701 -0.591932
      vertex -0.215348 -1.92842 -0.591968
    endloop
  endfacet
  facet normal 0.382683 2.40205e-6 0.92388
    outer loop
      vertex -0.215446 -0.0393701 -0.591932
      vertex -0.266216 -0.0393701 -0.570903
      vertex -0.215348 -1.92842 -0.591968
    endloop
  endfacet
  facet normal 0.382684 2.4101e-6 0.923879
    outer loop
      vertex -0.215348 -1.92842 -0.591968
      vertex -0.266216 -0.0393701 -0.570903
      vertex -0.266311 -1.92842 -0.570858
    endloop
  endfacet
  facet normal 0.432558 -6.01872e-7 0.901606
    outer loop
      vertex -0.266216 -0.0393701 -0.570903
      vertex -0.278617 -1.86161 -0.564954
      vertex -0.266311 -1.92842 -0.570858
    endloop
  endfacet
  facet normal 0.447161 -0.00148895 0.894452
    outer loop
      vertex -0.28883 -1.83351 -0.559802
      vertex -0.28571 -1.85696 -0.5614
      vertex -0.278617 -1.86161 -0.564954
    endloop
  endfacet
  facet normal 0.447644 -0.000569307 0.894212
    outer loop
      vertex -0.28571 -1.85696 -0.5614
      vertex -0.28114 -1.88006 -0.563703
      vertex -0.278617 -1.86161 -0.564954
    endloop
  endfacet
  facet normal 0.442484 0.00031022 0.896776
    outer loop
      vertex -0.28114 -1.88006 -0.563703
      vertex -0.27513 -1.90271 -0.56666
      vertex -0.278617 -1.86161 -0.564954
    endloop
  endfacet
  facet normal 0.427937 -0.00121555 0.903808
    outer loop
      vertex -0.27513 -1.90271 -0.56666
      vertex -0.267694 -1.92479 -0.570211
      vertex -0.278617 -1.86161 -0.564954
    endloop
  endfacet
  facet normal 0.415592 -0.00382714 0.909543
    outer loop
      vertex -0.278617 -1.86161 -0.564954
      vertex -0.267694 -1.92479 -0.570211
      vertex -0.266311 -1.92842 -0.570858
    endloop
  endfacet
  facet normal 0.55012 -0.00104075 0.835085
    outer loop
      vertex -0.33881 -1.80988 -0.531045
      vertex -0.349956 -1.86161 -0.523766
      vertex -0.340387 -1.83351 -0.530035
    endloop
  endfacet
  facet normal 0.551036 -0.0014879 0.83448
    outer loop
      vertex -0.349956 -1.86161 -0.523766
      vertex -0.343332 -1.85696 -0.528133
      vertex -0.340387 -1.83351 -0.530035
    endloop
  endfacet
  facet normal 0.57986 -0.00381935 0.814707
    outer loop
      vertex -0.349956 -1.86161 -0.523766
      vertex -0.361223 -1.92842 -0.516061
      vertex -0.35997 -1.92479 -0.516935
    endloop
  endfacet
  facet normal 0.568754 -0.00121576 0.822507
    outer loop
      vertex -0.35997 -1.92479 -0.516935
      vertex -0.353177 -1.90271 -0.5216
      vertex -0.349956 -1.86161 -0.523766
    endloop
  endfacet
  facet normal 0.555392 0.000309902 0.831589
    outer loop
      vertex -0.353177 -1.90271 -0.5216
      vertex -0.347611 -1.88006 -0.525326
      vertex -0.349956 -1.86161 -0.523766
    endloop
  endfacet
  facet normal 0.550588 -0.00057032 0.834777
    outer loop
      vertex -0.349956 -1.86161 -0.523766
      vertex -0.347611 -1.88006 -0.525326
      vertex -0.343332 -1.85696 -0.528133
    endloop
  endfacet
  facet normal 0.5373 -0.000341536 0.843391
    outer loop
      vertex -0.361308 -0.0393701 -0.516001
      vertex -0.338526 -1.7948 -0.531226
      vertex -0.314961 -0.0393701 -0.545528
    endloop
  endfacet
  facet normal 0.518829 0 0.854878
    outer loop
      vertex -0.338526 -1.7948 -0.531226
      vertex -0.314961 -1.79445 -0.545528
      vertex -0.314961 -0.0393701 -0.545528
    endloop
  endfacet
  facet normal 0.461748 0 0.887011
    outer loop
      vertex -0.314961 -0.0393701 -0.545528
      vertex -0.314961 -1.79445 -0.545528
      vertex -0.266216 -0.0393701 -0.570903
    endloop
  endfacet
  facet normal 0.480924 -0.000680735 0.876762
    outer loop
      vertex -0.314961 -1.79445 -0.545528
      vertex -0.290792 -1.7948 -0.558785
      vertex -0.266216 -0.0393701 -0.570903
    endloop
  endfacet
  facet normal 0.451304 -0.000158316 0.89237
    outer loop
      vertex -0.266216 -0.0393701 -0.570903
      vertex -0.290792 -1.7948 -0.558785
      vertex -0.278617 -1.86161 -0.564954
    endloop
  endfacet
  facet normal 0.45084 -0.000264518 0.892605
    outer loop
      vertex -0.290792 -1.7948 -0.558785
      vertex -0.290494 -1.80988 -0.55894
      vertex -0.278617 -1.86161 -0.564954
    endloop
  endfacet
  facet normal 0.448146 -0.00104046 0.89396
    outer loop
      vertex -0.278617 -1.86161 -0.564954
      vertex -0.290494 -1.80988 -0.55894
      vertex -0.28883 -1.83351 -0.559802
    endloop
  endfacet
  facet normal 0.608616 -0.0135005 0.79335
    outer loop
      vertex -0.393316 -1.95913 -0.49204
      vertex -0.373327 -1.95906 -0.507374
      vertex -0.398663 -1.94618 -0.487717
    endloop
  endfacet
  facet normal 0.608709 -0.0132187 0.793284
    outer loop
      vertex -0.373327 -1.95906 -0.507374
      vertex -0.367917 -1.94618 -0.51131
      vertex -0.398663 -1.94618 -0.487717
    endloop
  endfacet
  facet normal 0.608671 -0.0172251 0.793235
    outer loop
      vertex -0.398663 -1.94618 -0.487717
      vertex -0.367917 -1.94618 -0.51131
      vertex -0.404985 -1.92842 -0.482481
    endloop
  endfacet
  facet normal 0.608671 -0.0172261 0.793236
    outer loop
      vertex -0.367917 -1.94618 -0.51131
      vertex -0.361223 -1.92842 -0.516061
      vertex -0.404985 -1.92842 -0.482481
    endloop
  endfacet
  facet normal 0.547597 -0.000263975 0.836742
    outer loop
      vertex -0.33881 -1.80988 -0.531045
      vertex -0.338526 -1.7948 -0.531226
      vertex -0.349956 -1.86161 -0.523766
    endloop
  endfacet
  facet normal 0.547164 -0.000158302 0.837025
    outer loop
      vertex -0.338526 -1.7948 -0.531226
      vertex -0.361308 -0.0393701 -0.516001
      vertex -0.349956 -1.86161 -0.523766
    endloop
  endfacet
  facet normal 0.564534 -6.00193e-7 0.82541
    outer loop
      vertex -0.349956 -1.86161 -0.523766
      vertex -0.361308 -0.0393701 -0.516001
      vertex -0.361223 -1.92842 -0.516061
    endloop
  endfacet
  facet normal 0.608762 2.41101e-6 0.793353
    outer loop
      vertex -0.361308 -0.0393701 -0.516001
      vertex -0.404906 -0.0393701 -0.482548
      vertex -0.361223 -1.92842 -0.516061
    endloop
  endfacet
  facet normal 0.608761 2.40679e-6 0.793353
    outer loop
      vertex -0.361223 -1.92842 -0.516061
      vertex -0.404906 -0.0393701 -0.482548
      vertex -0.404985 -1.92842 -0.482481
    endloop
  endfacet
  facet normal 0.651172 -6.04512e-7 0.75893
    outer loop
      vertex -0.404906 -0.0393701 -0.482548
      vertex -0.415344 -1.86161 -0.473593
      vertex -0.404985 -1.92842 -0.482481
    endloop
  endfacet
  facet normal 0.663426 -0.00148918 0.74824
    outer loop
      vertex -0.423876 -1.83351 -0.465972
      vertex -0.421276 -1.85696 -0.468324
      vertex -0.415344 -1.86161 -0.473593
    endloop
  endfacet
  facet normal 0.663831 -0.000568047 0.747883
    outer loop
      vertex -0.421276 -1.85696 -0.468324
      vertex -0.417458 -1.88006 -0.471731
      vertex -0.415344 -1.86161 -0.473593
    endloop
  endfacet
  facet normal 0.659515 0.00031053 0.751691
    outer loop
      vertex -0.417458 -1.88006 -0.471731
      vertex -0.412418 -1.90271 -0.476143
      vertex -0.415344 -1.86161 -0.473593
    endloop
  endfacet
  facet normal 0.647273 -0.00121655 0.762257
    outer loop
      vertex -0.412418 -1.90271 -0.476143
      vertex -0.406154 -1.92479 -0.481497
      vertex -0.415344 -1.86161 -0.473593
    endloop
  endfacet
  facet normal 0.636855 -0.00382272 0.770974
    outer loop
      vertex -0.415344 -1.86161 -0.473593
      vertex -0.406154 -1.92479 -0.481497
      vertex -0.404985 -1.92842 -0.482481
    endloop
  endfacet
  facet normal 0.747507 -0.00103921 0.664253
    outer loop
      vertex -0.464709 -1.80988 -0.42526
      vertex -0.473593 -1.86161 -0.415344
      vertex -0.465972 -1.83351 -0.423876
    endloop
  endfacet
  facet normal 0.74824 -0.00148918 0.663426
    outer loop
      vertex -0.473593 -1.86161 -0.415344
      vertex -0.468324 -1.85696 -0.421276
      vertex -0.465972 -1.83351 -0.423876
    endloop
  endfacet
  facet normal 0.770974 -0.00382272 0.636855
    outer loop
      vertex -0.473593 -1.86161 -0.415344
      vertex -0.482481 -1.92842 -0.404985
      vertex -0.481497 -1.92479 -0.406154
    endloop
  endfacet
  facet normal 0.762257 -0.00121655 0.647273
    outer loop
      vertex -0.481497 -1.92479 -0.406154
      vertex -0.476143 -1.90271 -0.412418
      vertex -0.473593 -1.86161 -0.415344
    endloop
  endfacet
  facet normal 0.751691 0.00031053 0.659515
    outer loop
      vertex -0.476143 -1.90271 -0.412418
      vertex -0.471731 -1.88006 -0.417458
      vertex -0.473593 -1.86161 -0.415344
    endloop
  endfacet
  facet normal 0.747883 -0.000568047 0.663831
    outer loop
      vertex -0.473593 -1.86161 -0.415344
      vertex -0.471731 -1.88006 -0.417458
      vertex -0.468324 -1.85696 -0.421276
    endloop
  endfacet
  facet normal 0.737277 -0.000341541 0.67559
    outer loop
      vertex -0.482548 -0.0393701 -0.404906
      vertex -0.464482 -1.7948 -0.425508
      vertex -0.445422 -0.0393701 -0.445422
    endloop
  endfacet
  facet normal 0.722409 0 0.691466
    outer loop
      vertex -0.464482 -1.7948 -0.425508
      vertex -0.445422 -1.79445 -0.445422
      vertex -0.445422 -0.0393701 -0.445422
    endloop
  endfacet
  facet normal 0.67559 0 0.737277
    outer loop
      vertex -0.445422 -0.0393701 -0.445422
      vertex -0.445422 -1.79445 -0.445422
      vertex -0.404906 -0.0393701 -0.482548
    endloop
  endfacet
  facet normal 0.69146 -0.000680744 0.722415
    outer loop
      vertex -0.445422 -1.79445 -0.445422
      vertex -0.425508 -1.7948 -0.464482
      vertex -0.404906 -0.0393701 -0.482548
    endloop
  endfacet
  facet normal 0.666888 -0.000158311 0.745158
    outer loop
      vertex -0.404906 -0.0393701 -0.482548
      vertex -0.425508 -1.7948 -0.464482
      vertex -0.415344 -1.86161 -0.473593
    endloop
  endfacet
  facet normal 0.6665 -0.000264718 0.745505
    outer loop
      vertex -0.425508 -1.7948 -0.464482
      vertex -0.42526 -1.80988 -0.464709
      vertex -0.415344 -1.86161 -0.473593
    endloop
  endfacet
  facet normal 0.664253 -0.00103921 0.747507
    outer loop
      vertex -0.415344 -1.86161 -0.473593
      vertex -0.42526 -1.80988 -0.464709
      vertex -0.423876 -1.83351 -0.465972
    endloop
  endfacet
  facet normal 0.793213 -0.0134977 0.608794
    outer loop
      vertex -0.507263 -1.95913 -0.373477
      vertex -0.491924 -1.95906 -0.393461
      vertex -0.51131 -1.94618 -0.367917
    endloop
  endfacet
  facet normal 0.793284 -0.0132209 0.608709
    outer loop
      vertex -0.491924 -1.95906 -0.393461
      vertex -0.487717 -1.94618 -0.398663
      vertex -0.51131 -1.94618 -0.367917
    endloop
  endfacet
  facet normal 0.793235 -0.0172263 0.608671
    outer loop
      vertex -0.51131 -1.94618 -0.367917
      vertex -0.487717 -1.94618 -0.398663
      vertex -0.516061 -1.92842 -0.361223
    endloop
  endfacet
  facet normal 0.793236 -0.0172253 0.608671
    outer loop
      vertex -0.487717 -1.94618 -0.398663
      vertex -0.482481 -1.92842 -0.404985
      vertex -0.516061 -1.92842 -0.361223
    endloop
  endfacet
  facet normal 0.745505 -0.000264718 0.6665
    outer loop
      vertex -0.464709 -1.80988 -0.42526
      vertex -0.464482 -1.7948 -0.425508
      vertex -0.473593 -1.86161 -0.415344
    endloop
  endfacet
  facet normal 0.745158 -0.000158311 0.666888
    outer loop
      vertex -0.464482 -1.7948 -0.425508
      vertex -0.482548 -0.0393701 -0.404906
      vertex -0.473593 -1.86161 -0.415344
    endloop
  endfacet
  facet normal 0.75893 -6.04512e-7 0.651172
    outer loop
      vertex -0.473593 -1.86161 -0.415344
      vertex -0.482548 -0.0393701 -0.404906
      vertex -0.482481 -1.92842 -0.404985
    endloop
  endfacet
  facet normal 0.793353 2.40678e-6 0.608762
    outer loop
      vertex -0.482548 -0.0393701 -0.404906
      vertex -0.516001 -0.0393701 -0.361308
      vertex -0.482481 -1.92842 -0.404985
    endloop
  endfacet
  facet normal 0.793353 2.411e-6 0.608761
    outer loop
      vertex -0.482481 -1.92842 -0.404985
      vertex -0.516001 -0.0393701 -0.361308
      vertex -0.516061 -1.92842 -0.361223
    endloop
  endfacet
  facet normal 0.82541 -6.00193e-7 0.564534
    outer loop
      vertex -0.516001 -0.0393701 -0.361308
      vertex -0.523766 -1.86161 -0.349956
      vertex -0.516061 -1.92842 -0.361223
    endloop
  endfacet
  facet normal 0.83448 -0.0014879 0.551036
    outer loop
      vertex -0.530035 -1.83351 -0.340387
      vertex -0.528133 -1.85696 -0.343332
      vertex -0.523766 -1.86161 -0.349956
    endloop
  endfacet
  facet normal 0.834777 -0.00057032 0.550588
    outer loop
      vertex -0.528133 -1.85696 -0.343332
      vertex -0.525326 -1.88006 -0.347611
      vertex -0.523766 -1.86161 -0.349956
    endloop
  endfacet
  facet normal 0.831589 0.000309902 0.555392
    outer loop
      vertex -0.525326 -1.88006 -0.347611
      vertex -0.5216 -1.90271 -0.353177
      vertex -0.523766 -1.86161 -0.349956
    endloop
  endfacet
  facet normal 0.822507 -0.00121576 0.568754
    outer loop
      vertex -0.5216 -1.90271 -0.353177
      vertex -0.516935 -1.92479 -0.35997
      vertex -0.523766 -1.86161 -0.349956
    endloop
  endfacet
  facet normal 0.814707 -0.00381935 0.57986
    outer loop
      vertex -0.523766 -1.86161 -0.349956
      vertex -0.516935 -1.92479 -0.35997
      vertex -0.516061 -1.92842 -0.361223
    endloop
  endfacet
  facet normal 0.89396 -0.00104046 0.448146
    outer loop
      vertex -0.55894 -1.80988 -0.290494
      vertex -0.564954 -1.86161 -0.278617
      vertex -0.559802 -1.83351 -0.28883
    endloop
  endfacet
  facet normal 0.894452 -0.00148895 0.447161
    outer loop
      vertex -0.564954 -1.86161 -0.278617
      vertex -0.5614 -1.85696 -0.28571
      vertex -0.559802 -1.83351 -0.28883
    endloop
  endfacet
  facet normal 0.909543 -0.00382714 0.415592
    outer loop
      vertex -0.564954 -1.86161 -0.278617
      vertex -0.570858 -1.92842 -0.266311
      vertex -0.570211 -1.92479 -0.267694
    endloop
  endfacet
  facet normal 0.903808 -0.00121555 0.427937
    outer loop
      vertex -0.570211 -1.92479 -0.267694
      vertex -0.56666 -1.90271 -0.27513
      vertex -0.564954 -1.86161 -0.278617
    endloop
  endfacet
  facet normal 0.896776 0.00031022 0.442484
    outer loop
      vertex -0.56666 -1.90271 -0.27513
      vertex -0.563703 -1.88006 -0.28114
      vertex -0.564954 -1.86161 -0.278617
    endloop
  endfacet
  facet normal 0.894212 -0.000569307 0.447644
    outer loop
      vertex -0.564954 -1.86161 -0.278617
      vertex -0.563703 -1.88006 -0.28114
      vertex -0.5614 -1.85696 -0.28571
    endloop
  endfacet
  facet normal 0.887011 -0.000341536 0.461748
    outer loop
      vertex -0.570903 -0.0393701 -0.266216
      vertex -0.558785 -1.7948 -0.290792
      vertex -0.545528 -0.0393701 -0.314961
    endloop
  endfacet
  facet normal 0.876758 0 0.480931
    outer loop
      vertex -0.558785 -1.7948 -0.290792
      vertex -0.545528 -1.79445 -0.314961
      vertex -0.545528 -0.0393701 -0.314961
    endloop
  endfacet
  facet normal 0.843391 0 0.5373
    outer loop
      vertex -0.545528 -0.0393701 -0.314961
      vertex -0.545528 -1.79445 -0.314961
      vertex -0.516001 -0.0393701 -0.361308
    endloop
  endfacet
  facet normal 0.854873 -0.000680736 0.518836
    outer loop
      vertex -0.545528 -1.79445 -0.314961
      vertex -0.531226 -1.7948 -0.338526
      vertex -0.516001 -0.0393701 -0.361308
    endloop
  endfacet
  facet normal 0.837025 -0.000158302 0.547164
    outer loop
      vertex -0.516001 -0.0393701 -0.361308
      vertex -0.531226 -1.7948 -0.338526
      vertex -0.523766 -1.86161 -0.349956
    endloop
  endfacet
  facet normal 0.836742 -0.000263975 0.547597
    outer loop
      vertex -0.531226 -1.7948 -0.338526
      vertex -0.531045 -1.80988 -0.33881
      vertex -0.523766 -1.86161 -0.349956
    endloop
  endfacet
  facet normal 0.835085 -0.00104075 0.55012
    outer loop
      vertex -0.523766 -1.86161 -0.349956
      vertex -0.531045 -1.80988 -0.33881
      vertex -0.530035 -1.83351 -0.340387
    endloop
  endfacet
  facet normal 0.923753 -0.0134961 0.382751
    outer loop
      vertex -0.586642 -1.95913 -0.229461
      vertex -0.576997 -1.95906 -0.252735
      vertex -0.589111 -1.94618 -0.223044
    endloop
  endfacet
  facet normal 0.923799 -0.0132205 0.38265
    outer loop
      vertex -0.576997 -1.95906 -0.252735
      vertex -0.57428 -1.94618 -0.258849
      vertex -0.589111 -1.94618 -0.223044
    endloop
  endfacet
  facet normal 0.923742 -0.0172255 0.382627
    outer loop
      vertex -0.589111 -1.94618 -0.223044
      vertex -0.57428 -1.94618 -0.258849
      vertex -0.591968 -1.92842 -0.215348
    endloop
  endfacet
  facet normal 0.923742 -0.0172255 0.382627
    outer loop
      vertex -0.57428 -1.94618 -0.258849
      vertex -0.570858 -1.92842 -0.266311
      vertex -0.591968 -1.92842 -0.215348
    endloop
  endfacet
  facet normal 0.892605 -0.000264518 0.45084
    outer loop
      vertex -0.55894 -1.80988 -0.290494
      vertex -0.558785 -1.7948 -0.290792
      vertex -0.564954 -1.86161 -0.278617
    endloop
  endfacet
  facet normal 0.89237 -0.000158316 0.451304
    outer loop
      vertex -0.558785 -1.7948 -0.290792
      vertex -0.570903 -0.0393701 -0.266216
      vertex -0.564954 -1.86161 -0.278617
    endloop
  endfacet
  facet normal 0.901606 -6.01872e-7 0.432558
    outer loop
      vertex -0.564954 -1.86161 -0.278617
      vertex -0.570903 -0.0393701 -0.266216
      vertex -0.570858 -1.92842 -0.266311
    endloop
  endfacet
  facet normal 0.92388 2.41012e-6 0.382683
    outer loop
      vertex -0.570903 -0.0393701 -0.266216
      vertex -0.591932 -0.0393701 -0.215446
      vertex -0.570858 -1.92842 -0.266311
    endloop
  endfacet
  facet normal 0.923879 2.40206e-6 0.382684
    outer loop
      vertex -0.570858 -1.92842 -0.266311
      vertex -0.591932 -0.0393701 -0.215446
      vertex -0.591968 -1.92842 -0.215348
    endloop
  endfacet
  facet normal 0.943397 -6.10206e-7 0.331665
    outer loop
      vertex -0.591932 -0.0393701 -0.215446
      vertex -0.596495 -1.86161 -0.202471
      vertex -0.591968 -1.92842 -0.215348
    endloop
  endfacet
  facet normal 0.947001 0.000309519 0.321232
    outer loop
      vertex -0.597394 -1.88006 -0.199802
      vertex -0.595236 -1.90271 -0.206143
      vertex -0.596495 -1.86161 -0.202471
    endloop
  endfacet
  facet normal 0.941683 -0.00121723 0.3365
    outer loop
      vertex -0.595236 -1.90271 -0.206143
      vertex -0.592488 -1.92479 -0.213912
      vertex -0.596495 -1.86161 -0.202471
    endloop
  endfacet
  facet normal 0.937029 -0.00381772 0.349231
    outer loop
      vertex -0.596495 -1.86161 -0.202471
      vertex -0.592488 -1.92479 -0.213912
      vertex -0.591968 -1.92842 -0.215348
    endloop
  endfacet
  facet normal 0.949012 -0.00103962 0.315237
    outer loop
      vertex -0.600641 -1.80988 -0.18982
      vertex -0.600073 -1.83351 -0.191606
      vertex -0.596495 -1.86161 -0.202471
    endloop
  endfacet
  facet normal 0.948664 -0.00148852 0.316283
    outer loop
      vertex -0.600073 -1.83351 -0.191606
      vertex -0.598998 -1.85696 -0.194942
      vertex -0.596495 -1.86161 -0.202471
    endloop
  endfacet
  facet normal 0.948835 -0.000569725 0.315772
    outer loop
      vertex -0.596495 -1.86161 -0.202471
      vertex -0.598998 -1.85696 -0.194942
      vertex -0.597394 -1.88006 -0.199802
    endloop
  endfacet
  facet normal 0.979709 -0.00148886 0.200421
    outer loop
      vertex -0.616218 -1.85696 -0.130674
      vertex -0.615482 -1.83351 -0.134101
      vertex -0.617815 -1.86161 -0.122902
    endloop
  endfacet
  facet normal 0.979488 -0.00104042 0.2015
    outer loop
      vertex -0.615482 -1.83351 -0.134101
      vertex -0.61508 -1.80988 -0.135931
      vertex -0.617815 -1.86161 -0.122902
    endloop
  endfacet
  facet normal 0.978876 -0.000264167 0.204453
    outer loop
      vertex -0.617815 -1.86161 -0.122902
      vertex -0.61508 -1.80988 -0.135931
      vertex -0.615007 -1.7948 -0.13626
    endloop
  endfacet
  facet normal 0.983769 -0.00121556 0.179436
    outer loop
      vertex -0.620066 -1.92479 -0.110991
      vertex -0.618561 -1.90271 -0.119093
      vertex -0.617815 -1.86161 -0.122902
    endloop
  endfacet
  facet normal 0.980742 0.000310113 0.195306
    outer loop
      vertex -0.618561 -1.90271 -0.119093
      vertex -0.61726 -1.88006 -0.125664
      vertex -0.617815 -1.86161 -0.122902
    endloop
  endfacet
  facet normal 0.979601 -0.000568792 0.20095
    outer loop
      vertex -0.617815 -1.86161 -0.122902
      vertex -0.61726 -1.88006 -0.125664
      vertex -0.616218 -1.85696 -0.130674
    endloop
  endfacet
  facet normal 0.949957 -0.000265223 0.31238
    outer loop
      vertex -0.600641 -1.80988 -0.18982
      vertex -0.596495 -1.86161 -0.202471
      vertex -0.600742 -1.7948 -0.1895
    endloop
  endfacet
  facet normal 0.950121 -0.000158293 0.311883
    outer loop
      vertex -0.596495 -1.86161 -0.202471
      vertex -0.591932 -0.0393701 -0.215446
      vertex -0.600742 -1.7948 -0.1895
    endloop
  endfacet
  facet normal 0.960029 -0.000680749 0.279899
    outer loop
      vertex -0.600742 -1.7948 -0.1895
      vertex -0.591932 -0.0393701 -0.215446
      vertex -0.608457 -1.79445 -0.163036
    endloop
  endfacet
  facet normal 0.953717 0 0.300706
    outer loop
      vertex -0.591932 -0.0393701 -0.215446
      vertex -0.608457 -0.0393701 -0.163036
      vertex -0.608457 -1.79445 -0.163036
    endloop
  endfacet
  facet normal 0.971357 0 0.237623
    outer loop
      vertex -0.608457 -1.79445 -0.163036
      vertex -0.608457 -0.0393701 -0.163036
      vertex -0.615007 -1.7948 -0.13626
    endloop
  endfacet
  facet normal 0.976296 -0.000341549 0.21644
    outer loop
      vertex -0.608457 -0.0393701 -0.163036
      vertex -0.620351 -0.0393701 -0.109385
      vertex -0.615007 -1.7948 -0.13626
    endloop
  endfacet
  facet normal 0.97877 -0.000158279 0.204961
    outer loop
      vertex -0.615007 -1.7948 -0.13626
      vertex -0.620351 -0.0393701 -0.109385
      vertex -0.617815 -1.86161 -0.122902
    endloop
  endfacet
  facet normal 0.982839 -5.94269e-7 0.184467
    outer loop
      vertex -0.620351 -0.0393701 -0.109385
      vertex -0.620333 -1.92842 -0.109487
      vertex -0.617815 -1.86161 -0.122902
    endloop
  endfacet
  facet normal 0.986119 -0.00383344 0.165994
    outer loop
      vertex -0.617815 -1.86161 -0.122902
      vertex -0.620333 -1.92842 -0.109487
      vertex -0.620066 -1.92479 -0.110991
    endloop
  endfacet
  facet normal -0.374607 0 -0.927184
    outer loop
      vertex -0.331158 -0.0393701 -0.72666
      vertex -0.266565 -0.0393701 -0.752757
      vertex -0.266565 -1.64233 -0.752757
    endloop
  endfacet
  facet normal -0.337916 0.00170625 -0.941175
    outer loop
      vertex -0.266565 -1.64233 -0.752757
      vertex -0.273124 -1.64233 -0.750402
      vertex -0.331158 -0.0393701 -0.72666
    endloop
  endfacet
  facet normal -0.378649 0 -0.92554
    outer loop
      vertex -0.273124 -1.64233 -0.750402
      vertex -0.331158 -1.64233 -0.72666
      vertex -0.331158 -0.0393701 -0.72666
    endloop
  endfacet
  facet normal -0.453991 0 -0.891006
    outer loop
      vertex -0.331158 -0.0393701 -0.72666
      vertex -0.331158 -1.64233 -0.72666
      vertex -0.393231 -0.0393701 -0.695033
    endloop
  endfacet
  facet normal -0.41866 0.00170619 -0.908141
    outer loop
      vertex -0.331158 -1.64233 -0.72666
      vertex -0.337487 -1.64233 -0.723743
      vertex -0.393231 -0.0393701 -0.695033
    endloop
  endfacet
  facet normal -0.457874 0 -0.889017
    outer loop
      vertex -0.393231 -0.0393701 -0.695033
      vertex -0.337487 -1.64233 -0.723743
      vertex -0.393231 -1.64233 -0.695033
    endloop
  endfacet
  facet normal -0.942641 0 0.333807
    outer loop
      vertex -0.274621 -0.0393701 -0.775506
      vertex -0.274621 -1.6284 -0.775506
      vertex -0.266565 -0.0393701 -0.752757
    endloop
  endfacet
  facet normal -0.942641 0 0.333807
    outer loop
      vertex -0.274621 -1.6284 -0.775506
      vertex -0.266565 -1.64233 -0.752757
      vertex -0.266565 -0.0393701 -0.752757
    endloop
  endfacet
  facet normal 0.992546 0 -0.121869
    outer loop
      vertex -0.0973202 -0.0393701 -0.792609
      vertex -0.0973202 -1.64233 -0.792609
      vertex -0.100261 -0.0393701 -0.816563
    endloop
  endfacet
  facet normal 0.992546 0 -0.121869
    outer loop
      vertex -0.0973202 -1.64233 -0.792609
      vertex -0.100261 -1.6284 -0.816563
      vertex -0.100261 -0.0393701 -0.816563
    endloop
  endfacet
  facet normal -0.262749 -0.454154 -0.851297
    outer loop
      vertex -0.626766 -1.94618 0.0629706
      vertex -0.626062 -1.95906 0.0696237
      vertex -0.764784 -1.87929 0.0698819
    endloop
  endfacet
  facet normal -0.269549 -0.469258 -0.840916
    outer loop
      vertex -0.764784 -1.87929 0.0698819
      vertex -0.765054 -1.87372 0.0668612
      vertex -0.626766 -1.94618 0.0629706
    endloop
  endfacet
  facet normal -0.260045 -0.450411 -0.854111
    outer loop
      vertex -0.765054 -1.87372 0.0668612
      vertex -0.765384 -1.86615 0.0629706
      vertex -0.626766 -1.94618 0.0629706
    endloop
  endfacet
  facet normal -0.239257 -0.414405 -0.87808
    outer loop
      vertex -0.626766 -1.94618 0.0629706
      vertex -0.765384 -1.86615 0.0629706
      vertex -0.627533 -1.92842 0.0547975
    endloop
  endfacet
  facet normal -0.237099 -0.409233 -0.881086
    outer loop
      vertex -0.765384 -1.86615 0.0629706
      vertex -0.76612 -1.84485 0.0532759
      vertex -0.627533 -1.92842 0.0547975
    endloop
  endfacet
  facet normal -0.221469 -0.383595 -0.896552
    outer loop
      vertex -0.627533 -1.92842 0.0547975
      vertex -0.76612 -1.84485 0.0532759
      vertex -0.627664 -1.92479 0.0532759
    endloop
  endfacet
  facet normal -0.200252 -0.346847 -0.916295
    outer loop
      vertex -0.76612 -1.84485 0.0532759
      vertex -0.766647 -1.82284 0.0450603
      vertex -0.627664 -1.92479 0.0532759
    endloop
  endfacet
  facet normal -0.200252 -0.346846 -0.916295
    outer loop
      vertex -0.627664 -1.92479 0.0532759
      vertex -0.766647 -1.82284 0.0450603
      vertex -0.628308 -1.90271 0.0450603
    endloop
  endfacet
  facet normal -0.162914 -0.282175 -0.945429
    outer loop
      vertex -0.766647 -1.82284 0.0450603
      vertex -0.767011 -1.80024 0.0383766
      vertex -0.628308 -1.90271 0.0450603
    endloop
  endfacet
  facet normal -0.162914 -0.282175 -0.945429
    outer loop
      vertex -0.628308 -1.90271 0.0450603
      vertex -0.767011 -1.80024 0.0383766
      vertex -0.628751 -1.88006 0.0383766
    endloop
  endfacet
  facet normal -0.124528 -0.21569 -0.968489
    outer loop
      vertex -0.767011 -1.80024 0.0383766
      vertex -0.76725 -1.77716 0.0332676
      vertex -0.628751 -1.88006 0.0383766
    endloop
  endfacet
  facet normal -0.124529 -0.21569 -0.968489
    outer loop
      vertex -0.628751 -1.88006 0.0383766
      vertex -0.76725 -1.77716 0.0332676
      vertex -0.629042 -1.85696 0.0332676
    endloop
  endfacet
  facet normal -0.0853433 -0.147819 -0.985325
    outer loop
      vertex -0.76725 -1.77716 0.0332676
      vertex -0.767393 -1.75374 0.0297663
      vertex -0.629042 -1.85696 0.0332676
    endloop
  endfacet
  facet normal -0.0853436 -0.147819 -0.985325
    outer loop
      vertex -0.629042 -1.85696 0.0332676
      vertex -0.767393 -1.75374 0.0297663
      vertex -0.629218 -1.83351 0.0297663
    endloop
  endfacet
  facet normal -0.0456096 -0.0789981 -0.995831
    outer loop
      vertex -0.767393 -1.75374 0.0297663
      vertex -0.767464 -1.73011 0.0278951
      vertex -0.629218 -1.83351 0.0297663
    endloop
  endfacet
  facet normal -0.0456095 -0.0789979 -0.995831
    outer loop
      vertex -0.629218 -1.83351 0.0297663
      vertex -0.767464 -1.73011 0.0278951
      vertex -0.629303 -1.80988 0.0278951
    endloop
  endfacet
  facet normal -0.0128706 -0.0222925 -0.999669
    outer loop
      vertex -0.767464 -1.73011 0.0278951
      vertex -0.767476 -1.71503 0.0275591
      vertex -0.629303 -1.80988 0.0278951
    endloop
  endfacet
  facet normal -0.0128706 -0.0222925 -0.999669
    outer loop
      vertex -0.629303 -1.80988 0.0278951
      vertex -0.767476 -1.71503 0.0275591
      vertex -0.629318 -1.7948 0.0275591
    endloop
  endfacet
  facet normal -0.104528 0 -0.994522
    outer loop
      vertex -0.0973202 -1.64233 -0.792609
      vertex -0.0973202 -0.0393701 -0.792609
      vertex -0.0695992 -1.64233 -0.795523
    endloop
  endfacet
  facet normal -0.0784583 0.000455191 -0.996917
    outer loop
      vertex -0.0973202 -0.0393701 -0.792609
      vertex -0.0278694 -0.0393701 -0.798075
      vertex -0.0695992 -1.64233 -0.795523
    endloop
  endfacet
  facet normal -0.0610475 0 -0.998135
    outer loop
      vertex -0.0695992 -1.64233 -0.795523
      vertex -0.0278694 -0.0393701 -0.798075
      vertex -0.0278694 -1.64233 -0.798075
    endloop
  endfacet
  facet normal -0.0174533 0 -0.999848
    outer loop
      vertex -0.0278694 -1.64233 -0.798075
      vertex -0.0278694 -0.0393701 -0.798075
      vertex 1.87096e-15 -1.64233 -0.798562
    endloop
  endfacet
  facet normal 0.00872636 0.000455199 -0.999962
    outer loop
      vertex -0.0278694 -0.0393701 -0.798075
      vertex 0.0417935 -0.0393701 -0.797467
      vertex 1.87096e-15 -1.64233 -0.798562
    endloop
  endfacet
  facet normal 0.0261773 0 -0.999657
    outer loop
      vertex 1.87096e-15 -1.64233 -0.798562
      vertex 0.0417935 -0.0393701 -0.797467
      vertex 0.0417935 -1.64233 -0.797467
    endloop
  endfacet
  facet normal -0.5 -0.866025 1.6255e-6
    outer loop
      vertex -0.629318 -1.7948 0.0275591
      vertex -0.767476 -1.71503 0.0275591
      vertex -0.629921 -1.79445 -5.20911e-16
    endloop
  endfacet
  facet normal -0.5 -0.866025 1.85295e-6
    outer loop
      vertex -0.767476 -1.71503 0.0275591
      vertex -0.767971 -1.71475 8.24224e-16
      vertex -0.629921 -1.79445 -5.20911e-16
    endloop
  endfacet
  facet normal -0.5 -0.866025 -1.6245e-6
    outer loop
      vertex -0.629921 -1.79445 -5.20911e-16
      vertex -0.767971 -1.71475 8.24224e-16
      vertex -0.629318 -1.7948 -0.0275591
    endloop
  endfacet
  facet normal -0.5 -0.866025 -1.85377e-6
    outer loop
      vertex -0.767971 -1.71475 8.24224e-16
      vertex -0.767476 -1.71503 -0.0275591
      vertex -0.629318 -1.7948 -0.0275591
    endloop
  endfacet
  facet normal -0.99863 0 -0.0523359
    outer loop
      vertex 0.0430565 -0.0393701 -0.821567
      vertex 0.0430565 -1.6284 -0.821567
      vertex 0.0417935 -0.0393701 -0.797467
    endloop
  endfacet
  facet normal -0.99863 0 -0.0523359
    outer loop
      vertex 0.0430565 -1.6284 -0.821567
      vertex 0.0417935 -1.64233 -0.797467
      vertex 0.0417935 -0.0393701 -0.797467
    endloop
  endfacet
  facet normal 0.886338 0 0.463038
    outer loop
      vertex 0.742552 -1.6284 0.354179
      vertex 0.742552 -0.0393701 0.354179
      vertex 0.714856 -0.0393701 0.407195
    endloop
  endfacet
  facet normal 0.884988 -0.00010949 0.465614
    outer loop
      vertex 0.742552 -1.6284 0.354179
      vertex 0.714856 -0.0393701 0.407195
      vertex 0.712475 -1.6284 0.411347
    endloop
  endfacet
  facet normal 0.850352 0.000100747 0.526214
    outer loop
      vertex 0.714856 -0.0393701 0.407195
      vertex 0.68338 -0.0393701 0.458059
      vertex 0.712475 -1.6284 0.411347
    endloop
  endfacet
  facet normal 0.848818 0 0.528685
    outer loop
      vertex 0.712475 -1.6284 0.411347
      vertex 0.68338 -0.0393701 0.458059
      vertex 0.68338 -1.6284 0.458059
    endloop
  endfacet
  facet normal 0.82495 0 0.565206
    outer loop
      vertex 0.68338 -1.6284 0.458059
      vertex 0.68338 -0.0393701 0.458059
      vertex 0.673912 -1.6284 0.471878
    endloop
  endfacet
  facet normal 0.809871 0.000275969 0.586608
    outer loop
      vertex 0.68338 -0.0393701 0.458059
      vertex 0.648292 -0.0393701 0.506502
      vertex 0.673912 -1.6284 0.471878
    endloop
  endfacet
  facet normal 0.803856 0 0.594823
    outer loop
      vertex 0.673912 -1.6284 0.471878
      vertex 0.648292 -0.0393701 0.506502
      vertex 0.648292 -1.6284 0.506502
    endloop
  endfacet
  facet normal -0.615662 0 0.78801
    outer loop
      vertex 0.629275 -0.0393701 0.491644
      vertex 0.629275 -1.64233 0.491644
      vertex 0.648292 -0.0393701 0.506502
    endloop
  endfacet
  facet normal -0.615662 0 0.78801
    outer loop
      vertex 0.629275 -1.64233 0.491644
      vertex 0.648292 -1.6284 0.506502
      vertex 0.648292 -0.0393701 0.506502
    endloop
  endfacet
  facet normal -0.433013 -0.866025 -0.249999
    outer loop
      vertex -0.558785 -1.7948 -0.290792
      vertex -0.678433 -1.71503 -0.359871
      vertex -0.545528 -1.79445 -0.314961
    endloop
  endfacet
  facet normal -0.433013 -0.866025 -0.249999
    outer loop
      vertex -0.678433 -1.71503 -0.359871
      vertex -0.665082 -1.71475 -0.383985
      vertex -0.545528 -1.79445 -0.314961
    endloop
  endfacet
  facet normal -0.433012 -0.866025 -0.250001
    outer loop
      vertex -0.545528 -1.79445 -0.314961
      vertex -0.665082 -1.71475 -0.383985
      vertex -0.531226 -1.7948 -0.338526
    endloop
  endfacet
  facet normal -0.433012 -0.866026 -0.25
    outer loop
      vertex -0.665082 -1.71475 -0.383985
      vertex -0.650874 -1.71503 -0.407605
      vertex -0.531226 -1.7948 -0.338526
    endloop
  endfacet
  facet normal 0.777145 0 0.629321
    outer loop
      vertex 0.629275 -1.64233 0.491644
      vertex 0.629275 -0.0393701 0.491644
      vertex 0.611734 -1.64233 0.513306
    endloop
  endfacet
  facet normal 0.760406 0.000455171 0.649448
    outer loop
      vertex 0.629275 -0.0393701 0.491644
      vertex 0.584031 -0.0393701 0.544618
      vertex 0.611734 -1.64233 0.513306
    endloop
  endfacet
  facet normal 0.748956 0 0.66262
    outer loop
      vertex 0.611734 -1.64233 0.513306
      vertex 0.584031 -0.0393701 0.544618
      vertex 0.584031 -1.64233 0.544618
    endloop
  endfacet
  facet normal 0.719339 0 0.694659
    outer loop
      vertex 0.584031 -1.64233 0.544618
      vertex 0.584031 -0.0393701 0.544618
      vertex 0.564668 -1.64233 0.564668
    endloop
  endfacet
  facet normal 0.700909 0.000455179 0.713251
    outer loop
      vertex 0.584031 -0.0393701 0.544618
      vertex 0.534342 -0.0393701 0.593447
      vertex 0.564668 -1.64233 0.564668
    endloop
  endfacet
  facet normal 0.688355 0 0.725374
    outer loop
      vertex 0.564668 -1.64233 0.564668
      vertex 0.534342 -0.0393701 0.593447
      vertex 0.534342 -1.64233 0.593447
    endloop
  endfacet
  facet normal -0.631571 -0.346847 0.693408
    outer loop
      vertex -0.636842 -1.84485 -0.429198
      vertex -0.5216 -1.90271 -0.353177
      vertex -0.641406 -1.82284 -0.422347
    endloop
  endfacet
  facet normal -0.613802 -0.282175 0.737309
    outer loop
      vertex -0.5216 -1.90271 -0.353177
      vertex -0.525326 -1.88006 -0.347611
      vertex -0.641406 -1.82284 -0.422347
    endloop
  endfacet
  facet normal -0.613802 -0.282176 0.737308
    outer loop
      vertex -0.641406 -1.82284 -0.422347
      vertex -0.525326 -1.88006 -0.347611
      vertex -0.645063 -1.80024 -0.416741
    endloop
  endfacet
  facet normal -0.592089 -0.21569 0.776471
    outer loop
      vertex -0.525326 -1.88006 -0.347611
      vertex -0.528133 -1.85696 -0.343332
      vertex -0.645063 -1.80024 -0.416741
    endloop
  endfacet
  facet normal -0.592089 -0.215689 0.776472
    outer loop
      vertex -0.645063 -1.80024 -0.416741
      vertex -0.528133 -1.85696 -0.343332
      vertex -0.647824 -1.77716 -0.412435
    endloop
  endfacet
  facet normal -0.566572 -0.147819 0.810645
    outer loop
      vertex -0.528133 -1.85696 -0.343332
      vertex -0.530035 -1.83351 -0.340387
      vertex -0.647824 -1.77716 -0.412435
    endloop
  endfacet
  facet normal -0.566572 -0.147819 0.810645
    outer loop
      vertex -0.647824 -1.77716 -0.412435
      vertex -0.530035 -1.83351 -0.340387
      vertex -0.649699 -1.75374 -0.409475
    endloop
  endfacet
  facet normal -0.537414 -0.078998 0.83961
    outer loop
      vertex -0.530035 -1.83351 -0.340387
      vertex -0.531045 -1.80988 -0.33881
      vertex -0.649699 -1.75374 -0.409475
    endloop
  endfacet
  facet normal -0.537415 -0.0789988 0.83961
    outer loop
      vertex -0.649699 -1.75374 -0.409475
      vertex -0.531045 -1.80988 -0.33881
      vertex -0.650696 -1.73011 -0.40789
    endloop
  endfacet
  facet normal -0.510981 -0.0222933 0.859303
    outer loop
      vertex -0.531045 -1.80988 -0.33881
      vertex -0.531226 -1.7948 -0.338526
      vertex -0.650696 -1.73011 -0.40789
    endloop
  endfacet
  facet normal -0.510981 -0.0222926 0.859303
    outer loop
      vertex -0.650696 -1.73011 -0.40789
      vertex -0.531226 -1.7948 -0.338526
      vertex -0.650874 -1.71503 -0.407605
    endloop
  endfacet
  facet normal -0.654544 -0.469173 0.592831
    outer loop
      vertex -0.627382 -1.87929 -0.442912
      vertex -0.507263 -1.95913 -0.373477
      vertex -0.629126 -1.87372 -0.440431
    endloop
  endfacet
  facet normal -0.653295 -0.461813 0.599945
    outer loop
      vertex -0.507263 -1.95913 -0.373477
      vertex -0.51131 -1.94618 -0.367917
      vertex -0.629126 -1.87372 -0.440431
    endloop
  endfacet
  facet normal -0.652261 -0.450408 0.609662
    outer loop
      vertex -0.629126 -1.87372 -0.440431
      vertex -0.51131 -1.94618 -0.367917
      vertex -0.631357 -1.86615 -0.437226
    endloop
  endfacet
  facet normal -0.646242 -0.414404 0.640812
    outer loop
      vertex -0.51131 -1.94618 -0.367917
      vertex -0.516061 -1.92842 -0.361223
      vertex -0.631357 -1.86615 -0.437226
    endloop
  endfacet
  facet normal -0.645877 -0.409234 0.644493
    outer loop
      vertex -0.631357 -1.86615 -0.437226
      vertex -0.516061 -1.92842 -0.361223
      vertex -0.636842 -1.84485 -0.429198
    endloop
  endfacet
  facet normal -0.640075 -0.383599 0.6657
    outer loop
      vertex -0.516061 -1.92842 -0.361223
      vertex -0.516935 -1.92479 -0.35997
      vertex -0.636842 -1.84485 -0.429198
    endloop
  endfacet
  facet normal -0.631571 -0.346846 0.693409
    outer loop
      vertex -0.636842 -1.84485 -0.429198
      vertex -0.516935 -1.92479 -0.35997
      vertex -0.5216 -1.90271 -0.353177
    endloop
  endfacet
  facet normal 0.743145 0 -0.669131
    outer loop
      vertex 0.55049 -0.0393701 0.611381
      vertex 0.55049 -1.6284 0.611381
      vertex 0.534342 -0.0393701 0.593447
    endloop
  endfacet
  facet normal 0.743145 0 -0.669131
    outer loop
      vertex 0.55049 -1.6284 0.611381
      vertex 0.534342 -1.64233 0.593447
      vertex 0.534342 -0.0393701 0.593447
    endloop
  endfacet
  facet normal -0.0334635 -0.454154 -0.890295
    outer loop
      vertex -0.621707 -1.94618 -0.101394
      vertex -0.622749 -1.95906 -0.0947854
      vertex -0.756812 -1.87929 -0.13044
    endloop
  endfacet
  facet normal -0.0427213 -0.469261 -0.882026
    outer loop
      vertex -0.756812 -1.87929 -0.13044
      vertex -0.756291 -1.87372 -0.133428
      vertex -0.621707 -1.94618 -0.101394
    endloop
  endfacet
  facet normal -0.0301236 -0.450411 -0.892313
    outer loop
      vertex -0.756291 -1.87372 -0.133428
      vertex -0.755603 -1.86615 -0.137271
      vertex -0.621707 -1.94618 -0.101394
    endloop
  endfacet
  facet normal -0.00384054 -0.414405 -0.910084
    outer loop
      vertex -0.621707 -1.94618 -0.101394
      vertex -0.755603 -1.86615 -0.137271
      vertex -0.620333 -1.92842 -0.109487
    endloop
  endfacet
  facet normal -0.000977869 -0.409233 -0.912429
    outer loop
      vertex -0.755603 -1.86615 -0.137271
      vertex -0.753804 -1.84485 -0.146826
      vertex -0.620333 -1.92842 -0.109487
    endloop
  endfacet
  facet normal 0.0181217 -0.383596 -0.923323
    outer loop
      vertex -0.620333 -1.92842 -0.109487
      vertex -0.753804 -1.84485 -0.146826
      vertex -0.620066 -1.92479 -0.110991
    endloop
  endfacet
  facet normal 0.0437251 -0.346848 -0.936902
    outer loop
      vertex -0.753804 -1.84485 -0.146826
      vertex -0.752187 -1.82284 -0.154898
      vertex -0.620066 -1.92479 -0.110991
    endloop
  endfacet
  facet normal 0.0437262 -0.346846 -0.936902
    outer loop
      vertex -0.620066 -1.92479 -0.110991
      vertex -0.752187 -1.82284 -0.154898
      vertex -0.618561 -1.90271 -0.119093
    endloop
  endfacet
  facet normal 0.0873324 -0.282175 -0.95538
    outer loop
      vertex -0.752187 -1.82284 -0.154898
      vertex -0.750808 -1.80024 -0.161448
      vertex -0.618561 -1.90271 -0.119093
    endloop
  endfacet
  facet normal 0.0873325 -0.282175 -0.95538
    outer loop
      vertex -0.618561 -1.90271 -0.119093
      vertex -0.750808 -1.80024 -0.161448
      vertex -0.61726 -1.88006 -0.125664
    endloop
  endfacet
  facet normal 0.130378 -0.21569 -0.967719
    outer loop
      vertex -0.750808 -1.80024 -0.161448
      vertex -0.749717 -1.77716 -0.166445
      vertex -0.61726 -1.88006 -0.125664
    endloop
  endfacet
  facet normal 0.130378 -0.21569 -0.967719
    outer loop
      vertex -0.61726 -1.88006 -0.125664
      vertex -0.749717 -1.77716 -0.166445
      vertex -0.616218 -1.85696 -0.130674
    endloop
  endfacet
  facet normal 0.172585 -0.14782 -0.97384
    outer loop
      vertex -0.749717 -1.77716 -0.166445
      vertex -0.748949 -1.75374 -0.169864
      vertex -0.616218 -1.85696 -0.130674
    endloop
  endfacet
  facet normal 0.172586 -0.147819 -0.97384
    outer loop
      vertex -0.616218 -1.85696 -0.130674
      vertex -0.748949 -1.75374 -0.169864
      vertex -0.615482 -1.83351 -0.134101
    endloop
  endfacet
  facet normal 0.213685 -0.0789976 -0.973703
    outer loop
      vertex -0.748949 -1.75374 -0.169864
      vertex -0.748533 -1.73011 -0.17169
      vertex -0.615482 -1.83351 -0.134101
    endloop
  endfacet
  facet normal 0.213685 -0.0789981 -0.973703
    outer loop
      vertex -0.615482 -1.83351 -0.134101
      vertex -0.748533 -1.73011 -0.17169
      vertex -0.61508 -1.80988 -0.135931
    endloop
  endfacet
  facet normal 0.246302 -0.022292 -0.968937
    outer loop
      vertex -0.748533 -1.73011 -0.17169
      vertex -0.748458 -1.71503 -0.172017
      vertex -0.61508 -1.80988 -0.135931
    endloop
  endfacet
  facet normal 0.246301 -0.0222925 -0.968937
    outer loop
      vertex -0.61508 -1.80988 -0.135931
      vertex -0.748458 -1.71503 -0.172017
      vertex -0.615007 -1.7948 -0.13626
    endloop
  endfacet
  facet normal 0.656059 0 0.754709
    outer loop
      vertex 0.55049 -1.6284 0.611381
      vertex 0.55049 -0.0393701 0.611381
      vertex 0.528818 -1.6284 0.630221
    endloop
  endfacet
  facet normal 0.641673 0.00034168 0.766979
    outer loop
      vertex 0.55049 -0.0393701 0.611381
      vertex 0.504614 -0.0393701 0.649763
      vertex 0.528818 -1.6284 0.630221
    endloop
  endfacet
  facet normal 0.628189 0 0.778061
    outer loop
      vertex 0.528818 -1.6284 0.630221
      vertex 0.504614 -0.0393701 0.649763
      vertex 0.504614 -1.6284 0.649763
    endloop
  endfacet
  facet normal 0.593654 0 0.804721
    outer loop
      vertex 0.504614 -1.6284 0.649763
      vertex 0.504614 -0.0393701 0.649763
      vertex 0.471878 -1.6284 0.673912
    endloop
  endfacet
  facet normal 0.58425 0.000297881 0.811574
    outer loop
      vertex 0.504614 -0.0393701 0.649763
      vertex 0.456069 -0.0393701 0.68471
      vertex 0.471878 -1.6284 0.673912
    endloop
  endfacet
  facet normal 0.564005 0 0.825771
    outer loop
      vertex 0.471878 -1.6284 0.673912
      vertex 0.456069 -0.0393701 0.68471
      vertex 0.456069 -1.6284 0.68471
    endloop
  endfacet
  facet normal 0.523738 0 0.851879
    outer loop
      vertex 0.405114 -0.0393701 0.716037
      vertex 0.405114 -1.6284 0.716037
      vertex 0.456069 -0.0393701 0.68471
    endloop
  endfacet
  facet normal 0.496216 0.0012043 0.868199
    outer loop
      vertex 0.405114 -1.6284 0.716037
      vertex 0.411347 -1.6284 0.712475
      vertex 0.456069 -0.0393701 0.68471
    endloop
  endfacet
  facet normal 0.527451 0 0.849586
    outer loop
      vertex 0.456069 -0.0393701 0.68471
      vertex 0.411347 -1.6284 0.712475
      vertex 0.456069 -1.6284 0.68471
    endloop
  endfacet
  facet normal -0.870355 0 0.492424
    outer loop
      vertex 0.393231 -0.0393701 0.695033
      vertex 0.393231 -1.64233 0.695033
      vertex 0.405114 -0.0393701 0.716037
    endloop
  endfacet
  facet normal -0.870355 0 0.492424
    outer loop
      vertex 0.393231 -1.64233 0.695033
      vertex 0.405114 -1.6284 0.716037
      vertex 0.405114 -0.0393701 0.716037
    endloop
  endfacet
  facet normal -0.353554 -0.866025 -0.353552
    outer loop
      vertex -0.464482 -1.7948 -0.425508
      vertex -0.562175 -1.71503 -0.5232
      vertex -0.445422 -1.79445 -0.445422
    endloop
  endfacet
  facet normal -0.353554 -0.866025 -0.353552
    outer loop
      vertex -0.562175 -1.71503 -0.5232
      vertex -0.543037 -1.71475 -0.543037
      vertex -0.445422 -1.79445 -0.445422
    endloop
  endfacet
  facet normal -0.353552 -0.866025 -0.353554
    outer loop
      vertex -0.445422 -1.79445 -0.445422
      vertex -0.543037 -1.71475 -0.543037
      vertex -0.425508 -1.7948 -0.464482
    endloop
  endfacet
  facet normal -0.353552 -0.866025 -0.353554
    outer loop
      vertex -0.543037 -1.71475 -0.543037
      vertex -0.5232 -1.71503 -0.562175
      vertex -0.425508 -1.7948 -0.464482
    endloop
  endfacet
  facet normal 0.374607 0 0.927184
    outer loop
      vertex 0.331158 -0.0393701 0.72666
      vertex 0.266565 -0.0393701 0.752757
      vertex 0.266565 -1.64233 0.752757
    endloop
  endfacet
  facet normal 0.337916 0.00170625 0.941175
    outer loop
      vertex 0.266565 -1.64233 0.752757
      vertex 0.273124 -1.64233 0.750402
      vertex 0.331158 -0.0393701 0.72666
    endloop
  endfacet
  facet normal 0.378649 0 0.92554
    outer loop
      vertex 0.273124 -1.64233 0.750402
      vertex 0.331158 -1.64233 0.72666
      vertex 0.331158 -0.0393701 0.72666
    endloop
  endfacet
  facet normal 0.453991 0 0.891006
    outer loop
      vertex 0.331158 -0.0393701 0.72666
      vertex 0.331158 -1.64233 0.72666
      vertex 0.393231 -0.0393701 0.695033
    endloop
  endfacet
  facet normal 0.41866 0.00170619 0.908141
    outer loop
      vertex 0.331158 -1.64233 0.72666
      vertex 0.337487 -1.64233 0.723743
      vertex 0.393231 -0.0393701 0.695033
    endloop
  endfacet
  facet normal 0.457874 0 0.889017
    outer loop
      vertex 0.393231 -0.0393701 0.695033
      vertex 0.337487 -1.64233 0.723743
      vertex 0.393231 -1.64233 0.695033
    endloop
  endfacet
  facet normal -0.789518 -0.346848 0.506318
    outer loop
      vertex -0.504057 -1.84485 -0.579401
      vertex -0.412418 -1.90271 -0.476143
      vertex -0.510239 -1.82284 -0.573964
    endloop
  endfacet
  facet normal -0.783717 -0.282175 0.553322
    outer loop
      vertex -0.412418 -1.90271 -0.476143
      vertex -0.417458 -1.88006 -0.471731
      vertex -0.510239 -1.82284 -0.573964
    endloop
  endfacet
  facet normal -0.783717 -0.282175 0.553322
    outer loop
      vertex -0.510239 -1.82284 -0.573964
      vertex -0.417458 -1.88006 -0.471731
      vertex -0.515222 -1.80024 -0.569495
    endloop
  endfacet
  facet normal -0.77288 -0.21569 0.59677
    outer loop
      vertex -0.417458 -1.88006 -0.471731
      vertex -0.421276 -1.85696 -0.468324
      vertex -0.515222 -1.80024 -0.569495
    endloop
  endfacet
  facet normal -0.77288 -0.215689 0.59677
    outer loop
      vertex -0.515222 -1.80024 -0.569495
      vertex -0.421276 -1.85696 -0.468324
      vertex -0.519004 -1.77716 -0.566051
    endloop
  endfacet
  facet normal -0.757078 -0.147821 0.636382
    outer loop
      vertex -0.421276 -1.85696 -0.468324
      vertex -0.423876 -1.83351 -0.465972
      vertex -0.519004 -1.77716 -0.566051
    endloop
  endfacet
  facet normal -0.757077 -0.14782 0.636383
    outer loop
      vertex -0.519004 -1.77716 -0.566051
      vertex -0.423876 -1.83351 -0.465972
      vertex -0.521581 -1.75374 -0.563677
    endloop
  endfacet
  facet normal -0.73641 -0.0789975 0.671908
    outer loop
      vertex -0.423876 -1.83351 -0.465972
      vertex -0.42526 -1.80988 -0.464709
      vertex -0.521581 -1.75374 -0.563677
    endloop
  endfacet
  facet normal -0.73641 -0.0789986 0.671908
    outer loop
      vertex -0.521581 -1.75374 -0.563677
      vertex -0.42526 -1.80988 -0.464709
      vertex -0.522954 -1.73011 -0.562404
    endloop
  endfacet
  facet normal -0.715972 -0.0222902 0.697773
    outer loop
      vertex -0.42526 -1.80988 -0.464709
      vertex -0.425508 -1.7948 -0.464482
      vertex -0.522954 -1.73011 -0.562404
    endloop
  endfacet
  facet normal -0.715973 -0.022292 0.697772
    outer loop
      vertex -0.522954 -1.73011 -0.562404
      vertex -0.425508 -1.7948 -0.464482
      vertex -0.5232 -1.71503 -0.562175
    endloop
  endfacet
  facet normal -0.785677 -0.469176 0.403219
    outer loop
      vertex -0.49137 -1.87929 -0.590198
      vertex -0.393316 -1.95913 -0.49204
      vertex -0.493697 -1.87372 -0.588253
    endloop
  endfacet
  facet normal -0.786312 -0.461812 0.410419
    outer loop
      vertex -0.393316 -1.95913 -0.49204
      vertex -0.398663 -1.94618 -0.487717
      vertex -0.493697 -1.87372 -0.588253
    endloop
  endfacet
  facet normal -0.787827 -0.450412 0.420068
    outer loop
      vertex -0.493697 -1.87372 -0.588253
      vertex -0.398663 -1.94618 -0.487717
      vertex -0.496682 -1.86615 -0.585735
    endloop
  endfacet
  facet normal -0.790076 -0.414405 0.451716
    outer loop
      vertex -0.398663 -1.94618 -0.487717
      vertex -0.404985 -1.92842 -0.482481
      vertex -0.496682 -1.86615 -0.585735
    endloop
  endfacet
  facet normal -0.790676 -0.409233 0.455368
    outer loop
      vertex -0.496682 -1.86615 -0.585735
      vertex -0.404985 -1.92842 -0.482481
      vertex -0.504057 -1.84485 -0.579401
    endloop
  endfacet
  facet normal -0.790561 -0.3836 0.477352
    outer loop
      vertex -0.404985 -1.92842 -0.482481
      vertex -0.406154 -1.92479 -0.481497
      vertex -0.504057 -1.84485 -0.579401
    endloop
  endfacet
  facet normal -0.789518 -0.346845 0.50632
    outer loop
      vertex -0.504057 -1.84485 -0.579401
      vertex -0.406154 -1.92479 -0.481497
      vertex -0.412418 -1.90271 -0.476143
    endloop
  endfacet
  facet normal 0.942641 0 -0.333807
    outer loop
      vertex 0.274621 -0.0393701 0.775506
      vertex 0.274621 -1.6284 0.775506
      vertex 0.266565 -0.0393701 0.752757
    endloop
  endfacet
  facet normal 0.942641 0 -0.333807
    outer loop
      vertex 0.274621 -1.6284 0.775506
      vertex 0.266565 -1.64233 0.752757
      vertex 0.266565 -0.0393701 0.752757
    endloop
  endfacet
  facet normal 0.198102 -0.454153 -0.86862
    outer loop
      vertex -0.57428 -1.94618 -0.258849
      vertex -0.576997 -1.95906 -0.252735
      vertex -0.697264 -1.87929 -0.321873
    endloop
  endfacet
  facet normal 0.18702 -0.46926 -0.863029
    outer loop
      vertex -0.697264 -1.87929 -0.321873
      vertex -0.695987 -1.87372 -0.324624
      vertex -0.57428 -1.94618 -0.258849
    endloop
  endfacet
  facet normal 0.20185 -0.450412 -0.869704
    outer loop
      vertex -0.695987 -1.87372 -0.324624
      vertex -0.694328 -1.86615 -0.328158
      vertex -0.57428 -1.94618 -0.258849
    endloop
  endfacet
  facet normal 0.231837 -0.414406 -0.880068
    outer loop
      vertex -0.57428 -1.94618 -0.258849
      vertex -0.694328 -1.86615 -0.328158
      vertex -0.570858 -1.92842 -0.266311
    endloop
  endfacet
  facet normal 0.23521 -0.409233 -0.881592
    outer loop
      vertex -0.694328 -1.86615 -0.328158
      vertex -0.690118 -1.84485 -0.336922
      vertex -0.570858 -1.92842 -0.266311
    endloop
  endfacet
  facet normal 0.256478 -0.383596 -0.887171
    outer loop
      vertex -0.570858 -1.92842 -0.266311
      vertex -0.690118 -1.84485 -0.336922
      vertex -0.570211 -1.92479 -0.267694
    endloop
  endfacet
  facet normal 0.284724 -0.346847 -0.893661
    outer loop
      vertex -0.690118 -1.84485 -0.336922
      vertex -0.686466 -1.82284 -0.3443
      vertex -0.570211 -1.92479 -0.267694
    endloop
  endfacet
  facet normal 0.284724 -0.346846 -0.893661
    outer loop
      vertex -0.570211 -1.92479 -0.267694
      vertex -0.686466 -1.82284 -0.3443
      vertex -0.56666 -1.90271 -0.27513
    endloop
  endfacet
  facet normal 0.331627 -0.282175 -0.900223
    outer loop
      vertex -0.686466 -1.82284 -0.3443
      vertex -0.683439 -1.80024 -0.35027
      vertex -0.56666 -1.90271 -0.27513
    endloop
  endfacet
  facet normal 0.331628 -0.282174 -0.900223
    outer loop
      vertex -0.56666 -1.90271 -0.27513
      vertex -0.683439 -1.80024 -0.35027
      vertex -0.563703 -1.88006 -0.28114
    endloop
  endfacet
  facet normal 0.376399 -0.21569 -0.901
    outer loop
      vertex -0.683439 -1.80024 -0.35027
      vertex -0.681091 -1.77716 -0.354814
      vertex -0.563703 -1.88006 -0.28114
    endloop
  endfacet
  facet normal 0.376399 -0.215691 -0.901
    outer loop
      vertex -0.563703 -1.88006 -0.28114
      vertex -0.681091 -1.77716 -0.354814
      vertex -0.5614 -1.85696 -0.28571
    endloop
  endfacet
  facet normal 0.418753 -0.147819 -0.895989
    outer loop
      vertex -0.681091 -1.77716 -0.354814
      vertex -0.679465 -1.75374 -0.357918
      vertex -0.5614 -1.85696 -0.28571
    endloop
  endfacet
  facet normal 0.418753 -0.147819 -0.895989
    outer loop
      vertex -0.5614 -1.85696 -0.28571
      vertex -0.679465 -1.75374 -0.357918
      vertex -0.559802 -1.83351 -0.28883
    endloop
  endfacet
  facet normal 0.458416 -0.0789988 -0.88522
    outer loop
      vertex -0.679465 -1.75374 -0.357918
      vertex -0.678591 -1.73011 -0.359574
      vertex -0.559802 -1.83351 -0.28883
    endloop
  endfacet
  facet normal 0.458416 -0.0789984 -0.88522
    outer loop
      vertex -0.559802 -1.83351 -0.28883
      vertex -0.678591 -1.73011 -0.359574
      vertex -0.55894 -1.80988 -0.290494
    endloop
  endfacet
  facet normal 0.488689 -0.0222917 -0.872173
    outer loop
      vertex -0.678591 -1.73011 -0.359574
      vertex -0.678433 -1.71503 -0.359871
      vertex -0.55894 -1.80988 -0.290494
    endloop
  endfacet
  facet normal 0.488688 -0.0222919 -0.872174
    outer loop
      vertex -0.55894 -1.80988 -0.290494
      vertex -0.678433 -1.71503 -0.359871
      vertex -0.558785 -1.7948 -0.290792
    endloop
  endfacet
  facet normal 0.299319 0 0.954153
    outer loop
      vertex 0.274621 -1.6284 0.775506
      vertex 0.274621 -0.0393701 0.775506
      vertex 0.217549 -0.0393701 0.79341
    endloop
  endfacet
  facet normal 0.296542 -0.000109533 0.95502
    outer loop
      vertex 0.274621 -1.6284 0.775506
      vertex 0.217549 -0.0393701 0.79341
      vertex 0.212929 -1.6284 0.794662
    endloop
  endfacet
  facet normal 0.2292 0.000100705 0.973379
    outer loop
      vertex 0.217549 -0.0393701 0.79341
      vertex 0.159326 -0.0393701 0.80712
      vertex 0.212929 -1.6284 0.794662
    endloop
  endfacet
  facet normal 0.226369 0 0.974042
    outer loop
      vertex 0.212929 -1.6284 0.794662
      vertex 0.159326 -0.0393701 0.80712
      vertex 0.159326 -1.6284 0.80712
    endloop
  endfacet
  facet normal 0.183664 0 0.982989
    outer loop
      vertex 0.159326 -1.6284 0.80712
      vertex 0.159326 -0.0393701 0.80712
      vertex 0.142859 -1.6284 0.810196
    endloop
  endfacet
  facet normal 0.157871 0.000275946 0.98746
    outer loop
      vertex 0.159326 -0.0393701 0.80712
      vertex 0.100261 -0.0393701 0.816563
      vertex 0.142859 -1.6284 0.810196
    endloop
  endfacet
  facet normal 0.14781 0 0.989016
    outer loop
      vertex 0.142859 -1.6284 0.810196
      vertex 0.100261 -0.0393701 0.816563
      vertex 0.100261 -1.6284 0.816563
    endloop
  endfacet
  facet normal -0.463453 -0.865077 -0.191969
    outer loop
      vertex -0.697264 -1.87929 -0.321873
      vertex -0.576997 -1.95906 -0.252735
      vertex -0.720638 -1.87929 -0.265441
    endloop
  endfacet
  facet normal -0.463051 -0.864744 -0.194427
    outer loop
      vertex -0.576997 -1.95906 -0.252735
      vertex -0.586642 -1.95913 -0.229461
      vertex -0.720638 -1.87929 -0.265441
    endloop
  endfacet
  facet normal -0.992546 0 0.121869
    outer loop
      vertex 0.0973202 -0.0393701 0.792609
      vertex 0.0973202 -1.64233 0.792609
      vertex 0.100261 -0.0393701 0.816563
    endloop
  endfacet
  facet normal -0.992546 0 0.121869
    outer loop
      vertex 0.0973202 -1.64233 0.792609
      vertex 0.100261 -1.6284 0.816563
      vertex 0.100261 -0.0393701 0.816563
    endloop
  endfacet
  facet normal 0.474127 -0.454153 0.754286
    outer loop
      vertex 0.589111 -1.94618 -0.223044
      vertex 0.586709 -1.95906 -0.229288
      vertex 0.720638 -1.87929 -0.265441
    endloop
  endfacet
  facet normal 0.47801 -0.469258 0.742498
    outer loop
      vertex 0.720638 -1.87929 -0.265441
      vertex 0.721681 -1.87372 -0.262594
      vertex 0.589111 -1.94618 -0.223044
    endloop
  endfacet
  facet normal 0.472244 -0.45041 0.757704
    outer loop
      vertex 0.721681 -1.87372 -0.262594
      vertex 0.723007 -1.86615 -0.258921
      vertex 0.589111 -1.94618 -0.223044
    endloop
  endfacet
  facet normal 0.458368 -0.414405 0.786236
    outer loop
      vertex 0.589111 -1.94618 -0.223044
      vertex 0.723007 -1.86615 -0.258921
      vertex 0.591968 -1.92842 -0.215348
    endloop
  endfacet
  facet normal 0.457062 -0.409233 0.789698
    outer loop
      vertex 0.723007 -1.86615 -0.258921
      vertex 0.726227 -1.84485 -0.249747
      vertex 0.591968 -1.92842 -0.215348
    endloop
  endfacet
  facet normal 0.445968 -0.383596 0.808682
    outer loop
      vertex 0.591968 -1.92842 -0.215348
      vertex 0.726227 -1.84485 -0.249747
      vertex 0.592488 -1.92479 -0.213912
    endloop
  endfacet
  facet normal 0.430584 -0.346848 0.833243
    outer loop
      vertex 0.726227 -1.84485 -0.249747
      vertex 0.728862 -1.82284 -0.241948
      vertex 0.592488 -1.92479 -0.213912
    endloop
  endfacet
  facet normal 0.430583 -0.346846 0.833244
    outer loop
      vertex 0.592488 -1.92479 -0.213912
      vertex 0.728862 -1.82284 -0.241948
      vertex 0.595236 -1.90271 -0.206143
    endloop
  endfacet
  facet normal 0.402058 -0.282175 0.871049
    outer loop
      vertex 0.728862 -1.82284 -0.241948
      vertex 0.730943 -1.80024 -0.235586
      vertex 0.595236 -1.90271 -0.206143
    endloop
  endfacet
  facet normal 0.402058 -0.282175 0.871049
    outer loop
      vertex 0.595236 -1.90271 -0.206143
      vertex 0.730943 -1.80024 -0.235586
      vertex 0.597394 -1.88006 -0.199802
    endloop
  endfacet
  facet normal 0.370949 -0.21569 0.903258
    outer loop
      vertex 0.730943 -1.80024 -0.235586
      vertex 0.732496 -1.77716 -0.230713
      vertex 0.597394 -1.88006 -0.199802
    endloop
  endfacet
  facet normal 0.370949 -0.21569 0.903258
    outer loop
      vertex 0.597394 -1.88006 -0.199802
      vertex 0.732496 -1.77716 -0.230713
      vertex 0.598998 -1.85696 -0.194942
    endloop
  endfacet
  facet normal 0.337456 -0.147818 0.929663
    outer loop
      vertex 0.732496 -1.77716 -0.230713
      vertex 0.733541 -1.75374 -0.227368
      vertex 0.598998 -1.85696 -0.194942
    endloop
  endfacet
  facet normal 0.337457 -0.147819 0.929663
    outer loop
      vertex 0.598998 -1.85696 -0.194942
      vertex 0.733541 -1.75374 -0.227368
      vertex 0.600073 -1.83351 -0.191606
    endloop
  endfacet
  facet normal 0.301796 -0.0789984 0.950094
    outer loop
      vertex 0.733541 -1.75374 -0.227368
      vertex 0.734093 -1.73011 -0.225579
      vertex 0.600073 -1.83351 -0.191606
    endloop
  endfacet
  facet normal 0.301796 -0.0789982 0.950094
    outer loop
      vertex 0.600073 -1.83351 -0.191606
      vertex 0.734093 -1.73011 -0.225579
      vertex 0.600641 -1.80988 -0.18982
    endloop
  endfacet
  facet normal 0.271166 -0.0222931 0.962274
    outer loop
      vertex 0.734093 -1.73011 -0.225579
      vertex 0.734192 -1.71503 -0.225257
      vertex 0.600641 -1.80988 -0.18982
    endloop
  endfacet
  facet normal 0.271165 -0.0222913 0.962275
    outer loop
      vertex 0.600641 -1.80988 -0.18982
      vertex 0.734192 -1.71503 -0.225257
      vertex 0.600742 -1.7948 -0.1895
    endloop
  endfacet
  facet normal 0 1 0
    outer loop
      vertex 0.629275 -0.0393701 0.491644
      vertex 0.648292 -0.0393701 0.506502
      vertex 0.68338 -0.0393701 0.458059
    endloop
  endfacet
  facet normal 0 1 0
    outer loop
      vertex 0.217549 -0.0393701 0.79341
      vertex 0.274621 -0.0393701 0.775506
      vertex 0.266565 -0.0393701 0.752757
    endloop
  endfacet
  facet normal 0 1 0
    outer loop
      vertex 0.504614 -0.0393701 0.649763
      vertex 0.55049 -0.0393701 0.611381
      vertex 0.534342 -0.0393701 0.593447
    endloop
  endfacet
  facet normal 0 1 0
    outer loop
      vertex 0.816268 -0.0393701 0.102636
      vertex 0.821567 -0.0393701 0.0430565
      vertex 0.797467 -0.0393701 0.0417935
    endloop
  endfacet
  facet normal 0 1 0
    outer loop
      vertex 0.649763 -0.0393701 -0.504614
      vertex 0.611381 -0.0393701 -0.55049
      vertex 0.593447 -0.0393701 -0.534342
    endloop
  endfacet
  facet normal 0 1 0
    outer loop
      vertex 0.407195 -0.0393701 -0.714856
      vertex 0.354179 -0.0393701 -0.742552
      vertex 0.34379 -0.0393701 -0.72077
    endloop
  endfacet
  facet normal 0 1 0
    outer loop
      vertex -0.504614 -0.0393701 -0.649763
      vertex -0.55049 -0.0393701 -0.611381
      vertex -0.534342 -0.0393701 -0.593447
    endloop
  endfacet
  facet normal 0 1 0
    outer loop
      vertex 0.163036 -0.0393701 0.608457
      vertex 0.109385 -0.0393701 0.620351
      vertex 0.0973202 -0.0393701 0.792609
    endloop
  endfacet
  facet normal 0 1 0
    outer loop
      vertex 0.109385 -0.0393701 0.620351
      vertex 0.0549013 -0.0393701 0.627524
      vertex 0.0973202 -0.0393701 0.792609
    endloop
  endfacet
  facet normal 0 1 0
    outer loop
      vertex 0.0973202 -0.0393701 0.792609
      vertex 0.0549013 -0.0393701 0.627524
      vertex 0.0278694 -0.0393701 0.798075
    endloop
  endfacet
  facet normal 0 1 0
    outer loop
      vertex 0.0549013 -0.0393701 0.627524
      vertex -1.54286e-16 -0.0393701 0.629921
      vertex 0.0278694 -0.0393701 0.798075
    endloop
  endfacet
  facet normal 0 1 0
    outer loop
      vertex 0.0278694 -0.0393701 0.798075
      vertex -1.54286e-16 -0.0393701 0.629921
      vertex -0.0417935 -0.0393701 0.797467
    endloop
  endfacet
  facet normal 0 1 0
    outer loop
      vertex 0.393231 -0.0393701 0.695033
      vertex 0.482548 -0.0393701 0.404906
      vertex 0.445422 -0.0393701 0.445422
    endloop
  endfacet
  facet normal 0 1 0
    outer loop
      vertex 0.629275 -0.0393701 0.491644
      vertex 0.68338 -0.0393701 0.458059
      vertex 0.72077 -0.0393701 0.34379
    endloop
  endfacet
  facet normal 0 1 0
    outer loop
      vertex 0.68338 -0.0393701 0.458059
      vertex 0.714856 -0.0393701 0.407195
      vertex 0.72077 -0.0393701 0.34379
    endloop
  endfacet
  facet normal 0 1 0
    outer loop
      vertex 0.72077 -0.0393701 0.34379
      vertex 0.714856 -0.0393701 0.407195
      vertex 0.742552 -0.0393701 0.354179
    endloop
  endfacet
  facet normal 0 1 0
    outer loop
      vertex 0.620351 -0.0393701 -0.109385
      vertex 0.627524 -0.0393701 -0.0549013
      vertex 0.72077 -0.0393701 0.34379
    endloop
  endfacet
  facet normal 0 1 0
    outer loop
      vertex 0.627524 -0.0393701 -0.0549013
      vertex 0.629921 -0.0393701 2.17014e-16
      vertex 0.72077 -0.0393701 0.34379
    endloop
  endfacet
  facet normal 0 1 0
    outer loop
      vertex 0.72077 -0.0393701 0.34379
      vertex 0.629921 -0.0393701 2.17014e-16
      vertex 0.627524 -0.0393701 0.0549013
    endloop
  endfacet
  facet normal 0 1 0
    outer loop
      vertex 0.213406 -0.0393701 -0.769518
      vertex -0.0549013 -0.0393701 -0.627524
      vertex 3.56884e-16 -0.0393701 -0.629921
    endloop
  endfacet
  facet normal 0 1 0
    outer loop
      vertex -0.361308 -0.0393701 0.516001
      vertex -0.404906 -0.0393701 0.482548
      vertex -0.34379 -0.0393701 0.72077
    endloop
  endfacet
  facet normal 0 1 0
    outer loop
      vertex 0.627524 -0.0393701 0.0549013
      vertex 0.620351 -0.0393701 0.109385
      vertex 0.72077 -0.0393701 0.34379
    endloop
  endfacet
  facet normal 0 1 0
    outer loop
      vertex 0.620351 -0.0393701 0.109385
      vertex 0.608457 -0.0393701 0.163036
      vertex 0.72077 -0.0393701 0.34379
    endloop
  endfacet
  facet normal 0 1 0
    outer loop
      vertex 0.72077 -0.0393701 0.34379
      vertex 0.608457 -0.0393701 0.163036
      vertex 0.629275 -0.0393701 0.491644
    endloop
  endfacet
  facet normal 0 1 0
    outer loop
      vertex 0.608457 -0.0393701 0.163036
      vertex 0.591932 -0.0393701 0.215446
      vertex 0.629275 -0.0393701 0.491644
    endloop
  endfacet
  facet normal 0 1 0
    outer loop
      vertex 0.629275 -0.0393701 0.491644
      vertex 0.591932 -0.0393701 0.215446
      vertex 0.570903 -0.0393701 0.266216
    endloop
  endfacet
  facet normal 0 1 0
    outer loop
      vertex 0.79341 -0.0393701 -0.217549
      vertex 0.775506 -0.0393701 -0.274621
      vertex 0.752757 -0.0393701 -0.266565
    endloop
  endfacet
  facet normal 0 1 0
    outer loop
      vertex 0.102636 -0.0393701 -0.816268
      vertex 0.0430565 -0.0393701 -0.821567
      vertex 0.0417935 -0.0393701 -0.797467
    endloop
  endfacet
  facet normal 0 1 0
    outer loop
      vertex -0.714856 -0.0393701 -0.407195
      vertex -0.742552 -0.0393701 -0.354179
      vertex -0.72077 -0.0393701 -0.34379
    endloop
  endfacet
  facet normal 0 1 0
    outer loop
      vertex -0.102636 -0.0393701 0.816268
      vertex -0.0430565 -0.0393701 0.821567
      vertex -0.0417935 -0.0393701 0.797467
    endloop
  endfacet
  facet normal 0 1 0
    outer loop
      vertex 0.445422 -0.0393701 0.445422
      vertex 0.404906 -0.0393701 0.482548
      vertex 0.0973202 -0.0393701 0.792609
    endloop
  endfacet
  facet normal 0 1 0
    outer loop
      vertex 0.404906 -0.0393701 0.482548
      vertex 0.361308 -0.0393701 0.516001
      vertex 0.0973202 -0.0393701 0.792609
    endloop
  endfacet
  facet normal 0 1 0
    outer loop
      vertex 0.0973202 -0.0393701 0.792609
      vertex 0.361308 -0.0393701 0.516001
      vertex 0.314961 -0.0393701 0.545528
    endloop
  endfacet
  facet normal 0 1 0
    outer loop
      vertex 0.217549 -0.0393701 0.79341
      vertex 0.266565 -0.0393701 0.752757
      vertex 0.159326 -0.0393701 0.80712
    endloop
  endfacet
  facet normal 0 1 0
    outer loop
      vertex 0.100261 -0.0393701 0.816563
      vertex 0.159326 -0.0393701 0.80712
      vertex 0.0973202 -0.0393701 0.792609
    endloop
  endfacet
  facet normal 0 1 0
    outer loop
      vertex 0.159326 -0.0393701 0.80712
      vertex 0.266565 -0.0393701 0.752757
      vertex 0.0973202 -0.0393701 0.792609
    endloop
  endfacet
  facet normal 0 1 0
    outer loop
      vertex 0.0973202 -0.0393701 0.792609
      vertex 0.266565 -0.0393701 0.752757
      vertex 0.445422 -0.0393701 0.445422
    endloop
  endfacet
  facet normal 0 1 0
    outer loop
      vertex 0.266565 -0.0393701 0.752757
      vertex 0.331158 -0.0393701 0.72666
      vertex 0.445422 -0.0393701 0.445422
    endloop
  endfacet
  facet normal 0 1 0
    outer loop
      vertex 0.445422 -0.0393701 0.445422
      vertex 0.331158 -0.0393701 0.72666
      vertex 0.393231 -0.0393701 0.695033
    endloop
  endfacet
  facet normal 0 1 0
    outer loop
      vertex 0.504614 -0.0393701 0.649763
      vertex 0.534342 -0.0393701 0.593447
      vertex 0.456069 -0.0393701 0.68471
    endloop
  endfacet
  facet normal 0 1 0
    outer loop
      vertex 0.570903 -0.0393701 -0.266216
      vertex 0.591932 -0.0393701 -0.215446
      vertex 0.792609 -0.0393701 -0.0973202
    endloop
  endfacet
  facet normal 0 1 0
    outer loop
      vertex 0.591932 -0.0393701 -0.215446
      vertex 0.608457 -0.0393701 -0.163036
      vertex 0.792609 -0.0393701 -0.0973202
    endloop
  endfacet
  facet normal 0 1 0
    outer loop
      vertex 0.792609 -0.0393701 -0.0973202
      vertex 0.608457 -0.0393701 -0.163036
      vertex 0.620351 -0.0393701 -0.109385
    endloop
  endfacet
  facet normal 0 1 0
    outer loop
      vertex 0.79341 -0.0393701 -0.217549
      vertex 0.752757 -0.0393701 -0.266565
      vertex 0.80712 -0.0393701 -0.159326
    endloop
  endfacet
  facet normal 0 1 0
    outer loop
      vertex 0.649763 -0.0393701 -0.504614
      vertex 0.593447 -0.0393701 -0.534342
      vertex 0.68471 -0.0393701 -0.456069
    endloop
  endfacet
  facet normal 0 1 0
    outer loop
      vertex 3.56884e-16 -0.0393701 -0.629921
      vertex 0.0549013 -0.0393701 -0.627524
      vertex 0.491644 -0.0393701 -0.629275
    endloop
  endfacet
  facet normal 0 1 0
    outer loop
      vertex 0.0549013 -0.0393701 -0.627524
      vertex 0.109385 -0.0393701 -0.620351
      vertex 0.491644 -0.0393701 -0.629275
    endloop
  endfacet
  facet normal 0 1 0
    outer loop
      vertex 0.407195 -0.0393701 -0.714856
      vertex 0.34379 -0.0393701 -0.72077
      vertex 0.458059 -0.0393701 -0.68338
    endloop
  endfacet
  facet normal 0 1 0
    outer loop
      vertex 0.506502 -0.0393701 -0.648292
      vertex 0.458059 -0.0393701 -0.68338
      vertex 0.491644 -0.0393701 -0.629275
    endloop
  endfacet
  facet normal 0 1 0
    outer loop
      vertex 0.458059 -0.0393701 -0.68338
      vertex 0.34379 -0.0393701 -0.72077
      vertex 0.491644 -0.0393701 -0.629275
    endloop
  endfacet
  facet normal 0 1 0
    outer loop
      vertex 0.491644 -0.0393701 -0.629275
      vertex 0.34379 -0.0393701 -0.72077
      vertex 3.56884e-16 -0.0393701 -0.629921
    endloop
  endfacet
  facet normal 0 1 0
    outer loop
      vertex 0.34379 -0.0393701 -0.72077
      vertex 0.279662 -0.0393701 -0.74799
      vertex 3.56884e-16 -0.0393701 -0.629921
    endloop
  endfacet
  facet normal 0 1 0
    outer loop
      vertex 3.56884e-16 -0.0393701 -0.629921
      vertex 0.279662 -0.0393701 -0.74799
      vertex 0.213406 -0.0393701 -0.769518
    endloop
  endfacet
  facet normal 0 1 0
    outer loop
      vertex -0.393231 -0.0393701 -0.695033
      vertex -0.405114 -0.0393701 -0.716037
      vertex -0.456069 -0.0393701 -0.68471
    endloop
  endfacet
  facet normal 0 1 0
    outer loop
      vertex -0.213406 -0.0393701 0.769518
      vertex -0.219856 -0.0393701 0.792774
      vertex -0.161673 -0.0393701 0.806653
    endloop
  endfacet
  facet normal 0 1 0
    outer loop
      vertex 0.314961 -0.0393701 0.545528
      vertex 0.266216 -0.0393701 0.570903
      vertex 0.0973202 -0.0393701 0.792609
    endloop
  endfacet
  facet normal 0 1 0
    outer loop
      vertex 0.266216 -0.0393701 0.570903
      vertex 0.215446 -0.0393701 0.591932
      vertex 0.0973202 -0.0393701 0.792609
    endloop
  endfacet
  facet normal 0 1 0
    outer loop
      vertex 0.0973202 -0.0393701 0.792609
      vertex 0.215446 -0.0393701 0.591932
      vertex 0.163036 -0.0393701 0.608457
    endloop
  endfacet
  facet normal 0 1 0
    outer loop
      vertex 0.570903 -0.0393701 0.266216
      vertex 0.545528 -0.0393701 0.314961
      vertex 0.629275 -0.0393701 0.491644
    endloop
  endfacet
  facet normal 0 1 0
    outer loop
      vertex 0.545528 -0.0393701 0.314961
      vertex 0.516001 -0.0393701 0.361308
      vertex 0.629275 -0.0393701 0.491644
    endloop
  endfacet
  facet normal 0 1 0
    outer loop
      vertex 0.629275 -0.0393701 0.491644
      vertex 0.516001 -0.0393701 0.361308
      vertex 0.584031 -0.0393701 0.544618
    endloop
  endfacet
  facet normal 0 1 0
    outer loop
      vertex 0.516001 -0.0393701 0.361308
      vertex 0.482548 -0.0393701 0.404906
      vertex 0.584031 -0.0393701 0.544618
    endloop
  endfacet
  facet normal 0 1 0
    outer loop
      vertex 0.584031 -0.0393701 0.544618
      vertex 0.482548 -0.0393701 0.404906
      vertex 0.534342 -0.0393701 0.593447
    endloop
  endfacet
  facet normal 0 1 0
    outer loop
      vertex 0.482548 -0.0393701 0.404906
      vertex 0.393231 -0.0393701 0.695033
      vertex 0.534342 -0.0393701 0.593447
    endloop
  endfacet
  facet normal 0 1 0
    outer loop
      vertex 0.534342 -0.0393701 0.593447
      vertex 0.393231 -0.0393701 0.695033
      vertex 0.456069 -0.0393701 0.68471
    endloop
  endfacet
  facet normal 0 1 0
    outer loop
      vertex 0.393231 -0.0393701 0.695033
      vertex 0.405114 -0.0393701 0.716037
      vertex 0.456069 -0.0393701 0.68471
    endloop
  endfacet
  facet normal 0 1 0
    outer loop
      vertex 0.816268 -0.0393701 0.102636
      vertex 0.797467 -0.0393701 0.0417935
      vertex 0.806653 -0.0393701 0.161673
    endloop
  endfacet
  facet normal 0 1 0
    outer loop
      vertex 0.797467 -0.0393701 0.0417935
      vertex 0.769518 -0.0393701 0.213406
      vertex 0.806653 -0.0393701 0.161673
    endloop
  endfacet
  facet normal 0 1 0
    outer loop
      vertex 0.806653 -0.0393701 0.161673
      vertex 0.769518 -0.0393701 0.213406
      vertex 0.792774 -0.0393701 0.219856
    endloop
  endfacet
  facet normal 0 1 0
    outer loop
      vertex 0.109385 -0.0393701 -0.620351
      vertex 0.163036 -0.0393701 -0.608457
      vertex 0.491644 -0.0393701 -0.629275
    endloop
  endfacet
  facet normal 0 1 0
    outer loop
      vertex 0.163036 -0.0393701 -0.608457
      vertex 0.215446 -0.0393701 -0.591932
      vertex 0.491644 -0.0393701 -0.629275
    endloop
  endfacet
  facet normal 0 1 0
    outer loop
      vertex 0.491644 -0.0393701 -0.629275
      vertex 0.215446 -0.0393701 -0.591932
      vertex 0.266216 -0.0393701 -0.570903
    endloop
  endfacet
  facet normal 0 1 0
    outer loop
      vertex -0.629275 -0.0393701 -0.491644
      vertex -0.648292 -0.0393701 -0.506502
      vertex -0.68338 -0.0393701 -0.458059
    endloop
  endfacet
  facet normal 0 1 0
    outer loop
      vertex -0.407195 -0.0393701 0.714856
      vertex -0.354179 -0.0393701 0.742552
      vertex -0.34379 -0.0393701 0.72077
    endloop
  endfacet
  facet normal 0 1 0
    outer loop
      vertex 0.74799 -0.0393701 0.279662
      vertex 0.769518 -0.0393701 0.213406
      vertex 0.72077 -0.0393701 0.34379
    endloop
  endfacet
  facet normal 0 1 0
    outer loop
      vertex 0.769518 -0.0393701 0.213406
      vertex 0.797467 -0.0393701 0.0417935
      vertex 0.72077 -0.0393701 0.34379
    endloop
  endfacet
  facet normal 0 1 0
    outer loop
      vertex 0.72077 -0.0393701 0.34379
      vertex 0.797467 -0.0393701 0.0417935
      vertex 0.620351 -0.0393701 -0.109385
    endloop
  endfacet
  facet normal 0 1 0
    outer loop
      vertex 0.797467 -0.0393701 0.0417935
      vertex 0.798075 -0.0393701 -0.0278694
      vertex 0.620351 -0.0393701 -0.109385
    endloop
  endfacet
  facet normal 0 1 0
    outer loop
      vertex 0.620351 -0.0393701 -0.109385
      vertex 0.798075 -0.0393701 -0.0278694
      vertex 0.792609 -0.0393701 -0.0973202
    endloop
  endfacet
  facet normal 0 1 0
    outer loop
      vertex 0.404906 -0.0393701 -0.482548
      vertex 0.445422 -0.0393701 -0.445422
      vertex 0.695033 -0.0393701 -0.393231
    endloop
  endfacet
  facet normal 0 1 0
    outer loop
      vertex 0.445422 -0.0393701 -0.445422
      vertex 0.482548 -0.0393701 -0.404906
      vertex 0.695033 -0.0393701 -0.393231
    endloop
  endfacet
  facet normal 0 1 0
    outer loop
      vertex 0.102636 -0.0393701 -0.816268
      vertex 0.0417935 -0.0393701 -0.797467
      vertex 0.161673 -0.0393701 -0.806653
    endloop
  endfacet
  facet normal 0 1 0
    outer loop
      vertex -0.0973202 -0.0393701 -0.792609
      vertex -0.100261 -0.0393701 -0.816563
      vertex -0.159326 -0.0393701 -0.80712
    endloop
  endfacet
  facet normal 0 1 0
    outer loop
      vertex -0.816268 -0.0393701 -0.102636
      vertex -0.821567 -0.0393701 -0.0430565
      vertex -0.797467 -0.0393701 -0.0417935
    endloop
  endfacet
  facet normal 0 1 0
    outer loop
      vertex -0.102636 -0.0393701 0.816268
      vertex -0.0417935 -0.0393701 0.797467
      vertex -0.161673 -0.0393701 0.806653
    endloop
  endfacet
  facet normal 0 1 0
    outer loop
      vertex 0.482548 -0.0393701 -0.404906
      vertex 0.516001 -0.0393701 -0.361308
      vertex 0.695033 -0.0393701 -0.393231
    endloop
  endfacet
  facet normal 0 1 0
    outer loop
      vertex 0.516001 -0.0393701 -0.361308
      vertex 0.545528 -0.0393701 -0.314961
      vertex 0.695033 -0.0393701 -0.393231
    endloop
  endfacet
  facet normal 0 1 0
    outer loop
      vertex 0.695033 -0.0393701 -0.393231
      vertex 0.545528 -0.0393701 -0.314961
      vertex 0.72666 -0.0393701 -0.331158
    endloop
  endfacet
  facet normal 0 1 0
    outer loop
      vertex 0.545528 -0.0393701 -0.314961
      vertex 0.570903 -0.0393701 -0.266216
      vertex 0.72666 -0.0393701 -0.331158
    endloop
  endfacet
  facet normal 0 1 0
    outer loop
      vertex 0.72666 -0.0393701 -0.331158
      vertex 0.570903 -0.0393701 -0.266216
      vertex 0.752757 -0.0393701 -0.266565
    endloop
  endfacet
  facet normal 0 1 0
    outer loop
      vertex 0.570903 -0.0393701 -0.266216
      vertex 0.792609 -0.0393701 -0.0973202
      vertex 0.752757 -0.0393701 -0.266565
    endloop
  endfacet
  facet normal 0 1 0
    outer loop
      vertex 0.752757 -0.0393701 -0.266565
      vertex 0.792609 -0.0393701 -0.0973202
      vertex 0.80712 -0.0393701 -0.159326
    endloop
  endfacet
  facet normal 0 1 0
    outer loop
      vertex 0.792609 -0.0393701 -0.0973202
      vertex 0.816563 -0.0393701 -0.100261
      vertex 0.80712 -0.0393701 -0.159326
    endloop
  endfacet
  facet normal 0 1 0
    outer loop
      vertex 0.266216 -0.0393701 -0.570903
      vertex 0.314961 -0.0393701 -0.545528
      vertex 0.491644 -0.0393701 -0.629275
    endloop
  endfacet
  facet normal 0 1 0
    outer loop
      vertex 0.314961 -0.0393701 -0.545528
      vertex 0.361308 -0.0393701 -0.516001
      vertex 0.491644 -0.0393701 -0.629275
    endloop
  endfacet
  facet normal 0 1 0
    outer loop
      vertex 0.491644 -0.0393701 -0.629275
      vertex 0.361308 -0.0393701 -0.516001
      vertex 0.544618 -0.0393701 -0.584031
    endloop
  endfacet
  facet normal 0 1 0
    outer loop
      vertex 0.361308 -0.0393701 -0.516001
      vertex 0.404906 -0.0393701 -0.482548
      vertex 0.544618 -0.0393701 -0.584031
    endloop
  endfacet
  facet normal 0 1 0
    outer loop
      vertex 0.544618 -0.0393701 -0.584031
      vertex 0.404906 -0.0393701 -0.482548
      vertex 0.593447 -0.0393701 -0.534342
    endloop
  endfacet
  facet normal 0 1 0
    outer loop
      vertex 0.404906 -0.0393701 -0.482548
      vertex 0.695033 -0.0393701 -0.393231
      vertex 0.593447 -0.0393701 -0.534342
    endloop
  endfacet
  facet normal 0 1 0
    outer loop
      vertex 0.593447 -0.0393701 -0.534342
      vertex 0.695033 -0.0393701 -0.393231
      vertex 0.68471 -0.0393701 -0.456069
    endloop
  endfacet
  facet normal 0 1 0
    outer loop
      vertex 0.695033 -0.0393701 -0.393231
      vertex 0.716037 -0.0393701 -0.405114
      vertex 0.68471 -0.0393701 -0.456069
    endloop
  endfacet
  facet normal 0 1 0
    outer loop
      vertex -0.0973202 -0.0393701 -0.792609
      vertex -0.109385 -0.0393701 -0.620351
      vertex -0.0278694 -0.0393701 -0.798075
    endloop
  endfacet
  facet normal 0 1 0
    outer loop
      vertex -0.109385 -0.0393701 -0.620351
      vertex -0.0549013 -0.0393701 -0.627524
      vertex -0.0278694 -0.0393701 -0.798075
    endloop
  endfacet
  facet normal 0 1 0
    outer loop
      vertex -0.0278694 -0.0393701 -0.798075
      vertex -0.0549013 -0.0393701 -0.627524
      vertex 0.0417935 -0.0393701 -0.797467
    endloop
  endfacet
  facet normal 0 1 0
    outer loop
      vertex -0.0549013 -0.0393701 -0.627524
      vertex 0.213406 -0.0393701 -0.769518
      vertex 0.0417935 -0.0393701 -0.797467
    endloop
  endfacet
  facet normal 0 1 0
    outer loop
      vertex 0.0417935 -0.0393701 -0.797467
      vertex 0.213406 -0.0393701 -0.769518
      vertex 0.161673 -0.0393701 -0.806653
    endloop
  endfacet
  facet normal 0 1 0
    outer loop
      vertex 0.213406 -0.0393701 -0.769518
      vertex 0.219856 -0.0393701 -0.792774
      vertex 0.161673 -0.0393701 -0.806653
    endloop
  endfacet
  facet normal 0 1 0
    outer loop
      vertex -0.266565 -0.0393701 -0.752757
      vertex -0.215446 -0.0393701 -0.591932
      vertex -0.0973202 -0.0393701 -0.792609
    endloop
  endfacet
  facet normal 0 1 0
    outer loop
      vertex -0.215446 -0.0393701 -0.591932
      vertex -0.163036 -0.0393701 -0.608457
      vertex -0.0973202 -0.0393701 -0.792609
    endloop
  endfacet
  facet normal 0 1 0
    outer loop
      vertex -0.0973202 -0.0393701 -0.792609
      vertex -0.163036 -0.0393701 -0.608457
      vertex -0.109385 -0.0393701 -0.620351
    endloop
  endfacet
  facet normal 0 1 0
    outer loop
      vertex -0.266565 -0.0393701 -0.752757
      vertex -0.331158 -0.0393701 -0.72666
      vertex -0.215446 -0.0393701 -0.591932
    endloop
  endfacet
  facet normal 0 1 0
    outer loop
      vertex -0.331158 -0.0393701 -0.72666
      vertex -0.393231 -0.0393701 -0.695033
      vertex -0.215446 -0.0393701 -0.591932
    endloop
  endfacet
  facet normal 0 1 0
    outer loop
      vertex -0.215446 -0.0393701 -0.591932
      vertex -0.393231 -0.0393701 -0.695033
      vertex -0.534342 -0.0393701 -0.593447
    endloop
  endfacet
  facet normal 0 1 0
    outer loop
      vertex -0.393231 -0.0393701 -0.695033
      vertex -0.456069 -0.0393701 -0.68471
      vertex -0.534342 -0.0393701 -0.593447
    endloop
  endfacet
  facet normal 0 1 0
    outer loop
      vertex -0.534342 -0.0393701 -0.593447
      vertex -0.456069 -0.0393701 -0.68471
      vertex -0.504614 -0.0393701 -0.649763
    endloop
  endfacet
  facet normal 0 1 0
    outer loop
      vertex -0.361308 -0.0393701 -0.516001
      vertex -0.314961 -0.0393701 -0.545528
      vertex -0.534342 -0.0393701 -0.593447
    endloop
  endfacet
  facet normal 0 1 0
    outer loop
      vertex -0.314961 -0.0393701 -0.545528
      vertex -0.266216 -0.0393701 -0.570903
      vertex -0.534342 -0.0393701 -0.593447
    endloop
  endfacet
  facet normal 0 1 0
    outer loop
      vertex -0.534342 -0.0393701 -0.593447
      vertex -0.266216 -0.0393701 -0.570903
      vertex -0.215446 -0.0393701 -0.591932
    endloop
  endfacet
  facet normal 0 1 0
    outer loop
      vertex -0.714856 -0.0393701 -0.407195
      vertex -0.72077 -0.0393701 -0.34379
      vertex -0.68338 -0.0393701 -0.458059
    endloop
  endfacet
  facet normal 0 1 0
    outer loop
      vertex -0.816268 -0.0393701 -0.102636
      vertex -0.797467 -0.0393701 -0.0417935
      vertex -0.806653 -0.0393701 -0.161673
    endloop
  endfacet
  facet normal 0 1 0
    outer loop
      vertex -0.361308 -0.0393701 0.516001
      vertex -0.34379 -0.0393701 0.72077
      vertex -0.314961 -0.0393701 0.545528
    endloop
  endfacet
  facet normal 0 1 0
    outer loop
      vertex -0.0973202 -0.0393701 -0.792609
      vertex -0.159326 -0.0393701 -0.80712
      vertex -0.266565 -0.0393701 -0.752757
    endloop
  endfacet
  facet normal 0 1 0
    outer loop
      vertex -0.159326 -0.0393701 -0.80712
      vertex -0.217549 -0.0393701 -0.79341
      vertex -0.266565 -0.0393701 -0.752757
    endloop
  endfacet
  facet normal 0 1 0
    outer loop
      vertex -0.266565 -0.0393701 -0.752757
      vertex -0.217549 -0.0393701 -0.79341
      vertex -0.274621 -0.0393701 -0.775506
    endloop
  endfacet
  facet normal 0 1 0
    outer loop
      vertex -0.68338 -0.0393701 -0.458059
      vertex -0.72077 -0.0393701 -0.34379
      vertex -0.629275 -0.0393701 -0.491644
    endloop
  endfacet
  facet normal 0 1 0
    outer loop
      vertex -0.72077 -0.0393701 -0.34379
      vertex -0.445422 -0.0393701 -0.445422
      vertex -0.629275 -0.0393701 -0.491644
    endloop
  endfacet
  facet normal 0 1 0
    outer loop
      vertex -0.629275 -0.0393701 -0.491644
      vertex -0.445422 -0.0393701 -0.445422
      vertex -0.584031 -0.0393701 -0.544618
    endloop
  endfacet
  facet normal 0 1 0
    outer loop
      vertex -0.584031 -0.0393701 -0.544618
      vertex -0.445422 -0.0393701 -0.445422
      vertex -0.534342 -0.0393701 -0.593447
    endloop
  endfacet
  facet normal 0 1 0
    outer loop
      vertex -0.445422 -0.0393701 -0.445422
      vertex -0.404906 -0.0393701 -0.482548
      vertex -0.534342 -0.0393701 -0.593447
    endloop
  endfacet
  facet normal 0 1 0
    outer loop
      vertex -0.534342 -0.0393701 -0.593447
      vertex -0.404906 -0.0393701 -0.482548
      vertex -0.361308 -0.0393701 -0.516001
    endloop
  endfacet
  facet normal 0 1 0
    outer loop
      vertex -0.627524 -0.0393701 0.0549013
      vertex -0.629921 -0.0393701 -6.36626e-16
      vertex -0.769518 -0.0393701 -0.213406
    endloop
  endfacet
  facet normal 0 1 0
    outer loop
      vertex -0.629921 -0.0393701 -6.36626e-16
      vertex -0.627524 -0.0393701 -0.0549013
      vertex -0.769518 -0.0393701 -0.213406
    endloop
  endfacet
  facet normal 0 1 0
    outer loop
      vertex -0.79341 -0.0393701 0.217549
      vertex -0.775506 -0.0393701 0.274621
      vertex -0.752757 -0.0393701 0.266565
    endloop
  endfacet
  facet normal 0 1 0
    outer loop
      vertex -0.695033 -0.0393701 0.393231
      vertex -0.716037 -0.0393701 0.405114
      vertex -0.68471 -0.0393701 0.456069
    endloop
  endfacet
  facet normal 0 1 0
    outer loop
      vertex -0.491644 -0.0393701 0.629275
      vertex -0.506502 -0.0393701 0.648292
      vertex -0.458059 -0.0393701 0.68338
    endloop
  endfacet
  facet normal 0 1 0
    outer loop
      vertex -0.161673 -0.0393701 0.806653
      vertex -0.0417935 -0.0393701 0.797467
      vertex -0.213406 -0.0393701 0.769518
    endloop
  endfacet
  facet normal 0 1 0
    outer loop
      vertex -0.0417935 -0.0393701 0.797467
      vertex -1.54286e-16 -0.0393701 0.629921
      vertex -0.213406 -0.0393701 0.769518
    endloop
  endfacet
  facet normal 0 1 0
    outer loop
      vertex -0.213406 -0.0393701 0.769518
      vertex -1.54286e-16 -0.0393701 0.629921
      vertex -0.0549013 -0.0393701 0.627524
    endloop
  endfacet
  facet normal 0 1 0
    outer loop
      vertex -0.792609 -0.0393701 0.0973202
      vertex -0.570903 -0.0393701 0.266216
      vertex -0.591932 -0.0393701 0.215446
    endloop
  endfacet
  facet normal 0 1 0
    outer loop
      vertex -0.79341 -0.0393701 0.217549
      vertex -0.752757 -0.0393701 0.266565
      vertex -0.80712 -0.0393701 0.159326
    endloop
  endfacet
  facet normal 0 1 0
    outer loop
      vertex -0.593447 -0.0393701 0.534342
      vertex -0.544618 -0.0393701 0.584031
      vertex -0.404906 -0.0393701 0.482548
    endloop
  endfacet
  facet normal 0 1 0
    outer loop
      vertex -0.544618 -0.0393701 0.584031
      vertex -0.491644 -0.0393701 0.629275
      vertex -0.404906 -0.0393701 0.482548
    endloop
  endfacet
  facet normal 0 1 0
    outer loop
      vertex -0.404906 -0.0393701 0.482548
      vertex -0.491644 -0.0393701 0.629275
      vertex -0.34379 -0.0393701 0.72077
    endloop
  endfacet
  facet normal 0 1 0
    outer loop
      vertex -0.491644 -0.0393701 0.629275
      vertex -0.458059 -0.0393701 0.68338
      vertex -0.34379 -0.0393701 0.72077
    endloop
  endfacet
  facet normal 0 1 0
    outer loop
      vertex -0.34379 -0.0393701 0.72077
      vertex -0.458059 -0.0393701 0.68338
      vertex -0.407195 -0.0393701 0.714856
    endloop
  endfacet
  facet normal 0 1 0
    outer loop
      vertex -0.545528 -0.0393701 -0.314961
      vertex -0.516001 -0.0393701 -0.361308
      vertex -0.72077 -0.0393701 -0.34379
    endloop
  endfacet
  facet normal 0 1 0
    outer loop
      vertex -0.516001 -0.0393701 -0.361308
      vertex -0.482548 -0.0393701 -0.404906
      vertex -0.72077 -0.0393701 -0.34379
    endloop
  endfacet
  facet normal 0 1 0
    outer loop
      vertex -0.72077 -0.0393701 -0.34379
      vertex -0.482548 -0.0393701 -0.404906
      vertex -0.445422 -0.0393701 -0.445422
    endloop
  endfacet
  facet normal 0 1 0
    outer loop
      vertex -0.695033 -0.0393701 0.393231
      vertex -0.68471 -0.0393701 0.456069
      vertex -0.593447 -0.0393701 0.534342
    endloop
  endfacet
  facet normal 0 1 0
    outer loop
      vertex -0.68471 -0.0393701 0.456069
      vertex -0.649763 -0.0393701 0.504614
      vertex -0.593447 -0.0393701 0.534342
    endloop
  endfacet
  facet normal 0 1 0
    outer loop
      vertex -0.593447 -0.0393701 0.534342
      vertex -0.649763 -0.0393701 0.504614
      vertex -0.611381 -0.0393701 0.55049
    endloop
  endfacet
  facet normal 0 1 0
    outer loop
      vertex -0.0549013 -0.0393701 0.627524
      vertex -0.109385 -0.0393701 0.620351
      vertex -0.213406 -0.0393701 0.769518
    endloop
  endfacet
  facet normal 0 1 0
    outer loop
      vertex -0.109385 -0.0393701 0.620351
      vertex -0.163036 -0.0393701 0.608457
      vertex -0.213406 -0.0393701 0.769518
    endloop
  endfacet
  facet normal 0 1 0
    outer loop
      vertex -0.213406 -0.0393701 0.769518
      vertex -0.163036 -0.0393701 0.608457
      vertex -0.279662 -0.0393701 0.74799
    endloop
  endfacet
  facet normal 0 1 0
    outer loop
      vertex -0.163036 -0.0393701 0.608457
      vertex -0.215446 -0.0393701 0.591932
      vertex -0.279662 -0.0393701 0.74799
    endloop
  endfacet
  facet normal 0 1 0
    outer loop
      vertex -0.279662 -0.0393701 0.74799
      vertex -0.215446 -0.0393701 0.591932
      vertex -0.34379 -0.0393701 0.72077
    endloop
  endfacet
  facet normal 0 1 0
    outer loop
      vertex -0.215446 -0.0393701 0.591932
      vertex -0.266216 -0.0393701 0.570903
      vertex -0.34379 -0.0393701 0.72077
    endloop
  endfacet
  facet normal 0 1 0
    outer loop
      vertex -0.34379 -0.0393701 0.72077
      vertex -0.266216 -0.0393701 0.570903
      vertex -0.314961 -0.0393701 0.545528
    endloop
  endfacet
  facet normal 0 1 0
    outer loop
      vertex -0.627524 -0.0393701 -0.0549013
      vertex -0.620351 -0.0393701 -0.109385
      vertex -0.769518 -0.0393701 -0.213406
    endloop
  endfacet
  facet normal 0 1 0
    outer loop
      vertex -0.620351 -0.0393701 -0.109385
      vertex -0.608457 -0.0393701 -0.163036
      vertex -0.769518 -0.0393701 -0.213406
    endloop
  endfacet
  facet normal 0 1 0
    outer loop
      vertex -0.769518 -0.0393701 -0.213406
      vertex -0.608457 -0.0393701 -0.163036
      vertex -0.74799 -0.0393701 -0.279662
    endloop
  endfacet
  facet normal 0 1 0
    outer loop
      vertex -0.608457 -0.0393701 -0.163036
      vertex -0.591932 -0.0393701 -0.215446
      vertex -0.74799 -0.0393701 -0.279662
    endloop
  endfacet
  facet normal 0 1 0
    outer loop
      vertex -0.74799 -0.0393701 -0.279662
      vertex -0.591932 -0.0393701 -0.215446
      vertex -0.72077 -0.0393701 -0.34379
    endloop
  endfacet
  facet normal 0 1 0
    outer loop
      vertex -0.591932 -0.0393701 -0.215446
      vertex -0.570903 -0.0393701 -0.266216
      vertex -0.72077 -0.0393701 -0.34379
    endloop
  endfacet
  facet normal 0 1 0
    outer loop
      vertex -0.72077 -0.0393701 -0.34379
      vertex -0.570903 -0.0393701 -0.266216
      vertex -0.545528 -0.0393701 -0.314961
    endloop
  endfacet
  facet normal 0 1 0
    outer loop
      vertex -0.591932 -0.0393701 0.215446
      vertex -0.608457 -0.0393701 0.163036
      vertex -0.792609 -0.0393701 0.0973202
    endloop
  endfacet
  facet normal 0 1 0
    outer loop
      vertex -0.608457 -0.0393701 0.163036
      vertex -0.620351 -0.0393701 0.109385
      vertex -0.792609 -0.0393701 0.0973202
    endloop
  endfacet
  facet normal 0 1 0
    outer loop
      vertex -0.792609 -0.0393701 0.0973202
      vertex -0.620351 -0.0393701 0.109385
      vertex -0.798075 -0.0393701 0.0278694
    endloop
  endfacet
  facet normal 0 1 0
    outer loop
      vertex -0.620351 -0.0393701 0.109385
      vertex -0.627524 -0.0393701 0.0549013
      vertex -0.798075 -0.0393701 0.0278694
    endloop
  endfacet
  facet normal 0 1 0
    outer loop
      vertex -0.798075 -0.0393701 0.0278694
      vertex -0.627524 -0.0393701 0.0549013
      vertex -0.797467 -0.0393701 -0.0417935
    endloop
  endfacet
  facet normal 0 1 0
    outer loop
      vertex -0.627524 -0.0393701 0.0549013
      vertex -0.769518 -0.0393701 -0.213406
      vertex -0.797467 -0.0393701 -0.0417935
    endloop
  endfacet
  facet normal 0 1 0
    outer loop
      vertex -0.797467 -0.0393701 -0.0417935
      vertex -0.769518 -0.0393701 -0.213406
      vertex -0.806653 -0.0393701 -0.161673
    endloop
  endfacet
  facet normal 0 1 0
    outer loop
      vertex -0.769518 -0.0393701 -0.213406
      vertex -0.792774 -0.0393701 -0.219856
      vertex -0.806653 -0.0393701 -0.161673
    endloop
  endfacet
  facet normal 0 1 0
    outer loop
      vertex -0.593447 -0.0393701 0.534342
      vertex -0.404906 -0.0393701 0.482548
      vertex -0.695033 -0.0393701 0.393231
    endloop
  endfacet
  facet normal 0 1 0
    outer loop
      vertex -0.404906 -0.0393701 0.482548
      vertex -0.445422 -0.0393701 0.445422
      vertex -0.695033 -0.0393701 0.393231
    endloop
  endfacet
  facet normal 0 1 0
    outer loop
      vertex -0.695033 -0.0393701 0.393231
      vertex -0.445422 -0.0393701 0.445422
      vertex -0.482548 -0.0393701 0.404906
    endloop
  endfacet
  facet normal 0 1 0
    outer loop
      vertex -0.482548 -0.0393701 0.404906
      vertex -0.516001 -0.0393701 0.361308
      vertex -0.695033 -0.0393701 0.393231
    endloop
  endfacet
  facet normal 0 1 0
    outer loop
      vertex -0.516001 -0.0393701 0.361308
      vertex -0.545528 -0.0393701 0.314961
      vertex -0.695033 -0.0393701 0.393231
    endloop
  endfacet
  facet normal 0 1 0
    outer loop
      vertex -0.695033 -0.0393701 0.393231
      vertex -0.545528 -0.0393701 0.314961
      vertex -0.72666 -0.0393701 0.331158
    endloop
  endfacet
  facet normal 0 1 0
    outer loop
      vertex -0.545528 -0.0393701 0.314961
      vertex -0.570903 -0.0393701 0.266216
      vertex -0.72666 -0.0393701 0.331158
    endloop
  endfacet
  facet normal 0 1 0
    outer loop
      vertex -0.72666 -0.0393701 0.331158
      vertex -0.570903 -0.0393701 0.266216
      vertex -0.752757 -0.0393701 0.266565
    endloop
  endfacet
  facet normal 0 1 0
    outer loop
      vertex -0.570903 -0.0393701 0.266216
      vertex -0.792609 -0.0393701 0.0973202
      vertex -0.752757 -0.0393701 0.266565
    endloop
  endfacet
  facet normal 0 1 0
    outer loop
      vertex -0.752757 -0.0393701 0.266565
      vertex -0.792609 -0.0393701 0.0973202
      vertex -0.80712 -0.0393701 0.159326
    endloop
  endfacet
  facet normal 0 1 0
    outer loop
      vertex -0.792609 -0.0393701 0.0973202
      vertex -0.816563 -0.0393701 0.100261
      vertex -0.80712 -0.0393701 0.159326
    endloop
  endfacet
  facet normal -0.250001 -0.866026 -0.433012
    outer loop
      vertex -0.338526 -1.7948 -0.531226
      vertex -0.407605 -1.71503 -0.650874
      vertex -0.314961 -1.79445 -0.545528
    endloop
  endfacet
  facet normal -0.25 -0.866025 -0.433012
    outer loop
      vertex -0.407605 -1.71503 -0.650874
      vertex -0.383985 -1.71475 -0.665082
      vertex -0.314961 -1.79445 -0.545528
    endloop
  endfacet
  facet normal -0.249999 -0.866025 -0.433013
    outer loop
      vertex -0.314961 -1.79445 -0.545528
      vertex -0.383985 -1.71475 -0.665082
      vertex -0.290792 -1.7948 -0.558785
    endloop
  endfacet
  facet normal -0.249999 -0.866025 -0.433013
    outer loop
      vertex -0.383985 -1.71475 -0.665082
      vertex -0.359871 -1.71503 -0.678433
      vertex -0.290792 -1.7948 -0.558785
    endloop
  endfacet
  facet normal 0.104528 0 0.994522
    outer loop
      vertex 0.0973202 -1.64233 0.792609
      vertex 0.0973202 -0.0393701 0.792609
      vertex 0.0695992 -1.64233 0.795523
    endloop
  endfacet
  facet normal 0.0784583 0.000455191 0.996917
    outer loop
      vertex 0.0973202 -0.0393701 0.792609
      vertex 0.0278694 -0.0393701 0.798075
      vertex 0.0695992 -1.64233 0.795523
    endloop
  endfacet
  facet normal 0.0610475 0 0.998135
    outer loop
      vertex 0.0695992 -1.64233 0.795523
      vertex 0.0278694 -0.0393701 0.798075
      vertex 0.0278694 -1.64233 0.798075
    endloop
  endfacet
  facet normal 0.0174533 0 0.999848
    outer loop
      vertex 0.0278694 -1.64233 0.798075
      vertex 0.0278694 -0.0393701 0.798075
      vertex 0 -1.64233 0.798562
    endloop
  endfacet
  facet normal -0.00872636 0.000455199 0.999962
    outer loop
      vertex 0.0278694 -0.0393701 0.798075
      vertex -0.0417935 -0.0393701 0.797467
      vertex 0 -1.64233 0.798562
    endloop
  endfacet
  facet normal -0.0261773 0 0.999657
    outer loop
      vertex 0 -1.64233 0.798562
      vertex -0.0417935 -0.0393701 0.797467
      vertex -0.0417935 -1.64233 0.797467
    endloop
  endfacet
  facet normal 0.482962 -0.866026 -0.12941
    outer loop
      vertex 0.600742 -1.7948 -0.1895
      vertex 0.734192 -1.71503 -0.225257
      vertex 0.608457 -1.79445 -0.163036
    endloop
  endfacet
  facet normal 0.482963 -0.866026 -0.12941
    outer loop
      vertex 0.734192 -1.71503 -0.225257
      vertex 0.741803 -1.71475 -0.198765
      vertex 0.608457 -1.79445 -0.163036
    endloop
  endfacet
  facet normal 0.482963 -0.866026 -0.129409
    outer loop
      vertex 0.608457 -1.79445 -0.163036
      vertex 0.741803 -1.71475 -0.198765
      vertex 0.615007 -1.7948 -0.13626
    endloop
  endfacet
  facet normal 0.482963 -0.866025 -0.129408
    outer loop
      vertex 0.741803 -1.71475 -0.198765
      vertex 0.748458 -1.71503 -0.172017
      vertex 0.615007 -1.7948 -0.13626
    endloop
  endfacet
  facet normal -0.328066 -0.865993 -0.377397
    outer loop
      vertex -0.534342 -1.64233 -0.593447
      vertex -0.55049 -1.6284 -0.611381
      vertex -0.528818 -1.6284 -0.630221
    endloop
  endfacet
  facet normal 0.0348813 -0.865993 -0.498838
    outer loop
      vertex 0.0417935 -1.64233 -0.797467
      vertex 0.0430565 -1.6284 -0.821567
      vertex 0.0717026 -1.6284 -0.819564
    endloop
  endfacet
  facet normal 0.377397 -0.865993 -0.328066
    outer loop
      vertex 0.593447 -1.64233 -0.534342
      vertex 0.611381 -1.6284 -0.55049
      vertex 0.630221 -1.6284 -0.528818
    endloop
  endfacet
  facet normal 0.498838 -0.865993 0.0348813
    outer loop
      vertex 0.797467 -1.64233 0.0417935
      vertex 0.821567 -1.6284 0.0430565
      vertex 0.819564 -1.6284 0.0717026
    endloop
  endfacet
  facet normal 0.328066 -0.865993 0.377397
    outer loop
      vertex 0.534342 -1.64233 0.593447
      vertex 0.55049 -1.6284 0.611381
      vertex 0.528818 -1.6284 0.630221
    endloop
  endfacet
  facet normal -0.0348813 -0.865993 0.498838
    outer loop
      vertex -0.0417935 -1.64233 0.797467
      vertex -0.0430565 -1.6284 0.821567
      vertex -0.0717026 -1.6284 0.819564
    endloop
  endfacet
  facet normal -0.377397 -0.865993 0.328066
    outer loop
      vertex -0.593447 -1.64233 0.534342
      vertex -0.611381 -1.6284 0.55049
      vertex -0.630221 -1.6284 0.528818
    endloop
  endfacet
  facet normal -0.498838 -0.865993 -0.0348813
    outer loop
      vertex -0.797467 -1.64233 -0.0417935
      vertex -0.821567 -1.6284 -0.0430565
      vertex -0.819564 -1.6284 -0.0717026
    endloop
  endfacet
  facet normal -0.499882 -0.865818 -0.0218254
    outer loop
      vertex -0.767971 -1.66 -2.86945e-15
      vertex -0.798562 -1.64233 -2.98375e-15
      vertex -0.765048 -1.66 -0.066933
    endloop
  endfacet
  facet normal -0.485961 -0.873888 -0.0127255
    outer loop
      vertex -0.798562 -1.64233 -2.98375e-15
      vertex -0.797467 -1.64233 -0.0417935
      vertex -0.765048 -1.66 -0.066933
    endloop
  endfacet
  facet normal -0.494635 -0.865951 0.0739239
    outer loop
      vertex -0.810196 -1.6284 0.142859
      vertex -0.816563 -1.6284 0.100261
      vertex -0.756303 -1.66 0.133357
    endloop
  endfacet
  facet normal -0.494634 -0.865952 0.0739216
    outer loop
      vertex -0.816563 -1.6284 0.100261
      vertex -0.792609 -1.64233 0.0973202
      vertex -0.756303 -1.66 0.133357
    endloop
  endfacet
  facet normal -0.48733 -0.870858 0.0641581
    outer loop
      vertex -0.756303 -1.66 0.133357
      vertex -0.792609 -1.64233 0.0973202
      vertex -0.765048 -1.66 0.066933
    endloop
  endfacet
  facet normal -0.497319 -0.865992 0.05227
    outer loop
      vertex -0.792609 -1.64233 0.0973202
      vertex -0.795523 -1.64233 0.0695992
      vertex -0.765048 -1.66 0.066933
    endloop
  endfacet
  facet normal -0.499882 -0.865819 0.0218254
    outer loop
      vertex -0.765048 -1.66 0.066933
      vertex -0.795523 -1.64233 0.0695992
      vertex -0.767971 -1.66 -2.86945e-15
    endloop
  endfacet
  facet normal -0.485221 -0.873888 0.0296769
    outer loop
      vertex -0.795523 -1.64233 0.0695992
      vertex -0.798075 -1.64233 0.0278694
      vertex -0.767971 -1.66 -2.86945e-15
    endloop
  endfacet
  facet normal -0.499982 -0.865992 0.00872768
    outer loop
      vertex -0.767971 -1.66 -2.86945e-15
      vertex -0.798075 -1.64233 0.0278694
      vertex -0.798562 -1.64233 -2.98375e-15
    endloop
  endfacet
  facet normal -0.441813 -0.882971 0.158627
    outer loop
      vertex -0.752757 -1.64233 0.266565
      vertex -0.741803 -1.66 0.198765
      vertex -0.750402 -1.64233 0.273124
    endloop
  endfacet
  facet normal -0.4772 -0.865819 0.150461
    outer loop
      vertex -0.741803 -1.66 0.198765
      vertex -0.721656 -1.66 0.262661
      vertex -0.750402 -1.64233 0.273124
    endloop
  endfacet
  facet normal -0.463039 -0.865858 0.189434
    outer loop
      vertex -0.750402 -1.64233 0.273124
      vertex -0.721656 -1.66 0.262661
      vertex -0.72666 -1.64233 0.331158
    endloop
  endfacet
  facet normal -0.459186 -0.86774 0.190201
    outer loop
      vertex -0.721656 -1.66 0.262661
      vertex -0.696018 -1.66 0.324558
      vertex -0.72666 -1.64233 0.331158
    endloop
  endfacet
  facet normal -0.440862 -0.867739 0.229498
    outer loop
      vertex -0.665082 -1.66 0.383985
      vertex -0.695033 -1.64233 0.393231
      vertex -0.696018 -1.66 0.324558
    endloop
  endfacet
  facet normal -0.444767 -0.865858 0.22907
    outer loop
      vertex -0.695033 -1.64233 0.393231
      vertex -0.723743 -1.64233 0.337487
      vertex -0.696018 -1.66 0.324558
    endloop
  endfacet
  facet normal -0.454076 -0.866023 0.209333
    outer loop
      vertex -0.696018 -1.66 0.324558
      vertex -0.723743 -1.64233 0.337487
      vertex -0.72666 -1.64233 0.331158
    endloop
  endfacet
  facet normal -0.368903 -0.865818 0.338037
    outer loop
      vertex -0.543037 -1.66 0.543037
      vertex -0.564668 -1.64233 0.564668
      vertex -0.5883 -1.66 0.493642
    endloop
  endfacet
  facet normal -0.352624 -0.873888 0.334628
    outer loop
      vertex -0.564668 -1.64233 0.564668
      vertex -0.593447 -1.64233 0.534342
      vertex -0.5883 -1.66 0.493642
    endloop
  endfacet
  facet normal -0.297488 -0.865951 0.402031
    outer loop
      vertex -0.471878 -1.6284 0.673912
      vertex -0.506502 -1.6284 0.648292
      vertex -0.44049 -1.66 0.629085
    endloop
  endfacet
  facet normal -0.297488 -0.865951 0.402031
    outer loop
      vertex -0.506502 -1.6284 0.648292
      vertex -0.491644 -1.64233 0.629275
      vertex -0.44049 -1.66 0.629085
    endloop
  endfacet
  facet normal -0.299227 -0.870858 0.389961
    outer loop
      vertex -0.44049 -1.66 0.629085
      vertex -0.491644 -1.64233 0.629275
      vertex -0.493642 -1.66 0.5883
    endloop
  endfacet
  facet normal -0.314697 -0.865992 0.388618
    outer loop
      vertex -0.491644 -1.64233 0.629275
      vertex -0.513306 -1.64233 0.611734
      vertex -0.493642 -1.66 0.5883
    endloop
  endfacet
  facet normal -0.338037 -0.865818 0.368903
    outer loop
      vertex -0.493642 -1.66 0.5883
      vertex -0.513306 -1.64233 0.611734
      vertex -0.543037 -1.66 0.543037
    endloop
  endfacet
  facet normal -0.322117 -0.873888 0.364087
    outer loop
      vertex -0.513306 -1.64233 0.611734
      vertex -0.544618 -1.64233 0.584031
      vertex -0.543037 -1.66 0.543037
    endloop
  endfacet
  facet normal -0.34737 -0.865992 0.359712
    outer loop
      vertex -0.543037 -1.66 0.543037
      vertex -0.544618 -1.64233 0.584031
      vertex -0.564668 -1.64233 0.564668
    endloop
  endfacet
  facet normal -0.200238 -0.882973 0.424573
    outer loop
      vertex -0.34379 -1.64233 0.72077
      vertex -0.383985 -1.66 0.665082
      vertex -0.337487 -1.64233 0.723743
    endloop
  endfacet
  facet normal -0.23104 -0.865818 0.443823
    outer loop
      vertex -0.383985 -1.66 0.665082
      vertex -0.324558 -1.66 0.696018
      vertex -0.337487 -1.64233 0.723743
    endloop
  endfacet
  facet normal -0.193468 -0.865858 0.461368
    outer loop
      vertex -0.337487 -1.64233 0.723743
      vertex -0.324558 -1.66 0.696018
      vertex -0.279662 -1.64233 0.74799
    endloop
  endfacet
  facet normal -0.190201 -0.867739 0.459186
    outer loop
      vertex -0.324558 -1.66 0.696018
      vertex -0.262661 -1.66 0.721656
      vertex -0.279662 -1.64233 0.74799
    endloop
  endfacet
  facet normal -0.149457 -0.867739 0.474016
    outer loop
      vertex -0.198765 -1.66 0.741803
      vertex -0.213406 -1.64233 0.769518
      vertex -0.262661 -1.66 0.721656
    endloop
  endfacet
  facet normal -0.15252 -0.865858 0.476474
    outer loop
      vertex -0.213406 -1.64233 0.769518
      vertex -0.273124 -1.64233 0.750402
      vertex -0.262661 -1.66 0.721656
    endloop
  endfacet
  facet normal -0.173063 -0.866023 0.469099
    outer loop
      vertex -0.262661 -1.66 0.721656
      vertex -0.273124 -1.64233 0.750402
      vertex -0.279662 -1.64233 0.74799
    endloop
  endfacet
  facet normal -0.0218254 -0.865818 0.499882
    outer loop
      vertex 0 -1.66 0.767971
      vertex 0 -1.64233 0.798562
      vertex -0.066933 -1.66 0.765048
    endloop
  endfacet
  facet normal -0.0127255 -0.873888 0.485961
    outer loop
      vertex 0 -1.64233 0.798562
      vertex -0.0417935 -1.64233 0.797467
      vertex -0.066933 -1.66 0.765048
    endloop
  endfacet
  facet normal 0.0739239 -0.865951 0.494635
    outer loop
      vertex 0.142859 -1.6284 0.810196
      vertex 0.100261 -1.6284 0.816563
      vertex 0.133357 -1.66 0.756303
    endloop
  endfacet
  facet normal 0.0739216 -0.865952 0.494634
    outer loop
      vertex 0.100261 -1.6284 0.816563
      vertex 0.0973202 -1.64233 0.792609
      vertex 0.133357 -1.66 0.756303
    endloop
  endfacet
  facet normal 0.0641581 -0.870858 0.48733
    outer loop
      vertex 0.133357 -1.66 0.756303
      vertex 0.0973202 -1.64233 0.792609
      vertex 0.066933 -1.66 0.765048
    endloop
  endfacet
  facet normal 0.05227 -0.865992 0.497319
    outer loop
      vertex 0.0973202 -1.64233 0.792609
      vertex 0.0695992 -1.64233 0.795523
      vertex 0.066933 -1.66 0.765048
    endloop
  endfacet
  facet normal 0.0218254 -0.865819 0.499882
    outer loop
      vertex 0.066933 -1.66 0.765048
      vertex 0.0695992 -1.64233 0.795523
      vertex 0 -1.66 0.767971
    endloop
  endfacet
  facet normal 0.0296769 -0.873888 0.485221
    outer loop
      vertex 0.0695992 -1.64233 0.795523
      vertex 0.0278694 -1.64233 0.798075
      vertex 0 -1.66 0.767971
    endloop
  endfacet
  facet normal 0.00872768 -0.865992 0.499982
    outer loop
      vertex 0 -1.66 0.767971
      vertex 0.0278694 -1.64233 0.798075
      vertex 0 -1.64233 0.798562
    endloop
  endfacet
  facet normal 0.158627 -0.882971 0.441813
    outer loop
      vertex 0.266565 -1.64233 0.752757
      vertex 0.198765 -1.66 0.741803
      vertex 0.273124 -1.64233 0.750402
    endloop
  endfacet
  facet normal 0.150461 -0.865819 0.4772
    outer loop
      vertex 0.198765 -1.66 0.741803
      vertex 0.262661 -1.66 0.721656
      vertex 0.273124 -1.64233 0.750402
    endloop
  endfacet
  facet normal 0.189434 -0.865858 0.463039
    outer loop
      vertex 0.273124 -1.64233 0.750402
      vertex 0.262661 -1.66 0.721656
      vertex 0.331158 -1.64233 0.72666
    endloop
  endfacet
  facet normal 0.190201 -0.86774 0.459186
    outer loop
      vertex 0.262661 -1.66 0.721656
      vertex 0.324558 -1.66 0.696018
      vertex 0.331158 -1.64233 0.72666
    endloop
  endfacet
  facet normal 0.229498 -0.867739 0.440862
    outer loop
      vertex 0.383985 -1.66 0.665082
      vertex 0.393231 -1.64233 0.695033
      vertex 0.324558 -1.66 0.696018
    endloop
  endfacet
  facet normal 0.22907 -0.865858 0.444767
    outer loop
      vertex 0.393231 -1.64233 0.695033
      vertex 0.337487 -1.64233 0.723743
      vertex 0.324558 -1.66 0.696018
    endloop
  endfacet
  facet normal 0.209333 -0.866023 0.454076
    outer loop
      vertex 0.324558 -1.66 0.696018
      vertex 0.337487 -1.64233 0.723743
      vertex 0.331158 -1.64233 0.72666
    endloop
  endfacet
  facet normal 0.338037 -0.865818 0.368903
    outer loop
      vertex 0.543037 -1.66 0.543037
      vertex 0.564668 -1.64233 0.564668
      vertex 0.493642 -1.66 0.5883
    endloop
  endfacet
  facet normal 0.334628 -0.873888 0.352624
    outer loop
      vertex 0.564668 -1.64233 0.564668
      vertex 0.534342 -1.64233 0.593447
      vertex 0.493642 -1.66 0.5883
    endloop
  endfacet
  facet normal 0.402031 -0.865951 0.297488
    outer loop
      vertex 0.673912 -1.6284 0.471878
      vertex 0.648292 -1.6284 0.506502
      vertex 0.629085 -1.66 0.44049
    endloop
  endfacet
  facet normal 0.402031 -0.865951 0.297488
    outer loop
      vertex 0.648292 -1.6284 0.506502
      vertex 0.629275 -1.64233 0.491644
      vertex 0.629085 -1.66 0.44049
    endloop
  endfacet
  facet normal 0.389961 -0.870858 0.299227
    outer loop
      vertex 0.629085 -1.66 0.44049
      vertex 0.629275 -1.64233 0.491644
      vertex 0.5883 -1.66 0.493642
    endloop
  endfacet
  facet normal 0.388618 -0.865992 0.314697
    outer loop
      vertex 0.629275 -1.64233 0.491644
      vertex 0.611734 -1.64233 0.513306
      vertex 0.5883 -1.66 0.493642
    endloop
  endfacet
  facet normal 0.368903 -0.865818 0.338037
    outer loop
      vertex 0.5883 -1.66 0.493642
      vertex 0.611734 -1.64233 0.513306
      vertex 0.543037 -1.66 0.543037
    endloop
  endfacet
  facet normal 0.364087 -0.873888 0.322117
    outer loop
      vertex 0.611734 -1.64233 0.513306
      vertex 0.584031 -1.64233 0.544618
      vertex 0.543037 -1.66 0.543037
    endloop
  endfacet
  facet normal 0.359712 -0.865992 0.34737
    outer loop
      vertex 0.543037 -1.66 0.543037
      vertex 0.584031 -1.64233 0.544618
      vertex 0.564668 -1.64233 0.564668
    endloop
  endfacet
  facet normal 0.424573 -0.882973 0.200238
    outer loop
      vertex 0.72077 -1.64233 0.34379
      vertex 0.665082 -1.66 0.383985
      vertex 0.723743 -1.64233 0.337487
    endloop
  endfacet
  facet normal 0.443823 -0.865818 0.23104
    outer loop
      vertex 0.665082 -1.66 0.383985
      vertex 0.696018 -1.66 0.324558
      vertex 0.723743 -1.64233 0.337487
    endloop
  endfacet
  facet normal 0.461368 -0.865858 0.193468
    outer loop
      vertex 0.723743 -1.64233 0.337487
      vertex 0.696018 -1.66 0.324558
      vertex 0.74799 -1.64233 0.279662
    endloop
  endfacet
  facet normal 0.459186 -0.867739 0.190201
    outer loop
      vertex 0.696018 -1.66 0.324558
      vertex 0.721656 -1.66 0.262661
      vertex 0.74799 -1.64233 0.279662
    endloop
  endfacet
  facet normal 0.474016 -0.867739 0.149457
    outer loop
      vertex 0.741803 -1.66 0.198765
      vertex 0.769518 -1.64233 0.213406
      vertex 0.721656 -1.66 0.262661
    endloop
  endfacet
  facet normal 0.476474 -0.865858 0.15252
    outer loop
      vertex 0.769518 -1.64233 0.213406
      vertex 0.750402 -1.64233 0.273124
      vertex 0.721656 -1.66 0.262661
    endloop
  endfacet
  facet normal 0.469099 -0.866023 0.173063
    outer loop
      vertex 0.721656 -1.66 0.262661
      vertex 0.750402 -1.64233 0.273124
      vertex 0.74799 -1.64233 0.279662
    endloop
  endfacet
  facet normal 0.499882 -0.865818 0.0218254
    outer loop
      vertex 0.767971 -1.66 5.58596e-16
      vertex 0.798562 -1.64233 5.80847e-16
      vertex 0.765048 -1.66 0.066933
    endloop
  endfacet
  facet normal 0.485961 -0.873888 0.0127255
    outer loop
      vertex 0.798562 -1.64233 5.80847e-16
      vertex 0.797467 -1.64233 0.0417935
      vertex 0.765048 -1.66 0.066933
    endloop
  endfacet
  facet normal 0.494635 -0.865951 -0.0739239
    outer loop
      vertex 0.810196 -1.6284 -0.142859
      vertex 0.816563 -1.6284 -0.100261
      vertex 0.756303 -1.66 -0.133357
    endloop
  endfacet
  facet normal 0.494634 -0.865952 -0.0739216
    outer loop
      vertex 0.816563 -1.6284 -0.100261
      vertex 0.792609 -1.64233 -0.0973202
      vertex 0.756303 -1.66 -0.133357
    endloop
  endfacet
  facet normal 0.48733 -0.870858 -0.0641581
    outer loop
      vertex 0.756303 -1.66 -0.133357
      vertex 0.792609 -1.64233 -0.0973202
      vertex 0.765048 -1.66 -0.066933
    endloop
  endfacet
  facet normal 0.497319 -0.865992 -0.05227
    outer loop
      vertex 0.792609 -1.64233 -0.0973202
      vertex 0.795523 -1.64233 -0.0695992
      vertex 0.765048 -1.66 -0.066933
    endloop
  endfacet
  facet normal 0.499882 -0.865819 -0.0218254
    outer loop
      vertex 0.765048 -1.66 -0.066933
      vertex 0.795523 -1.64233 -0.0695992
      vertex 0.767971 -1.66 5.58596e-16
    endloop
  endfacet
  facet normal 0.485221 -0.873888 -0.0296769
    outer loop
      vertex 0.795523 -1.64233 -0.0695992
      vertex 0.798075 -1.64233 -0.0278694
      vertex 0.767971 -1.66 5.58596e-16
    endloop
  endfacet
  facet normal 0.499982 -0.865992 -0.00872768
    outer loop
      vertex 0.767971 -1.66 5.58596e-16
      vertex 0.798075 -1.64233 -0.0278694
      vertex 0.798562 -1.64233 5.80847e-16
    endloop
  endfacet
  facet normal 0.441813 -0.882971 -0.158627
    outer loop
      vertex 0.752757 -1.64233 -0.266565
      vertex 0.741803 -1.66 -0.198765
      vertex 0.750402 -1.64233 -0.273124
    endloop
  endfacet
  facet normal 0.4772 -0.865819 -0.150461
    outer loop
      vertex 0.741803 -1.66 -0.198765
      vertex 0.721656 -1.66 -0.262661
      vertex 0.750402 -1.64233 -0.273124
    endloop
  endfacet
  facet normal 0.463039 -0.865858 -0.189434
    outer loop
      vertex 0.750402 -1.64233 -0.273124
      vertex 0.721656 -1.66 -0.262661
      vertex 0.72666 -1.64233 -0.331158
    endloop
  endfacet
  facet normal 0.459186 -0.86774 -0.190201
    outer loop
      vertex 0.721656 -1.66 -0.262661
      vertex 0.696018 -1.66 -0.324558
      vertex 0.72666 -1.64233 -0.331158
    endloop
  endfacet
  facet normal 0.440862 -0.867739 -0.229498
    outer loop
      vertex 0.665082 -1.66 -0.383985
      vertex 0.695033 -1.64233 -0.393231
      vertex 0.696018 -1.66 -0.324558
    endloop
  endfacet
  facet normal 0.444767 -0.865858 -0.22907
    outer loop
      vertex 0.695033 -1.64233 -0.393231
      vertex 0.723743 -1.64233 -0.337487
      vertex 0.696018 -1.66 -0.324558
    endloop
  endfacet
  facet normal 0.454076 -0.866023 -0.209333
    outer loop
      vertex 0.696018 -1.66 -0.324558
      vertex 0.723743 -1.64233 -0.337487
      vertex 0.72666 -1.64233 -0.331158
    endloop
  endfacet
  facet normal 0.368903 -0.865818 -0.338037
    outer loop
      vertex 0.543037 -1.66 -0.543037
      vertex 0.564668 -1.64233 -0.564668
      vertex 0.5883 -1.66 -0.493642
    endloop
  endfacet
  facet normal 0.352624 -0.873888 -0.334628
    outer loop
      vertex 0.564668 -1.64233 -0.564668
      vertex 0.593447 -1.64233 -0.534342
      vertex 0.5883 -1.66 -0.493642
    endloop
  endfacet
  facet normal 0.297488 -0.865951 -0.402031
    outer loop
      vertex 0.471878 -1.6284 -0.673912
      vertex 0.506502 -1.6284 -0.648292
      vertex 0.44049 -1.66 -0.629085
    endloop
  endfacet
  facet normal 0.297488 -0.865951 -0.402031
    outer loop
      vertex 0.506502 -1.6284 -0.648292
      vertex 0.491644 -1.64233 -0.629275
      vertex 0.44049 -1.66 -0.629085
    endloop
  endfacet
  facet normal 0.299227 -0.870858 -0.389961
    outer loop
      vertex 0.44049 -1.66 -0.629085
      vertex 0.491644 -1.64233 -0.629275
      vertex 0.493642 -1.66 -0.5883
    endloop
  endfacet
  facet normal 0.314697 -0.865992 -0.388618
    outer loop
      vertex 0.491644 -1.64233 -0.629275
      vertex 0.513306 -1.64233 -0.611734
      vertex 0.493642 -1.66 -0.5883
    endloop
  endfacet
  facet normal 0.338037 -0.865818 -0.368903
    outer loop
      vertex 0.493642 -1.66 -0.5883
      vertex 0.513306 -1.64233 -0.611734
      vertex 0.543037 -1.66 -0.543037
    endloop
  endfacet
  facet normal 0.322117 -0.873888 -0.364087
    outer loop
      vertex 0.513306 -1.64233 -0.611734
      vertex 0.544618 -1.64233 -0.584031
      vertex 0.543037 -1.66 -0.543037
    endloop
  endfacet
  facet normal 0.34737 -0.865992 -0.359712
    outer loop
      vertex 0.543037 -1.66 -0.543037
      vertex 0.544618 -1.64233 -0.584031
      vertex 0.564668 -1.64233 -0.564668
    endloop
  endfacet
  facet normal 0.200238 -0.882973 -0.424573
    outer loop
      vertex 0.34379 -1.64233 -0.72077
      vertex 0.383985 -1.66 -0.665082
      vertex 0.337487 -1.64233 -0.723743
    endloop
  endfacet
  facet normal 0.23104 -0.865818 -0.443823
    outer loop
      vertex 0.383985 -1.66 -0.665082
      vertex 0.324558 -1.66 -0.696018
      vertex 0.337487 -1.64233 -0.723743
    endloop
  endfacet
  facet normal 0.193468 -0.865858 -0.461368
    outer loop
      vertex 0.337487 -1.64233 -0.723743
      vertex 0.324558 -1.66 -0.696018
      vertex 0.279662 -1.64233 -0.74799
    endloop
  endfacet
  facet normal 0.190201 -0.867739 -0.459186
    outer loop
      vertex 0.324558 -1.66 -0.696018
      vertex 0.262661 -1.66 -0.721656
      vertex 0.279662 -1.64233 -0.74799
    endloop
  endfacet
  facet normal 0.149457 -0.867739 -0.474016
    outer loop
      vertex 0.198765 -1.66 -0.741803
      vertex 0.213406 -1.64233 -0.769518
      vertex 0.262661 -1.66 -0.721656
    endloop
  endfacet
  facet normal 0.15252 -0.865858 -0.476474
    outer loop
      vertex 0.213406 -1.64233 -0.769518
      vertex 0.273124 -1.64233 -0.750402
      vertex 0.262661 -1.66 -0.721656
    endloop
  endfacet
  facet normal 0.173063 -0.866023 -0.469099
    outer loop
      vertex 0.262661 -1.66 -0.721656
      vertex 0.273124 -1.64233 -0.750402
      vertex 0.279662 -1.64233 -0.74799
    endloop
  endfacet
  facet normal 0.0218254 -0.865818 -0.499882
    outer loop
      vertex 2.82148e-16 -1.66 -0.767971
      vertex 1.87096e-15 -1.64233 -0.798562
      vertex 0.066933 -1.66 -0.765048
    endloop
  endfacet
  facet normal 0.0127255 -0.873888 -0.485961
    outer loop
      vertex 1.87096e-15 -1.64233 -0.798562
      vertex 0.0417935 -1.64233 -0.797467
      vertex 0.066933 -1.66 -0.765048
    endloop
  endfacet
  facet normal -0.0739239 -0.865951 -0.494635
    outer loop
      vertex -0.142859 -1.6284 -0.810196
      vertex -0.100261 -1.6284 -0.816563
      vertex -0.133357 -1.66 -0.756303
    endloop
  endfacet
  facet normal -0.0739216 -0.865952 -0.494634
    outer loop
      vertex -0.100261 -1.6284 -0.816563
      vertex -0.0973202 -1.64233 -0.792609
      vertex -0.133357 -1.66 -0.756303
    endloop
  endfacet
  facet normal -0.0641581 -0.870858 -0.48733
    outer loop
      vertex -0.133357 -1.66 -0.756303
      vertex -0.0973202 -1.64233 -0.792609
      vertex -0.066933 -1.66 -0.765048
    endloop
  endfacet
  facet normal -0.05227 -0.865992 -0.497319
    outer loop
      vertex -0.0973202 -1.64233 -0.792609
      vertex -0.0695992 -1.64233 -0.795523
      vertex -0.066933 -1.66 -0.765048
    endloop
  endfacet
  facet normal -0.0218254 -0.865819 -0.499882
    outer loop
      vertex -0.066933 -1.66 -0.765048
      vertex -0.0695992 -1.64233 -0.795523
      vertex 2.82148e-16 -1.66 -0.767971
    endloop
  endfacet
  facet normal -0.0296769 -0.873888 -0.485221
    outer loop
      vertex -0.0695992 -1.64233 -0.795523
      vertex -0.0278694 -1.64233 -0.798075
      vertex 2.82148e-16 -1.66 -0.767971
    endloop
  endfacet
  facet normal -0.00872768 -0.865992 -0.499982
    outer loop
      vertex 2.82148e-16 -1.66 -0.767971
      vertex -0.0278694 -1.64233 -0.798075
      vertex 1.87096e-15 -1.64233 -0.798562
    endloop
  endfacet
  facet normal -0.158627 -0.882971 -0.441813
    outer loop
      vertex -0.266565 -1.64233 -0.752757
      vertex -0.198765 -1.66 -0.741803
      vertex -0.273124 -1.64233 -0.750402
    endloop
  endfacet
  facet normal -0.150461 -0.865819 -0.4772
    outer loop
      vertex -0.198765 -1.66 -0.741803
      vertex -0.262661 -1.66 -0.721656
      vertex -0.273124 -1.64233 -0.750402
    endloop
  endfacet
  facet normal -0.189434 -0.865858 -0.463039
    outer loop
      vertex -0.273124 -1.64233 -0.750402
      vertex -0.262661 -1.66 -0.721656
      vertex -0.331158 -1.64233 -0.72666
    endloop
  endfacet
  facet normal -0.190201 -0.86774 -0.459186
    outer loop
      vertex -0.262661 -1.66 -0.721656
      vertex -0.324558 -1.66 -0.696018
      vertex -0.331158 -1.64233 -0.72666
    endloop
  endfacet
  facet normal -0.229498 -0.867739 -0.440862
    outer loop
      vertex -0.383985 -1.66 -0.665082
      vertex -0.393231 -1.64233 -0.695033
      vertex -0.324558 -1.66 -0.696018
    endloop
  endfacet
  facet normal -0.22907 -0.865858 -0.444767
    outer loop
      vertex -0.393231 -1.64233 -0.695033
      vertex -0.337487 -1.64233 -0.723743
      vertex -0.324558 -1.66 -0.696018
    endloop
  endfacet
  facet normal -0.209333 -0.866023 -0.454076
    outer loop
      vertex -0.324558 -1.66 -0.696018
      vertex -0.337487 -1.64233 -0.723743
      vertex -0.331158 -1.64233 -0.72666
    endloop
  endfacet
  facet normal -0.338037 -0.865818 -0.368903
    outer loop
      vertex -0.543037 -1.66 -0.543037
      vertex -0.564668 -1.64233 -0.564668
      vertex -0.493642 -1.66 -0.5883
    endloop
  endfacet
  facet normal -0.334628 -0.873888 -0.352624
    outer loop
      vertex -0.564668 -1.64233 -0.564668
      vertex -0.534342 -1.64233 -0.593447
      vertex -0.493642 -1.66 -0.5883
    endloop
  endfacet
  facet normal -0.402031 -0.865951 -0.297488
    outer loop
      vertex -0.673912 -1.6284 -0.471878
      vertex -0.648292 -1.6284 -0.506502
      vertex -0.629085 -1.66 -0.44049
    endloop
  endfacet
  facet normal -0.402031 -0.865951 -0.297488
    outer loop
      vertex -0.648292 -1.6284 -0.506502
      vertex -0.629275 -1.64233 -0.491644
      vertex -0.629085 -1.66 -0.44049
    endloop
  endfacet
  facet normal -0.389961 -0.870858 -0.299227
    outer loop
      vertex -0.629085 -1.66 -0.44049
      vertex -0.629275 -1.64233 -0.491644
      vertex -0.5883 -1.66 -0.493642
    endloop
  endfacet
  facet normal -0.388618 -0.865992 -0.314697
    outer loop
      vertex -0.629275 -1.64233 -0.491644
      vertex -0.611734 -1.64233 -0.513306
      vertex -0.5883 -1.66 -0.493642
    endloop
  endfacet
  facet normal -0.368903 -0.865818 -0.338037
    outer loop
      vertex -0.5883 -1.66 -0.493642
      vertex -0.611734 -1.64233 -0.513306
      vertex -0.543037 -1.66 -0.543037
    endloop
  endfacet
  facet normal -0.364087 -0.873888 -0.322117
    outer loop
      vertex -0.611734 -1.64233 -0.513306
      vertex -0.584031 -1.64233 -0.544618
      vertex -0.543037 -1.66 -0.543037
    endloop
  endfacet
  facet normal -0.359712 -0.865992 -0.34737
    outer loop
      vertex -0.543037 -1.66 -0.543037
      vertex -0.584031 -1.64233 -0.544618
      vertex -0.564668 -1.64233 -0.564668
    endloop
  endfacet
  facet normal -0.424573 -0.882973 -0.200238
    outer loop
      vertex -0.72077 -1.64233 -0.34379
      vertex -0.665082 -1.66 -0.383985
      vertex -0.723743 -1.64233 -0.337487
    endloop
  endfacet
  facet normal -0.443823 -0.865818 -0.23104
    outer loop
      vertex -0.665082 -1.66 -0.383985
      vertex -0.696018 -1.66 -0.324558
      vertex -0.723743 -1.64233 -0.337487
    endloop
  endfacet
  facet normal -0.461368 -0.865858 -0.193468
    outer loop
      vertex -0.723743 -1.64233 -0.337487
      vertex -0.696018 -1.66 -0.324558
      vertex -0.74799 -1.64233 -0.279662
    endloop
  endfacet
  facet normal -0.459186 -0.867739 -0.190201
    outer loop
      vertex -0.696018 -1.66 -0.324558
      vertex -0.721656 -1.66 -0.262661
      vertex -0.74799 -1.64233 -0.279662
    endloop
  endfacet
  facet normal -0.474016 -0.867739 -0.149457
    outer loop
      vertex -0.741803 -1.66 -0.198765
      vertex -0.769518 -1.64233 -0.213406
      vertex -0.721656 -1.66 -0.262661
    endloop
  endfacet
  facet normal -0.476474 -0.865858 -0.15252
    outer loop
      vertex -0.769518 -1.64233 -0.213406
      vertex -0.750402 -1.64233 -0.273124
      vertex -0.721656 -1.66 -0.262661
    endloop
  endfacet
  facet normal -0.469099 -0.866023 -0.173063
    outer loop
      vertex -0.721656 -1.66 -0.262661
      vertex -0.750402 -1.64233 -0.273124
      vertex -0.74799 -1.64233 -0.279662
    endloop
  endfacet
  facet normal -0.0348802 -0.865992 0.498839
    outer loop
      vertex -0.0417935 -1.64233 0.797467
      vertex -0.0717026 -1.6284 0.819564
      vertex -0.066933 -1.66 0.765048
    endloop
  endfacet
  facet normal -0.0529944 -0.865987 0.497251
    outer loop
      vertex -0.0717026 -1.6284 0.819564
      vertex -0.102636 -1.6284 0.816268
      vertex -0.066933 -1.66 0.765048
    endloop
  endfacet
  facet normal -0.0646269 -0.868821 0.490891
    outer loop
      vertex -0.066933 -1.66 0.765048
      vertex -0.102636 -1.6284 0.816268
      vertex -0.133357 -1.66 0.756303
    endloop
  endfacet
  facet normal -0.131516 -0.866024 0.482396
    outer loop
      vertex -0.219856 -1.6284 0.792774
      vertex -0.213406 -1.64233 0.769518
      vertex -0.212929 -1.6284 0.794662
    endloop
  endfacet
  facet normal -0.131522 -0.866023 0.482396
    outer loop
      vertex -0.213406 -1.64233 0.769518
      vertex -0.198765 -1.66 0.741803
      vertex -0.212929 -1.6284 0.794662
    endloop
  endfacet
  facet normal -0.113936 -0.865914 0.487043
    outer loop
      vertex -0.212929 -1.6284 0.794662
      vertex -0.198765 -1.66 0.741803
      vertex -0.161673 -1.6284 0.806653
    endloop
  endfacet
  facet normal -0.107394 -0.868217 0.484423
    outer loop
      vertex -0.198765 -1.66 0.741803
      vertex -0.133357 -1.66 0.756303
      vertex -0.161673 -1.6284 0.806653
    endloop
  endfacet
  facet normal -0.0925525 -0.866011 0.491385
    outer loop
      vertex -0.161673 -1.6284 0.806653
      vertex -0.133357 -1.66 0.756303
      vertex -0.142859 -1.6284 0.810196
    endloop
  endfacet
  facet normal -0.0746414 -0.865959 0.494513
    outer loop
      vertex -0.133357 -1.66 0.756303
      vertex -0.102636 -1.6284 0.816268
      vertex -0.142859 -1.6284 0.810196
    endloop
  endfacet
  facet normal -0.282614 -0.866014 0.412491
    outer loop
      vertex -0.471878 -1.6284 0.673912
      vertex -0.44049 -1.66 0.629085
      vertex -0.458059 -1.6284 0.68338
    endloop
  endfacet
  facet normal -0.26679 -0.868015 0.418776
    outer loop
      vertex -0.44049 -1.66 0.629085
      vertex -0.383985 -1.66 0.665082
      vertex -0.458059 -1.6284 0.68338
    endloop
  endfacet
  facet normal -0.264454 -0.865904 0.424587
    outer loop
      vertex -0.458059 -1.6284 0.68338
      vertex -0.383985 -1.66 0.665082
      vertex -0.411347 -1.6284 0.712475
    endloop
  endfacet
  facet normal -0.232942 -0.865858 0.44275
    outer loop
      vertex -0.383985 -1.66 0.665082
      vertex -0.34379 -1.64233 0.72077
      vertex -0.411347 -1.6284 0.712475
    endloop
  endfacet
  facet normal -0.232942 -0.865859 0.442749
    outer loop
      vertex -0.411347 -1.6284 0.712475
      vertex -0.34379 -1.64233 0.72077
      vertex -0.354179 -1.6284 0.742552
    endloop
  endfacet
  facet normal -0.377397 -0.865992 0.328068
    outer loop
      vertex -0.593447 -1.64233 0.534342
      vertex -0.630221 -1.6284 0.528818
      vertex -0.5883 -1.66 0.493642
    endloop
  endfacet
  facet normal -0.389083 -0.865987 0.314137
    outer loop
      vertex -0.630221 -1.6284 0.528818
      vertex -0.649763 -1.6284 0.504614
      vertex -0.5883 -1.66 0.493642
    endloop
  endfacet
  facet normal -0.392811 -0.868821 0.301414
    outer loop
      vertex -0.5883 -1.66 0.493642
      vertex -0.649763 -1.6284 0.504614
      vertex -0.629085 -1.66 0.44049
    endloop
  endfacet
  facet normal -0.434101 -0.866024 0.248109
    outer loop
      vertex -0.716037 -1.6284 0.405114
      vertex -0.695033 -1.64233 0.393231
      vertex -0.712475 -1.6284 0.411347
    endloop
  endfacet
  facet normal -0.434106 -0.866023 0.248104
    outer loop
      vertex -0.695033 -1.64233 0.393231
      vertex -0.665082 -1.66 0.383985
      vertex -0.712475 -1.6284 0.411347
    endloop
  endfacet
  facet normal -0.424956 -0.865914 0.263827
    outer loop
      vertex -0.712475 -1.6284 0.411347
      vertex -0.665082 -1.66 0.383985
      vertex -0.68471 -1.6284 0.456069
    endloop
  endfacet
  facet normal -0.418478 -0.868217 0.2666
    outer loop
      vertex -0.665082 -1.66 0.383985
      vertex -0.629085 -1.66 0.44049
      vertex -0.68471 -1.6284 0.456069
    endloop
  endfacet
  facet normal -0.412906 -0.866011 0.282017
    outer loop
      vertex -0.68471 -1.6284 0.456069
      vertex -0.629085 -1.66 0.44049
      vertex -0.673912 -1.6284 0.471878
    endloop
  endfacet
  facet normal -0.402452 -0.865959 0.296895
    outer loop
      vertex -0.629085 -1.66 0.44049
      vertex -0.649763 -1.6284 0.504614
      vertex -0.673912 -1.6284 0.471878
    endloop
  endfacet
  facet normal -0.491514 -0.866014 0.0918358
    outer loop
      vertex -0.810196 -1.6284 0.142859
      vertex -0.756303 -1.66 0.133357
      vertex -0.80712 -1.6284 0.159326
    endloop
  endfacet
  facet normal -0.484768 -0.868015 0.107471
    outer loop
      vertex -0.756303 -1.66 0.133357
      vertex -0.741803 -1.66 0.198765
      vertex -0.80712 -1.6284 0.159326
    endloop
  endfacet
  facet normal -0.487226 -0.865904 0.113232
    outer loop
      vertex -0.80712 -1.6284 0.159326
      vertex -0.741803 -1.66 0.198765
      vertex -0.794662 -1.6284 0.212929
    endloop
  endfacet
  facet normal -0.477786 -0.865858 0.148357
    outer loop
      vertex -0.741803 -1.66 0.198765
      vertex -0.752757 -1.64233 0.266565
      vertex -0.794662 -1.6284 0.212929
    endloop
  endfacet
  facet normal -0.477786 -0.865858 0.148357
    outer loop
      vertex -0.794662 -1.6284 0.212929
      vertex -0.752757 -1.64233 0.266565
      vertex -0.775506 -1.6284 0.274621
    endloop
  endfacet
  facet normal -0.498839 -0.865992 -0.0348802
    outer loop
      vertex -0.797467 -1.64233 -0.0417935
      vertex -0.819564 -1.6284 -0.0717026
      vertex -0.765048 -1.66 -0.066933
    endloop
  endfacet
  facet normal -0.497251 -0.865987 -0.0529944
    outer loop
      vertex -0.819564 -1.6284 -0.0717026
      vertex -0.816268 -1.6284 -0.102636
      vertex -0.765048 -1.66 -0.066933
    endloop
  endfacet
  facet normal -0.490891 -0.868821 -0.0646269
    outer loop
      vertex -0.765048 -1.66 -0.066933
      vertex -0.816268 -1.6284 -0.102636
      vertex -0.756303 -1.66 -0.133357
    endloop
  endfacet
  facet normal -0.482396 -0.866024 -0.131516
    outer loop
      vertex -0.792774 -1.6284 -0.219856
      vertex -0.769518 -1.64233 -0.213406
      vertex -0.794662 -1.6284 -0.212929
    endloop
  endfacet
  facet normal -0.482396 -0.866023 -0.131522
    outer loop
      vertex -0.769518 -1.64233 -0.213406
      vertex -0.741803 -1.66 -0.198765
      vertex -0.794662 -1.6284 -0.212929
    endloop
  endfacet
  facet normal -0.487043 -0.865914 -0.113936
    outer loop
      vertex -0.794662 -1.6284 -0.212929
      vertex -0.741803 -1.66 -0.198765
      vertex -0.806653 -1.6284 -0.161673
    endloop
  endfacet
  facet normal -0.484423 -0.868217 -0.107394
    outer loop
      vertex -0.741803 -1.66 -0.198765
      vertex -0.756303 -1.66 -0.133357
      vertex -0.806653 -1.6284 -0.161673
    endloop
  endfacet
  facet normal -0.491385 -0.866011 -0.0925525
    outer loop
      vertex -0.806653 -1.6284 -0.161673
      vertex -0.756303 -1.66 -0.133357
      vertex -0.810196 -1.6284 -0.142859
    endloop
  endfacet
  facet normal -0.494513 -0.865959 -0.0746414
    outer loop
      vertex -0.756303 -1.66 -0.133357
      vertex -0.816268 -1.6284 -0.102636
      vertex -0.810196 -1.6284 -0.142859
    endloop
  endfacet
  facet normal -0.412491 -0.866014 -0.282614
    outer loop
      vertex -0.673912 -1.6284 -0.471878
      vertex -0.629085 -1.66 -0.44049
      vertex -0.68338 -1.6284 -0.458059
    endloop
  endfacet
  facet normal -0.418776 -0.868015 -0.26679
    outer loop
      vertex -0.629085 -1.66 -0.44049
      vertex -0.665082 -1.66 -0.383985
      vertex -0.68338 -1.6284 -0.458059
    endloop
  endfacet
  facet normal -0.424587 -0.865904 -0.264454
    outer loop
      vertex -0.68338 -1.6284 -0.458059
      vertex -0.665082 -1.66 -0.383985
      vertex -0.712475 -1.6284 -0.411347
    endloop
  endfacet
  facet normal -0.44275 -0.865858 -0.232942
    outer loop
      vertex -0.665082 -1.66 -0.383985
      vertex -0.72077 -1.64233 -0.34379
      vertex -0.712475 -1.6284 -0.411347
    endloop
  endfacet
  facet normal -0.442749 -0.865859 -0.232942
    outer loop
      vertex -0.712475 -1.6284 -0.411347
      vertex -0.72077 -1.64233 -0.34379
      vertex -0.742552 -1.6284 -0.354179
    endloop
  endfacet
  facet normal -0.328068 -0.865992 -0.377397
    outer loop
      vertex -0.534342 -1.64233 -0.593447
      vertex -0.528818 -1.6284 -0.630221
      vertex -0.493642 -1.66 -0.5883
    endloop
  endfacet
  facet normal -0.314137 -0.865987 -0.389083
    outer loop
      vertex -0.528818 -1.6284 -0.630221
      vertex -0.504614 -1.6284 -0.649763
      vertex -0.493642 -1.66 -0.5883
    endloop
  endfacet
  facet normal -0.301414 -0.868821 -0.392811
    outer loop
      vertex -0.493642 -1.66 -0.5883
      vertex -0.504614 -1.6284 -0.649763
      vertex -0.44049 -1.66 -0.629085
    endloop
  endfacet
  facet normal -0.248109 -0.866024 -0.434101
    outer loop
      vertex -0.405114 -1.6284 -0.716037
      vertex -0.393231 -1.64233 -0.695033
      vertex -0.411347 -1.6284 -0.712475
    endloop
  endfacet
  facet normal -0.248104 -0.866023 -0.434106
    outer loop
      vertex -0.393231 -1.64233 -0.695033
      vertex -0.383985 -1.66 -0.665082
      vertex -0.411347 -1.6284 -0.712475
    endloop
  endfacet
  facet normal -0.263827 -0.865914 -0.424956
    outer loop
      vertex -0.411347 -1.6284 -0.712475
      vertex -0.383985 -1.66 -0.665082
      vertex -0.456069 -1.6284 -0.68471
    endloop
  endfacet
  facet normal -0.2666 -0.868217 -0.418478
    outer loop
      vertex -0.383985 -1.66 -0.665082
      vertex -0.44049 -1.66 -0.629085
      vertex -0.456069 -1.6284 -0.68471
    endloop
  endfacet
  facet normal -0.282017 -0.866011 -0.412906
    outer loop
      vertex -0.456069 -1.6284 -0.68471
      vertex -0.44049 -1.66 -0.629085
      vertex -0.471878 -1.6284 -0.673912
    endloop
  endfacet
  facet normal -0.296895 -0.865959 -0.402452
    outer loop
      vertex -0.44049 -1.66 -0.629085
      vertex -0.504614 -1.6284 -0.649763
      vertex -0.471878 -1.6284 -0.673912
    endloop
  endfacet
  facet normal -0.0918358 -0.866014 -0.491514
    outer loop
      vertex -0.142859 -1.6284 -0.810196
      vertex -0.133357 -1.66 -0.756303
      vertex -0.159326 -1.6284 -0.80712
    endloop
  endfacet
  facet normal -0.107471 -0.868015 -0.484768
    outer loop
      vertex -0.133357 -1.66 -0.756303
      vertex -0.198765 -1.66 -0.741803
      vertex -0.159326 -1.6284 -0.80712
    endloop
  endfacet
  facet normal -0.113232 -0.865904 -0.487226
    outer loop
      vertex -0.159326 -1.6284 -0.80712
      vertex -0.198765 -1.66 -0.741803
      vertex -0.212929 -1.6284 -0.794662
    endloop
  endfacet
  facet normal -0.148357 -0.865858 -0.477786
    outer loop
      vertex -0.198765 -1.66 -0.741803
      vertex -0.266565 -1.64233 -0.752757
      vertex -0.212929 -1.6284 -0.794662
    endloop
  endfacet
  facet normal -0.148357 -0.865858 -0.477786
    outer loop
      vertex -0.212929 -1.6284 -0.794662
      vertex -0.266565 -1.64233 -0.752757
      vertex -0.274621 -1.6284 -0.775506
    endloop
  endfacet
  facet normal 0.0348802 -0.865992 -0.498839
    outer loop
      vertex 0.0417935 -1.64233 -0.797467
      vertex 0.0717026 -1.6284 -0.819564
      vertex 0.066933 -1.66 -0.765048
    endloop
  endfacet
  facet normal 0.0529944 -0.865987 -0.497251
    outer loop
      vertex 0.0717026 -1.6284 -0.819564
      vertex 0.102636 -1.6284 -0.816268
      vertex 0.066933 -1.66 -0.765048
    endloop
  endfacet
  facet normal 0.0646269 -0.868821 -0.490891
    outer loop
      vertex 0.066933 -1.66 -0.765048
      vertex 0.102636 -1.6284 -0.816268
      vertex 0.133357 -1.66 -0.756303
    endloop
  endfacet
  facet normal 0.131516 -0.866024 -0.482396
    outer loop
      vertex 0.219856 -1.6284 -0.792774
      vertex 0.213406 -1.64233 -0.769518
      vertex 0.212929 -1.6284 -0.794662
    endloop
  endfacet
  facet normal 0.131522 -0.866023 -0.482396
    outer loop
      vertex 0.213406 -1.64233 -0.769518
      vertex 0.198765 -1.66 -0.741803
      vertex 0.212929 -1.6284 -0.794662
    endloop
  endfacet
  facet normal 0.113936 -0.865914 -0.487043
    outer loop
      vertex 0.212929 -1.6284 -0.794662
      vertex 0.198765 -1.66 -0.741803
      vertex 0.161673 -1.6284 -0.806653
    endloop
  endfacet
  facet normal 0.107394 -0.868217 -0.484423
    outer loop
      vertex 0.198765 -1.66 -0.741803
      vertex 0.133357 -1.66 -0.756303
      vertex 0.161673 -1.6284 -0.806653
    endloop
  endfacet
  facet normal 0.0925525 -0.866011 -0.491385
    outer loop
      vertex 0.161673 -1.6284 -0.806653
      vertex 0.133357 -1.66 -0.756303
      vertex 0.142859 -1.6284 -0.810196
    endloop
  endfacet
  facet normal 0.0746414 -0.865959 -0.494513
    outer loop
      vertex 0.133357 -1.66 -0.756303
      vertex 0.102636 -1.6284 -0.816268
      vertex 0.142859 -1.6284 -0.810196
    endloop
  endfacet
  facet normal 0.282614 -0.866014 -0.412491
    outer loop
      vertex 0.471878 -1.6284 -0.673912
      vertex 0.44049 -1.66 -0.629085
      vertex 0.458059 -1.6284 -0.68338
    endloop
  endfacet
  facet normal 0.26679 -0.868015 -0.418776
    outer loop
      vertex 0.44049 -1.66 -0.629085
      vertex 0.383985 -1.66 -0.665082
      vertex 0.458059 -1.6284 -0.68338
    endloop
  endfacet
  facet normal 0.264454 -0.865904 -0.424587
    outer loop
      vertex 0.458059 -1.6284 -0.68338
      vertex 0.383985 -1.66 -0.665082
      vertex 0.411347 -1.6284 -0.712475
    endloop
  endfacet
  facet normal 0.232942 -0.865858 -0.44275
    outer loop
      vertex 0.383985 -1.66 -0.665082
      vertex 0.34379 -1.64233 -0.72077
      vertex 0.411347 -1.6284 -0.712475
    endloop
  endfacet
  facet normal 0.232942 -0.865859 -0.442749
    outer loop
      vertex 0.411347 -1.6284 -0.712475
      vertex 0.34379 -1.64233 -0.72077
      vertex 0.354179 -1.6284 -0.742552
    endloop
  endfacet
  facet normal 0.377397 -0.865992 -0.328068
    outer loop
      vertex 0.593447 -1.64233 -0.534342
      vertex 0.630221 -1.6284 -0.528818
      vertex 0.5883 -1.66 -0.493642
    endloop
  endfacet
  facet normal 0.389083 -0.865987 -0.314137
    outer loop
      vertex 0.630221 -1.6284 -0.528818
      vertex 0.649763 -1.6284 -0.504614
      vertex 0.5883 -1.66 -0.493642
    endloop
  endfacet
  facet normal 0.392811 -0.868821 -0.301414
    outer loop
      vertex 0.5883 -1.66 -0.493642
      vertex 0.649763 -1.6284 -0.504614
      vertex 0.629085 -1.66 -0.44049
    endloop
  endfacet
  facet normal 0.434101 -0.866024 -0.248109
    outer loop
      vertex 0.716037 -1.6284 -0.405114
      vertex 0.695033 -1.64233 -0.393231
      vertex 0.712475 -1.6284 -0.411347
    endloop
  endfacet
  facet normal 0.434106 -0.866023 -0.248104
    outer loop
      vertex 0.695033 -1.64233 -0.393231
      vertex 0.665082 -1.66 -0.383985
      vertex 0.712475 -1.6284 -0.411347
    endloop
  endfacet
  facet normal 0.424956 -0.865914 -0.263827
    outer loop
      vertex 0.712475 -1.6284 -0.411347
      vertex 0.665082 -1.66 -0.383985
      vertex 0.68471 -1.6284 -0.456069
    endloop
  endfacet
  facet normal 0.418478 -0.868217 -0.2666
    outer loop
      vertex 0.665082 -1.66 -0.383985
      vertex 0.629085 -1.66 -0.44049
      vertex 0.68471 -1.6284 -0.456069
    endloop
  endfacet
  facet normal 0.412906 -0.866011 -0.282017
    outer loop
      vertex 0.68471 -1.6284 -0.456069
      vertex 0.629085 -1.66 -0.44049
      vertex 0.673912 -1.6284 -0.471878
    endloop
  endfacet
  facet normal 0.402452 -0.865959 -0.296895
    outer loop
      vertex 0.629085 -1.66 -0.44049
      vertex 0.649763 -1.6284 -0.504614
      vertex 0.673912 -1.6284 -0.471878
    endloop
  endfacet
  facet normal 0.491514 -0.866014 -0.0918358
    outer loop
      vertex 0.810196 -1.6284 -0.142859
      vertex 0.756303 -1.66 -0.133357
      vertex 0.80712 -1.6284 -0.159326
    endloop
  endfacet
  facet normal 0.484768 -0.868015 -0.107471
    outer loop
      vertex 0.756303 -1.66 -0.133357
      vertex 0.741803 -1.66 -0.198765
      vertex 0.80712 -1.6284 -0.159326
    endloop
  endfacet
  facet normal 0.487226 -0.865904 -0.113232
    outer loop
      vertex 0.80712 -1.6284 -0.159326
      vertex 0.741803 -1.66 -0.198765
      vertex 0.794662 -1.6284 -0.212929
    endloop
  endfacet
  facet normal 0.477786 -0.865858 -0.148357
    outer loop
      vertex 0.741803 -1.66 -0.198765
      vertex 0.752757 -1.64233 -0.266565
      vertex 0.794662 -1.6284 -0.212929
    endloop
  endfacet
  facet normal 0.477786 -0.865858 -0.148357
    outer loop
      vertex 0.794662 -1.6284 -0.212929
      vertex 0.752757 -1.64233 -0.266565
      vertex 0.775506 -1.6284 -0.274621
    endloop
  endfacet
  facet normal 0.498839 -0.865992 0.0348802
    outer loop
      vertex 0.797467 -1.64233 0.0417935
      vertex 0.819564 -1.6284 0.0717026
      vertex 0.765048 -1.66 0.066933
    endloop
  endfacet
  facet normal 0.497251 -0.865987 0.0529944
    outer loop
      vertex 0.819564 -1.6284 0.0717026
      vertex 0.816268 -1.6284 0.102636
      vertex 0.765048 -1.66 0.066933
    endloop
  endfacet
  facet normal 0.490891 -0.868821 0.0646269
    outer loop
      vertex 0.765048 -1.66 0.066933
      vertex 0.816268 -1.6284 0.102636
      vertex 0.756303 -1.66 0.133357
    endloop
  endfacet
  facet normal 0.482396 -0.866024 0.131516
    outer loop
      vertex 0.792774 -1.6284 0.219856
      vertex 0.769518 -1.64233 0.213406
      vertex 0.794662 -1.6284 0.212929
    endloop
  endfacet
  facet normal 0.482396 -0.866023 0.131522
    outer loop
      vertex 0.769518 -1.64233 0.213406
      vertex 0.741803 -1.66 0.198765
      vertex 0.794662 -1.6284 0.212929
    endloop
  endfacet
  facet normal 0.487043 -0.865914 0.113936
    outer loop
      vertex 0.794662 -1.6284 0.212929
      vertex 0.741803 -1.66 0.198765
      vertex 0.806653 -1.6284 0.161673
    endloop
  endfacet
  facet normal 0.484423 -0.868217 0.107394
    outer loop
      vertex 0.741803 -1.66 0.198765
      vertex 0.756303 -1.66 0.133357
      vertex 0.806653 -1.6284 0.161673
    endloop
  endfacet
  facet normal 0.491385 -0.866011 0.0925525
    outer loop
      vertex 0.806653 -1.6284 0.161673
      vertex 0.756303 -1.66 0.133357
      vertex 0.810196 -1.6284 0.142859
    endloop
  endfacet
  facet normal 0.494513 -0.865959 0.0746414
    outer loop
      vertex 0.756303 -1.66 0.133357
      vertex 0.816268 -1.6284 0.102636
      vertex 0.810196 -1.6284 0.142859
    endloop
  endfacet
  facet normal 0.412491 -0.866014 0.282614
    outer loop
      vertex 0.673912 -1.6284 0.471878
      vertex 0.629085 -1.66 0.44049
      vertex 0.68338 -1.6284 0.458059
    endloop
  endfacet
  facet normal 0.418776 -0.868015 0.26679
    outer loop
      vertex 0.629085 -1.66 0.44049
      vertex 0.665082 -1.66 0.383985
      vertex 0.68338 -1.6284 0.458059
    endloop
  endfacet
  facet normal 0.424587 -0.865904 0.264454
    outer loop
      vertex 0.68338 -1.6284 0.458059
      vertex 0.665082 -1.66 0.383985
      vertex 0.712475 -1.6284 0.411347
    endloop
  endfacet
  facet normal 0.44275 -0.865858 0.232942
    outer loop
      vertex 0.665082 -1.66 0.383985
      vertex 0.72077 -1.64233 0.34379
      vertex 0.712475 -1.6284 0.411347
    endloop
  endfacet
  facet normal 0.442749 -0.865859 0.232942
    outer loop
      vertex 0.712475 -1.6284 0.411347
      vertex 0.72077 -1.64233 0.34379
      vertex 0.742552 -1.6284 0.354179
    endloop
  endfacet
  facet normal 0.328068 -0.865992 0.377397
    outer loop
      vertex 0.534342 -1.64233 0.593447
      vertex 0.528818 -1.6284 0.630221
      vertex 0.493642 -1.66 0.5883
    endloop
  endfacet
  facet normal 0.314137 -0.865987 0.389083
    outer loop
      vertex 0.528818 -1.6284 0.630221
      vertex 0.504614 -1.6284 0.649763
      vertex 0.493642 -1.66 0.5883
    endloop
  endfacet
  facet normal 0.301414 -0.868821 0.392811
    outer loop
      vertex 0.493642 -1.66 0.5883
      vertex 0.504614 -1.6284 0.649763
      vertex 0.44049 -1.66 0.629085
    endloop
  endfacet
  facet normal 0.248109 -0.866024 0.434101
    outer loop
      vertex 0.405114 -1.6284 0.716037
      vertex 0.393231 -1.64233 0.695033
      vertex 0.411347 -1.6284 0.712475
    endloop
  endfacet
  facet normal 0.248104 -0.866023 0.434106
    outer loop
      vertex 0.393231 -1.64233 0.695033
      vertex 0.383985 -1.66 0.665082
      vertex 0.411347 -1.6284 0.712475
    endloop
  endfacet
  facet normal 0.263827 -0.865914 0.424956
    outer loop
      vertex 0.411347 -1.6284 0.712475
      vertex 0.383985 -1.66 0.665082
      vertex 0.456069 -1.6284 0.68471
    endloop
  endfacet
  facet normal 0.2666 -0.868217 0.418478
    outer loop
      vertex 0.383985 -1.66 0.665082
      vertex 0.44049 -1.66 0.629085
      vertex 0.456069 -1.6284 0.68471
    endloop
  endfacet
  facet normal 0.282017 -0.866011 0.412906
    outer loop
      vertex 0.456069 -1.6284 0.68471
      vertex 0.44049 -1.66 0.629085
      vertex 0.471878 -1.6284 0.673912
    endloop
  endfacet
  facet normal 0.296895 -0.865959 0.402452
    outer loop
      vertex 0.44049 -1.66 0.629085
      vertex 0.504614 -1.6284 0.649763
      vertex 0.471878 -1.6284 0.673912
    endloop
  endfacet
  facet normal 0.0918358 -0.866014 0.491514
    outer loop
      vertex 0.142859 -1.6284 0.810196
      vertex 0.133357 -1.66 0.756303
      vertex 0.159326 -1.6284 0.80712
    endloop
  endfacet
  facet normal 0.107471 -0.868015 0.484768
    outer loop
      vertex 0.133357 -1.66 0.756303
      vertex 0.198765 -1.66 0.741803
      vertex 0.159326 -1.6284 0.80712
    endloop
  endfacet
  facet normal 0.113232 -0.865904 0.487226
    outer loop
      vertex 0.159326 -1.6284 0.80712
      vertex 0.198765 -1.66 0.741803
      vertex 0.212929 -1.6284 0.794662
    endloop
  endfacet
  facet normal 0.148357 -0.865858 0.477786
    outer loop
      vertex 0.198765 -1.66 0.741803
      vertex 0.266565 -1.64233 0.752757
      vertex 0.212929 -1.6284 0.794662
    endloop
  endfacet
  facet normal 0.148357 -0.865858 0.477786
    outer loop
      vertex 0.212929 -1.6284 0.794662
      vertex 0.266565 -1.64233 0.752757
      vertex 0.274621 -1.6284 0.775506
    endloop
  endfacet
  facet normal 0.99863 0 0.0523359
    outer loop
      vertex -0.0430565 -0.0393701 0.821567
      vertex -0.0430565 -1.6284 0.821567
      vertex -0.0417935 -0.0393701 0.797467
    endloop
  endfacet
  facet normal 0.99863 0 0.0523359
    outer loop
      vertex -0.0430565 -1.6284 0.821567
      vertex -0.0417935 -1.64233 0.797467
      vertex -0.0417935 -0.0393701 0.797467
    endloop
  endfacet
  facet normal 0.416167 -0.454153 -0.78775
    outer loop
      vertex -0.487717 -1.94618 -0.398663
      vertex -0.491924 -1.95906 -0.393461
      vertex -0.590198 -1.87929 -0.49137
    endloop
  endfacet
  facet normal 0.404015 -0.469261 -0.785217
    outer loop
      vertex -0.590198 -1.87929 -0.49137
      vertex -0.588253 -1.87372 -0.493697
      vertex -0.487717 -1.94618 -0.398663
    endloop
  endfacet
  facet normal 0.420068 -0.450412 -0.787827
    outer loop
      vertex -0.588253 -1.87372 -0.493697
      vertex -0.585735 -1.86615 -0.496682
      vertex -0.487717 -1.94618 -0.398663
    endloop
  endfacet
  facet normal 0.451716 -0.414405 -0.790076
    outer loop
      vertex -0.487717 -1.94618 -0.398663
      vertex -0.585735 -1.86615 -0.496682
      vertex -0.482481 -1.92842 -0.404985
    endloop
  endfacet
  facet normal 0.455368 -0.409233 -0.790676
    outer loop
      vertex -0.585735 -1.86615 -0.496682
      vertex -0.579401 -1.84485 -0.504057
      vertex -0.482481 -1.92842 -0.404985
    endloop
  endfacet
  facet normal 0.477352 -0.3836 -0.790561
    outer loop
      vertex -0.482481 -1.92842 -0.404985
      vertex -0.579401 -1.84485 -0.504057
      vertex -0.481497 -1.92479 -0.406154
    endloop
  endfacet
  facet normal 0.506318 -0.346848 -0.789518
    outer loop
      vertex -0.579401 -1.84485 -0.504057
      vertex -0.573964 -1.82284 -0.510239
      vertex -0.481497 -1.92479 -0.406154
    endloop
  endfacet
  facet normal 0.50632 -0.346845 -0.789518
    outer loop
      vertex -0.481497 -1.92479 -0.406154
      vertex -0.573964 -1.82284 -0.510239
      vertex -0.476143 -1.90271 -0.412418
    endloop
  endfacet
  facet normal 0.553322 -0.282175 -0.783717
    outer loop
      vertex -0.573964 -1.82284 -0.510239
      vertex -0.569495 -1.80024 -0.515222
      vertex -0.476143 -1.90271 -0.412418
    endloop
  endfacet
  facet normal 0.553322 -0.282175 -0.783717
    outer loop
      vertex -0.476143 -1.90271 -0.412418
      vertex -0.569495 -1.80024 -0.515222
      vertex -0.471731 -1.88006 -0.417458
    endloop
  endfacet
  facet normal 0.59677 -0.215689 -0.77288
    outer loop
      vertex -0.569495 -1.80024 -0.515222
      vertex -0.566051 -1.77716 -0.519004
      vertex -0.471731 -1.88006 -0.417458
    endloop
  endfacet
  facet normal 0.59677 -0.21569 -0.77288
    outer loop
      vertex -0.471731 -1.88006 -0.417458
      vertex -0.566051 -1.77716 -0.519004
      vertex -0.468324 -1.85696 -0.421276
    endloop
  endfacet
  facet normal 0.636383 -0.14782 -0.757077
    outer loop
      vertex -0.566051 -1.77716 -0.519004
      vertex -0.563677 -1.75374 -0.521581
      vertex -0.468324 -1.85696 -0.421276
    endloop
  endfacet
  facet normal 0.636382 -0.147821 -0.757078
    outer loop
      vertex -0.468324 -1.85696 -0.421276
      vertex -0.563677 -1.75374 -0.521581
      vertex -0.465972 -1.83351 -0.423876
    endloop
  endfacet
  facet normal 0.671908 -0.0789986 -0.73641
    outer loop
      vertex -0.563677 -1.75374 -0.521581
      vertex -0.562404 -1.73011 -0.522954
      vertex -0.465972 -1.83351 -0.423876
    endloop
  endfacet
  facet normal 0.671908 -0.0789975 -0.736409
    outer loop
      vertex -0.465972 -1.83351 -0.423876
      vertex -0.562404 -1.73011 -0.522954
      vertex -0.464709 -1.80988 -0.42526
    endloop
  endfacet
  facet normal 0.697772 -0.022292 -0.715973
    outer loop
      vertex -0.562404 -1.73011 -0.522954
      vertex -0.562175 -1.71503 -0.5232
      vertex -0.464709 -1.80988 -0.42526
    endloop
  endfacet
  facet normal 0.697773 -0.0222902 -0.715972
    outer loop
      vertex -0.464709 -1.80988 -0.42526
      vertex -0.562175 -1.71503 -0.5232
      vertex -0.464482 -1.7948 -0.425508
    endloop
  endfacet
  facet normal -0.0697547 0 0.997564
    outer loop
      vertex -0.0430565 -1.6284 0.821567
      vertex -0.0430565 -0.0393701 0.821567
      vertex -0.0717026 -1.6284 0.819564
    endloop
  endfacet
  facet normal -0.0886036 0.000341683 0.996067
    outer loop
      vertex -0.0430565 -0.0393701 0.821567
      vertex -0.102636 -0.0393701 0.816268
      vertex -0.0717026 -1.6284 0.819564
    endloop
  endfacet
  facet normal -0.105975 0 0.994369
    outer loop
      vertex -0.0717026 -1.6284 0.819564
      vertex -0.102636 -0.0393701 0.816268
      vertex -0.102636 -1.6284 0.816268
    endloop
  endfacet
  facet normal -0.149248 0 0.9888
    outer loop
      vertex -0.102636 -1.6284 0.816268
      vertex -0.102636 -0.0393701 0.816268
      vertex -0.142859 -1.6284 0.810196
    endloop
  endfacet
  facet normal -0.160743 0.00029786 0.986996
    outer loop
      vertex -0.102636 -0.0393701 0.816268
      vertex -0.161673 -0.0393701 0.806653
      vertex -0.142859 -1.6284 0.810196
    endloop
  endfacet
  facet normal -0.185096 0 0.982721
    outer loop
      vertex -0.142859 -1.6284 0.810196
      vertex -0.161673 -0.0393701 0.806653
      vertex -0.161673 -1.6284 0.806653
    endloop
  endfacet
  facet normal -0.232031 0 0.972708
    outer loop
      vertex -0.219856 -0.0393701 0.792774
      vertex -0.219856 -1.6284 0.792774
      vertex -0.161673 -0.0393701 0.806653
    endloop
  endfacet
  facet normal -0.26303 0.00120422 0.964787
    outer loop
      vertex -0.219856 -1.6284 0.792774
      vertex -0.212929 -1.6284 0.794662
      vertex -0.161673 -0.0393701 0.806653
    endloop
  endfacet
  facet normal -0.227785 0 0.973712
    outer loop
      vertex -0.161673 -0.0393701 0.806653
      vertex -0.212929 -1.6284 0.794662
      vertex -0.161673 -1.6284 0.806653
    endloop
  endfacet
  facet normal -0.191969 -0.865077 -0.463453
    outer loop
      vertex -0.265441 -1.87929 -0.720638
      vertex -0.229288 -1.95906 -0.586709
      vertex -0.321873 -1.87929 -0.697264
    endloop
  endfacet
  facet normal -0.189946 -0.864744 -0.464907
    outer loop
      vertex -0.229288 -1.95906 -0.586709
      vertex -0.252565 -1.95913 -0.577072
      vertex -0.321873 -1.87929 -0.697264
    endloop
  endfacet
  facet normal -0.96363 0 -0.267239
    outer loop
      vertex -0.213406 -0.0393701 0.769518
      vertex -0.213406 -1.64233 0.769518
      vertex -0.219856 -0.0393701 0.792774
    endloop
  endfacet
  facet normal -0.96363 0 -0.267239
    outer loop
      vertex -0.213406 -1.64233 0.769518
      vertex -0.219856 -1.6284 0.792774
      vertex -0.219856 -0.0393701 0.792774
    endloop
  endfacet
  facet normal -0.305378 -0.865077 -0.397976
    outer loop
      vertex -0.442912 -1.87929 -0.627382
      vertex -0.373327 -1.95906 -0.507374
      vertex -0.49137 -1.87929 -0.590198
    endloop
  endfacet
  facet normal -0.3038 -0.864744 -0.399905
    outer loop
      vertex -0.373327 -1.95906 -0.507374
      vertex -0.393316 -1.95913 -0.49204
      vertex -0.49137 -1.87929 -0.590198
    endloop
  endfacet
  facet normal -0.39073 0 0.920505
    outer loop
      vertex -0.279662 -0.0393701 0.74799
      vertex -0.34379 -0.0393701 0.72077
      vertex -0.34379 -1.64233 0.72077
    endloop
  endfacet
  facet normal -0.426563 0.00170601 0.904456
    outer loop
      vertex -0.34379 -1.64233 0.72077
      vertex -0.337487 -1.64233 0.723743
      vertex -0.279662 -0.0393701 0.74799
    endloop
  endfacet
  facet normal -0.386711 0 0.922201
    outer loop
      vertex -0.337487 -1.64233 0.723743
      vertex -0.279662 -1.64233 0.74799
      vertex -0.279662 -0.0393701 0.74799
    endloop
  endfacet
  facet normal -0.309017 0 0.951056
    outer loop
      vertex -0.279662 -0.0393701 0.74799
      vertex -0.279662 -1.64233 0.74799
      vertex -0.213406 -0.0393701 0.769518
    endloop
  endfacet
  facet normal -0.346123 0.00170654 0.938188
    outer loop
      vertex -0.279662 -1.64233 0.74799
      vertex -0.273124 -1.64233 0.750402
      vertex -0.213406 -0.0393701 0.769518
    endloop
  endfacet
  facet normal -0.304864 0 0.952396
    outer loop
      vertex -0.213406 -0.0393701 0.769518
      vertex -0.273124 -1.64233 0.750402
      vertex -0.213406 -1.64233 0.769518
    endloop
  endfacet
  facet normal -0.397976 -0.865077 -0.305378
    outer loop
      vertex -0.590198 -1.87929 -0.49137
      vertex -0.491924 -1.95906 -0.393461
      vertex -0.627382 -1.87929 -0.442912
    endloop
  endfacet
  facet normal -0.396951 -0.864744 -0.307649
    outer loop
      vertex -0.491924 -1.95906 -0.393461
      vertex -0.507263 -1.95913 -0.373477
      vertex -0.627382 -1.87929 -0.442912
    endloop
  endfacet
  facet normal 0.902585 0 0.430511
    outer loop
      vertex -0.354179 -0.0393701 0.742552
      vertex -0.354179 -1.6284 0.742552
      vertex -0.34379 -0.0393701 0.72077
    endloop
  endfacet
  facet normal 0.902585 0 0.430511
    outer loop
      vertex -0.354179 -1.6284 0.742552
      vertex -0.34379 -1.64233 0.72077
      vertex -0.34379 -0.0393701 0.72077
    endloop
  endfacet
  facet normal 0.605871 -0.454154 -0.653196
    outer loop
      vertex -0.367917 -1.94618 -0.51131
      vertex -0.373327 -1.95906 -0.507374
      vertex -0.442912 -1.87929 -0.627382
    endloop
  endfacet
  facet normal 0.593479 -0.469259 -0.653895
    outer loop
      vertex -0.442912 -1.87929 -0.627382
      vertex -0.440431 -1.87372 -0.629126
      vertex -0.367917 -1.94618 -0.51131
    endloop
  endfacet
  facet normal 0.609662 -0.450408 -0.652261
    outer loop
      vertex -0.440431 -1.87372 -0.629126
      vertex -0.437226 -1.86615 -0.631357
      vertex -0.367917 -1.94618 -0.51131
    endloop
  endfacet
  facet normal 0.640812 -0.414404 -0.646242
    outer loop
      vertex -0.367917 -1.94618 -0.51131
      vertex -0.437226 -1.86615 -0.631357
      vertex -0.361223 -1.92842 -0.516061
    endloop
  endfacet
  facet normal 0.644493 -0.409234 -0.645877
    outer loop
      vertex -0.437226 -1.86615 -0.631357
      vertex -0.429198 -1.84485 -0.636842
      vertex -0.361223 -1.92842 -0.516061
    endloop
  endfacet
  facet normal 0.6657 -0.383599 -0.640075
    outer loop
      vertex -0.361223 -1.92842 -0.516061
      vertex -0.429198 -1.84485 -0.636842
      vertex -0.35997 -1.92479 -0.516935
    endloop
  endfacet
  facet normal 0.693408 -0.346847 -0.631571
    outer loop
      vertex -0.429198 -1.84485 -0.636842
      vertex -0.422347 -1.82284 -0.641406
      vertex -0.35997 -1.92479 -0.516935
    endloop
  endfacet
  facet normal 0.693409 -0.346846 -0.631571
    outer loop
      vertex -0.35997 -1.92479 -0.516935
      vertex -0.422347 -1.82284 -0.641406
      vertex -0.353177 -1.90271 -0.5216
    endloop
  endfacet
  facet normal 0.737308 -0.282176 -0.613802
    outer loop
      vertex -0.422347 -1.82284 -0.641406
      vertex -0.416741 -1.80024 -0.645063
      vertex -0.353177 -1.90271 -0.5216
    endloop
  endfacet
  facet normal 0.737309 -0.282175 -0.613802
    outer loop
      vertex -0.353177 -1.90271 -0.5216
      vertex -0.416741 -1.80024 -0.645063
      vertex -0.347611 -1.88006 -0.525326
    endloop
  endfacet
  facet normal 0.776472 -0.215689 -0.592089
    outer loop
      vertex -0.416741 -1.80024 -0.645063
      vertex -0.412435 -1.77716 -0.647824
      vertex -0.347611 -1.88006 -0.525326
    endloop
  endfacet
  facet normal 0.776471 -0.21569 -0.592089
    outer loop
      vertex -0.347611 -1.88006 -0.525326
      vertex -0.412435 -1.77716 -0.647824
      vertex -0.343332 -1.85696 -0.528133
    endloop
  endfacet
  facet normal 0.810645 -0.147819 -0.566572
    outer loop
      vertex -0.412435 -1.77716 -0.647824
      vertex -0.409475 -1.75374 -0.649699
      vertex -0.343332 -1.85696 -0.528133
    endloop
  endfacet
  facet normal 0.810645 -0.147819 -0.566572
    outer loop
      vertex -0.343332 -1.85696 -0.528133
      vertex -0.409475 -1.75374 -0.649699
      vertex -0.340387 -1.83351 -0.530035
    endloop
  endfacet
  facet normal 0.83961 -0.0789988 -0.537415
    outer loop
      vertex -0.409475 -1.75374 -0.649699
      vertex -0.40789 -1.73011 -0.650696
      vertex -0.340387 -1.83351 -0.530035
    endloop
  endfacet
  facet normal 0.83961 -0.078998 -0.537414
    outer loop
      vertex -0.340387 -1.83351 -0.530035
      vertex -0.40789 -1.73011 -0.650696
      vertex -0.33881 -1.80988 -0.531045
    endloop
  endfacet
  facet normal 0.859303 -0.0222926 -0.510981
    outer loop
      vertex -0.40789 -1.73011 -0.650696
      vertex -0.407605 -1.71503 -0.650874
      vertex -0.33881 -1.80988 -0.531045
    endloop
  endfacet
  facet normal 0.859303 -0.0222933 -0.510981
    outer loop
      vertex -0.33881 -1.80988 -0.531045
      vertex -0.407605 -1.71503 -0.650874
      vertex -0.338526 -1.7948 -0.531226
    endloop
  endfacet
  facet normal -0.463038 0 0.886338
    outer loop
      vertex -0.354179 -1.6284 0.742552
      vertex -0.354179 -0.0393701 0.742552
      vertex -0.407195 -0.0393701 0.714856
    endloop
  endfacet
  facet normal -0.465614 -0.00010949 0.884988
    outer loop
      vertex -0.354179 -1.6284 0.742552
      vertex -0.407195 -0.0393701 0.714856
      vertex -0.411347 -1.6284 0.712475
    endloop
  endfacet
  facet normal -0.526214 0.000100747 0.850352
    outer loop
      vertex -0.407195 -0.0393701 0.714856
      vertex -0.458059 -0.0393701 0.68338
      vertex -0.411347 -1.6284 0.712475
    endloop
  endfacet
  facet normal -0.528685 0 0.848818
    outer loop
      vertex -0.411347 -1.6284 0.712475
      vertex -0.458059 -0.0393701 0.68338
      vertex -0.458059 -1.6284 0.68338
    endloop
  endfacet
  facet normal -0.565206 0 0.82495
    outer loop
      vertex -0.458059 -1.6284 0.68338
      vertex -0.458059 -0.0393701 0.68338
      vertex -0.471878 -1.6284 0.673912
    endloop
  endfacet
  facet normal -0.586608 0.000275969 0.809871
    outer loop
      vertex -0.458059 -0.0393701 0.68338
      vertex -0.506502 -0.0393701 0.648292
      vertex -0.471878 -1.6284 0.673912
    endloop
  endfacet
  facet normal -0.594823 0 0.803856
    outer loop
      vertex -0.471878 -1.6284 0.673912
      vertex -0.506502 -0.0393701 0.648292
      vertex -0.506502 -1.6284 0.648292
    endloop
  endfacet
  facet normal 0.191969 -0.865077 -0.463453
    outer loop
      vertex 0.321873 -1.87929 -0.697264
      vertex 0.252735 -1.95906 -0.576997
      vertex 0.265441 -1.87929 -0.720638
    endloop
  endfacet
  facet normal 0.194427 -0.864744 -0.463051
    outer loop
      vertex 0.252735 -1.95906 -0.576997
      vertex 0.229461 -1.95913 -0.586642
      vertex 0.265441 -1.87929 -0.720638
    endloop
  endfacet
  facet normal -0.78801 0 -0.615662
    outer loop
      vertex -0.491644 -0.0393701 0.629275
      vertex -0.491644 -1.64233 0.629275
      vertex -0.506502 -0.0393701 0.648292
    endloop
  endfacet
  facet normal -0.78801 0 -0.615662
    outer loop
      vertex -0.491644 -1.64233 0.629275
      vertex -0.506502 -1.6284 0.648292
      vertex -0.506502 -0.0393701 0.648292
    endloop
  endfacet
  facet normal 0.065477 -0.865077 -0.497347
    outer loop
      vertex 0.13044 -1.87929 -0.756812
      vertex 0.0947854 -1.95906 -0.622749
      vertex 0.0698819 -1.87929 -0.764784
    endloop
  endfacet
  facet normal 0.0679564 -0.864744 -0.497594
    outer loop
      vertex 0.0947854 -1.95906 -0.622749
      vertex 0.0698086 -1.95913 -0.626041
      vertex 0.0698819 -1.87929 -0.764784
    endloop
  endfacet
  facet normal -0.629321 0 0.777145
    outer loop
      vertex -0.491644 -1.64233 0.629275
      vertex -0.491644 -0.0393701 0.629275
      vertex -0.513306 -1.64233 0.611734
    endloop
  endfacet
  facet normal -0.649448 0.000455171 0.760406
    outer loop
      vertex -0.491644 -0.0393701 0.629275
      vertex -0.544618 -0.0393701 0.584031
      vertex -0.513306 -1.64233 0.611734
    endloop
  endfacet
  facet normal -0.66262 0 0.748956
    outer loop
      vertex -0.513306 -1.64233 0.611734
      vertex -0.544618 -0.0393701 0.584031
      vertex -0.544618 -1.64233 0.584031
    endloop
  endfacet
  facet normal -0.694659 0 0.719339
    outer loop
      vertex -0.544618 -1.64233 0.584031
      vertex -0.544618 -0.0393701 0.584031
      vertex -0.564668 -1.64233 0.564668
    endloop
  endfacet
  facet normal -0.713251 0.000455179 0.700909
    outer loop
      vertex -0.544618 -0.0393701 0.584031
      vertex -0.593447 -0.0393701 0.534342
      vertex -0.564668 -1.64233 0.564668
    endloop
  endfacet
  facet normal -0.725374 0 0.688355
    outer loop
      vertex -0.564668 -1.64233 0.564668
      vertex -0.593447 -0.0393701 0.534342
      vertex -0.593447 -1.64233 0.534342
    endloop
  endfacet
  facet normal -0.065477 -0.865077 -0.497347
    outer loop
      vertex -0.0698819 -1.87929 -0.764784
      vertex -0.0696237 -1.95906 -0.626062
      vertex -0.13044 -1.87929 -0.756812
    endloop
  endfacet
  facet normal -0.0631455 -0.864744 -0.498228
    outer loop
      vertex -0.0696237 -1.95906 -0.626062
      vertex -0.0946014 -1.95913 -0.622777
      vertex -0.13044 -1.87929 -0.756812
    endloop
  endfacet
  facet normal 0.669131 0 0.743145
    outer loop
      vertex -0.611381 -0.0393701 0.55049
      vertex -0.611381 -1.6284 0.55049
      vertex -0.593447 -0.0393701 0.534342
    endloop
  endfacet
  facet normal 0.669131 0 0.743145
    outer loop
      vertex -0.611381 -1.6284 0.55049
      vertex -0.593447 -1.64233 0.534342
      vertex -0.593447 -0.0393701 0.534342
    endloop
  endfacet
  facet normal -0.754709 0 0.656059
    outer loop
      vertex -0.611381 -1.6284 0.55049
      vertex -0.611381 -0.0393701 0.55049
      vertex -0.630221 -1.6284 0.528818
    endloop
  endfacet
  facet normal -0.766979 0.00034168 0.641673
    outer loop
      vertex -0.611381 -0.0393701 0.55049
      vertex -0.649763 -0.0393701 0.504614
      vertex -0.630221 -1.6284 0.528818
    endloop
  endfacet
  facet normal -0.778061 0 0.628189
    outer loop
      vertex -0.630221 -1.6284 0.528818
      vertex -0.649763 -0.0393701 0.504614
      vertex -0.649763 -1.6284 0.504614
    endloop
  endfacet
  facet normal -0.804721 0 0.593654
    outer loop
      vertex -0.649763 -1.6284 0.504614
      vertex -0.649763 -0.0393701 0.504614
      vertex -0.673912 -1.6284 0.471878
    endloop
  endfacet
  facet normal -0.811574 0.000297881 0.58425
    outer loop
      vertex -0.649763 -0.0393701 0.504614
      vertex -0.68471 -0.0393701 0.456069
      vertex -0.673912 -1.6284 0.471878
    endloop
  endfacet
  facet normal -0.825771 0 0.564005
    outer loop
      vertex -0.673912 -1.6284 0.471878
      vertex -0.68471 -0.0393701 0.456069
      vertex -0.68471 -1.6284 0.456069
    endloop
  endfacet
  facet normal -0.851879 0 0.523738
    outer loop
      vertex -0.716037 -0.0393701 0.405114
      vertex -0.716037 -1.6284 0.405114
      vertex -0.68471 -0.0393701 0.456069
    endloop
  endfacet
  facet normal -0.868199 0.0012043 0.496216
    outer loop
      vertex -0.716037 -1.6284 0.405114
      vertex -0.712475 -1.6284 0.411347
      vertex -0.68471 -0.0393701 0.456069
    endloop
  endfacet
  facet normal -0.849586 0 0.527451
    outer loop
      vertex -0.68471 -0.0393701 0.456069
      vertex -0.712475 -1.6284 0.411347
      vertex -0.68471 -1.6284 0.456069
    endloop
  endfacet
  facet normal 0.463453 -0.865077 -0.191969
    outer loop
      vertex 0.720638 -1.87929 -0.265441
      vertex 0.586709 -1.95906 -0.229288
      vertex 0.697264 -1.87929 -0.321873
    endloop
  endfacet
  facet normal 0.464907 -0.864744 -0.189946
    outer loop
      vertex 0.586709 -1.95906 -0.229288
      vertex 0.577072 -1.95913 -0.252565
      vertex 0.697264 -1.87929 -0.321873
    endloop
  endfacet
  facet normal -0.492424 0 -0.870355
    outer loop
      vertex -0.695033 -0.0393701 0.393231
      vertex -0.695033 -1.64233 0.393231
      vertex -0.716037 -0.0393701 0.405114
    endloop
  endfacet
  facet normal -0.492424 0 -0.870355
    outer loop
      vertex -0.695033 -1.64233 0.393231
      vertex -0.716037 -1.6284 0.405114
      vertex -0.716037 -0.0393701 0.405114
    endloop
  endfacet
  facet normal 0.397976 -0.865077 -0.305378
    outer loop
      vertex 0.627382 -1.87929 -0.442912
      vertex 0.507374 -1.95906 -0.373327
      vertex 0.590198 -1.87929 -0.49137
    endloop
  endfacet
  facet normal 0.399905 -0.864744 -0.3038
    outer loop
      vertex 0.507374 -1.95906 -0.373327
      vertex 0.49204 -1.95913 -0.393316
      vertex 0.590198 -1.87929 -0.49137
    endloop
  endfacet
  facet normal -0.927184 0 0.374607
    outer loop
      vertex -0.72666 -0.0393701 0.331158
      vertex -0.752757 -0.0393701 0.266565
      vertex -0.752757 -1.64233 0.266565
    endloop
  endfacet
  facet normal -0.941175 0.00170625 0.337916
    outer loop
      vertex -0.752757 -1.64233 0.266565
      vertex -0.750402 -1.64233 0.273124
      vertex -0.72666 -0.0393701 0.331158
    endloop
  endfacet
  facet normal -0.92554 0 0.378649
    outer loop
      vertex -0.750402 -1.64233 0.273124
      vertex -0.72666 -1.64233 0.331158
      vertex -0.72666 -0.0393701 0.331158
    endloop
  endfacet
  facet normal -0.891006 0 0.453991
    outer loop
      vertex -0.72666 -0.0393701 0.331158
      vertex -0.72666 -1.64233 0.331158
      vertex -0.695033 -0.0393701 0.393231
    endloop
  endfacet
  facet normal -0.908141 0.00170619 0.41866
    outer loop
      vertex -0.72666 -1.64233 0.331158
      vertex -0.723743 -1.64233 0.337487
      vertex -0.695033 -0.0393701 0.393231
    endloop
  endfacet
  facet normal -0.889017 0 0.457874
    outer loop
      vertex -0.695033 -0.0393701 0.393231
      vertex -0.723743 -1.64233 0.337487
      vertex -0.695033 -1.64233 0.393231
    endloop
  endfacet
  facet normal 0.305378 -0.865077 -0.397976
    outer loop
      vertex 0.49137 -1.87929 -0.590198
      vertex 0.393461 -1.95906 -0.491924
      vertex 0.442912 -1.87929 -0.627382
    endloop
  endfacet
  facet normal 0.307649 -0.864744 -0.396951
    outer loop
      vertex 0.393461 -1.95906 -0.491924
      vertex 0.373477 -1.95913 -0.507263
      vertex 0.442912 -1.87929 -0.627382
    endloop
  endfacet
  facet normal 0.333807 0 0.942641
    outer loop
      vertex -0.775506 -0.0393701 0.274621
      vertex -0.775506 -1.6284 0.274621
      vertex -0.752757 -0.0393701 0.266565
    endloop
  endfacet
  facet normal 0.333807 0 0.942641
    outer loop
      vertex -0.775506 -1.6284 0.274621
      vertex -0.752757 -1.64233 0.266565
      vertex -0.752757 -0.0393701 0.266565
    endloop
  endfacet
  facet normal -0.954153 0 0.299319
    outer loop
      vertex -0.775506 -1.6284 0.274621
      vertex -0.775506 -0.0393701 0.274621
      vertex -0.79341 -0.0393701 0.217549
    endloop
  endfacet
  facet normal -0.95502 -0.000109533 0.296542
    outer loop
      vertex -0.775506 -1.6284 0.274621
      vertex -0.79341 -0.0393701 0.217549
      vertex -0.794662 -1.6284 0.212929
    endloop
  endfacet
  facet normal -0.973379 0.000100705 0.2292
    outer loop
      vertex -0.79341 -0.0393701 0.217549
      vertex -0.80712 -0.0393701 0.159326
      vertex -0.794662 -1.6284 0.212929
    endloop
  endfacet
  facet normal -0.974042 0 0.226369
    outer loop
      vertex -0.794662 -1.6284 0.212929
      vertex -0.80712 -0.0393701 0.159326
      vertex -0.80712 -1.6284 0.159326
    endloop
  endfacet
  facet normal -0.982989 0 0.183664
    outer loop
      vertex -0.80712 -1.6284 0.159326
      vertex -0.80712 -0.0393701 0.159326
      vertex -0.810196 -1.6284 0.142859
    endloop
  endfacet
  facet normal -0.98746 0.000275946 0.157871
    outer loop
      vertex -0.80712 -0.0393701 0.159326
      vertex -0.816563 -0.0393701 0.100261
      vertex -0.810196 -1.6284 0.142859
    endloop
  endfacet
  facet normal -0.989016 0 0.14781
    outer loop
      vertex -0.810196 -1.6284 0.142859
      vertex -0.816563 -0.0393701 0.100261
      vertex -0.816563 -1.6284 0.100261
    endloop
  endfacet
endsolid Mesh
