solid Mesh
  facet normal 0 0 -1
    outer loop
      vertex -0.255716 0.147638 -0.0787402
      vertex -0.426194 0.246063 -0.0787402
      vertex -0.241876 0.169363 -0.0787402
    endloop
  endfacet
  facet normal 0 0 -1
    outer loop
      vertex -0.426194 0.246063 -0.0787402
      vertex -0.403126 0.282272 -0.0787402
      vertex -0.241876 0.169363 -0.0787402
    endloop
  endfacet
  facet normal 0 0 -1
    outer loop
      vertex -0.241876 0.169363 -0.0787402
      vertex -0.403126 0.282272 -0.0787402
      vertex -0.226194 0.189799 -0.0787402
    endloop
  endfacet
  facet normal 0 0 -1
    outer loop
      vertex -0.403126 0.282272 -0.0787402
      vertex -0.37699 0.316332 -0.0787402
      vertex -0.226194 0.189799 -0.0787402
    endloop
  endfacet
  facet normal 0 0 -1
    outer loop
      vertex -0.226194 0.189799 -0.0787402
      vertex -0.37699 0.316332 -0.0787402
      vertex -0.208791 0.208791 -0.0787402
    endloop
  endfacet
  facet normal 0 0 -1
    outer loop
      vertex -0.37699 0.316332 -0.0787402
      vertex -0.347986 0.347986 -0.0787402
      vertex -0.208791 0.208791 -0.0787402
    endloop
  endfacet
  facet normal 0 0 -1
    outer loop
      vertex -0.208791 0.208791 -0.0787402
      vertex -0.347986 0.347986 -0.0787402
      vertex -0.189799 0.226194 -0.0787402
    endloop
  endfacet
  facet normal 0 0 -1
    outer loop
      vertex -0.347986 0.347986 -0.0787402
      vertex -0.316332 0.37699 -0.0787402
      vertex -0.189799 0.226194 -0.0787402
    endloop
  endfacet
  facet normal 0 0 -1
    outer loop
      vertex -0.189799 0.226194 -0.0787402
      vertex -0.316332 0.37699 -0.0787402
      vertex -0.169363 0.241876 -0.0787402
    endloop
  endfacet
  facet normal 0 0 -1
    outer loop
      vertex -0.316332 0.37699 -0.0787402
      vertex -0.282272 0.403126 -0.0787402
      vertex -0.169363 0.241876 -0.0787402
    endloop
  endfacet
  facet normal 0 0 -1
    outer loop
      vertex -0.169363 0.241876 -0.0787402
      vertex -0.282272 0.403126 -0.0787402
      vertex -0.147638 0.255716 -0.0787402
    endloop
  endfacet
  facet normal 0 0 -1
    outer loop
      vertex -0.282272 0.403126 -0.0787402
      vertex -0.246063 0.426194 -0.0787402
      vertex -0.147638 0.255716 -0.0787402
    endloop
  endfacet
  facet normal 0 0 -1
    outer loop
      vertex -0.147638 0.255716 -0.0787402
      vertex -0.246063 0.426194 -0.0787402
      vertex -0.124789 0.267611 -0.0787402
    endloop
  endfacet
  facet normal 0 0 -1
    outer loop
      vertex -0.246063 0.426194 -0.0787402
      vertex -0.207981 0.446018 -0.0787402
      vertex -0.124789 0.267611 -0.0787402
    endloop
  endfacet
  facet normal 0 0 -1
    outer loop
      vertex -0.124789 0.267611 -0.0787402
      vertex -0.207981 0.446018 -0.0787402
      vertex -0.10099 0.277468 -0.0787402
    endloop
  endfacet
  facet normal 0 0 -1
    outer loop
      vertex -0.207981 0.446018 -0.0787402
      vertex -0.168317 0.462447 -0.0787402
      vertex -0.10099 0.277468 -0.0787402
    endloop
  endfacet
  facet normal 0 0 -1
    outer loop
      vertex -0.10099 0.277468 -0.0787402
      vertex -0.168317 0.462447 -0.0787402
      vertex -0.0764229 0.285214 -0.0787402
    endloop
  endfacet
  facet normal 0 0 -1
    outer loop
      vertex -0.168317 0.462447 -0.0787402
      vertex -0.127372 0.475357 -0.0787402
      vertex -0.0764229 0.285214 -0.0787402
    endloop
  endfacet
  facet normal 0 0 -1
    outer loop
      vertex -0.0764229 0.285214 -0.0787402
      vertex -0.127372 0.475357 -0.0787402
      vertex -0.0512741 0.29079 -0.0787402
    endloop
  endfacet
  facet normal 0 0 -1
    outer loop
      vertex -0.127372 0.475357 -0.0787402
      vertex -0.0854568 0.484649 -0.0787402
      vertex -0.0512741 0.29079 -0.0787402
    endloop
  endfacet
  facet normal 0 0 -1
    outer loop
      vertex -0.0512741 0.29079 -0.0787402
      vertex -0.0854568 0.484649 -0.0787402
      vertex -0.025735 0.294152 -0.0787402
    endloop
  endfacet
  facet normal 0 0 -1
    outer loop
      vertex -0.0854568 0.484649 -0.0787402
      vertex -0.0428916 0.490253 -0.0787402
      vertex -0.025735 0.294152 -0.0787402
    endloop
  endfacet
  facet normal 0 0 -1
    outer loop
      vertex -0.025735 0.294152 -0.0787402
      vertex -0.0428916 0.490253 -0.0787402
      vertex -8.36448e-17 0.295276 -0.0787402
    endloop
  endfacet
  facet normal 0 0 -1
    outer loop
      vertex -0.0428916 0.490253 -0.0787402
      vertex -1.39408e-16 0.492126 -0.0787402
      vertex -8.36448e-17 0.295276 -0.0787402
    endloop
  endfacet
  facet normal 0 0 -1
    outer loop
      vertex -8.36448e-17 0.295276 -0.0787402
      vertex -1.39408e-16 0.492126 -0.0787402
      vertex 0.025735 0.294152 -0.0787402
    endloop
  endfacet
  facet normal 0 0 -1
    outer loop
      vertex -1.39408e-16 0.492126 -0.0787402
      vertex 0.0428916 0.490253 -0.0787402
      vertex 0.025735 0.294152 -0.0787402
    endloop
  endfacet
  facet normal 0 0 -1
    outer loop
      vertex 0.025735 0.294152 -0.0787402
      vertex 0.0428916 0.490253 -0.0787402
      vertex 0.0512741 0.29079 -0.0787402
    endloop
  endfacet
  facet normal 0 0 -1
    outer loop
      vertex 0.0428916 0.490253 -0.0787402
      vertex 0.0854568 0.484649 -0.0787402
      vertex 0.0512741 0.29079 -0.0787402
    endloop
  endfacet
  facet normal 0 0 -1
    outer loop
      vertex 0.0512741 0.29079 -0.0787402
      vertex 0.0854568 0.484649 -0.0787402
      vertex 0.0764229 0.285214 -0.0787402
    endloop
  endfacet
  facet normal 0 0 -1
    outer loop
      vertex 0.0854568 0.484649 -0.0787402
      vertex 0.127372 0.475357 -0.0787402
      vertex 0.0764229 0.285214 -0.0787402
    endloop
  endfacet
  facet normal 0 0 -1
    outer loop
      vertex 0.0764229 0.285214 -0.0787402
      vertex 0.127372 0.475357 -0.0787402
      vertex 0.10099 0.277468 -0.0787402
    endloop
  endfacet
  facet normal 0 0 -1
    outer loop
      vertex 0.127372 0.475357 -0.0787402
      vertex 0.168317 0.462447 -0.0787402
      vertex 0.10099 0.277468 -0.0787402
    endloop
  endfacet
  facet normal 0 0 -1
    outer loop
      vertex 0.10099 0.277468 -0.0787402
      vertex 0.168317 0.462447 -0.0787402
      vertex 0.124789 0.267611 -0.0787402
    endloop
  endfacet
  facet normal 0 0 -1
    outer loop
      vertex 0.168317 0.462447 -0.0787402
      vertex 0.207981 0.446018 -0.0787402
      vertex 0.124789 0.267611 -0.0787402
    endloop
  endfacet
  facet normal 0 0 -1
    outer loop
      vertex 0.124789 0.267611 -0.0787402
      vertex 0.207981 0.446018 -0.0787402
      vertex 0.147638 0.255716 -0.0787402
    endloop
  endfacet
  facet normal 0 0 -1
    outer loop
      vertex 0.207981 0.446018 -0.0787402
      vertex 0.246063 0.426194 -0.0787402
      vertex 0.147638 0.255716 -0.0787402
    endloop
  endfacet
  facet normal 0 0 -1
    outer loop
      vertex 0.147638 0.255716 -0.0787402
      vertex 0.246063 0.426194 -0.0787402
      vertex 0.169363 0.241876 -0.0787402
    endloop
  endfacet
  facet normal 0 0 -1
    outer loop
      vertex 0.246063 0.426194 -0.0787402
      vertex 0.282272 0.403126 -0.0787402
      vertex 0.169363 0.241876 -0.0787402
    endloop
  endfacet
  facet normal 0 0 -1
    outer loop
      vertex 0.169363 0.241876 -0.0787402
      vertex 0.282272 0.403126 -0.0787402
      vertex 0.189799 0.226194 -0.0787402
    endloop
  endfacet
  facet normal 0 0 -1
    outer loop
      vertex 0.282272 0.403126 -0.0787402
      vertex 0.316332 0.37699 -0.0787402
      vertex 0.189799 0.226194 -0.0787402
    endloop
  endfacet
  facet normal 0 0 -1
    outer loop
      vertex 0.189799 0.226194 -0.0787402
      vertex 0.316332 0.37699 -0.0787402
      vertex 0.208791 0.208791 -0.0787402
    endloop
  endfacet
  facet normal 0 0 -1
    outer loop
      vertex 0.316332 0.37699 -0.0787402
      vertex 0.347986 0.347986 -0.0787402
      vertex 0.208791 0.208791 -0.0787402
    endloop
  endfacet
  facet normal 0 0 -1
    outer loop
      vertex 0.208791 0.208791 -0.0787402
      vertex 0.347986 0.347986 -0.0787402
      vertex 0.226194 0.189799 -0.0787402
    endloop
  endfacet
  facet normal 0 0 -1
    outer loop
      vertex 0.347986 0.347986 -0.0787402
      vertex 0.37699 0.316332 -0.0787402
      vertex 0.226194 0.189799 -0.0787402
    endloop
  endfacet
  facet normal 0 0 -1
    outer loop
      vertex 0.226194 0.189799 -0.0787402
      vertex 0.37699 0.316332 -0.0787402
      vertex 0.241876 0.169363 -0.0787402
    endloop
  endfacet
  facet normal 0 0 -1
    outer loop
      vertex 0.37699 0.316332 -0.0787402
      vertex 0.403126 0.282272 -0.0787402
      vertex 0.241876 0.169363 -0.0787402
    endloop
  endfacet
  facet normal 0 0 -1
    outer loop
      vertex 0.241876 0.169363 -0.0787402
      vertex 0.403126 0.282272 -0.0787402
      vertex 0.255716 0.147638 -0.0787402
    endloop
  endfacet
  facet normal 0 0 -1
    outer loop
      vertex 0.403126 0.282272 -0.0787402
      vertex 0.426194 0.246063 -0.0787402
      vertex 0.255716 0.147638 -0.0787402
    endloop
  endfacet
  facet normal 0 0 -1
    outer loop
      vertex 0.255716 0.147638 -0.0787402
      vertex 0.426194 0.246063 -0.0787402
      vertex 0.267611 0.124789 -0.0787402
    endloop
  endfacet
  facet normal 0 0 -1
    outer loop
      vertex 0.426194 0.246063 -0.0787402
      vertex 0.446018 0.207981 -0.0787402
      vertex 0.267611 0.124789 -0.0787402
    endloop
  endfacet
  facet normal 0 0 -1
    outer loop
      vertex 0.267611 0.124789 -0.0787402
      vertex 0.446018 0.207981 -0.0787402
      vertex 0.277468 0.10099 -0.0787402
    endloop
  endfacet
  facet normal 0 0 -1
    outer loop
      vertex 0.446018 0.207981 -0.0787402
      vertex 0.462447 0.168317 -0.0787402
      vertex 0.277468 0.10099 -0.0787402
    endloop
  endfacet
  facet normal 0 0 -1
    outer loop
      vertex 0.277468 0.10099 -0.0787402
      vertex 0.462447 0.168317 -0.0787402
      vertex 0.285214 0.0764229 -0.0787402
    endloop
  endfacet
  facet normal 0 0 -1
    outer loop
      vertex 0.462447 0.168317 -0.0787402
      vertex 0.475357 0.127372 -0.0787402
      vertex 0.285214 0.0764229 -0.0787402
    endloop
  endfacet
  facet normal 0 0 -1
    outer loop
      vertex 0.285214 0.0764229 -0.0787402
      vertex 0.475357 0.127372 -0.0787402
      vertex 0.29079 0.0512741 -0.0787402
    endloop
  endfacet
  facet normal 0 0 -1
    outer loop
      vertex 0.475357 0.127372 -0.0787402
      vertex 0.484649 0.0854568 -0.0787402
      vertex 0.29079 0.0512741 -0.0787402
    endloop
  endfacet
  facet normal 0 0 -1
    outer loop
      vertex 0.29079 0.0512741 -0.0787402
      vertex 0.484649 0.0854568 -0.0787402
      vertex 0.294152 0.025735 -0.0787402
    endloop
  endfacet
  facet normal 0 0 -1
    outer loop
      vertex 0.484649 0.0854568 -0.0787402
      vertex 0.490253 0.0428916 -0.0787402
      vertex 0.294152 0.025735 -0.0787402
    endloop
  endfacet
  facet normal 0 0 -1
    outer loop
      vertex 0.294152 0.025735 -0.0787402
      vertex 0.490253 0.0428916 -0.0787402
      vertex 0.295276 1.26563e-16 -0.0787402
    endloop
  endfacet
  facet normal 0 0 -1
    outer loop
      vertex 0.490253 0.0428916 -0.0787402
      vertex 0.492126 9.04021e-17 -0.0787402
      vertex 0.295276 1.26563e-16 -0.0787402
    endloop
  endfacet
  facet normal 0 0 -1
    outer loop
      vertex 0.295276 1.26563e-16 -0.0787402
      vertex 0.492126 9.04021e-17 -0.0787402
      vertex 0.294152 -0.025735 -0.0787402
    endloop
  endfacet
  facet normal 0 0 -1
    outer loop
      vertex 0.492126 9.04021e-17 -0.0787402
      vertex 0.490253 -0.0428916 -0.0787402
      vertex 0.294152 -0.025735 -0.0787402
    endloop
  endfacet
  facet normal 0 0 -1
    outer loop
      vertex 0.294152 -0.025735 -0.0787402
      vertex 0.490253 -0.0428916 -0.0787402
      vertex 0.29079 -0.0512741 -0.0787402
    endloop
  endfacet
  facet normal 0 0 -1
    outer loop
      vertex 0.490253 -0.0428916 -0.0787402
      vertex 0.484649 -0.0854568 -0.0787402
      vertex 0.29079 -0.0512741 -0.0787402
    endloop
  endfacet
  facet normal 0 0 -1
    outer loop
      vertex 0.29079 -0.0512741 -0.0787402
      vertex 0.484649 -0.0854568 -0.0787402
      vertex 0.285214 -0.0764229 -0.0787402
    endloop
  endfacet
  facet normal 0 0 -1
    outer loop
      vertex 0.484649 -0.0854568 -0.0787402
      vertex 0.475357 -0.127372 -0.0787402
      vertex 0.285214 -0.0764229 -0.0787402
    endloop
  endfacet
  facet normal 0 0 -1
    outer loop
      vertex 0.285214 -0.0764229 -0.0787402
      vertex 0.475357 -0.127372 -0.0787402
      vertex 0.277468 -0.10099 -0.0787402
    endloop
  endfacet
  facet normal 0 0 -1
    outer loop
      vertex 0.475357 -0.127372 -0.0787402
      vertex 0.462447 -0.168317 -0.0787402
      vertex 0.277468 -0.10099 -0.0787402
    endloop
  endfacet
  facet normal 0 0 -1
    outer loop
      vertex 0.277468 -0.10099 -0.0787402
      vertex 0.462447 -0.168317 -0.0787402
      vertex 0.267611 -0.124789 -0.0787402
    endloop
  endfacet
  facet normal 0 0 -1
    outer loop
      vertex 0.462447 -0.168317 -0.0787402
      vertex 0.446018 -0.207981 -0.0787402
      vertex 0.267611 -0.124789 -0.0787402
    endloop
  endfacet
  facet normal 0 0 -1
    outer loop
      vertex 0.267611 -0.124789 -0.0787402
      vertex 0.446018 -0.207981 -0.0787402
      vertex 0.255716 -0.147638 -0.0787402
    endloop
  endfacet
  facet normal 0 0 -1
    outer loop
      vertex 0.446018 -0.207981 -0.0787402
      vertex 0.426194 -0.246063 -0.0787402
      vertex 0.255716 -0.147638 -0.0787402
    endloop
  endfacet
  facet normal 0 0 -1
    outer loop
      vertex 0.255716 -0.147638 -0.0787402
      vertex 0.426194 -0.246063 -0.0787402
      vertex 0.241876 -0.169363 -0.0787402
    endloop
  endfacet
  facet normal 0 0 -1
    outer loop
      vertex 0.426194 -0.246063 -0.0787402
      vertex 0.403126 -0.282272 -0.0787402
      vertex 0.241876 -0.169363 -0.0787402
    endloop
  endfacet
  facet normal 0 0 -1
    outer loop
      vertex 0.241876 -0.169363 -0.0787402
      vertex 0.403126 -0.282272 -0.0787402
      vertex 0.226194 -0.189799 -0.0787402
    endloop
  endfacet
  facet normal 0 0 -1
    outer loop
      vertex 0.403126 -0.282272 -0.0787402
      vertex 0.37699 -0.316332 -0.0787402
      vertex 0.226194 -0.189799 -0.0787402
    endloop
  endfacet
  facet normal 0 0 -1
    outer loop
      vertex 0.226194 -0.189799 -0.0787402
      vertex 0.37699 -0.316332 -0.0787402
      vertex 0.208791 -0.208791 -0.0787402
    endloop
  endfacet
  facet normal 0 0 -1
    outer loop
      vertex 0.37699 -0.316332 -0.0787402
      vertex 0.347986 -0.347986 -0.0787402
      vertex 0.208791 -0.208791 -0.0787402
    endloop
  endfacet
  facet normal 0 0 -1
    outer loop
      vertex 0.208791 -0.208791 -0.0787402
      vertex 0.347986 -0.347986 -0.0787402
      vertex 0.189799 -0.226194 -0.0787402
    endloop
  endfacet
  facet normal 0 0 -1
    outer loop
      vertex 0.347986 -0.347986 -0.0787402
      vertex 0.316332 -0.37699 -0.0787402
      vertex 0.189799 -0.226194 -0.0787402
    endloop
  endfacet
  facet normal 0 0 -1
    outer loop
      vertex 0.189799 -0.226194 -0.0787402
      vertex 0.316332 -0.37699 -0.0787402
      vertex 0.169363 -0.241876 -0.0787402
    endloop
  endfacet
  facet normal 0 0 -1
    outer loop
      vertex 0.316332 -0.37699 -0.0787402
      vertex 0.282272 -0.403126 -0.0787402
      vertex 0.169363 -0.241876 -0.0787402
    endloop
  endfacet
  facet normal 0 0 -1
    outer loop
      vertex 0.169363 -0.241876 -0.0787402
      vertex 0.282272 -0.403126 -0.0787402
      vertex 0.147638 -0.255716 -0.0787402
    endloop
  endfacet
  facet normal 0 0 -1
    outer loop
      vertex 0.282272 -0.403126 -0.0787402
      vertex 0.246063 -0.426194 -0.0787402
      vertex 0.147638 -0.255716 -0.0787402
    endloop
  endfacet
  facet normal 0 0 -1
    outer loop
      vertex 0.147638 -0.255716 -0.0787402
      vertex 0.246063 -0.426194 -0.0787402
      vertex 0.124789 -0.267611 -0.0787402
    endloop
  endfacet
  facet normal 0 0 -1
    outer loop
      vertex 0.246063 -0.426194 -0.0787402
      vertex 0.207981 -0.446018 -0.0787402
      vertex 0.124789 -0.267611 -0.0787402
    endloop
  endfacet
  facet normal 0 0 -1
    outer loop
      vertex 0.124789 -0.267611 -0.0787402
      vertex 0.207981 -0.446018 -0.0787402
      vertex 0.10099 -0.277468 -0.0787402
    endloop
  endfacet
  facet normal 0 0 -1
    outer loop
      vertex 0.207981 -0.446018 -0.0787402
      vertex 0.168317 -0.462447 -0.0787402
      vertex 0.10099 -0.277468 -0.0787402
    endloop
  endfacet
  facet normal 0 0 -1
    outer loop
      vertex 0.10099 -0.277468 -0.0787402
      vertex 0.168317 -0.462447 -0.0787402
      vertex 0.0764229 -0.285214 -0.0787402
    endloop
  endfacet
  facet normal 0 0 -1
    outer loop
      vertex 0.168317 -0.462447 -0.0787402
      vertex 0.127372 -0.475357 -0.0787402
      vertex 0.0764229 -0.285214 -0.0787402
    endloop
  endfacet
  facet normal 0 0 -1
    outer loop
      vertex 0.0764229 -0.285214 -0.0787402
      vertex 0.127372 -0.475357 -0.0787402
      vertex 0.0512741 -0.29079 -0.0787402
    endloop
  endfacet
  facet normal 0 0 -1
    outer loop
      vertex 0.127372 -0.475357 -0.0787402
      vertex 0.0854568 -0.484649 -0.0787402
      vertex 0.0512741 -0.29079 -0.0787402
    endloop
  endfacet
  facet normal 0 0 -1
    outer loop
      vertex 0.0512741 -0.29079 -0.0787402
      vertex 0.0854568 -0.484649 -0.0787402
      vertex 0.025735 -0.294152 -0.0787402
    endloop
  endfacet
  facet normal 0 0 -1
    outer loop
      vertex 0.0854568 -0.484649 -0.0787402
      vertex 0.0428916 -0.490253 -0.0787402
      vertex 0.025735 -0.294152 -0.0787402
    endloop
  endfacet
  facet normal 0 0 -1
    outer loop
      vertex 0.025735 -0.294152 -0.0787402
      vertex 0.0428916 -0.490253 -0.0787402
      vertex 3.16499e-16 -0.295276 -0.0787402
    endloop
  endfacet
  facet normal 0 0 -1
    outer loop
      vertex 0.0428916 -0.490253 -0.0787402
      vertex 5.27498e-16 -0.492126 -0.0787402
      vertex 3.16499e-16 -0.295276 -0.0787402
    endloop
  endfacet
  facet normal 0 0 -1
    outer loop
      vertex 3.16499e-16 -0.295276 -0.0787402
      vertex 5.27498e-16 -0.492126 -0.0787402
      vertex -0.025735 -0.294152 -0.0787402
    endloop
  endfacet
  facet normal 0 0 -1
    outer loop
      vertex 5.27498e-16 -0.492126 -0.0787402
      vertex -0.0428916 -0.490253 -0.0787402
      vertex -0.025735 -0.294152 -0.0787402
    endloop
  endfacet
  facet normal 0 0 -1
    outer loop
      vertex -0.025735 -0.294152 -0.0787402
      vertex -0.0428916 -0.490253 -0.0787402
      vertex -0.0512741 -0.29079 -0.0787402
    endloop
  endfacet
  facet normal 0 0 -1
    outer loop
      vertex -0.0428916 -0.490253 -0.0787402
      vertex -0.0854568 -0.484649 -0.0787402
      vertex -0.0512741 -0.29079 -0.0787402
    endloop
  endfacet
  facet normal 0 0 -1
    outer loop
      vertex -0.0512741 -0.29079 -0.0787402
      vertex -0.0854568 -0.484649 -0.0787402
      vertex -0.0764229 -0.285214 -0.0787402
    endloop
  endfacet
  facet normal 0 0 -1
    outer loop
      vertex -0.0854568 -0.484649 -0.0787402
      vertex -0.127372 -0.475357 -0.0787402
      vertex -0.0764229 -0.285214 -0.0787402
    endloop
  endfacet
  facet normal 0 0 -1
    outer loop
      vertex -0.0764229 -0.285214 -0.0787402
      vertex -0.127372 -0.475357 -0.0787402
      vertex -0.10099 -0.277468 -0.0787402
    endloop
  endfacet
  facet normal 0 0 -1
    outer loop
      vertex -0.127372 -0.475357 -0.0787402
      vertex -0.168317 -0.462447 -0.0787402
      vertex -0.10099 -0.277468 -0.0787402
    endloop
  endfacet
  facet normal 0 0 -1
    outer loop
      vertex -0.10099 -0.277468 -0.0787402
      vertex -0.168317 -0.462447 -0.0787402
      vertex -0.124789 -0.267611 -0.0787402
    endloop
  endfacet
  facet normal 0 0 -1
    outer loop
      vertex -0.168317 -0.462447 -0.0787402
      vertex -0.207981 -0.446018 -0.0787402
      vertex -0.124789 -0.267611 -0.0787402
    endloop
  endfacet
  facet normal 0 0 -1
    outer loop
      vertex -0.124789 -0.267611 -0.0787402
      vertex -0.207981 -0.446018 -0.0787402
      vertex -0.147638 -0.255716 -0.0787402
    endloop
  endfacet
  facet normal 0 0 -1
    outer loop
      vertex -0.207981 -0.446018 -0.0787402
      vertex -0.246063 -0.426194 -0.0787402
      vertex -0.147638 -0.255716 -0.0787402
    endloop
  endfacet
  facet normal 0 0 -1
    outer loop
      vertex -0.147638 -0.255716 -0.0787402
      vertex -0.246063 -0.426194 -0.0787402
      vertex -0.169363 -0.241876 -0.0787402
    endloop
  endfacet
  facet normal 0 0 -1
    outer loop
      vertex -0.246063 -0.426194 -0.0787402
      vertex -0.282272 -0.403126 -0.0787402
      vertex -0.169363 -0.241876 -0.0787402
    endloop
  endfacet
  facet normal 0 0 -1
    outer loop
      vertex -0.169363 -0.241876 -0.0787402
      vertex -0.282272 -0.403126 -0.0787402
      vertex -0.189799 -0.226194 -0.0787402
    endloop
  endfacet
  facet normal 0 0 -1
    outer loop
      vertex -0.282272 -0.403126 -0.0787402
      vertex -0.316332 -0.37699 -0.0787402
      vertex -0.189799 -0.226194 -0.0787402
    endloop
  endfacet
  facet normal 0 0 -1
    outer loop
      vertex -0.189799 -0.226194 -0.0787402
      vertex -0.316332 -0.37699 -0.0787402
      vertex -0.208791 -0.208791 -0.0787402
    endloop
  endfacet
  facet normal 0 0 -1
    outer loop
      vertex -0.316332 -0.37699 -0.0787402
      vertex -0.347986 -0.347986 -0.0787402
      vertex -0.208791 -0.208791 -0.0787402
    endloop
  endfacet
  facet normal 0 0 -1
    outer loop
      vertex -0.208791 -0.208791 -0.0787402
      vertex -0.347986 -0.347986 -0.0787402
      vertex -0.226194 -0.189799 -0.0787402
    endloop
  endfacet
  facet normal 0 0 -1
    outer loop
      vertex -0.347986 -0.347986 -0.0787402
      vertex -0.37699 -0.316332 -0.0787402
      vertex -0.226194 -0.189799 -0.0787402
    endloop
  endfacet
  facet normal 0 0 -1
    outer loop
      vertex -0.226194 -0.189799 -0.0787402
      vertex -0.37699 -0.316332 -0.0787402
      vertex -0.241876 -0.169363 -0.0787402
    endloop
  endfacet
  facet normal 0 0 -1
    outer loop
      vertex -0.37699 -0.316332 -0.0787402
      vertex -0.403126 -0.282272 -0.0787402
      vertex -0.241876 -0.169363 -0.0787402
    endloop
  endfacet
  facet normal 0 0 -1
    outer loop
      vertex -0.241876 -0.169363 -0.0787402
      vertex -0.403126 -0.282272 -0.0787402
      vertex -0.255716 -0.147638 -0.0787402
    endloop
  endfacet
  facet normal 0 0 -1
    outer loop
      vertex -0.403126 -0.282272 -0.0787402
      vertex -0.426194 -0.246063 -0.0787402
      vertex -0.255716 -0.147638 -0.0787402
    endloop
  endfacet
  facet normal 0 0 -1
    outer loop
      vertex -0.255716 -0.147638 -0.0787402
      vertex -0.426194 -0.246063 -0.0787402
      vertex -0.267611 -0.124789 -0.0787402
    endloop
  endfacet
  facet normal 0 0 -1
    outer loop
      vertex -0.426194 -0.246063 -0.0787402
      vertex -0.446018 -0.207981 -0.0787402
      vertex -0.267611 -0.124789 -0.0787402
    endloop
  endfacet
  facet normal 0 0 -1
    outer loop
      vertex -0.267611 -0.124789 -0.0787402
      vertex -0.446018 -0.207981 -0.0787402
      vertex -0.277468 -0.10099 -0.0787402
    endloop
  endfacet
  facet normal 0 0 -1
    outer loop
      vertex -0.446018 -0.207981 -0.0787402
      vertex -0.462447 -0.168317 -0.0787402
      vertex -0.277468 -0.10099 -0.0787402
    endloop
  endfacet
  facet normal 0 0 -1
    outer loop
      vertex -0.277468 -0.10099 -0.0787402
      vertex -0.462447 -0.168317 -0.0787402
      vertex -0.285214 -0.0764229 -0.0787402
    endloop
  endfacet
  facet normal 0 0 -1
    outer loop
      vertex -0.462447 -0.168317 -0.0787402
      vertex -0.475357 -0.127372 -0.0787402
      vertex -0.285214 -0.0764229 -0.0787402
    endloop
  endfacet
  facet normal 0 0 -1
    outer loop
      vertex -0.285214 -0.0764229 -0.0787402
      vertex -0.475357 -0.127372 -0.0787402
      vertex -0.29079 -0.0512741 -0.0787402
    endloop
  endfacet
  facet normal 0 0 -1
    outer loop
      vertex -0.475357 -0.127372 -0.0787402
      vertex -0.484649 -0.0854568 -0.0787402
      vertex -0.29079 -0.0512741 -0.0787402
    endloop
  endfacet
  facet normal 0 0 -1
    outer loop
      vertex -0.29079 -0.0512741 -0.0787402
      vertex -0.484649 -0.0854568 -0.0787402
      vertex -0.294152 -0.025735 -0.0787402
    endloop
  endfacet
  facet normal 0 0 -1
    outer loop
      vertex -0.484649 -0.0854568 -0.0787402
      vertex -0.490253 -0.0428916 -0.0787402
      vertex -0.294152 -0.025735 -0.0787402
    endloop
  endfacet
  facet normal 0 0 -1
    outer loop
      vertex -0.294152 -0.025735 -0.0787402
      vertex -0.490253 -0.0428916 -0.0787402
      vertex -0.295276 1.80804e-17 -0.0787402
    endloop
  endfacet
  facet normal 0 0 -1
    outer loop
      vertex -0.490253 -0.0428916 -0.0787402
      vertex -0.492126 3.0134e-17 -0.0787402
      vertex -0.295276 1.80804e-17 -0.0787402
    endloop
  endfacet
  facet normal 0 0 -1
    outer loop
      vertex -0.295276 1.80804e-17 -0.0787402
      vertex -0.492126 3.0134e-17 -0.0787402
      vertex -0.294152 0.025735 -0.0787402
    endloop
  endfacet
  facet normal 0 0 -1
    outer loop
      vertex -0.492126 3.0134e-17 -0.0787402
      vertex -0.490253 0.0428916 -0.0787402
      vertex -0.294152 0.025735 -0.0787402
    endloop
  endfacet
  facet normal 0 0 -1
    outer loop
      vertex -0.294152 0.025735 -0.0787402
      vertex -0.490253 0.0428916 -0.0787402
      vertex -0.29079 0.0512741 -0.0787402
    endloop
  endfacet
  facet normal 0 0 -1
    outer loop
      vertex -0.490253 0.0428916 -0.0787402
      vertex -0.484649 0.0854568 -0.0787402
      vertex -0.29079 0.0512741 -0.0787402
    endloop
  endfacet
  facet normal 0 0 -1
    outer loop
      vertex -0.29079 0.0512741 -0.0787402
      vertex -0.484649 0.0854568 -0.0787402
      vertex -0.285214 0.0764229 -0.0787402
    endloop
  endfacet
  facet normal 0 0 -1
    outer loop
      vertex -0.484649 0.0854568 -0.0787402
      vertex -0.475357 0.127372 -0.0787402
      vertex -0.285214 0.0764229 -0.0787402
    endloop
  endfacet
  facet normal 0 0 -1
    outer loop
      vertex -0.285214 0.0764229 -0.0787402
      vertex -0.475357 0.127372 -0.0787402
      vertex -0.277468 0.10099 -0.0787402
    endloop
  endfacet
  facet normal 0 0 -1
    outer loop
      vertex -0.475357 0.127372 -0.0787402
      vertex -0.462447 0.168317 -0.0787402
      vertex -0.277468 0.10099 -0.0787402
    endloop
  endfacet
  facet normal 0 0 -1
    outer loop
      vertex -0.277468 0.10099 -0.0787402
      vertex -0.462447 0.168317 -0.0787402
      vertex -0.267611 0.124789 -0.0787402
    endloop
  endfacet
  facet normal 0 0 -1
    outer loop
      vertex -0.462447 0.168317 -0.0787402
      vertex -0.446018 0.207981 -0.0787402
      vertex -0.267611 0.124789 -0.0787402
    endloop
  endfacet
  facet normal 0 0 -1
    outer loop
      vertex -0.267611 0.124789 -0.0787402
      vertex -0.446018 0.207981 -0.0787402
      vertex -0.255716 0.147638 -0.0787402
    endloop
  endfacet
  facet normal 0 0 -1
    outer loop
      vertex -0.446018 0.207981 -0.0787402
      vertex -0.426194 0.246063 -0.0787402
      vertex -0.255716 0.147638 -0.0787402
    endloop
  endfacet
  facet normal -0.999048 0.0436189 0
    outer loop
      vertex -0.295276 1.80804e-17 -0.15748
      vertex -0.294152 0.025735 -0.0787402
      vertex -0.294152 0.025735 -0.15748
    endloop
  endfacet
  facet normal -0.991445 0.130526 0
    outer loop
      vertex -0.294152 0.025735 -0.0787402
      vertex -0.29079 0.0512741 -0.0787402
      vertex -0.294152 0.025735 -0.15748
    endloop
  endfacet
  facet normal -0.991445 0.130526 0
    outer loop
      vertex -0.294152 0.025735 -0.15748
      vertex -0.29079 0.0512741 -0.0787402
      vertex -0.29079 0.0512741 -0.15748
    endloop
  endfacet
  facet normal -0.976296 0.21644 0
    outer loop
      vertex -0.29079 0.0512741 -0.0787402
      vertex -0.285214 0.0764229 -0.0787402
      vertex -0.29079 0.0512741 -0.15748
    endloop
  endfacet
  facet normal -0.976296 0.21644 0
    outer loop
      vertex -0.29079 0.0512741 -0.15748
      vertex -0.285214 0.0764229 -0.0787402
      vertex -0.285214 0.0764229 -0.15748
    endloop
  endfacet
  facet normal -0.953717 0.300706 0
    outer loop
      vertex -0.285214 0.0764229 -0.0787402
      vertex -0.277468 0.10099 -0.0787402
      vertex -0.285214 0.0764229 -0.15748
    endloop
  endfacet
  facet normal -0.953717 0.300706 0
    outer loop
      vertex -0.285214 0.0764229 -0.15748
      vertex -0.277468 0.10099 -0.0787402
      vertex -0.277468 0.10099 -0.15748
    endloop
  endfacet
  facet normal -0.92388 0.382683 0
    outer loop
      vertex -0.277468 0.10099 -0.0787402
      vertex -0.267611 0.124789 -0.0787402
      vertex -0.277468 0.10099 -0.15748
    endloop
  endfacet
  facet normal -0.92388 0.382683 0
    outer loop
      vertex -0.277468 0.10099 -0.15748
      vertex -0.267611 0.124789 -0.0787402
      vertex -0.267611 0.124789 -0.15748
    endloop
  endfacet
  facet normal -0.887011 0.461749 0
    outer loop
      vertex -0.267611 0.124789 -0.0787402
      vertex -0.255716 0.147638 -0.0787402
      vertex -0.267611 0.124789 -0.15748
    endloop
  endfacet
  facet normal -0.887011 0.461749 0
    outer loop
      vertex -0.267611 0.124789 -0.15748
      vertex -0.255716 0.147638 -0.0787402
      vertex -0.255716 0.147638 -0.15748
    endloop
  endfacet
  facet normal -0.843392 0.537299 0
    outer loop
      vertex -0.255716 0.147638 -0.0787402
      vertex -0.241876 0.169363 -0.0787402
      vertex -0.255716 0.147638 -0.15748
    endloop
  endfacet
  facet normal -0.843392 0.537299 0
    outer loop
      vertex -0.255716 0.147638 -0.15748
      vertex -0.241876 0.169363 -0.0787402
      vertex -0.241876 0.169363 -0.15748
    endloop
  endfacet
  facet normal -0.793353 0.608762 0
    outer loop
      vertex -0.241876 0.169363 -0.0787402
      vertex -0.226194 0.189799 -0.0787402
      vertex -0.241876 0.169363 -0.15748
    endloop
  endfacet
  facet normal -0.793353 0.608762 0
    outer loop
      vertex -0.241876 0.169363 -0.15748
      vertex -0.226194 0.189799 -0.0787402
      vertex -0.226194 0.189799 -0.15748
    endloop
  endfacet
  facet normal -0.737278 0.67559 0
    outer loop
      vertex -0.226194 0.189799 -0.0787402
      vertex -0.208791 0.208791 -0.0787402
      vertex -0.226194 0.189799 -0.15748
    endloop
  endfacet
  facet normal -0.737278 0.67559 0
    outer loop
      vertex -0.226194 0.189799 -0.15748
      vertex -0.208791 0.208791 -0.0787402
      vertex -0.208791 0.208791 -0.15748
    endloop
  endfacet
  facet normal -0.67559 0.737278 0
    outer loop
      vertex -0.208791 0.208791 -0.0787402
      vertex -0.189799 0.226194 -0.0787402
      vertex -0.208791 0.208791 -0.15748
    endloop
  endfacet
  facet normal -0.67559 0.737278 0
    outer loop
      vertex -0.208791 0.208791 -0.15748
      vertex -0.189799 0.226194 -0.0787402
      vertex -0.189799 0.226194 -0.15748
    endloop
  endfacet
  facet normal -0.608762 0.793353 0
    outer loop
      vertex -0.189799 0.226194 -0.0787402
      vertex -0.169363 0.241876 -0.0787402
      vertex -0.189799 0.226194 -0.15748
    endloop
  endfacet
  facet normal -0.608762 0.793353 0
    outer loop
      vertex -0.189799 0.226194 -0.15748
      vertex -0.169363 0.241876 -0.0787402
      vertex -0.169363 0.241876 -0.15748
    endloop
  endfacet
  facet normal -0.537299 0.843392 0
    outer loop
      vertex -0.169363 0.241876 -0.0787402
      vertex -0.147638 0.255716 -0.0787402
      vertex -0.169363 0.241876 -0.15748
    endloop
  endfacet
  facet normal -0.537299 0.843392 0
    outer loop
      vertex -0.169363 0.241876 -0.15748
      vertex -0.147638 0.255716 -0.0787402
      vertex -0.147638 0.255716 -0.15748
    endloop
  endfacet
  facet normal -0.461749 0.887011 0
    outer loop
      vertex -0.147638 0.255716 -0.0787402
      vertex -0.124789 0.267611 -0.0787402
      vertex -0.147638 0.255716 -0.15748
    endloop
  endfacet
  facet normal -0.461749 0.887011 0
    outer loop
      vertex -0.147638 0.255716 -0.15748
      vertex -0.124789 0.267611 -0.0787402
      vertex -0.124789 0.267611 -0.15748
    endloop
  endfacet
  facet normal -0.382683 0.92388 0
    outer loop
      vertex -0.124789 0.267611 -0.0787402
      vertex -0.10099 0.277468 -0.0787402
      vertex -0.124789 0.267611 -0.15748
    endloop
  endfacet
  facet normal -0.382683 0.92388 0
    outer loop
      vertex -0.124789 0.267611 -0.15748
      vertex -0.10099 0.277468 -0.0787402
      vertex -0.10099 0.277468 -0.15748
    endloop
  endfacet
  facet normal -0.300706 0.953717 0
    outer loop
      vertex -0.10099 0.277468 -0.0787402
      vertex -0.0764229 0.285214 -0.0787402
      vertex -0.10099 0.277468 -0.15748
    endloop
  endfacet
  facet normal -0.300706 0.953717 0
    outer loop
      vertex -0.10099 0.277468 -0.15748
      vertex -0.0764229 0.285214 -0.0787402
      vertex -0.0764229 0.285214 -0.15748
    endloop
  endfacet
  facet normal -0.21644 0.976296 0
    outer loop
      vertex -0.0764229 0.285214 -0.0787402
      vertex -0.0512741 0.29079 -0.0787402
      vertex -0.0764229 0.285214 -0.15748
    endloop
  endfacet
  facet normal -0.21644 0.976296 0
    outer loop
      vertex -0.0764229 0.285214 -0.15748
      vertex -0.0512741 0.29079 -0.0787402
      vertex -0.0512741 0.29079 -0.15748
    endloop
  endfacet
  facet normal -0.130526 0.991445 0
    outer loop
      vertex -0.0512741 0.29079 -0.0787402
      vertex -0.025735 0.294152 -0.0787402
      vertex -0.0512741 0.29079 -0.15748
    endloop
  endfacet
  facet normal -0.130526 0.991445 0
    outer loop
      vertex -0.0512741 0.29079 -0.15748
      vertex -0.025735 0.294152 -0.0787402
      vertex -0.025735 0.294152 -0.15748
    endloop
  endfacet
  facet normal -0.0436189 0.999048 0
    outer loop
      vertex -0.025735 0.294152 -0.0787402
      vertex -8.36448e-17 0.295276 -0.0787402
      vertex -0.025735 0.294152 -0.15748
    endloop
  endfacet
  facet normal -0.0436189 0.999048 0
    outer loop
      vertex -0.025735 0.294152 -0.15748
      vertex -8.36448e-17 0.295276 -0.0787402
      vertex -8.36448e-17 0.295276 -0.15748
    endloop
  endfacet
  facet normal 0.0436189 0.999048 0
    outer loop
      vertex -8.36448e-17 0.295276 -0.0787402
      vertex 0.025735 0.294152 -0.0787402
      vertex -8.36448e-17 0.295276 -0.15748
    endloop
  endfacet
  facet normal 0.0436189 0.999048 0
    outer loop
      vertex -8.36448e-17 0.295276 -0.15748
      vertex 0.025735 0.294152 -0.0787402
      vertex 0.025735 0.294152 -0.15748
    endloop
  endfacet
  facet normal 0.130526 0.991445 0
    outer loop
      vertex 0.025735 0.294152 -0.0787402
      vertex 0.0512741 0.29079 -0.0787402
      vertex 0.025735 0.294152 -0.15748
    endloop
  endfacet
  facet normal 0.130526 0.991445 0
    outer loop
      vertex 0.025735 0.294152 -0.15748
      vertex 0.0512741 0.29079 -0.0787402
      vertex 0.0512741 0.29079 -0.15748
    endloop
  endfacet
  facet normal 0.21644 0.976296 0
    outer loop
      vertex 0.0512741 0.29079 -0.0787402
      vertex 0.0764229 0.285214 -0.0787402
      vertex 0.0512741 0.29079 -0.15748
    endloop
  endfacet
  facet normal 0.21644 0.976296 0
    outer loop
      vertex 0.0512741 0.29079 -0.15748
      vertex 0.0764229 0.285214 -0.0787402
      vertex 0.0764229 0.285214 -0.15748
    endloop
  endfacet
  facet normal 0.300706 0.953717 0
    outer loop
      vertex 0.0764229 0.285214 -0.0787402
      vertex 0.10099 0.277468 -0.0787402
      vertex 0.0764229 0.285214 -0.15748
    endloop
  endfacet
  facet normal 0.300706 0.953717 0
    outer loop
      vertex 0.0764229 0.285214 -0.15748
      vertex 0.10099 0.277468 -0.0787402
      vertex 0.10099 0.277468 -0.15748
    endloop
  endfacet
  facet normal 0.382683 0.92388 0
    outer loop
      vertex 0.10099 0.277468 -0.0787402
      vertex 0.124789 0.267611 -0.0787402
      vertex 0.10099 0.277468 -0.15748
    endloop
  endfacet
  facet normal 0.382683 0.92388 0
    outer loop
      vertex 0.10099 0.277468 -0.15748
      vertex 0.124789 0.267611 -0.0787402
      vertex 0.124789 0.267611 -0.15748
    endloop
  endfacet
  facet normal 0.461749 0.887011 0
    outer loop
      vertex 0.124789 0.267611 -0.0787402
      vertex 0.147638 0.255716 -0.0787402
      vertex 0.124789 0.267611 -0.15748
    endloop
  endfacet
  facet normal 0.461749 0.887011 0
    outer loop
      vertex 0.124789 0.267611 -0.15748
      vertex 0.147638 0.255716 -0.0787402
      vertex 0.147638 0.255716 -0.15748
    endloop
  endfacet
  facet normal 0.537299 0.843392 0
    outer loop
      vertex 0.147638 0.255716 -0.0787402
      vertex 0.169363 0.241876 -0.0787402
      vertex 0.147638 0.255716 -0.15748
    endloop
  endfacet
  facet normal 0.537299 0.843392 0
    outer loop
      vertex 0.147638 0.255716 -0.15748
      vertex 0.169363 0.241876 -0.0787402
      vertex 0.169363 0.241876 -0.15748
    endloop
  endfacet
  facet normal 0.608762 0.793353 0
    outer loop
      vertex 0.169363 0.241876 -0.0787402
      vertex 0.189799 0.226194 -0.0787402
      vertex 0.169363 0.241876 -0.15748
    endloop
  endfacet
  facet normal 0.608762 0.793353 0
    outer loop
      vertex 0.169363 0.241876 -0.15748
      vertex 0.189799 0.226194 -0.0787402
      vertex 0.189799 0.226194 -0.15748
    endloop
  endfacet
  facet normal 0.67559 0.737278 0
    outer loop
      vertex 0.189799 0.226194 -0.0787402
      vertex 0.208791 0.208791 -0.0787402
      vertex 0.189799 0.226194 -0.15748
    endloop
  endfacet
  facet normal 0.67559 0.737278 0
    outer loop
      vertex 0.189799 0.226194 -0.15748
      vertex 0.208791 0.208791 -0.0787402
      vertex 0.208791 0.208791 -0.15748
    endloop
  endfacet
  facet normal 0.737278 0.67559 0
    outer loop
      vertex 0.208791 0.208791 -0.0787402
      vertex 0.226194 0.189799 -0.0787402
      vertex 0.208791 0.208791 -0.15748
    endloop
  endfacet
  facet normal 0.737278 0.67559 0
    outer loop
      vertex 0.208791 0.208791 -0.15748
      vertex 0.226194 0.189799 -0.0787402
      vertex 0.226194 0.189799 -0.15748
    endloop
  endfacet
  facet normal 0.793353 0.608762 0
    outer loop
      vertex 0.226194 0.189799 -0.0787402
      vertex 0.241876 0.169363 -0.0787402
      vertex 0.226194 0.189799 -0.15748
    endloop
  endfacet
  facet normal 0.793353 0.608762 0
    outer loop
      vertex 0.226194 0.189799 -0.15748
      vertex 0.241876 0.169363 -0.0787402
      vertex 0.241876 0.169363 -0.15748
    endloop
  endfacet
  facet normal 0.843392 0.537299 0
    outer loop
      vertex 0.241876 0.169363 -0.0787402
      vertex 0.255716 0.147638 -0.0787402
      vertex 0.241876 0.169363 -0.15748
    endloop
  endfacet
  facet normal 0.843392 0.537299 0
    outer loop
      vertex 0.241876 0.169363 -0.15748
      vertex 0.255716 0.147638 -0.0787402
      vertex 0.255716 0.147638 -0.15748
    endloop
  endfacet
  facet normal 0.887011 0.461749 0
    outer loop
      vertex 0.255716 0.147638 -0.0787402
      vertex 0.267611 0.124789 -0.0787402
      vertex 0.255716 0.147638 -0.15748
    endloop
  endfacet
  facet normal 0.887011 0.461749 0
    outer loop
      vertex 0.255716 0.147638 -0.15748
      vertex 0.267611 0.124789 -0.0787402
      vertex 0.267611 0.124789 -0.15748
    endloop
  endfacet
  facet normal 0.92388 0.382683 0
    outer loop
      vertex 0.267611 0.124789 -0.0787402
      vertex 0.277468 0.10099 -0.0787402
      vertex 0.267611 0.124789 -0.15748
    endloop
  endfacet
  facet normal 0.92388 0.382683 0
    outer loop
      vertex 0.267611 0.124789 -0.15748
      vertex 0.277468 0.10099 -0.0787402
      vertex 0.277468 0.10099 -0.15748
    endloop
  endfacet
  facet normal 0.953717 0.300706 0
    outer loop
      vertex 0.277468 0.10099 -0.0787402
      vertex 0.285214 0.0764229 -0.0787402
      vertex 0.277468 0.10099 -0.15748
    endloop
  endfacet
  facet normal 0.953717 0.300706 0
    outer loop
      vertex 0.277468 0.10099 -0.15748
      vertex 0.285214 0.0764229 -0.0787402
      vertex 0.285214 0.0764229 -0.15748
    endloop
  endfacet
  facet normal 0.976296 0.21644 0
    outer loop
      vertex 0.285214 0.0764229 -0.0787402
      vertex 0.29079 0.0512741 -0.0787402
      vertex 0.285214 0.0764229 -0.15748
    endloop
  endfacet
  facet normal 0.976296 0.21644 0
    outer loop
      vertex 0.285214 0.0764229 -0.15748
      vertex 0.29079 0.0512741 -0.0787402
      vertex 0.29079 0.0512741 -0.15748
    endloop
  endfacet
  facet normal 0.991445 0.130526 0
    outer loop
      vertex 0.29079 0.0512741 -0.0787402
      vertex 0.294152 0.025735 -0.0787402
      vertex 0.29079 0.0512741 -0.15748
    endloop
  endfacet
  facet normal 0.991445 0.130526 0
    outer loop
      vertex 0.29079 0.0512741 -0.15748
      vertex 0.294152 0.025735 -0.0787402
      vertex 0.294152 0.025735 -0.15748
    endloop
  endfacet
  facet normal 0.999048 0.0436189 0
    outer loop
      vertex 0.294152 0.025735 -0.0787402
      vertex 0.295276 1.26563e-16 -0.0787402
      vertex 0.294152 0.025735 -0.15748
    endloop
  endfacet
  facet normal 0.999048 0.0436189 -4.04557e-17
    outer loop
      vertex 0.294152 0.025735 -0.15748
      vertex 0.295276 1.26563e-16 -0.0787402
      vertex 0.295276 5.42412e-17 -0.15748
    endloop
  endfacet
  facet normal 0.999048 -0.0436189 4.00633e-17
    outer loop
      vertex 0.295276 1.26563e-16 -0.0787402
      vertex 0.294152 -0.025735 -0.0787402
      vertex 0.295276 5.42412e-17 -0.15748
    endloop
  endfacet
  facet normal 0.999048 -0.0436189 0
    outer loop
      vertex 0.295276 5.42412e-17 -0.15748
      vertex 0.294152 -0.025735 -0.0787402
      vertex 0.294152 -0.025735 -0.15748
    endloop
  endfacet
  facet normal 0.991445 -0.130526 0
    outer loop
      vertex 0.294152 -0.025735 -0.0787402
      vertex 0.29079 -0.0512741 -0.0787402
      vertex 0.294152 -0.025735 -0.15748
    endloop
  endfacet
  facet normal 0.991445 -0.130526 0
    outer loop
      vertex 0.294152 -0.025735 -0.15748
      vertex 0.29079 -0.0512741 -0.0787402
      vertex 0.29079 -0.0512741 -0.15748
    endloop
  endfacet
  facet normal 0.976296 -0.21644 0
    outer loop
      vertex 0.29079 -0.0512741 -0.0787402
      vertex 0.285214 -0.0764229 -0.0787402
      vertex 0.29079 -0.0512741 -0.15748
    endloop
  endfacet
  facet normal 0.976296 -0.21644 0
    outer loop
      vertex 0.29079 -0.0512741 -0.15748
      vertex 0.285214 -0.0764229 -0.0787402
      vertex 0.285214 -0.0764229 -0.15748
    endloop
  endfacet
  facet normal 0.953717 -0.300706 0
    outer loop
      vertex 0.285214 -0.0764229 -0.0787402
      vertex 0.277468 -0.10099 -0.0787402
      vertex 0.285214 -0.0764229 -0.15748
    endloop
  endfacet
  facet normal 0.953717 -0.300706 0
    outer loop
      vertex 0.285214 -0.0764229 -0.15748
      vertex 0.277468 -0.10099 -0.0787402
      vertex 0.277468 -0.10099 -0.15748
    endloop
  endfacet
  facet normal 0.92388 -0.382683 0
    outer loop
      vertex 0.277468 -0.10099 -0.0787402
      vertex 0.267611 -0.124789 -0.0787402
      vertex 0.277468 -0.10099 -0.15748
    endloop
  endfacet
  facet normal 0.92388 -0.382683 0
    outer loop
      vertex 0.277468 -0.10099 -0.15748
      vertex 0.267611 -0.124789 -0.0787402
      vertex 0.267611 -0.124789 -0.15748
    endloop
  endfacet
  facet normal 0.887011 -0.461749 0
    outer loop
      vertex 0.267611 -0.124789 -0.0787402
      vertex 0.255716 -0.147638 -0.0787402
      vertex 0.267611 -0.124789 -0.15748
    endloop
  endfacet
  facet normal 0.887011 -0.461749 0
    outer loop
      vertex 0.267611 -0.124789 -0.15748
      vertex 0.255716 -0.147638 -0.0787402
      vertex 0.255716 -0.147638 -0.15748
    endloop
  endfacet
  facet normal 0.843392 -0.537299 0
    outer loop
      vertex 0.255716 -0.147638 -0.0787402
      vertex 0.241876 -0.169363 -0.0787402
      vertex 0.255716 -0.147638 -0.15748
    endloop
  endfacet
  facet normal 0.843392 -0.537299 0
    outer loop
      vertex 0.255716 -0.147638 -0.15748
      vertex 0.241876 -0.169363 -0.0787402
      vertex 0.241876 -0.169363 -0.15748
    endloop
  endfacet
  facet normal 0.793353 -0.608762 0
    outer loop
      vertex 0.241876 -0.169363 -0.0787402
      vertex 0.226194 -0.189799 -0.0787402
      vertex 0.241876 -0.169363 -0.15748
    endloop
  endfacet
  facet normal 0.793353 -0.608762 0
    outer loop
      vertex 0.241876 -0.169363 -0.15748
      vertex 0.226194 -0.189799 -0.0787402
      vertex 0.226194 -0.189799 -0.15748
    endloop
  endfacet
  facet normal 0.737278 -0.67559 0
    outer loop
      vertex 0.226194 -0.189799 -0.0787402
      vertex 0.208791 -0.208791 -0.0787402
      vertex 0.226194 -0.189799 -0.15748
    endloop
  endfacet
  facet normal 0.737278 -0.67559 0
    outer loop
      vertex 0.226194 -0.189799 -0.15748
      vertex 0.208791 -0.208791 -0.0787402
      vertex 0.208791 -0.208791 -0.15748
    endloop
  endfacet
  facet normal 0.67559 -0.737278 0
    outer loop
      vertex 0.208791 -0.208791 -0.0787402
      vertex 0.189799 -0.226194 -0.0787402
      vertex 0.208791 -0.208791 -0.15748
    endloop
  endfacet
  facet normal 0.67559 -0.737278 0
    outer loop
      vertex 0.208791 -0.208791 -0.15748
      vertex 0.189799 -0.226194 -0.0787402
      vertex 0.189799 -0.226194 -0.15748
    endloop
  endfacet
  facet normal 0.608762 -0.793353 0
    outer loop
      vertex 0.189799 -0.226194 -0.0787402
      vertex 0.169363 -0.241876 -0.0787402
      vertex 0.189799 -0.226194 -0.15748
    endloop
  endfacet
  facet normal 0.608762 -0.793353 0
    outer loop
      vertex 0.189799 -0.226194 -0.15748
      vertex 0.169363 -0.241876 -0.0787402
      vertex 0.169363 -0.241876 -0.15748
    endloop
  endfacet
  facet normal 0.537299 -0.843392 0
    outer loop
      vertex 0.169363 -0.241876 -0.0787402
      vertex 0.147638 -0.255716 -0.0787402
      vertex 0.169363 -0.241876 -0.15748
    endloop
  endfacet
  facet normal 0.537299 -0.843392 0
    outer loop
      vertex 0.169363 -0.241876 -0.15748
      vertex 0.147638 -0.255716 -0.0787402
      vertex 0.147638 -0.255716 -0.15748
    endloop
  endfacet
  facet normal 0.461749 -0.887011 0
    outer loop
      vertex 0.147638 -0.255716 -0.0787402
      vertex 0.124789 -0.267611 -0.0787402
      vertex 0.147638 -0.255716 -0.15748
    endloop
  endfacet
  facet normal 0.461749 -0.887011 0
    outer loop
      vertex 0.147638 -0.255716 -0.15748
      vertex 0.124789 -0.267611 -0.0787402
      vertex 0.124789 -0.267611 -0.15748
    endloop
  endfacet
  facet normal 0.382683 -0.92388 0
    outer loop
      vertex 0.124789 -0.267611 -0.0787402
      vertex 0.10099 -0.277468 -0.0787402
      vertex 0.124789 -0.267611 -0.15748
    endloop
  endfacet
  facet normal 0.382683 -0.92388 0
    outer loop
      vertex 0.124789 -0.267611 -0.15748
      vertex 0.10099 -0.277468 -0.0787402
      vertex 0.10099 -0.277468 -0.15748
    endloop
  endfacet
  facet normal 0.300706 -0.953717 0
    outer loop
      vertex 0.10099 -0.277468 -0.0787402
      vertex 0.0764229 -0.285214 -0.0787402
      vertex 0.10099 -0.277468 -0.15748
    endloop
  endfacet
  facet normal 0.300706 -0.953717 0
    outer loop
      vertex 0.10099 -0.277468 -0.15748
      vertex 0.0764229 -0.285214 -0.0787402
      vertex 0.0764229 -0.285214 -0.15748
    endloop
  endfacet
  facet normal 0.21644 -0.976296 0
    outer loop
      vertex 0.0764229 -0.285214 -0.0787402
      vertex 0.0512741 -0.29079 -0.0787402
      vertex 0.0764229 -0.285214 -0.15748
    endloop
  endfacet
  facet normal 0.21644 -0.976296 0
    outer loop
      vertex 0.0764229 -0.285214 -0.15748
      vertex 0.0512741 -0.29079 -0.0787402
      vertex 0.0512741 -0.29079 -0.15748
    endloop
  endfacet
  facet normal 0.130526 -0.991445 0
    outer loop
      vertex 0.0512741 -0.29079 -0.0787402
      vertex 0.025735 -0.294152 -0.0787402
      vertex 0.0512741 -0.29079 -0.15748
    endloop
  endfacet
  facet normal 0.130526 -0.991445 0
    outer loop
      vertex 0.0512741 -0.29079 -0.15748
      vertex 0.025735 -0.294152 -0.0787402
      vertex 0.025735 -0.294152 -0.15748
    endloop
  endfacet
  facet normal 0.0436189 -0.999048 0
    outer loop
      vertex 0.025735 -0.294152 -0.0787402
      vertex 3.16499e-16 -0.295276 -0.0787402
      vertex 0.025735 -0.294152 -0.15748
    endloop
  endfacet
  facet normal 0.0436189 -0.999048 0
    outer loop
      vertex 0.025735 -0.294152 -0.15748
      vertex 3.16499e-16 -0.295276 -0.0787402
      vertex 3.16499e-16 -0.295276 -0.15748
    endloop
  endfacet
  facet normal -0.0436189 -0.999048 0
    outer loop
      vertex 3.16499e-16 -0.295276 -0.0787402
      vertex -0.025735 -0.294152 -0.0787402
      vertex 3.16499e-16 -0.295276 -0.15748
    endloop
  endfacet
  facet normal -0.0436189 -0.999048 0
    outer loop
      vertex 3.16499e-16 -0.295276 -0.15748
      vertex -0.025735 -0.294152 -0.0787402
      vertex -0.025735 -0.294152 -0.15748
    endloop
  endfacet
  facet normal -0.130526 -0.991445 0
    outer loop
      vertex -0.025735 -0.294152 -0.0787402
      vertex -0.0512741 -0.29079 -0.0787402
      vertex -0.025735 -0.294152 -0.15748
    endloop
  endfacet
  facet normal -0.130526 -0.991445 0
    outer loop
      vertex -0.025735 -0.294152 -0.15748
      vertex -0.0512741 -0.29079 -0.0787402
      vertex -0.0512741 -0.29079 -0.15748
    endloop
  endfacet
  facet normal -0.21644 -0.976296 0
    outer loop
      vertex -0.0512741 -0.29079 -0.0787402
      vertex -0.0764229 -0.285214 -0.0787402
      vertex -0.0512741 -0.29079 -0.15748
    endloop
  endfacet
  facet normal -0.21644 -0.976296 0
    outer loop
      vertex -0.0512741 -0.29079 -0.15748
      vertex -0.0764229 -0.285214 -0.0787402
      vertex -0.0764229 -0.285214 -0.15748
    endloop
  endfacet
  facet normal -0.300706 -0.953717 0
    outer loop
      vertex -0.0764229 -0.285214 -0.0787402
      vertex -0.10099 -0.277468 -0.0787402
      vertex -0.0764229 -0.285214 -0.15748
    endloop
  endfacet
  facet normal -0.300706 -0.953717 0
    outer loop
      vertex -0.0764229 -0.285214 -0.15748
      vertex -0.10099 -0.277468 -0.0787402
      vertex -0.10099 -0.277468 -0.15748
    endloop
  endfacet
  facet normal -0.382683 -0.92388 0
    outer loop
      vertex -0.10099 -0.277468 -0.0787402
      vertex -0.124789 -0.267611 -0.0787402
      vertex -0.10099 -0.277468 -0.15748
    endloop
  endfacet
  facet normal -0.382683 -0.92388 0
    outer loop
      vertex -0.10099 -0.277468 -0.15748
      vertex -0.124789 -0.267611 -0.0787402
      vertex -0.124789 -0.267611 -0.15748
    endloop
  endfacet
  facet normal -0.461749 -0.887011 0
    outer loop
      vertex -0.124789 -0.267611 -0.0787402
      vertex -0.147638 -0.255716 -0.0787402
      vertex -0.124789 -0.267611 -0.15748
    endloop
  endfacet
  facet normal -0.461749 -0.887011 0
    outer loop
      vertex -0.124789 -0.267611 -0.15748
      vertex -0.147638 -0.255716 -0.0787402
      vertex -0.147638 -0.255716 -0.15748
    endloop
  endfacet
  facet normal -0.537299 -0.843392 0
    outer loop
      vertex -0.147638 -0.255716 -0.0787402
      vertex -0.169363 -0.241876 -0.0787402
      vertex -0.147638 -0.255716 -0.15748
    endloop
  endfacet
  facet normal -0.537299 -0.843392 0
    outer loop
      vertex -0.147638 -0.255716 -0.15748
      vertex -0.169363 -0.241876 -0.0787402
      vertex -0.169363 -0.241876 -0.15748
    endloop
  endfacet
  facet normal -0.608762 -0.793353 0
    outer loop
      vertex -0.169363 -0.241876 -0.0787402
      vertex -0.189799 -0.226194 -0.0787402
      vertex -0.169363 -0.241876 -0.15748
    endloop
  endfacet
  facet normal -0.608762 -0.793353 0
    outer loop
      vertex -0.169363 -0.241876 -0.15748
      vertex -0.189799 -0.226194 -0.0787402
      vertex -0.189799 -0.226194 -0.15748
    endloop
  endfacet
  facet normal -0.67559 -0.737278 0
    outer loop
      vertex -0.189799 -0.226194 -0.0787402
      vertex -0.208791 -0.208791 -0.0787402
      vertex -0.189799 -0.226194 -0.15748
    endloop
  endfacet
  facet normal -0.67559 -0.737278 0
    outer loop
      vertex -0.189799 -0.226194 -0.15748
      vertex -0.208791 -0.208791 -0.0787402
      vertex -0.208791 -0.208791 -0.15748
    endloop
  endfacet
  facet normal -0.737278 -0.67559 0
    outer loop
      vertex -0.208791 -0.208791 -0.0787402
      vertex -0.226194 -0.189799 -0.0787402
      vertex -0.208791 -0.208791 -0.15748
    endloop
  endfacet
  facet normal -0.737278 -0.67559 0
    outer loop
      vertex -0.208791 -0.208791 -0.15748
      vertex -0.226194 -0.189799 -0.0787402
      vertex -0.226194 -0.189799 -0.15748
    endloop
  endfacet
  facet normal -0.793353 -0.608762 0
    outer loop
      vertex -0.226194 -0.189799 -0.0787402
      vertex -0.241876 -0.169363 -0.0787402
      vertex -0.226194 -0.189799 -0.15748
    endloop
  endfacet
  facet normal -0.793353 -0.608762 0
    outer loop
      vertex -0.226194 -0.189799 -0.15748
      vertex -0.241876 -0.169363 -0.0787402
      vertex -0.241876 -0.169363 -0.15748
    endloop
  endfacet
  facet normal -0.843392 -0.537299 0
    outer loop
      vertex -0.241876 -0.169363 -0.0787402
      vertex -0.255716 -0.147638 -0.0787402
      vertex -0.241876 -0.169363 -0.15748
    endloop
  endfacet
  facet normal -0.843392 -0.537299 0
    outer loop
      vertex -0.241876 -0.169363 -0.15748
      vertex -0.255716 -0.147638 -0.0787402
      vertex -0.255716 -0.147638 -0.15748
    endloop
  endfacet
  facet normal -0.887011 -0.461749 0
    outer loop
      vertex -0.255716 -0.147638 -0.0787402
      vertex -0.267611 -0.124789 -0.0787402
      vertex -0.255716 -0.147638 -0.15748
    endloop
  endfacet
  facet normal -0.887011 -0.461749 0
    outer loop
      vertex -0.255716 -0.147638 -0.15748
      vertex -0.267611 -0.124789 -0.0787402
      vertex -0.267611 -0.124789 -0.15748
    endloop
  endfacet
  facet normal -0.92388 -0.382683 0
    outer loop
      vertex -0.267611 -0.124789 -0.0787402
      vertex -0.277468 -0.10099 -0.0787402
      vertex -0.267611 -0.124789 -0.15748
    endloop
  endfacet
  facet normal -0.92388 -0.382683 0
    outer loop
      vertex -0.267611 -0.124789 -0.15748
      vertex -0.277468 -0.10099 -0.0787402
      vertex -0.277468 -0.10099 -0.15748
    endloop
  endfacet
  facet normal -0.953717 -0.300706 0
    outer loop
      vertex -0.277468 -0.10099 -0.0787402
      vertex -0.285214 -0.0764229 -0.0787402
      vertex -0.277468 -0.10099 -0.15748
    endloop
  endfacet
  facet normal -0.953717 -0.300706 0
    outer loop
      vertex -0.277468 -0.10099 -0.15748
      vertex -0.285214 -0.0764229 -0.0787402
      vertex -0.285214 -0.0764229 -0.15748
    endloop
  endfacet
  facet normal -0.976296 -0.21644 0
    outer loop
      vertex -0.285214 -0.0764229 -0.0787402
      vertex -0.29079 -0.0512741 -0.0787402
      vertex -0.285214 -0.0764229 -0.15748
    endloop
  endfacet
  facet normal -0.976296 -0.21644 0
    outer loop
      vertex -0.285214 -0.0764229 -0.15748
      vertex -0.29079 -0.0512741 -0.0787402
      vertex -0.29079 -0.0512741 -0.15748
    endloop
  endfacet
  facet normal -0.991445 -0.130526 0
    outer loop
      vertex -0.29079 -0.0512741 -0.0787402
      vertex -0.294152 -0.025735 -0.0787402
      vertex -0.29079 -0.0512741 -0.15748
    endloop
  endfacet
  facet normal -0.991445 -0.130526 0
    outer loop
      vertex -0.29079 -0.0512741 -0.15748
      vertex -0.294152 -0.025735 -0.0787402
      vertex -0.294152 -0.025735 -0.15748
    endloop
  endfacet
  facet normal -0.999048 -0.0436189 0
    outer loop
      vertex -0.294152 -0.025735 -0.0787402
      vertex -0.295276 1.80804e-17 -0.0787402
      vertex -0.294152 -0.025735 -0.15748
    endloop
  endfacet
  facet normal -0.999048 -0.0436189 0
    outer loop
      vertex -0.294152 -0.025735 -0.15748
      vertex -0.295276 1.80804e-17 -0.0787402
      vertex -0.295276 1.80804e-17 -0.15748
    endloop
  endfacet
  facet normal -0.999048 0.0436189 0
    outer loop
      vertex -0.295276 1.80804e-17 -0.0787402
      vertex -0.294152 0.025735 -0.0787402
      vertex -0.295276 1.80804e-17 -0.15748
    endloop
  endfacet
  facet normal 0.999048 -0.0436195 0
    outer loop
      vertex -0.492126 3.0134e-17 -0.0787402
      vertex -0.492126 3.0134e-17 -0.15748
      vertex -0.490253 0.0428916 -0.0787402
    endloop
  endfacet
  facet normal 0.999048 -0.0436195 0
    outer loop
      vertex -0.492126 3.0134e-17 -0.15748
      vertex -0.490253 0.0428916 -0.15748
      vertex -0.490253 0.0428916 -0.0787402
    endloop
  endfacet
  facet normal 0.991445 -0.130526 0
    outer loop
      vertex -0.490253 0.0428916 -0.0787402
      vertex -0.490253 0.0428916 -0.15748
      vertex -0.484649 0.0854568 -0.0787402
    endloop
  endfacet
  facet normal 0.991445 -0.130526 0
    outer loop
      vertex -0.490253 0.0428916 -0.15748
      vertex -0.484649 0.0854568 -0.15748
      vertex -0.484649 0.0854568 -0.0787402
    endloop
  endfacet
  facet normal 0.976296 -0.21644 0
    outer loop
      vertex -0.484649 0.0854568 -0.0787402
      vertex -0.484649 0.0854568 -0.15748
      vertex -0.475357 0.127372 -0.0787402
    endloop
  endfacet
  facet normal 0.976296 -0.21644 0
    outer loop
      vertex -0.484649 0.0854568 -0.15748
      vertex -0.475357 0.127372 -0.15748
      vertex -0.475357 0.127372 -0.0787402
    endloop
  endfacet
  facet normal 0.953717 -0.300706 0
    outer loop
      vertex -0.475357 0.127372 -0.0787402
      vertex -0.475357 0.127372 -0.15748
      vertex -0.462447 0.168317 -0.0787402
    endloop
  endfacet
  facet normal 0.953717 -0.300706 0
    outer loop
      vertex -0.475357 0.127372 -0.15748
      vertex -0.462447 0.168317 -0.15748
      vertex -0.462447 0.168317 -0.0787402
    endloop
  endfacet
  facet normal 0.923879 -0.382684 0
    outer loop
      vertex -0.462447 0.168317 -0.0787402
      vertex -0.462447 0.168317 -0.15748
      vertex -0.446018 0.207981 -0.0787402
    endloop
  endfacet
  facet normal 0.923879 -0.382684 0
    outer loop
      vertex -0.462447 0.168317 -0.15748
      vertex -0.446018 0.207981 -0.15748
      vertex -0.446018 0.207981 -0.0787402
    endloop
  endfacet
  facet normal 0.887011 -0.461749 0
    outer loop
      vertex -0.446018 0.207981 -0.0787402
      vertex -0.446018 0.207981 -0.15748
      vertex -0.426194 0.246063 -0.0787402
    endloop
  endfacet
  facet normal 0.887011 -0.461749 0
    outer loop
      vertex -0.446018 0.207981 -0.15748
      vertex -0.426194 0.246063 -0.15748
      vertex -0.426194 0.246063 -0.0787402
    endloop
  endfacet
  facet normal 0.843392 -0.537299 0
    outer loop
      vertex -0.426194 0.246063 -0.0787402
      vertex -0.426194 0.246063 -0.15748
      vertex -0.403126 0.282272 -0.0787402
    endloop
  endfacet
  facet normal 0.843392 -0.537299 0
    outer loop
      vertex -0.426194 0.246063 -0.15748
      vertex -0.403126 0.282272 -0.15748
      vertex -0.403126 0.282272 -0.0787402
    endloop
  endfacet
  facet normal 0.793353 -0.608762 0
    outer loop
      vertex -0.403126 0.282272 -0.0787402
      vertex -0.403126 0.282272 -0.15748
      vertex -0.37699 0.316332 -0.0787402
    endloop
  endfacet
  facet normal 0.793353 -0.608762 0
    outer loop
      vertex -0.403126 0.282272 -0.15748
      vertex -0.37699 0.316332 -0.15748
      vertex -0.37699 0.316332 -0.0787402
    endloop
  endfacet
  facet normal 0.737278 -0.675589 0
    outer loop
      vertex -0.37699 0.316332 -0.0787402
      vertex -0.37699 0.316332 -0.15748
      vertex -0.347986 0.347986 -0.0787402
    endloop
  endfacet
  facet normal 0.737278 -0.675589 0
    outer loop
      vertex -0.37699 0.316332 -0.15748
      vertex -0.347986 0.347986 -0.15748
      vertex -0.347986 0.347986 -0.0787402
    endloop
  endfacet
  facet normal 0.675589 -0.737278 0
    outer loop
      vertex -0.347986 0.347986 -0.0787402
      vertex -0.347986 0.347986 -0.15748
      vertex -0.316332 0.37699 -0.0787402
    endloop
  endfacet
  facet normal 0.675589 -0.737278 0
    outer loop
      vertex -0.347986 0.347986 -0.15748
      vertex -0.316332 0.37699 -0.15748
      vertex -0.316332 0.37699 -0.0787402
    endloop
  endfacet
  facet normal 0.608762 -0.793353 0
    outer loop
      vertex -0.316332 0.37699 -0.0787402
      vertex -0.316332 0.37699 -0.15748
      vertex -0.282272 0.403126 -0.0787402
    endloop
  endfacet
  facet normal 0.608762 -0.793353 0
    outer loop
      vertex -0.316332 0.37699 -0.15748
      vertex -0.282272 0.403126 -0.15748
      vertex -0.282272 0.403126 -0.0787402
    endloop
  endfacet
  facet normal 0.537299 -0.843392 0
    outer loop
      vertex -0.282272 0.403126 -0.0787402
      vertex -0.282272 0.403126 -0.15748
      vertex -0.246063 0.426194 -0.0787402
    endloop
  endfacet
  facet normal 0.537299 -0.843392 0
    outer loop
      vertex -0.282272 0.403126 -0.15748
      vertex -0.246063 0.426194 -0.15748
      vertex -0.246063 0.426194 -0.0787402
    endloop
  endfacet
  facet normal 0.461749 -0.887011 0
    outer loop
      vertex -0.246063 0.426194 -0.0787402
      vertex -0.246063 0.426194 -0.15748
      vertex -0.207981 0.446018 -0.0787402
    endloop
  endfacet
  facet normal 0.461749 -0.887011 0
    outer loop
      vertex -0.246063 0.426194 -0.15748
      vertex -0.207981 0.446018 -0.15748
      vertex -0.207981 0.446018 -0.0787402
    endloop
  endfacet
  facet normal 0.382684 -0.923879 0
    outer loop
      vertex -0.207981 0.446018 -0.0787402
      vertex -0.207981 0.446018 -0.15748
      vertex -0.168317 0.462447 -0.0787402
    endloop
  endfacet
  facet normal 0.382684 -0.923879 0
    outer loop
      vertex -0.207981 0.446018 -0.15748
      vertex -0.168317 0.462447 -0.15748
      vertex -0.168317 0.462447 -0.0787402
    endloop
  endfacet
  facet normal 0.300706 -0.953717 0
    outer loop
      vertex -0.168317 0.462447 -0.0787402
      vertex -0.168317 0.462447 -0.15748
      vertex -0.127372 0.475357 -0.0787402
    endloop
  endfacet
  facet normal 0.300706 -0.953717 0
    outer loop
      vertex -0.168317 0.462447 -0.15748
      vertex -0.127372 0.475357 -0.15748
      vertex -0.127372 0.475357 -0.0787402
    endloop
  endfacet
  facet normal 0.21644 -0.976296 0
    outer loop
      vertex -0.127372 0.475357 -0.0787402
      vertex -0.127372 0.475357 -0.15748
      vertex -0.0854568 0.484649 -0.0787402
    endloop
  endfacet
  facet normal 0.21644 -0.976296 0
    outer loop
      vertex -0.127372 0.475357 -0.15748
      vertex -0.0854568 0.484649 -0.15748
      vertex -0.0854568 0.484649 -0.0787402
    endloop
  endfacet
  facet normal 0.130526 -0.991445 0
    outer loop
      vertex -0.0854568 0.484649 -0.0787402
      vertex -0.0854568 0.484649 -0.15748
      vertex -0.0428916 0.490253 -0.0787402
    endloop
  endfacet
  facet normal 0.130526 -0.991445 0
    outer loop
      vertex -0.0854568 0.484649 -0.15748
      vertex -0.0428916 0.490253 -0.15748
      vertex -0.0428916 0.490253 -0.0787402
    endloop
  endfacet
  facet normal 0.0436195 -0.999048 0
    outer loop
      vertex -0.0428916 0.490253 -0.0787402
      vertex -0.0428916 0.490253 -0.15748
      vertex -1.39408e-16 0.492126 -0.0787402
    endloop
  endfacet
  facet normal 0.0436195 -0.999048 0
    outer loop
      vertex -0.0428916 0.490253 -0.15748
      vertex -1.39408e-16 0.492126 -0.15748
      vertex -1.39408e-16 0.492126 -0.0787402
    endloop
  endfacet
  facet normal -0.0436195 -0.999048 0
    outer loop
      vertex -1.39408e-16 0.492126 -0.0787402
      vertex -1.39408e-16 0.492126 -0.15748
      vertex 0.0428916 0.490253 -0.0787402
    endloop
  endfacet
  facet normal -0.0436195 -0.999048 0
    outer loop
      vertex -1.39408e-16 0.492126 -0.15748
      vertex 0.0428916 0.490253 -0.15748
      vertex 0.0428916 0.490253 -0.0787402
    endloop
  endfacet
  facet normal -0.130526 -0.991445 0
    outer loop
      vertex 0.0428916 0.490253 -0.0787402
      vertex 0.0428916 0.490253 -0.15748
      vertex 0.0854568 0.484649 -0.0787402
    endloop
  endfacet
  facet normal -0.130526 -0.991445 0
    outer loop
      vertex 0.0428916 0.490253 -0.15748
      vertex 0.0854568 0.484649 -0.15748
      vertex 0.0854568 0.484649 -0.0787402
    endloop
  endfacet
  facet normal -0.21644 -0.976296 0
    outer loop
      vertex 0.0854568 0.484649 -0.0787402
      vertex 0.0854568 0.484649 -0.15748
      vertex 0.127372 0.475357 -0.0787402
    endloop
  endfacet
  facet normal -0.21644 -0.976296 0
    outer loop
      vertex 0.0854568 0.484649 -0.15748
      vertex 0.127372 0.475357 -0.15748
      vertex 0.127372 0.475357 -0.0787402
    endloop
  endfacet
  facet normal -0.300706 -0.953717 0
    outer loop
      vertex 0.127372 0.475357 -0.0787402
      vertex 0.127372 0.475357 -0.15748
      vertex 0.168317 0.462447 -0.0787402
    endloop
  endfacet
  facet normal -0.300706 -0.953717 0
    outer loop
      vertex 0.127372 0.475357 -0.15748
      vertex 0.168317 0.462447 -0.15748
      vertex 0.168317 0.462447 -0.0787402
    endloop
  endfacet
  facet normal -0.382684 -0.923879 0
    outer loop
      vertex 0.168317 0.462447 -0.0787402
      vertex 0.168317 0.462447 -0.15748
      vertex 0.207981 0.446018 -0.0787402
    endloop
  endfacet
  facet normal -0.382684 -0.923879 0
    outer loop
      vertex 0.168317 0.462447 -0.15748
      vertex 0.207981 0.446018 -0.15748
      vertex 0.207981 0.446018 -0.0787402
    endloop
  endfacet
  facet normal -0.461749 -0.887011 0
    outer loop
      vertex 0.207981 0.446018 -0.0787402
      vertex 0.207981 0.446018 -0.15748
      vertex 0.246063 0.426194 -0.0787402
    endloop
  endfacet
  facet normal -0.461749 -0.887011 0
    outer loop
      vertex 0.207981 0.446018 -0.15748
      vertex 0.246063 0.426194 -0.15748
      vertex 0.246063 0.426194 -0.0787402
    endloop
  endfacet
  facet normal -0.537299 -0.843392 0
    outer loop
      vertex 0.246063 0.426194 -0.0787402
      vertex 0.246063 0.426194 -0.15748
      vertex 0.282272 0.403126 -0.0787402
    endloop
  endfacet
  facet normal -0.537299 -0.843392 0
    outer loop
      vertex 0.246063 0.426194 -0.15748
      vertex 0.282272 0.403126 -0.15748
      vertex 0.282272 0.403126 -0.0787402
    endloop
  endfacet
  facet normal -0.608762 -0.793353 0
    outer loop
      vertex 0.282272 0.403126 -0.0787402
      vertex 0.282272 0.403126 -0.15748
      vertex 0.316332 0.37699 -0.0787402
    endloop
  endfacet
  facet normal -0.608762 -0.793353 0
    outer loop
      vertex 0.282272 0.403126 -0.15748
      vertex 0.316332 0.37699 -0.15748
      vertex 0.316332 0.37699 -0.0787402
    endloop
  endfacet
  facet normal -0.675589 -0.737278 0
    outer loop
      vertex 0.316332 0.37699 -0.0787402
      vertex 0.316332 0.37699 -0.15748
      vertex 0.347986 0.347986 -0.0787402
    endloop
  endfacet
  facet normal -0.675589 -0.737278 0
    outer loop
      vertex 0.316332 0.37699 -0.15748
      vertex 0.347986 0.347986 -0.15748
      vertex 0.347986 0.347986 -0.0787402
    endloop
  endfacet
  facet normal -0.737278 -0.675589 0
    outer loop
      vertex 0.347986 0.347986 -0.0787402
      vertex 0.347986 0.347986 -0.15748
      vertex 0.37699 0.316332 -0.0787402
    endloop
  endfacet
  facet normal -0.737278 -0.675589 0
    outer loop
      vertex 0.347986 0.347986 -0.15748
      vertex 0.37699 0.316332 -0.15748
      vertex 0.37699 0.316332 -0.0787402
    endloop
  endfacet
  facet normal -0.793353 -0.608762 0
    outer loop
      vertex 0.37699 0.316332 -0.0787402
      vertex 0.37699 0.316332 -0.15748
      vertex 0.403126 0.282272 -0.0787402
    endloop
  endfacet
  facet normal -0.793353 -0.608762 0
    outer loop
      vertex 0.37699 0.316332 -0.15748
      vertex 0.403126 0.282272 -0.15748
      vertex 0.403126 0.282272 -0.0787402
    endloop
  endfacet
  facet normal -0.843392 -0.537299 0
    outer loop
      vertex 0.403126 0.282272 -0.0787402
      vertex 0.403126 0.282272 -0.15748
      vertex 0.426194 0.246063 -0.0787402
    endloop
  endfacet
  facet normal -0.843392 -0.537299 0
    outer loop
      vertex 0.403126 0.282272 -0.15748
      vertex 0.426194 0.246063 -0.15748
      vertex 0.426194 0.246063 -0.0787402
    endloop
  endfacet
  facet normal -0.887011 -0.461749 0
    outer loop
      vertex 0.426194 0.246063 -0.0787402
      vertex 0.426194 0.246063 -0.15748
      vertex 0.446018 0.207981 -0.0787402
    endloop
  endfacet
  facet normal -0.887011 -0.461749 0
    outer loop
      vertex 0.426194 0.246063 -0.15748
      vertex 0.446018 0.207981 -0.15748
      vertex 0.446018 0.207981 -0.0787402
    endloop
  endfacet
  facet normal -0.923879 -0.382684 0
    outer loop
      vertex 0.446018 0.207981 -0.0787402
      vertex 0.446018 0.207981 -0.15748
      vertex 0.462447 0.168317 -0.0787402
    endloop
  endfacet
  facet normal -0.923879 -0.382684 0
    outer loop
      vertex 0.446018 0.207981 -0.15748
      vertex 0.462447 0.168317 -0.15748
      vertex 0.462447 0.168317 -0.0787402
    endloop
  endfacet
  facet normal -0.953717 -0.300706 0
    outer loop
      vertex 0.462447 0.168317 -0.0787402
      vertex 0.462447 0.168317 -0.15748
      vertex 0.475357 0.127372 -0.0787402
    endloop
  endfacet
  facet normal -0.953717 -0.300706 0
    outer loop
      vertex 0.462447 0.168317 -0.15748
      vertex 0.475357 0.127372 -0.15748
      vertex 0.475357 0.127372 -0.0787402
    endloop
  endfacet
  facet normal -0.976296 -0.21644 0
    outer loop
      vertex 0.475357 0.127372 -0.0787402
      vertex 0.475357 0.127372 -0.15748
      vertex 0.484649 0.0854568 -0.0787402
    endloop
  endfacet
  facet normal -0.976296 -0.21644 0
    outer loop
      vertex 0.475357 0.127372 -0.15748
      vertex 0.484649 0.0854568 -0.15748
      vertex 0.484649 0.0854568 -0.0787402
    endloop
  endfacet
  facet normal -0.991445 -0.130526 0
    outer loop
      vertex 0.484649 0.0854568 -0.0787402
      vertex 0.484649 0.0854568 -0.15748
      vertex 0.490253 0.0428916 -0.0787402
    endloop
  endfacet
  facet normal -0.991445 -0.130526 0
    outer loop
      vertex 0.484649 0.0854568 -0.15748
      vertex 0.490253 0.0428916 -0.15748
      vertex 0.490253 0.0428916 -0.0787402
    endloop
  endfacet
  facet normal -0.999048 -0.0436195 0
    outer loop
      vertex 0.490253 0.0428916 -0.0787402
      vertex 0.490253 0.0428916 -0.15748
      vertex 0.492126 9.04021e-17 -0.0787402
    endloop
  endfacet
  facet normal -0.999048 -0.0436195 -6.67519e-17
    outer loop
      vertex 0.490253 0.0428916 -0.15748
      vertex 0.492126 2.10938e-16 -0.15748
      vertex 0.492126 9.04021e-17 -0.0787402
    endloop
  endfacet
  facet normal -0.999048 0.0436195 6.67731e-17
    outer loop
      vertex 0.492126 9.04021e-17 -0.0787402
      vertex 0.492126 2.10938e-16 -0.15748
      vertex 0.490253 -0.0428916 -0.0787402
    endloop
  endfacet
  facet normal -0.999048 0.0436195 0
    outer loop
      vertex 0.492126 2.10938e-16 -0.15748
      vertex 0.490253 -0.0428916 -0.15748
      vertex 0.490253 -0.0428916 -0.0787402
    endloop
  endfacet
  facet normal -0.991445 0.130526 0
    outer loop
      vertex 0.490253 -0.0428916 -0.0787402
      vertex 0.490253 -0.0428916 -0.15748
      vertex 0.484649 -0.0854568 -0.0787402
    endloop
  endfacet
  facet normal -0.991445 0.130526 0
    outer loop
      vertex 0.490253 -0.0428916 -0.15748
      vertex 0.484649 -0.0854568 -0.15748
      vertex 0.484649 -0.0854568 -0.0787402
    endloop
  endfacet
  facet normal -0.976296 0.21644 0
    outer loop
      vertex 0.484649 -0.0854568 -0.0787402
      vertex 0.484649 -0.0854568 -0.15748
      vertex 0.475357 -0.127372 -0.0787402
    endloop
  endfacet
  facet normal -0.976296 0.21644 0
    outer loop
      vertex 0.484649 -0.0854568 -0.15748
      vertex 0.475357 -0.127372 -0.15748
      vertex 0.475357 -0.127372 -0.0787402
    endloop
  endfacet
  facet normal -0.953717 0.300706 0
    outer loop
      vertex 0.475357 -0.127372 -0.0787402
      vertex 0.475357 -0.127372 -0.15748
      vertex 0.462447 -0.168317 -0.0787402
    endloop
  endfacet
  facet normal -0.953717 0.300706 0
    outer loop
      vertex 0.475357 -0.127372 -0.15748
      vertex 0.462447 -0.168317 -0.15748
      vertex 0.462447 -0.168317 -0.0787402
    endloop
  endfacet
  facet normal -0.923879 0.382684 0
    outer loop
      vertex 0.462447 -0.168317 -0.0787402
      vertex 0.462447 -0.168317 -0.15748
      vertex 0.446018 -0.207981 -0.0787402
    endloop
  endfacet
  facet normal -0.923879 0.382684 0
    outer loop
      vertex 0.462447 -0.168317 -0.15748
      vertex 0.446018 -0.207981 -0.15748
      vertex 0.446018 -0.207981 -0.0787402
    endloop
  endfacet
  facet normal -0.887011 0.461749 0
    outer loop
      vertex 0.446018 -0.207981 -0.0787402
      vertex 0.446018 -0.207981 -0.15748
      vertex 0.426194 -0.246063 -0.0787402
    endloop
  endfacet
  facet normal -0.887011 0.461749 0
    outer loop
      vertex 0.446018 -0.207981 -0.15748
      vertex 0.426194 -0.246063 -0.15748
      vertex 0.426194 -0.246063 -0.0787402
    endloop
  endfacet
  facet normal -0.843392 0.537299 0
    outer loop
      vertex 0.426194 -0.246063 -0.0787402
      vertex 0.426194 -0.246063 -0.15748
      vertex 0.403126 -0.282272 -0.0787402
    endloop
  endfacet
  facet normal -0.843392 0.537299 0
    outer loop
      vertex 0.426194 -0.246063 -0.15748
      vertex 0.403126 -0.282272 -0.15748
      vertex 0.403126 -0.282272 -0.0787402
    endloop
  endfacet
  facet normal -0.793353 0.608762 0
    outer loop
      vertex 0.403126 -0.282272 -0.0787402
      vertex 0.403126 -0.282272 -0.15748
      vertex 0.37699 -0.316332 -0.0787402
    endloop
  endfacet
  facet normal -0.793353 0.608762 0
    outer loop
      vertex 0.403126 -0.282272 -0.15748
      vertex 0.37699 -0.316332 -0.15748
      vertex 0.37699 -0.316332 -0.0787402
    endloop
  endfacet
  facet normal -0.737278 0.675589 0
    outer loop
      vertex 0.37699 -0.316332 -0.0787402
      vertex 0.37699 -0.316332 -0.15748
      vertex 0.347986 -0.347986 -0.0787402
    endloop
  endfacet
  facet normal -0.737278 0.675589 0
    outer loop
      vertex 0.37699 -0.316332 -0.15748
      vertex 0.347986 -0.347986 -0.15748
      vertex 0.347986 -0.347986 -0.0787402
    endloop
  endfacet
  facet normal -0.675589 0.737278 0
    outer loop
      vertex 0.347986 -0.347986 -0.0787402
      vertex 0.347986 -0.347986 -0.15748
      vertex 0.316332 -0.37699 -0.0787402
    endloop
  endfacet
  facet normal -0.675589 0.737278 0
    outer loop
      vertex 0.347986 -0.347986 -0.15748
      vertex 0.316332 -0.37699 -0.15748
      vertex 0.316332 -0.37699 -0.0787402
    endloop
  endfacet
  facet normal -0.608762 0.793353 0
    outer loop
      vertex 0.316332 -0.37699 -0.0787402
      vertex 0.316332 -0.37699 -0.15748
      vertex 0.282272 -0.403126 -0.0787402
    endloop
  endfacet
  facet normal -0.608762 0.793353 0
    outer loop
      vertex 0.316332 -0.37699 -0.15748
      vertex 0.282272 -0.403126 -0.15748
      vertex 0.282272 -0.403126 -0.0787402
    endloop
  endfacet
  facet normal -0.537299 0.843392 0
    outer loop
      vertex 0.282272 -0.403126 -0.0787402
      vertex 0.282272 -0.403126 -0.15748
      vertex 0.246063 -0.426194 -0.0787402
    endloop
  endfacet
  facet normal -0.537299 0.843392 0
    outer loop
      vertex 0.282272 -0.403126 -0.15748
      vertex 0.246063 -0.426194 -0.15748
      vertex 0.246063 -0.426194 -0.0787402
    endloop
  endfacet
  facet normal -0.461749 0.887011 0
    outer loop
      vertex 0.246063 -0.426194 -0.0787402
      vertex 0.246063 -0.426194 -0.15748
      vertex 0.207981 -0.446018 -0.0787402
    endloop
  endfacet
  facet normal -0.461749 0.887011 0
    outer loop
      vertex 0.246063 -0.426194 -0.15748
      vertex 0.207981 -0.446018 -0.15748
      vertex 0.207981 -0.446018 -0.0787402
    endloop
  endfacet
  facet normal -0.382684 0.923879 0
    outer loop
      vertex 0.207981 -0.446018 -0.0787402
      vertex 0.207981 -0.446018 -0.15748
      vertex 0.168317 -0.462447 -0.0787402
    endloop
  endfacet
  facet normal -0.382684 0.923879 0
    outer loop
      vertex 0.207981 -0.446018 -0.15748
      vertex 0.168317 -0.462447 -0.15748
      vertex 0.168317 -0.462447 -0.0787402
    endloop
  endfacet
  facet normal -0.300706 0.953717 0
    outer loop
      vertex 0.168317 -0.462447 -0.0787402
      vertex 0.168317 -0.462447 -0.15748
      vertex 0.127372 -0.475357 -0.0787402
    endloop
  endfacet
  facet normal -0.300706 0.953717 0
    outer loop
      vertex 0.168317 -0.462447 -0.15748
      vertex 0.127372 -0.475357 -0.15748
      vertex 0.127372 -0.475357 -0.0787402
    endloop
  endfacet
  facet normal -0.21644 0.976296 0
    outer loop
      vertex 0.127372 -0.475357 -0.0787402
      vertex 0.127372 -0.475357 -0.15748
      vertex 0.0854568 -0.484649 -0.0787402
    endloop
  endfacet
  facet normal -0.21644 0.976296 0
    outer loop
      vertex 0.127372 -0.475357 -0.15748
      vertex 0.0854568 -0.484649 -0.15748
      vertex 0.0854568 -0.484649 -0.0787402
    endloop
  endfacet
  facet normal -0.130526 0.991445 0
    outer loop
      vertex 0.0854568 -0.484649 -0.0787402
      vertex 0.0854568 -0.484649 -0.15748
      vertex 0.0428916 -0.490253 -0.0787402
    endloop
  endfacet
  facet normal -0.130526 0.991445 0
    outer loop
      vertex 0.0854568 -0.484649 -0.15748
      vertex 0.0428916 -0.490253 -0.15748
      vertex 0.0428916 -0.490253 -0.0787402
    endloop
  endfacet
  facet normal -0.0436195 0.999048 0
    outer loop
      vertex 0.0428916 -0.490253 -0.0787402
      vertex 0.0428916 -0.490253 -0.15748
      vertex 5.27498e-16 -0.492126 -0.0787402
    endloop
  endfacet
  facet normal -0.0436195 0.999048 0
    outer loop
      vertex 0.0428916 -0.490253 -0.15748
      vertex 5.27498e-16 -0.492126 -0.15748
      vertex 5.27498e-16 -0.492126 -0.0787402
    endloop
  endfacet
  facet normal 0.0436195 0.999048 0
    outer loop
      vertex 5.27498e-16 -0.492126 -0.0787402
      vertex 5.27498e-16 -0.492126 -0.15748
      vertex -0.0428916 -0.490253 -0.0787402
    endloop
  endfacet
  facet normal 0.0436195 0.999048 0
    outer loop
      vertex 5.27498e-16 -0.492126 -0.15748
      vertex -0.0428916 -0.490253 -0.15748
      vertex -0.0428916 -0.490253 -0.0787402
    endloop
  endfacet
  facet normal 0.130526 0.991445 0
    outer loop
      vertex -0.0428916 -0.490253 -0.0787402
      vertex -0.0428916 -0.490253 -0.15748
      vertex -0.0854568 -0.484649 -0.0787402
    endloop
  endfacet
  facet normal 0.130526 0.991445 0
    outer loop
      vertex -0.0428916 -0.490253 -0.15748
      vertex -0.0854568 -0.484649 -0.15748
      vertex -0.0854568 -0.484649 -0.0787402
    endloop
  endfacet
  facet normal 0.21644 0.976296 0
    outer loop
      vertex -0.0854568 -0.484649 -0.0787402
      vertex -0.0854568 -0.484649 -0.15748
      vertex -0.127372 -0.475357 -0.0787402
    endloop
  endfacet
  facet normal 0.21644 0.976296 0
    outer loop
      vertex -0.0854568 -0.484649 -0.15748
      vertex -0.127372 -0.475357 -0.15748
      vertex -0.127372 -0.475357 -0.0787402
    endloop
  endfacet
  facet normal 0.300706 0.953717 0
    outer loop
      vertex -0.127372 -0.475357 -0.0787402
      vertex -0.127372 -0.475357 -0.15748
      vertex -0.168317 -0.462447 -0.0787402
    endloop
  endfacet
  facet normal 0.300706 0.953717 0
    outer loop
      vertex -0.127372 -0.475357 -0.15748
      vertex -0.168317 -0.462447 -0.15748
      vertex -0.168317 -0.462447 -0.0787402
    endloop
  endfacet
  facet normal 0.382684 0.923879 0
    outer loop
      vertex -0.168317 -0.462447 -0.0787402
      vertex -0.168317 -0.462447 -0.15748
      vertex -0.207981 -0.446018 -0.0787402
    endloop
  endfacet
  facet normal 0.382684 0.923879 0
    outer loop
      vertex -0.168317 -0.462447 -0.15748
      vertex -0.207981 -0.446018 -0.15748
      vertex -0.207981 -0.446018 -0.0787402
    endloop
  endfacet
  facet normal 0.461749 0.887011 0
    outer loop
      vertex -0.207981 -0.446018 -0.0787402
      vertex -0.207981 -0.446018 -0.15748
      vertex -0.246063 -0.426194 -0.0787402
    endloop
  endfacet
  facet normal 0.461749 0.887011 0
    outer loop
      vertex -0.207981 -0.446018 -0.15748
      vertex -0.246063 -0.426194 -0.15748
      vertex -0.246063 -0.426194 -0.0787402
    endloop
  endfacet
  facet normal 0.537299 0.843392 0
    outer loop
      vertex -0.246063 -0.426194 -0.0787402
      vertex -0.246063 -0.426194 -0.15748
      vertex -0.282272 -0.403126 -0.0787402
    endloop
  endfacet
  facet normal 0.537299 0.843392 0
    outer loop
      vertex -0.246063 -0.426194 -0.15748
      vertex -0.282272 -0.403126 -0.15748
      vertex -0.282272 -0.403126 -0.0787402
    endloop
  endfacet
  facet normal 0.608762 0.793353 0
    outer loop
      vertex -0.282272 -0.403126 -0.0787402
      vertex -0.282272 -0.403126 -0.15748
      vertex -0.316332 -0.37699 -0.0787402
    endloop
  endfacet
  facet normal 0.608762 0.793353 0
    outer loop
      vertex -0.282272 -0.403126 -0.15748
      vertex -0.316332 -0.37699 -0.15748
      vertex -0.316332 -0.37699 -0.0787402
    endloop
  endfacet
  facet normal 0.675589 0.737278 0
    outer loop
      vertex -0.316332 -0.37699 -0.0787402
      vertex -0.316332 -0.37699 -0.15748
      vertex -0.347986 -0.347986 -0.0787402
    endloop
  endfacet
  facet normal 0.675589 0.737278 0
    outer loop
      vertex -0.316332 -0.37699 -0.15748
      vertex -0.347986 -0.347986 -0.15748
      vertex -0.347986 -0.347986 -0.0787402
    endloop
  endfacet
  facet normal 0.737278 0.675589 0
    outer loop
      vertex -0.347986 -0.347986 -0.0787402
      vertex -0.347986 -0.347986 -0.15748
      vertex -0.37699 -0.316332 -0.0787402
    endloop
  endfacet
  facet normal 0.737278 0.675589 0
    outer loop
      vertex -0.347986 -0.347986 -0.15748
      vertex -0.37699 -0.316332 -0.15748
      vertex -0.37699 -0.316332 -0.0787402
    endloop
  endfacet
  facet normal 0.793353 0.608762 0
    outer loop
      vertex -0.37699 -0.316332 -0.0787402
      vertex -0.37699 -0.316332 -0.15748
      vertex -0.403126 -0.282272 -0.0787402
    endloop
  endfacet
  facet normal 0.793353 0.608762 0
    outer loop
      vertex -0.37699 -0.316332 -0.15748
      vertex -0.403126 -0.282272 -0.15748
      vertex -0.403126 -0.282272 -0.0787402
    endloop
  endfacet
  facet normal 0.843392 0.537299 0
    outer loop
      vertex -0.403126 -0.282272 -0.0787402
      vertex -0.403126 -0.282272 -0.15748
      vertex -0.426194 -0.246063 -0.0787402
    endloop
  endfacet
  facet normal 0.843392 0.537299 0
    outer loop
      vertex -0.403126 -0.282272 -0.15748
      vertex -0.426194 -0.246063 -0.15748
      vertex -0.426194 -0.246063 -0.0787402
    endloop
  endfacet
  facet normal 0.887011 0.461749 0
    outer loop
      vertex -0.426194 -0.246063 -0.0787402
      vertex -0.426194 -0.246063 -0.15748
      vertex -0.446018 -0.207981 -0.0787402
    endloop
  endfacet
  facet normal 0.887011 0.461749 0
    outer loop
      vertex -0.426194 -0.246063 -0.15748
      vertex -0.446018 -0.207981 -0.15748
      vertex -0.446018 -0.207981 -0.0787402
    endloop
  endfacet
  facet normal 0.923879 0.382684 0
    outer loop
      vertex -0.446018 -0.207981 -0.0787402
      vertex -0.446018 -0.207981 -0.15748
      vertex -0.462447 -0.168317 -0.0787402
    endloop
  endfacet
  facet normal 0.923879 0.382684 0
    outer loop
      vertex -0.446018 -0.207981 -0.15748
      vertex -0.462447 -0.168317 -0.15748
      vertex -0.462447 -0.168317 -0.0787402
    endloop
  endfacet
  facet normal 0.953717 0.300706 0
    outer loop
      vertex -0.462447 -0.168317 -0.0787402
      vertex -0.462447 -0.168317 -0.15748
      vertex -0.475357 -0.127372 -0.0787402
    endloop
  endfacet
  facet normal 0.953717 0.300706 0
    outer loop
      vertex -0.462447 -0.168317 -0.15748
      vertex -0.475357 -0.127372 -0.15748
      vertex -0.475357 -0.127372 -0.0787402
    endloop
  endfacet
  facet normal 0.976296 0.21644 0
    outer loop
      vertex -0.475357 -0.127372 -0.0787402
      vertex -0.475357 -0.127372 -0.15748
      vertex -0.484649 -0.0854568 -0.0787402
    endloop
  endfacet
  facet normal 0.976296 0.21644 0
    outer loop
      vertex -0.475357 -0.127372 -0.15748
      vertex -0.484649 -0.0854568 -0.15748
      vertex -0.484649 -0.0854568 -0.0787402
    endloop
  endfacet
  facet normal 0.991445 0.130526 0
    outer loop
      vertex -0.484649 -0.0854568 -0.0787402
      vertex -0.484649 -0.0854568 -0.15748
      vertex -0.490253 -0.0428916 -0.0787402
    endloop
  endfacet
  facet normal 0.991445 0.130526 0
    outer loop
      vertex -0.484649 -0.0854568 -0.15748
      vertex -0.490253 -0.0428916 -0.15748
      vertex -0.490253 -0.0428916 -0.0787402
    endloop
  endfacet
  facet normal 0.999048 0.0436195 0
    outer loop
      vertex -0.490253 -0.0428916 -0.0787402
      vertex -0.490253 -0.0428916 -0.15748
      vertex -0.492126 3.0134e-17 -0.0787402
    endloop
  endfacet
  facet normal 0.999048 0.0436195 0
    outer loop
      vertex -0.490253 -0.0428916 -0.15748
      vertex -0.492126 3.0134e-17 -0.15748
      vertex -0.492126 3.0134e-17 -0.0787402
    endloop
  endfacet
  facet normal 0.999048 0.0436189 0
    outer loop
      vertex 0.295276 1.80804e-17 0.15748
      vertex 0.294152 0.025735 0.0787402
      vertex 0.294152 0.025735 0.15748
    endloop
  endfacet
  facet normal 0.991445 0.130526 0
    outer loop
      vertex 0.294152 0.025735 0.0787402
      vertex 0.29079 0.0512741 0.0787402
      vertex 0.294152 0.025735 0.15748
    endloop
  endfacet
  facet normal 0.991445 0.130526 0
    outer loop
      vertex 0.294152 0.025735 0.15748
      vertex 0.29079 0.0512741 0.0787402
      vertex 0.29079 0.0512741 0.15748
    endloop
  endfacet
  facet normal 0.976296 0.21644 0
    outer loop
      vertex 0.29079 0.0512741 0.0787402
      vertex 0.285214 0.0764229 0.0787402
      vertex 0.29079 0.0512741 0.15748
    endloop
  endfacet
  facet normal 0.976296 0.21644 0
    outer loop
      vertex 0.29079 0.0512741 0.15748
      vertex 0.285214 0.0764229 0.0787402
      vertex 0.285214 0.0764229 0.15748
    endloop
  endfacet
  facet normal 0.953717 0.300706 0
    outer loop
      vertex 0.285214 0.0764229 0.0787402
      vertex 0.277468 0.10099 0.0787402
      vertex 0.285214 0.0764229 0.15748
    endloop
  endfacet
  facet normal 0.953717 0.300706 0
    outer loop
      vertex 0.285214 0.0764229 0.15748
      vertex 0.277468 0.10099 0.0787402
      vertex 0.277468 0.10099 0.15748
    endloop
  endfacet
  facet normal 0.92388 0.382683 0
    outer loop
      vertex 0.277468 0.10099 0.0787402
      vertex 0.267611 0.124789 0.0787402
      vertex 0.277468 0.10099 0.15748
    endloop
  endfacet
  facet normal 0.92388 0.382683 0
    outer loop
      vertex 0.277468 0.10099 0.15748
      vertex 0.267611 0.124789 0.0787402
      vertex 0.267611 0.124789 0.15748
    endloop
  endfacet
  facet normal 0.887011 0.461749 0
    outer loop
      vertex 0.267611 0.124789 0.0787402
      vertex 0.255716 0.147638 0.0787402
      vertex 0.267611 0.124789 0.15748
    endloop
  endfacet
  facet normal 0.887011 0.461749 0
    outer loop
      vertex 0.267611 0.124789 0.15748
      vertex 0.255716 0.147638 0.0787402
      vertex 0.255716 0.147638 0.15748
    endloop
  endfacet
  facet normal 0.843392 0.537299 0
    outer loop
      vertex 0.255716 0.147638 0.0787402
      vertex 0.241876 0.169363 0.0787402
      vertex 0.255716 0.147638 0.15748
    endloop
  endfacet
  facet normal 0.843392 0.537299 0
    outer loop
      vertex 0.255716 0.147638 0.15748
      vertex 0.241876 0.169363 0.0787402
      vertex 0.241876 0.169363 0.15748
    endloop
  endfacet
  facet normal 0.793353 0.608762 0
    outer loop
      vertex 0.241876 0.169363 0.0787402
      vertex 0.226194 0.189799 0.0787402
      vertex 0.241876 0.169363 0.15748
    endloop
  endfacet
  facet normal 0.793353 0.608762 0
    outer loop
      vertex 0.241876 0.169363 0.15748
      vertex 0.226194 0.189799 0.0787402
      vertex 0.226194 0.189799 0.15748
    endloop
  endfacet
  facet normal 0.737278 0.67559 0
    outer loop
      vertex 0.226194 0.189799 0.0787402
      vertex 0.208791 0.208791 0.0787402
      vertex 0.226194 0.189799 0.15748
    endloop
  endfacet
  facet normal 0.737278 0.67559 0
    outer loop
      vertex 0.226194 0.189799 0.15748
      vertex 0.208791 0.208791 0.0787402
      vertex 0.208791 0.208791 0.15748
    endloop
  endfacet
  facet normal 0.67559 0.737278 0
    outer loop
      vertex 0.208791 0.208791 0.0787402
      vertex 0.189799 0.226194 0.0787402
      vertex 0.208791 0.208791 0.15748
    endloop
  endfacet
  facet normal 0.67559 0.737278 0
    outer loop
      vertex 0.208791 0.208791 0.15748
      vertex 0.189799 0.226194 0.0787402
      vertex 0.189799 0.226194 0.15748
    endloop
  endfacet
  facet normal 0.608762 0.793353 0
    outer loop
      vertex 0.189799 0.226194 0.0787402
      vertex 0.169363 0.241876 0.0787402
      vertex 0.189799 0.226194 0.15748
    endloop
  endfacet
  facet normal 0.608762 0.793353 0
    outer loop
      vertex 0.189799 0.226194 0.15748
      vertex 0.169363 0.241876 0.0787402
      vertex 0.169363 0.241876 0.15748
    endloop
  endfacet
  facet normal 0.537299 0.843392 0
    outer loop
      vertex 0.169363 0.241876 0.0787402
      vertex 0.147638 0.255716 0.0787402
      vertex 0.169363 0.241876 0.15748
    endloop
  endfacet
  facet normal 0.537299 0.843392 0
    outer loop
      vertex 0.169363 0.241876 0.15748
      vertex 0.147638 0.255716 0.0787402
      vertex 0.147638 0.255716 0.15748
    endloop
  endfacet
  facet normal 0.461749 0.887011 0
    outer loop
      vertex 0.147638 0.255716 0.0787402
      vertex 0.124789 0.267611 0.0787402
      vertex 0.147638 0.255716 0.15748
    endloop
  endfacet
  facet normal 0.461749 0.887011 0
    outer loop
      vertex 0.147638 0.255716 0.15748
      vertex 0.124789 0.267611 0.0787402
      vertex 0.124789 0.267611 0.15748
    endloop
  endfacet
  facet normal 0.382683 0.92388 0
    outer loop
      vertex 0.124789 0.267611 0.0787402
      vertex 0.10099 0.277468 0.0787402
      vertex 0.124789 0.267611 0.15748
    endloop
  endfacet
  facet normal 0.382683 0.92388 0
    outer loop
      vertex 0.124789 0.267611 0.15748
      vertex 0.10099 0.277468 0.0787402
      vertex 0.10099 0.277468 0.15748
    endloop
  endfacet
  facet normal 0.300706 0.953717 0
    outer loop
      vertex 0.10099 0.277468 0.0787402
      vertex 0.0764229 0.285214 0.0787402
      vertex 0.10099 0.277468 0.15748
    endloop
  endfacet
  facet normal 0.300706 0.953717 0
    outer loop
      vertex 0.10099 0.277468 0.15748
      vertex 0.0764229 0.285214 0.0787402
      vertex 0.0764229 0.285214 0.15748
    endloop
  endfacet
  facet normal 0.21644 0.976296 0
    outer loop
      vertex 0.0764229 0.285214 0.0787402
      vertex 0.0512741 0.29079 0.0787402
      vertex 0.0764229 0.285214 0.15748
    endloop
  endfacet
  facet normal 0.21644 0.976296 0
    outer loop
      vertex 0.0764229 0.285214 0.15748
      vertex 0.0512741 0.29079 0.0787402
      vertex 0.0512741 0.29079 0.15748
    endloop
  endfacet
  facet normal 0.130526 0.991445 0
    outer loop
      vertex 0.0512741 0.29079 0.0787402
      vertex 0.025735 0.294152 0.0787402
      vertex 0.0512741 0.29079 0.15748
    endloop
  endfacet
  facet normal 0.130526 0.991445 0
    outer loop
      vertex 0.0512741 0.29079 0.15748
      vertex 0.025735 0.294152 0.0787402
      vertex 0.025735 0.294152 0.15748
    endloop
  endfacet
  facet normal 0.0436189 0.999048 0
    outer loop
      vertex 0.025735 0.294152 0.0787402
      vertex 8.36448e-17 0.295276 0.0787402
      vertex 0.025735 0.294152 0.15748
    endloop
  endfacet
  facet normal 0.0436189 0.999048 0
    outer loop
      vertex 0.025735 0.294152 0.15748
      vertex 8.36448e-17 0.295276 0.0787402
      vertex 8.36448e-17 0.295276 0.15748
    endloop
  endfacet
  facet normal -0.0436189 0.999048 0
    outer loop
      vertex 8.36448e-17 0.295276 0.0787402
      vertex -0.025735 0.294152 0.0787402
      vertex 8.36448e-17 0.295276 0.15748
    endloop
  endfacet
  facet normal -0.0436189 0.999048 0
    outer loop
      vertex 8.36448e-17 0.295276 0.15748
      vertex -0.025735 0.294152 0.0787402
      vertex -0.025735 0.294152 0.15748
    endloop
  endfacet
  facet normal -0.130526 0.991445 0
    outer loop
      vertex -0.025735 0.294152 0.0787402
      vertex -0.0512741 0.29079 0.0787402
      vertex -0.025735 0.294152 0.15748
    endloop
  endfacet
  facet normal -0.130526 0.991445 0
    outer loop
      vertex -0.025735 0.294152 0.15748
      vertex -0.0512741 0.29079 0.0787402
      vertex -0.0512741 0.29079 0.15748
    endloop
  endfacet
  facet normal -0.21644 0.976296 0
    outer loop
      vertex -0.0512741 0.29079 0.0787402
      vertex -0.0764229 0.285214 0.0787402
      vertex -0.0512741 0.29079 0.15748
    endloop
  endfacet
  facet normal -0.21644 0.976296 0
    outer loop
      vertex -0.0512741 0.29079 0.15748
      vertex -0.0764229 0.285214 0.0787402
      vertex -0.0764229 0.285214 0.15748
    endloop
  endfacet
  facet normal -0.300706 0.953717 0
    outer loop
      vertex -0.0764229 0.285214 0.0787402
      vertex -0.10099 0.277468 0.0787402
      vertex -0.0764229 0.285214 0.15748
    endloop
  endfacet
  facet normal -0.300706 0.953717 0
    outer loop
      vertex -0.0764229 0.285214 0.15748
      vertex -0.10099 0.277468 0.0787402
      vertex -0.10099 0.277468 0.15748
    endloop
  endfacet
  facet normal -0.382683 0.92388 0
    outer loop
      vertex -0.10099 0.277468 0.0787402
      vertex -0.124789 0.267611 0.0787402
      vertex -0.10099 0.277468 0.15748
    endloop
  endfacet
  facet normal -0.382683 0.92388 0
    outer loop
      vertex -0.10099 0.277468 0.15748
      vertex -0.124789 0.267611 0.0787402
      vertex -0.124789 0.267611 0.15748
    endloop
  endfacet
  facet normal -0.461749 0.887011 0
    outer loop
      vertex -0.124789 0.267611 0.0787402
      vertex -0.147638 0.255716 0.0787402
      vertex -0.124789 0.267611 0.15748
    endloop
  endfacet
  facet normal -0.461749 0.887011 0
    outer loop
      vertex -0.124789 0.267611 0.15748
      vertex -0.147638 0.255716 0.0787402
      vertex -0.147638 0.255716 0.15748
    endloop
  endfacet
  facet normal -0.537299 0.843392 0
    outer loop
      vertex -0.147638 0.255716 0.0787402
      vertex -0.169363 0.241876 0.0787402
      vertex -0.147638 0.255716 0.15748
    endloop
  endfacet
  facet normal -0.537299 0.843392 0
    outer loop
      vertex -0.147638 0.255716 0.15748
      vertex -0.169363 0.241876 0.0787402
      vertex -0.169363 0.241876 0.15748
    endloop
  endfacet
  facet normal -0.608762 0.793353 0
    outer loop
      vertex -0.169363 0.241876 0.0787402
      vertex -0.189799 0.226194 0.0787402
      vertex -0.169363 0.241876 0.15748
    endloop
  endfacet
  facet normal -0.608762 0.793353 0
    outer loop
      vertex -0.169363 0.241876 0.15748
      vertex -0.189799 0.226194 0.0787402
      vertex -0.189799 0.226194 0.15748
    endloop
  endfacet
  facet normal -0.67559 0.737278 0
    outer loop
      vertex -0.189799 0.226194 0.0787402
      vertex -0.208791 0.208791 0.0787402
      vertex -0.189799 0.226194 0.15748
    endloop
  endfacet
  facet normal -0.67559 0.737278 0
    outer loop
      vertex -0.189799 0.226194 0.15748
      vertex -0.208791 0.208791 0.0787402
      vertex -0.208791 0.208791 0.15748
    endloop
  endfacet
  facet normal -0.737278 0.67559 0
    outer loop
      vertex -0.208791 0.208791 0.0787402
      vertex -0.226194 0.189799 0.0787402
      vertex -0.208791 0.208791 0.15748
    endloop
  endfacet
  facet normal -0.737278 0.67559 0
    outer loop
      vertex -0.208791 0.208791 0.15748
      vertex -0.226194 0.189799 0.0787402
      vertex -0.226194 0.189799 0.15748
    endloop
  endfacet
  facet normal -0.793353 0.608762 0
    outer loop
      vertex -0.226194 0.189799 0.0787402
      vertex -0.241876 0.169363 0.0787402
      vertex -0.226194 0.189799 0.15748
    endloop
  endfacet
  facet normal -0.793353 0.608762 0
    outer loop
      vertex -0.226194 0.189799 0.15748
      vertex -0.241876 0.169363 0.0787402
      vertex -0.241876 0.169363 0.15748
    endloop
  endfacet
  facet normal -0.843392 0.537299 0
    outer loop
      vertex -0.241876 0.169363 0.0787402
      vertex -0.255716 0.147638 0.0787402
      vertex -0.241876 0.169363 0.15748
    endloop
  endfacet
  facet normal -0.843392 0.537299 0
    outer loop
      vertex -0.241876 0.169363 0.15748
      vertex -0.255716 0.147638 0.0787402
      vertex -0.255716 0.147638 0.15748
    endloop
  endfacet
  facet normal -0.887011 0.461749 0
    outer loop
      vertex -0.255716 0.147638 0.0787402
      vertex -0.267611 0.124789 0.0787402
      vertex -0.255716 0.147638 0.15748
    endloop
  endfacet
  facet normal -0.887011 0.461749 0
    outer loop
      vertex -0.255716 0.147638 0.15748
      vertex -0.267611 0.124789 0.0787402
      vertex -0.267611 0.124789 0.15748
    endloop
  endfacet
  facet normal -0.92388 0.382683 0
    outer loop
      vertex -0.267611 0.124789 0.0787402
      vertex -0.277468 0.10099 0.0787402
      vertex -0.267611 0.124789 0.15748
    endloop
  endfacet
  facet normal -0.92388 0.382683 0
    outer loop
      vertex -0.267611 0.124789 0.15748
      vertex -0.277468 0.10099 0.0787402
      vertex -0.277468 0.10099 0.15748
    endloop
  endfacet
  facet normal -0.953717 0.300706 0
    outer loop
      vertex -0.277468 0.10099 0.0787402
      vertex -0.285214 0.0764229 0.0787402
      vertex -0.277468 0.10099 0.15748
    endloop
  endfacet
  facet normal -0.953717 0.300706 0
    outer loop
      vertex -0.277468 0.10099 0.15748
      vertex -0.285214 0.0764229 0.0787402
      vertex -0.285214 0.0764229 0.15748
    endloop
  endfacet
  facet normal -0.976296 0.21644 0
    outer loop
      vertex -0.285214 0.0764229 0.0787402
      vertex -0.29079 0.0512741 0.0787402
      vertex -0.285214 0.0764229 0.15748
    endloop
  endfacet
  facet normal -0.976296 0.21644 0
    outer loop
      vertex -0.285214 0.0764229 0.15748
      vertex -0.29079 0.0512741 0.0787402
      vertex -0.29079 0.0512741 0.15748
    endloop
  endfacet
  facet normal -0.991445 0.130526 0
    outer loop
      vertex -0.29079 0.0512741 0.0787402
      vertex -0.294152 0.025735 0.0787402
      vertex -0.29079 0.0512741 0.15748
    endloop
  endfacet
  facet normal -0.991445 0.130526 0
    outer loop
      vertex -0.29079 0.0512741 0.15748
      vertex -0.294152 0.025735 0.0787402
      vertex -0.294152 0.025735 0.15748
    endloop
  endfacet
  facet normal -0.999048 0.0436189 0
    outer loop
      vertex -0.294152 0.025735 0.0787402
      vertex -0.295276 1.8537e-16 0.0787402
      vertex -0.294152 0.025735 0.15748
    endloop
  endfacet
  facet normal -0.999048 0.0436189 0
    outer loop
      vertex -0.294152 0.025735 0.15748
      vertex -0.295276 1.8537e-16 0.0787402
      vertex -0.295276 1.8537e-16 0.15748
    endloop
  endfacet
  facet normal -0.999048 -0.0436189 0
    outer loop
      vertex -0.295276 1.8537e-16 0.0787402
      vertex -0.294152 -0.025735 0.0787402
      vertex -0.295276 1.8537e-16 0.15748
    endloop
  endfacet
  facet normal -0.999048 -0.0436189 0
    outer loop
      vertex -0.295276 1.8537e-16 0.15748
      vertex -0.294152 -0.025735 0.0787402
      vertex -0.294152 -0.025735 0.15748
    endloop
  endfacet
  facet normal -0.991445 -0.130526 0
    outer loop
      vertex -0.294152 -0.025735 0.0787402
      vertex -0.29079 -0.0512741 0.0787402
      vertex -0.294152 -0.025735 0.15748
    endloop
  endfacet
  facet normal -0.991445 -0.130526 0
    outer loop
      vertex -0.294152 -0.025735 0.15748
      vertex -0.29079 -0.0512741 0.0787402
      vertex -0.29079 -0.0512741 0.15748
    endloop
  endfacet
  facet normal -0.976296 -0.21644 0
    outer loop
      vertex -0.29079 -0.0512741 0.0787402
      vertex -0.285214 -0.0764229 0.0787402
      vertex -0.29079 -0.0512741 0.15748
    endloop
  endfacet
  facet normal -0.976296 -0.21644 0
    outer loop
      vertex -0.29079 -0.0512741 0.15748
      vertex -0.285214 -0.0764229 0.0787402
      vertex -0.285214 -0.0764229 0.15748
    endloop
  endfacet
  facet normal -0.953717 -0.300706 0
    outer loop
      vertex -0.285214 -0.0764229 0.0787402
      vertex -0.277468 -0.10099 0.0787402
      vertex -0.285214 -0.0764229 0.15748
    endloop
  endfacet
  facet normal -0.953717 -0.300706 0
    outer loop
      vertex -0.285214 -0.0764229 0.15748
      vertex -0.277468 -0.10099 0.0787402
      vertex -0.277468 -0.10099 0.15748
    endloop
  endfacet
  facet normal -0.92388 -0.382683 0
    outer loop
      vertex -0.277468 -0.10099 0.0787402
      vertex -0.267611 -0.124789 0.0787402
      vertex -0.277468 -0.10099 0.15748
    endloop
  endfacet
  facet normal -0.92388 -0.382683 0
    outer loop
      vertex -0.277468 -0.10099 0.15748
      vertex -0.267611 -0.124789 0.0787402
      vertex -0.267611 -0.124789 0.15748
    endloop
  endfacet
  facet normal -0.887011 -0.461749 0
    outer loop
      vertex -0.267611 -0.124789 0.0787402
      vertex -0.255716 -0.147638 0.0787402
      vertex -0.267611 -0.124789 0.15748
    endloop
  endfacet
  facet normal -0.887011 -0.461749 0
    outer loop
      vertex -0.267611 -0.124789 0.15748
      vertex -0.255716 -0.147638 0.0787402
      vertex -0.255716 -0.147638 0.15748
    endloop
  endfacet
  facet normal -0.843392 -0.537299 0
    outer loop
      vertex -0.255716 -0.147638 0.0787402
      vertex -0.241876 -0.169363 0.0787402
      vertex -0.255716 -0.147638 0.15748
    endloop
  endfacet
  facet normal -0.843392 -0.537299 0
    outer loop
      vertex -0.255716 -0.147638 0.15748
      vertex -0.241876 -0.169363 0.0787402
      vertex -0.241876 -0.169363 0.15748
    endloop
  endfacet
  facet normal -0.793353 -0.608762 0
    outer loop
      vertex -0.241876 -0.169363 0.0787402
      vertex -0.226194 -0.189799 0.0787402
      vertex -0.241876 -0.169363 0.15748
    endloop
  endfacet
  facet normal -0.793353 -0.608762 0
    outer loop
      vertex -0.241876 -0.169363 0.15748
      vertex -0.226194 -0.189799 0.0787402
      vertex -0.226194 -0.189799 0.15748
    endloop
  endfacet
  facet normal -0.737278 -0.67559 0
    outer loop
      vertex -0.226194 -0.189799 0.0787402
      vertex -0.208791 -0.208791 0.0787402
      vertex -0.226194 -0.189799 0.15748
    endloop
  endfacet
  facet normal -0.737278 -0.67559 0
    outer loop
      vertex -0.226194 -0.189799 0.15748
      vertex -0.208791 -0.208791 0.0787402
      vertex -0.208791 -0.208791 0.15748
    endloop
  endfacet
  facet normal -0.67559 -0.737278 0
    outer loop
      vertex -0.208791 -0.208791 0.0787402
      vertex -0.189799 -0.226194 0.0787402
      vertex -0.208791 -0.208791 0.15748
    endloop
  endfacet
  facet normal -0.67559 -0.737278 0
    outer loop
      vertex -0.208791 -0.208791 0.15748
      vertex -0.189799 -0.226194 0.0787402
      vertex -0.189799 -0.226194 0.15748
    endloop
  endfacet
  facet normal -0.608762 -0.793353 0
    outer loop
      vertex -0.189799 -0.226194 0.0787402
      vertex -0.169363 -0.241876 0.0787402
      vertex -0.189799 -0.226194 0.15748
    endloop
  endfacet
  facet normal -0.608762 -0.793353 0
    outer loop
      vertex -0.189799 -0.226194 0.15748
      vertex -0.169363 -0.241876 0.0787402
      vertex -0.169363 -0.241876 0.15748
    endloop
  endfacet
  facet normal -0.537299 -0.843392 0
    outer loop
      vertex -0.169363 -0.241876 0.0787402
      vertex -0.147638 -0.255716 0.0787402
      vertex -0.169363 -0.241876 0.15748
    endloop
  endfacet
  facet normal -0.537299 -0.843392 0
    outer loop
      vertex -0.169363 -0.241876 0.15748
      vertex -0.147638 -0.255716 0.0787402
      vertex -0.147638 -0.255716 0.15748
    endloop
  endfacet
  facet normal -0.461749 -0.887011 0
    outer loop
      vertex -0.147638 -0.255716 0.0787402
      vertex -0.124789 -0.267611 0.0787402
      vertex -0.147638 -0.255716 0.15748
    endloop
  endfacet
  facet normal -0.461749 -0.887011 0
    outer loop
      vertex -0.147638 -0.255716 0.15748
      vertex -0.124789 -0.267611 0.0787402
      vertex -0.124789 -0.267611 0.15748
    endloop
  endfacet
  facet normal -0.382683 -0.92388 0
    outer loop
      vertex -0.124789 -0.267611 0.0787402
      vertex -0.10099 -0.277468 0.0787402
      vertex -0.124789 -0.267611 0.15748
    endloop
  endfacet
  facet normal -0.382683 -0.92388 0
    outer loop
      vertex -0.124789 -0.267611 0.15748
      vertex -0.10099 -0.277468 0.0787402
      vertex -0.10099 -0.277468 0.15748
    endloop
  endfacet
  facet normal -0.300706 -0.953717 0
    outer loop
      vertex -0.10099 -0.277468 0.0787402
      vertex -0.0764229 -0.285214 0.0787402
      vertex -0.10099 -0.277468 0.15748
    endloop
  endfacet
  facet normal -0.300706 -0.953717 0
    outer loop
      vertex -0.10099 -0.277468 0.15748
      vertex -0.0764229 -0.285214 0.0787402
      vertex -0.0764229 -0.285214 0.15748
    endloop
  endfacet
  facet normal -0.21644 -0.976296 0
    outer loop
      vertex -0.0764229 -0.285214 0.0787402
      vertex -0.0512741 -0.29079 0.0787402
      vertex -0.0764229 -0.285214 0.15748
    endloop
  endfacet
  facet normal -0.21644 -0.976296 0
    outer loop
      vertex -0.0764229 -0.285214 0.15748
      vertex -0.0512741 -0.29079 0.0787402
      vertex -0.0512741 -0.29079 0.15748
    endloop
  endfacet
  facet normal -0.130526 -0.991445 0
    outer loop
      vertex -0.0512741 -0.29079 0.0787402
      vertex -0.025735 -0.294152 0.0787402
      vertex -0.0512741 -0.29079 0.15748
    endloop
  endfacet
  facet normal -0.130526 -0.991445 0
    outer loop
      vertex -0.0512741 -0.29079 0.15748
      vertex -0.025735 -0.294152 0.0787402
      vertex -0.025735 -0.294152 0.15748
    endloop
  endfacet
  facet normal -0.0436189 -0.999048 0
    outer loop
      vertex -0.025735 -0.294152 0.0787402
      vertex -3.16499e-16 -0.295276 0.0787402
      vertex -0.025735 -0.294152 0.15748
    endloop
  endfacet
  facet normal -0.0436189 -0.999048 0
    outer loop
      vertex -0.025735 -0.294152 0.15748
      vertex -3.16499e-16 -0.295276 0.0787402
      vertex -3.16499e-16 -0.295276 0.15748
    endloop
  endfacet
  facet normal 0.0436189 -0.999048 0
    outer loop
      vertex -3.16499e-16 -0.295276 0.0787402
      vertex 0.025735 -0.294152 0.0787402
      vertex -3.16499e-16 -0.295276 0.15748
    endloop
  endfacet
  facet normal 0.0436189 -0.999048 0
    outer loop
      vertex -3.16499e-16 -0.295276 0.15748
      vertex 0.025735 -0.294152 0.0787402
      vertex 0.025735 -0.294152 0.15748
    endloop
  endfacet
  facet normal 0.130526 -0.991445 0
    outer loop
      vertex 0.025735 -0.294152 0.0787402
      vertex 0.0512741 -0.29079 0.0787402
      vertex 0.025735 -0.294152 0.15748
    endloop
  endfacet
  facet normal 0.130526 -0.991445 0
    outer loop
      vertex 0.025735 -0.294152 0.15748
      vertex 0.0512741 -0.29079 0.0787402
      vertex 0.0512741 -0.29079 0.15748
    endloop
  endfacet
  facet normal 0.21644 -0.976296 0
    outer loop
      vertex 0.0512741 -0.29079 0.0787402
      vertex 0.0764229 -0.285214 0.0787402
      vertex 0.0512741 -0.29079 0.15748
    endloop
  endfacet
  facet normal 0.21644 -0.976296 0
    outer loop
      vertex 0.0512741 -0.29079 0.15748
      vertex 0.0764229 -0.285214 0.0787402
      vertex 0.0764229 -0.285214 0.15748
    endloop
  endfacet
  facet normal 0.300706 -0.953717 0
    outer loop
      vertex 0.0764229 -0.285214 0.0787402
      vertex 0.10099 -0.277468 0.0787402
      vertex 0.0764229 -0.285214 0.15748
    endloop
  endfacet
  facet normal 0.300706 -0.953717 0
    outer loop
      vertex 0.0764229 -0.285214 0.15748
      vertex 0.10099 -0.277468 0.0787402
      vertex 0.10099 -0.277468 0.15748
    endloop
  endfacet
  facet normal 0.382683 -0.92388 0
    outer loop
      vertex 0.10099 -0.277468 0.0787402
      vertex 0.124789 -0.267611 0.0787402
      vertex 0.10099 -0.277468 0.15748
    endloop
  endfacet
  facet normal 0.382683 -0.92388 0
    outer loop
      vertex 0.10099 -0.277468 0.15748
      vertex 0.124789 -0.267611 0.0787402
      vertex 0.124789 -0.267611 0.15748
    endloop
  endfacet
  facet normal 0.461749 -0.887011 0
    outer loop
      vertex 0.124789 -0.267611 0.0787402
      vertex 0.147638 -0.255716 0.0787402
      vertex 0.124789 -0.267611 0.15748
    endloop
  endfacet
  facet normal 0.461749 -0.887011 0
    outer loop
      vertex 0.124789 -0.267611 0.15748
      vertex 0.147638 -0.255716 0.0787402
      vertex 0.147638 -0.255716 0.15748
    endloop
  endfacet
  facet normal 0.537299 -0.843392 0
    outer loop
      vertex 0.147638 -0.255716 0.0787402
      vertex 0.169363 -0.241876 0.0787402
      vertex 0.147638 -0.255716 0.15748
    endloop
  endfacet
  facet normal 0.537299 -0.843392 0
    outer loop
      vertex 0.147638 -0.255716 0.15748
      vertex 0.169363 -0.241876 0.0787402
      vertex 0.169363 -0.241876 0.15748
    endloop
  endfacet
  facet normal 0.608762 -0.793353 0
    outer loop
      vertex 0.169363 -0.241876 0.0787402
      vertex 0.189799 -0.226194 0.0787402
      vertex 0.169363 -0.241876 0.15748
    endloop
  endfacet
  facet normal 0.608762 -0.793353 0
    outer loop
      vertex 0.169363 -0.241876 0.15748
      vertex 0.189799 -0.226194 0.0787402
      vertex 0.189799 -0.226194 0.15748
    endloop
  endfacet
  facet normal 0.67559 -0.737278 0
    outer loop
      vertex 0.189799 -0.226194 0.0787402
      vertex 0.208791 -0.208791 0.0787402
      vertex 0.189799 -0.226194 0.15748
    endloop
  endfacet
  facet normal 0.67559 -0.737278 0
    outer loop
      vertex 0.189799 -0.226194 0.15748
      vertex 0.208791 -0.208791 0.0787402
      vertex 0.208791 -0.208791 0.15748
    endloop
  endfacet
  facet normal 0.737278 -0.67559 0
    outer loop
      vertex 0.208791 -0.208791 0.0787402
      vertex 0.226194 -0.189799 0.0787402
      vertex 0.208791 -0.208791 0.15748
    endloop
  endfacet
  facet normal 0.737278 -0.67559 0
    outer loop
      vertex 0.208791 -0.208791 0.15748
      vertex 0.226194 -0.189799 0.0787402
      vertex 0.226194 -0.189799 0.15748
    endloop
  endfacet
  facet normal 0.793353 -0.608762 0
    outer loop
      vertex 0.226194 -0.189799 0.0787402
      vertex 0.241876 -0.169363 0.0787402
      vertex 0.226194 -0.189799 0.15748
    endloop
  endfacet
  facet normal 0.793353 -0.608762 0
    outer loop
      vertex 0.226194 -0.189799 0.15748
      vertex 0.241876 -0.169363 0.0787402
      vertex 0.241876 -0.169363 0.15748
    endloop
  endfacet
  facet normal 0.843392 -0.537299 0
    outer loop
      vertex 0.241876 -0.169363 0.0787402
      vertex 0.255716 -0.147638 0.0787402
      vertex 0.241876 -0.169363 0.15748
    endloop
  endfacet
  facet normal 0.843392 -0.537299 0
    outer loop
      vertex 0.241876 -0.169363 0.15748
      vertex 0.255716 -0.147638 0.0787402
      vertex 0.255716 -0.147638 0.15748
    endloop
  endfacet
  facet normal 0.887011 -0.461749 0
    outer loop
      vertex 0.255716 -0.147638 0.0787402
      vertex 0.267611 -0.124789 0.0787402
      vertex 0.255716 -0.147638 0.15748
    endloop
  endfacet
  facet normal 0.887011 -0.461749 0
    outer loop
      vertex 0.255716 -0.147638 0.15748
      vertex 0.267611 -0.124789 0.0787402
      vertex 0.267611 -0.124789 0.15748
    endloop
  endfacet
  facet normal 0.92388 -0.382683 0
    outer loop
      vertex 0.267611 -0.124789 0.0787402
      vertex 0.277468 -0.10099 0.0787402
      vertex 0.267611 -0.124789 0.15748
    endloop
  endfacet
  facet normal 0.92388 -0.382683 0
    outer loop
      vertex 0.267611 -0.124789 0.15748
      vertex 0.277468 -0.10099 0.0787402
      vertex 0.277468 -0.10099 0.15748
    endloop
  endfacet
  facet normal 0.953717 -0.300706 0
    outer loop
      vertex 0.277468 -0.10099 0.0787402
      vertex 0.285214 -0.0764229 0.0787402
      vertex 0.277468 -0.10099 0.15748
    endloop
  endfacet
  facet normal 0.953717 -0.300706 0
    outer loop
      vertex 0.277468 -0.10099 0.15748
      vertex 0.285214 -0.0764229 0.0787402
      vertex 0.285214 -0.0764229 0.15748
    endloop
  endfacet
  facet normal 0.976296 -0.21644 0
    outer loop
      vertex 0.285214 -0.0764229 0.0787402
      vertex 0.29079 -0.0512741 0.0787402
      vertex 0.285214 -0.0764229 0.15748
    endloop
  endfacet
  facet normal 0.976296 -0.21644 0
    outer loop
      vertex 0.285214 -0.0764229 0.15748
      vertex 0.29079 -0.0512741 0.0787402
      vertex 0.29079 -0.0512741 0.15748
    endloop
  endfacet
  facet normal 0.991445 -0.130526 0
    outer loop
      vertex 0.29079 -0.0512741 0.0787402
      vertex 0.294152 -0.025735 0.0787402
      vertex 0.29079 -0.0512741 0.15748
    endloop
  endfacet
  facet normal 0.991445 -0.130526 0
    outer loop
      vertex 0.29079 -0.0512741 0.15748
      vertex 0.294152 -0.025735 0.0787402
      vertex 0.294152 -0.025735 0.15748
    endloop
  endfacet
  facet normal 0.999048 -0.0436189 0
    outer loop
      vertex 0.294152 -0.025735 0.0787402
      vertex 0.295276 -5.42412e-17 0.0787402
      vertex 0.294152 -0.025735 0.15748
    endloop
  endfacet
  facet normal 0.999048 -0.0436189 4.04557e-17
    outer loop
      vertex 0.294152 -0.025735 0.15748
      vertex 0.295276 -5.42412e-17 0.0787402
      vertex 0.295276 1.80804e-17 0.15748
    endloop
  endfacet
  facet normal 0.999048 0.0436189 -4.00633e-17
    outer loop
      vertex 0.295276 -5.42412e-17 0.0787402
      vertex 0.294152 0.025735 0.0787402
      vertex 0.295276 1.80804e-17 0.15748
    endloop
  endfacet
  facet normal 0 0 1
    outer loop
      vertex -0.214088 -0.0998311 0.15748
      vertex -0.267611 -0.124789 0.15748
      vertex -0.204573 -0.11811 0.15748
    endloop
  endfacet
  facet normal 0 0 1
    outer loop
      vertex -0.267611 -0.124789 0.15748
      vertex -0.255716 -0.147638 0.15748
      vertex -0.204573 -0.11811 0.15748
    endloop
  endfacet
  facet normal 0 0 1
    outer loop
      vertex -0.204573 -0.11811 0.15748
      vertex -0.255716 -0.147638 0.15748
      vertex -0.1935 -0.13549 0.15748
    endloop
  endfacet
  facet normal 0 0 1
    outer loop
      vertex -0.255716 -0.147638 0.15748
      vertex -0.241876 -0.169363 0.15748
      vertex -0.1935 -0.13549 0.15748
    endloop
  endfacet
  facet normal 0 0 1
    outer loop
      vertex -0.1935 -0.13549 0.15748
      vertex -0.241876 -0.169363 0.15748
      vertex -0.180955 -0.15184 0.15748
    endloop
  endfacet
  facet normal 0 0 1
    outer loop
      vertex -0.241876 -0.169363 0.15748
      vertex -0.226194 -0.189799 0.15748
      vertex -0.180955 -0.15184 0.15748
    endloop
  endfacet
  facet normal 0 0 1
    outer loop
      vertex -0.180955 -0.15184 0.15748
      vertex -0.226194 -0.189799 0.15748
      vertex -0.167033 -0.167033 0.15748
    endloop
  endfacet
  facet normal 0 0 1
    outer loop
      vertex -0.226194 -0.189799 0.15748
      vertex -0.208791 -0.208791 0.15748
      vertex -0.167033 -0.167033 0.15748
    endloop
  endfacet
  facet normal 0 0 1
    outer loop
      vertex -0.167033 -0.167033 0.15748
      vertex -0.208791 -0.208791 0.15748
      vertex -0.15184 -0.180955 0.15748
    endloop
  endfacet
  facet normal 0 0 1
    outer loop
      vertex -0.208791 -0.208791 0.15748
      vertex -0.189799 -0.226194 0.15748
      vertex -0.15184 -0.180955 0.15748
    endloop
  endfacet
  facet normal 0 0 1
    outer loop
      vertex -0.15184 -0.180955 0.15748
      vertex -0.189799 -0.226194 0.15748
      vertex -0.13549 -0.1935 0.15748
    endloop
  endfacet
  facet normal 0 0 1
    outer loop
      vertex -0.189799 -0.226194 0.15748
      vertex -0.169363 -0.241876 0.15748
      vertex -0.13549 -0.1935 0.15748
    endloop
  endfacet
  facet normal 0 0 1
    outer loop
      vertex -0.13549 -0.1935 0.15748
      vertex -0.169363 -0.241876 0.15748
      vertex -0.11811 -0.204573 0.15748
    endloop
  endfacet
  facet normal 0 0 1
    outer loop
      vertex -0.169363 -0.241876 0.15748
      vertex -0.147638 -0.255716 0.15748
      vertex -0.11811 -0.204573 0.15748
    endloop
  endfacet
  facet normal 0 0 1
    outer loop
      vertex -0.11811 -0.204573 0.15748
      vertex -0.147638 -0.255716 0.15748
      vertex -0.0998311 -0.214088 0.15748
    endloop
  endfacet
  facet normal 0 0 1
    outer loop
      vertex -0.147638 -0.255716 0.15748
      vertex -0.124789 -0.267611 0.15748
      vertex -0.0998311 -0.214088 0.15748
    endloop
  endfacet
  facet normal 0 0 1
    outer loop
      vertex -0.0998311 -0.214088 0.15748
      vertex -0.124789 -0.267611 0.15748
      vertex -0.0807922 -0.221975 0.15748
    endloop
  endfacet
  facet normal 0 0 1
    outer loop
      vertex -0.124789 -0.267611 0.15748
      vertex -0.10099 -0.277468 0.15748
      vertex -0.0807922 -0.221975 0.15748
    endloop
  endfacet
  facet normal 0 0 1
    outer loop
      vertex -0.0807922 -0.221975 0.15748
      vertex -0.10099 -0.277468 0.15748
      vertex -0.0611384 -0.228171 0.15748
    endloop
  endfacet
  facet normal 0 0 1
    outer loop
      vertex -0.10099 -0.277468 0.15748
      vertex -0.0764229 -0.285214 0.15748
      vertex -0.0611384 -0.228171 0.15748
    endloop
  endfacet
  facet normal 0 0 1
    outer loop
      vertex -0.0611384 -0.228171 0.15748
      vertex -0.0764229 -0.285214 0.15748
      vertex -0.0410193 -0.232632 0.15748
    endloop
  endfacet
  facet normal 0 0 1
    outer loop
      vertex -0.0764229 -0.285214 0.15748
      vertex -0.0512741 -0.29079 0.15748
      vertex -0.0410193 -0.232632 0.15748
    endloop
  endfacet
  facet normal 0 0 1
    outer loop
      vertex -0.0410193 -0.232632 0.15748
      vertex -0.0512741 -0.29079 0.15748
      vertex -0.020588 -0.235322 0.15748
    endloop
  endfacet
  facet normal 0 0 1
    outer loop
      vertex -0.0512741 -0.29079 0.15748
      vertex -0.025735 -0.294152 0.15748
      vertex -0.020588 -0.235322 0.15748
    endloop
  endfacet
  facet normal 0 0 1
    outer loop
      vertex -0.020588 -0.235322 0.15748
      vertex -0.025735 -0.294152 0.15748
      vertex 2.53199e-16 -0.23622 0.15748
    endloop
  endfacet
  facet normal 0 0 1
    outer loop
      vertex -0.025735 -0.294152 0.15748
      vertex -3.16499e-16 -0.295276 0.15748
      vertex 2.53199e-16 -0.23622 0.15748
    endloop
  endfacet
  facet normal 0 0 1
    outer loop
      vertex 2.53199e-16 -0.23622 0.15748
      vertex -3.16499e-16 -0.295276 0.15748
      vertex 0.020588 -0.235322 0.15748
    endloop
  endfacet
  facet normal 0 0 1
    outer loop
      vertex -3.16499e-16 -0.295276 0.15748
      vertex 0.025735 -0.294152 0.15748
      vertex 0.020588 -0.235322 0.15748
    endloop
  endfacet
  facet normal 0 0 1
    outer loop
      vertex 0.020588 -0.235322 0.15748
      vertex 0.025735 -0.294152 0.15748
      vertex 0.0410193 -0.232632 0.15748
    endloop
  endfacet
  facet normal 0 0 1
    outer loop
      vertex 0.025735 -0.294152 0.15748
      vertex 0.0512741 -0.29079 0.15748
      vertex 0.0410193 -0.232632 0.15748
    endloop
  endfacet
  facet normal 0 0 1
    outer loop
      vertex 0.0410193 -0.232632 0.15748
      vertex 0.0512741 -0.29079 0.15748
      vertex 0.0611384 -0.228171 0.15748
    endloop
  endfacet
  facet normal 0 0 1
    outer loop
      vertex 0.0512741 -0.29079 0.15748
      vertex 0.0764229 -0.285214 0.15748
      vertex 0.0611384 -0.228171 0.15748
    endloop
  endfacet
  facet normal 0 0 1
    outer loop
      vertex 0.0611384 -0.228171 0.15748
      vertex 0.0764229 -0.285214 0.15748
      vertex 0.0807922 -0.221975 0.15748
    endloop
  endfacet
  facet normal 0 0 1
    outer loop
      vertex 0.0764229 -0.285214 0.15748
      vertex 0.10099 -0.277468 0.15748
      vertex 0.0807922 -0.221975 0.15748
    endloop
  endfacet
  facet normal 0 0 1
    outer loop
      vertex 0.0807922 -0.221975 0.15748
      vertex 0.10099 -0.277468 0.15748
      vertex 0.0998311 -0.214088 0.15748
    endloop
  endfacet
  facet normal 0 0 1
    outer loop
      vertex 0.10099 -0.277468 0.15748
      vertex 0.124789 -0.267611 0.15748
      vertex 0.0998311 -0.214088 0.15748
    endloop
  endfacet
  facet normal 0 0 1
    outer loop
      vertex 0.0998311 -0.214088 0.15748
      vertex 0.124789 -0.267611 0.15748
      vertex 0.11811 -0.204573 0.15748
    endloop
  endfacet
  facet normal 0 0 1
    outer loop
      vertex 0.124789 -0.267611 0.15748
      vertex 0.147638 -0.255716 0.15748
      vertex 0.11811 -0.204573 0.15748
    endloop
  endfacet
  facet normal 0 0 1
    outer loop
      vertex 0.11811 -0.204573 0.15748
      vertex 0.147638 -0.255716 0.15748
      vertex 0.13549 -0.1935 0.15748
    endloop
  endfacet
  facet normal 0 0 1
    outer loop
      vertex 0.147638 -0.255716 0.15748
      vertex 0.169363 -0.241876 0.15748
      vertex 0.13549 -0.1935 0.15748
    endloop
  endfacet
  facet normal 0 0 1
    outer loop
      vertex 0.13549 -0.1935 0.15748
      vertex 0.169363 -0.241876 0.15748
      vertex 0.15184 -0.180955 0.15748
    endloop
  endfacet
  facet normal 0 0 1
    outer loop
      vertex 0.169363 -0.241876 0.15748
      vertex 0.189799 -0.226194 0.15748
      vertex 0.15184 -0.180955 0.15748
    endloop
  endfacet
  facet normal 0 0 1
    outer loop
      vertex 0.15184 -0.180955 0.15748
      vertex 0.189799 -0.226194 0.15748
      vertex 0.167033 -0.167033 0.15748
    endloop
  endfacet
  facet normal 0 0 1
    outer loop
      vertex 0.189799 -0.226194 0.15748
      vertex 0.208791 -0.208791 0.15748
      vertex 0.167033 -0.167033 0.15748
    endloop
  endfacet
  facet normal 0 0 1
    outer loop
      vertex 0.167033 -0.167033 0.15748
      vertex 0.208791 -0.208791 0.15748
      vertex 0.180955 -0.15184 0.15748
    endloop
  endfacet
  facet normal 0 0 1
    outer loop
      vertex 0.208791 -0.208791 0.15748
      vertex 0.226194 -0.189799 0.15748
      vertex 0.180955 -0.15184 0.15748
    endloop
  endfacet
  facet normal 0 0 1
    outer loop
      vertex 0.180955 -0.15184 0.15748
      vertex 0.226194 -0.189799 0.15748
      vertex 0.1935 -0.13549 0.15748
    endloop
  endfacet
  facet normal 0 0 1
    outer loop
      vertex 0.226194 -0.189799 0.15748
      vertex 0.241876 -0.169363 0.15748
      vertex 0.1935 -0.13549 0.15748
    endloop
  endfacet
  facet normal 0 0 1
    outer loop
      vertex 0.1935 -0.13549 0.15748
      vertex 0.241876 -0.169363 0.15748
      vertex 0.204573 -0.11811 0.15748
    endloop
  endfacet
  facet normal 0 0 1
    outer loop
      vertex 0.241876 -0.169363 0.15748
      vertex 0.255716 -0.147638 0.15748
      vertex 0.204573 -0.11811 0.15748
    endloop
  endfacet
  facet normal 0 0 1
    outer loop
      vertex 0.204573 -0.11811 0.15748
      vertex 0.255716 -0.147638 0.15748
      vertex 0.214088 -0.0998311 0.15748
    endloop
  endfacet
  facet normal 0 0 1
    outer loop
      vertex 0.255716 -0.147638 0.15748
      vertex 0.267611 -0.124789 0.15748
      vertex 0.214088 -0.0998311 0.15748
    endloop
  endfacet
  facet normal 0 0 1
    outer loop
      vertex 0.214088 -0.0998311 0.15748
      vertex 0.267611 -0.124789 0.15748
      vertex 0.221975 -0.0807922 0.15748
    endloop
  endfacet
  facet normal 0 0 1
    outer loop
      vertex 0.267611 -0.124789 0.15748
      vertex 0.277468 -0.10099 0.15748
      vertex 0.221975 -0.0807922 0.15748
    endloop
  endfacet
  facet normal 0 0 1
    outer loop
      vertex 0.221975 -0.0807922 0.15748
      vertex 0.277468 -0.10099 0.15748
      vertex 0.228171 -0.0611384 0.15748
    endloop
  endfacet
  facet normal 0 0 1
    outer loop
      vertex 0.277468 -0.10099 0.15748
      vertex 0.285214 -0.0764229 0.15748
      vertex 0.228171 -0.0611384 0.15748
    endloop
  endfacet
  facet normal 0 0 1
    outer loop
      vertex 0.228171 -0.0611384 0.15748
      vertex 0.285214 -0.0764229 0.15748
      vertex 0.232632 -0.0410193 0.15748
    endloop
  endfacet
  facet normal 0 0 1
    outer loop
      vertex 0.285214 -0.0764229 0.15748
      vertex 0.29079 -0.0512741 0.15748
      vertex 0.232632 -0.0410193 0.15748
    endloop
  endfacet
  facet normal 0 0 1
    outer loop
      vertex 0.232632 -0.0410193 0.15748
      vertex 0.29079 -0.0512741 0.15748
      vertex 0.235322 -0.020588 0.15748
    endloop
  endfacet
  facet normal 0 0 1
    outer loop
      vertex 0.29079 -0.0512741 0.15748
      vertex 0.294152 -0.025735 0.15748
      vertex 0.235322 -0.020588 0.15748
    endloop
  endfacet
  facet normal 0 0 1
    outer loop
      vertex 0.235322 -0.020588 0.15748
      vertex 0.294152 -0.025735 0.15748
      vertex 0.23622 4.3393e-17 0.15748
    endloop
  endfacet
  facet normal 0 0 1
    outer loop
      vertex 0.294152 -0.025735 0.15748
      vertex 0.295276 1.80804e-17 0.15748
      vertex 0.23622 4.3393e-17 0.15748
    endloop
  endfacet
  facet normal 0 0 1
    outer loop
      vertex 0.23622 4.3393e-17 0.15748
      vertex 0.295276 1.80804e-17 0.15748
      vertex 0.235322 0.020588 0.15748
    endloop
  endfacet
  facet normal 0 0 1
    outer loop
      vertex 0.295276 1.80804e-17 0.15748
      vertex 0.294152 0.025735 0.15748
      vertex 0.235322 0.020588 0.15748
    endloop
  endfacet
  facet normal 0 0 1
    outer loop
      vertex 0.235322 0.020588 0.15748
      vertex 0.294152 0.025735 0.15748
      vertex 0.232632 0.0410193 0.15748
    endloop
  endfacet
  facet normal 0 0 1
    outer loop
      vertex 0.294152 0.025735 0.15748
      vertex 0.29079 0.0512741 0.15748
      vertex 0.232632 0.0410193 0.15748
    endloop
  endfacet
  facet normal 0 0 1
    outer loop
      vertex 0.232632 0.0410193 0.15748
      vertex 0.29079 0.0512741 0.15748
      vertex 0.228171 0.0611384 0.15748
    endloop
  endfacet
  facet normal 0 0 1
    outer loop
      vertex 0.29079 0.0512741 0.15748
      vertex 0.285214 0.0764229 0.15748
      vertex 0.228171 0.0611384 0.15748
    endloop
  endfacet
  facet normal 0 0 1
    outer loop
      vertex 0.228171 0.0611384 0.15748
      vertex 0.285214 0.0764229 0.15748
      vertex 0.221975 0.0807922 0.15748
    endloop
  endfacet
  facet normal 0 0 1
    outer loop
      vertex 0.285214 0.0764229 0.15748
      vertex 0.277468 0.10099 0.15748
      vertex 0.221975 0.0807922 0.15748
    endloop
  endfacet
  facet normal 0 0 1
    outer loop
      vertex 0.221975 0.0807922 0.15748
      vertex 0.277468 0.10099 0.15748
      vertex 0.214088 0.0998311 0.15748
    endloop
  endfacet
  facet normal 0 0 1
    outer loop
      vertex 0.277468 0.10099 0.15748
      vertex 0.267611 0.124789 0.15748
      vertex 0.214088 0.0998311 0.15748
    endloop
  endfacet
  facet normal 0 0 1
    outer loop
      vertex 0.214088 0.0998311 0.15748
      vertex 0.267611 0.124789 0.15748
      vertex 0.204573 0.11811 0.15748
    endloop
  endfacet
  facet normal 0 0 1
    outer loop
      vertex 0.267611 0.124789 0.15748
      vertex 0.255716 0.147638 0.15748
      vertex 0.204573 0.11811 0.15748
    endloop
  endfacet
  facet normal 0 0 1
    outer loop
      vertex 0.204573 0.11811 0.15748
      vertex 0.255716 0.147638 0.15748
      vertex 0.1935 0.13549 0.15748
    endloop
  endfacet
  facet normal 0 0 1
    outer loop
      vertex 0.255716 0.147638 0.15748
      vertex 0.241876 0.169363 0.15748
      vertex 0.1935 0.13549 0.15748
    endloop
  endfacet
  facet normal 0 0 1
    outer loop
      vertex 0.1935 0.13549 0.15748
      vertex 0.241876 0.169363 0.15748
      vertex 0.180955 0.15184 0.15748
    endloop
  endfacet
  facet normal 0 0 1
    outer loop
      vertex 0.241876 0.169363 0.15748
      vertex 0.226194 0.189799 0.15748
      vertex 0.180955 0.15184 0.15748
    endloop
  endfacet
  facet normal 0 0 1
    outer loop
      vertex 0.180955 0.15184 0.15748
      vertex 0.226194 0.189799 0.15748
      vertex 0.167033 0.167033 0.15748
    endloop
  endfacet
  facet normal 0 0 1
    outer loop
      vertex 0.226194 0.189799 0.15748
      vertex 0.208791 0.208791 0.15748
      vertex 0.167033 0.167033 0.15748
    endloop
  endfacet
  facet normal 0 0 1
    outer loop
      vertex 0.167033 0.167033 0.15748
      vertex 0.208791 0.208791 0.15748
      vertex 0.15184 0.180955 0.15748
    endloop
  endfacet
  facet normal 0 0 1
    outer loop
      vertex 0.208791 0.208791 0.15748
      vertex 0.189799 0.226194 0.15748
      vertex 0.15184 0.180955 0.15748
    endloop
  endfacet
  facet normal 0 0 1
    outer loop
      vertex 0.15184 0.180955 0.15748
      vertex 0.189799 0.226194 0.15748
      vertex 0.13549 0.1935 0.15748
    endloop
  endfacet
  facet normal 0 0 1
    outer loop
      vertex 0.189799 0.226194 0.15748
      vertex 0.169363 0.241876 0.15748
      vertex 0.13549 0.1935 0.15748
    endloop
  endfacet
  facet normal 0 0 1
    outer loop
      vertex 0.13549 0.1935 0.15748
      vertex 0.169363 0.241876 0.15748
      vertex 0.11811 0.204573 0.15748
    endloop
  endfacet
  facet normal 0 0 1
    outer loop
      vertex 0.169363 0.241876 0.15748
      vertex 0.147638 0.255716 0.15748
      vertex 0.11811 0.204573 0.15748
    endloop
  endfacet
  facet normal 0 0 1
    outer loop
      vertex 0.11811 0.204573 0.15748
      vertex 0.147638 0.255716 0.15748
      vertex 0.0998311 0.214088 0.15748
    endloop
  endfacet
  facet normal 0 0 1
    outer loop
      vertex 0.147638 0.255716 0.15748
      vertex 0.124789 0.267611 0.15748
      vertex 0.0998311 0.214088 0.15748
    endloop
  endfacet
  facet normal 0 0 1
    outer loop
      vertex 0.0998311 0.214088 0.15748
      vertex 0.124789 0.267611 0.15748
      vertex 0.0807922 0.221975 0.15748
    endloop
  endfacet
  facet normal 0 0 1
    outer loop
      vertex 0.124789 0.267611 0.15748
      vertex 0.10099 0.277468 0.15748
      vertex 0.0807922 0.221975 0.15748
    endloop
  endfacet
  facet normal 0 0 1
    outer loop
      vertex 0.0807922 0.221975 0.15748
      vertex 0.10099 0.277468 0.15748
      vertex 0.0611384 0.228171 0.15748
    endloop
  endfacet
  facet normal 0 0 1
    outer loop
      vertex 0.10099 0.277468 0.15748
      vertex 0.0764229 0.285214 0.15748
      vertex 0.0611384 0.228171 0.15748
    endloop
  endfacet
  facet normal 0 0 1
    outer loop
      vertex 0.0611384 0.228171 0.15748
      vertex 0.0764229 0.285214 0.15748
      vertex 0.0410193 0.232632 0.15748
    endloop
  endfacet
  facet normal 0 0 1
    outer loop
      vertex 0.0764229 0.285214 0.15748
      vertex 0.0512741 0.29079 0.15748
      vertex 0.0410193 0.232632 0.15748
    endloop
  endfacet
  facet normal 0 0 1
    outer loop
      vertex 0.0410193 0.232632 0.15748
      vertex 0.0512741 0.29079 0.15748
      vertex 0.020588 0.235322 0.15748
    endloop
  endfacet
  facet normal 0 0 1
    outer loop
      vertex 0.0512741 0.29079 0.15748
      vertex 0.025735 0.294152 0.15748
      vertex 0.020588 0.235322 0.15748
    endloop
  endfacet
  facet normal 0 0 1
    outer loop
      vertex 0.020588 0.235322 0.15748
      vertex 0.025735 0.294152 0.15748
      vertex -6.69158e-17 0.23622 0.15748
    endloop
  endfacet
  facet normal 0 0 1
    outer loop
      vertex 0.025735 0.294152 0.15748
      vertex 8.36448e-17 0.295276 0.15748
      vertex -6.69158e-17 0.23622 0.15748
    endloop
  endfacet
  facet normal 0 0 1
    outer loop
      vertex -6.69158e-17 0.23622 0.15748
      vertex 8.36448e-17 0.295276 0.15748
      vertex -0.020588 0.235322 0.15748
    endloop
  endfacet
  facet normal 0 0 1
    outer loop
      vertex 8.36448e-17 0.295276 0.15748
      vertex -0.025735 0.294152 0.15748
      vertex -0.020588 0.235322 0.15748
    endloop
  endfacet
  facet normal 0 0 1
    outer loop
      vertex -0.020588 0.235322 0.15748
      vertex -0.025735 0.294152 0.15748
      vertex -0.0410193 0.232632 0.15748
    endloop
  endfacet
  facet normal 0 0 1
    outer loop
      vertex -0.025735 0.294152 0.15748
      vertex -0.0512741 0.29079 0.15748
      vertex -0.0410193 0.232632 0.15748
    endloop
  endfacet
  facet normal 0 0 1
    outer loop
      vertex -0.0410193 0.232632 0.15748
      vertex -0.0512741 0.29079 0.15748
      vertex -0.0611384 0.228171 0.15748
    endloop
  endfacet
  facet normal 0 0 1
    outer loop
      vertex -0.0512741 0.29079 0.15748
      vertex -0.0764229 0.285214 0.15748
      vertex -0.0611384 0.228171 0.15748
    endloop
  endfacet
  facet normal 0 0 1
    outer loop
      vertex -0.0611384 0.228171 0.15748
      vertex -0.0764229 0.285214 0.15748
      vertex -0.0807922 0.221975 0.15748
    endloop
  endfacet
  facet normal 0 0 1
    outer loop
      vertex -0.0764229 0.285214 0.15748
      vertex -0.10099 0.277468 0.15748
      vertex -0.0807922 0.221975 0.15748
    endloop
  endfacet
  facet normal 0 0 1
    outer loop
      vertex -0.0807922 0.221975 0.15748
      vertex -0.10099 0.277468 0.15748
      vertex -0.0998311 0.214088 0.15748
    endloop
  endfacet
  facet normal 0 0 1
    outer loop
      vertex -0.10099 0.277468 0.15748
      vertex -0.124789 0.267611 0.15748
      vertex -0.0998311 0.214088 0.15748
    endloop
  endfacet
  facet normal 0 0 1
    outer loop
      vertex -0.0998311 0.214088 0.15748
      vertex -0.124789 0.267611 0.15748
      vertex -0.11811 0.204573 0.15748
    endloop
  endfacet
  facet normal 0 0 1
    outer loop
      vertex -0.124789 0.267611 0.15748
      vertex -0.147638 0.255716 0.15748
      vertex -0.11811 0.204573 0.15748
    endloop
  endfacet
  facet normal 0 0 1
    outer loop
      vertex -0.11811 0.204573 0.15748
      vertex -0.147638 0.255716 0.15748
      vertex -0.13549 0.1935 0.15748
    endloop
  endfacet
  facet normal 0 0 1
    outer loop
      vertex -0.147638 0.255716 0.15748
      vertex -0.169363 0.241876 0.15748
      vertex -0.13549 0.1935 0.15748
    endloop
  endfacet
  facet normal 0 0 1
    outer loop
      vertex -0.13549 0.1935 0.15748
      vertex -0.169363 0.241876 0.15748
      vertex -0.15184 0.180955 0.15748
    endloop
  endfacet
  facet normal 0 0 1
    outer loop
      vertex -0.169363 0.241876 0.15748
      vertex -0.189799 0.226194 0.15748
      vertex -0.15184 0.180955 0.15748
    endloop
  endfacet
  facet normal 0 0 1
    outer loop
      vertex -0.15184 0.180955 0.15748
      vertex -0.189799 0.226194 0.15748
      vertex -0.167033 0.167033 0.15748
    endloop
  endfacet
  facet normal 0 0 1
    outer loop
      vertex -0.189799 0.226194 0.15748
      vertex -0.208791 0.208791 0.15748
      vertex -0.167033 0.167033 0.15748
    endloop
  endfacet
  facet normal 0 0 1
    outer loop
      vertex -0.167033 0.167033 0.15748
      vertex -0.208791 0.208791 0.15748
      vertex -0.180955 0.15184 0.15748
    endloop
  endfacet
  facet normal 0 0 1
    outer loop
      vertex -0.208791 0.208791 0.15748
      vertex -0.226194 0.189799 0.15748
      vertex -0.180955 0.15184 0.15748
    endloop
  endfacet
  facet normal 0 0 1
    outer loop
      vertex -0.180955 0.15184 0.15748
      vertex -0.226194 0.189799 0.15748
      vertex -0.1935 0.13549 0.15748
    endloop
  endfacet
  facet normal 0 0 1
    outer loop
      vertex -0.226194 0.189799 0.15748
      vertex -0.241876 0.169363 0.15748
      vertex -0.1935 0.13549 0.15748
    endloop
  endfacet
  facet normal 0 0 1
    outer loop
      vertex -0.1935 0.13549 0.15748
      vertex -0.241876 0.169363 0.15748
      vertex -0.204573 0.11811 0.15748
    endloop
  endfacet
  facet normal 0 0 1
    outer loop
      vertex -0.241876 0.169363 0.15748
      vertex -0.255716 0.147638 0.15748
      vertex -0.204573 0.11811 0.15748
    endloop
  endfacet
  facet normal 0 0 1
    outer loop
      vertex -0.204573 0.11811 0.15748
      vertex -0.255716 0.147638 0.15748
      vertex -0.214088 0.0998311 0.15748
    endloop
  endfacet
  facet normal 0 0 1
    outer loop
      vertex -0.255716 0.147638 0.15748
      vertex -0.267611 0.124789 0.15748
      vertex -0.214088 0.0998311 0.15748
    endloop
  endfacet
  facet normal 0 0 1
    outer loop
      vertex -0.214088 0.0998311 0.15748
      vertex -0.267611 0.124789 0.15748
      vertex -0.221975 0.0807922 0.15748
    endloop
  endfacet
  facet normal 0 0 1
    outer loop
      vertex -0.267611 0.124789 0.15748
      vertex -0.277468 0.10099 0.15748
      vertex -0.221975 0.0807922 0.15748
    endloop
  endfacet
  facet normal 0 0 1
    outer loop
      vertex -0.221975 0.0807922 0.15748
      vertex -0.277468 0.10099 0.15748
      vertex -0.228171 0.0611384 0.15748
    endloop
  endfacet
  facet normal 0 0 1
    outer loop
      vertex -0.277468 0.10099 0.15748
      vertex -0.285214 0.0764229 0.15748
      vertex -0.228171 0.0611384 0.15748
    endloop
  endfacet
  facet normal 0 0 1
    outer loop
      vertex -0.228171 0.0611384 0.15748
      vertex -0.285214 0.0764229 0.15748
      vertex -0.232632 0.0410193 0.15748
    endloop
  endfacet
  facet normal 0 0 1
    outer loop
      vertex -0.285214 0.0764229 0.15748
      vertex -0.29079 0.0512741 0.15748
      vertex -0.232632 0.0410193 0.15748
    endloop
  endfacet
  facet normal 0 0 1
    outer loop
      vertex -0.232632 0.0410193 0.15748
      vertex -0.29079 0.0512741 0.15748
      vertex -0.235322 0.020588 0.15748
    endloop
  endfacet
  facet normal 0 0 1
    outer loop
      vertex -0.29079 0.0512741 0.15748
      vertex -0.294152 0.025735 0.15748
      vertex -0.235322 0.020588 0.15748
    endloop
  endfacet
  facet normal 0 0 1
    outer loop
      vertex -0.235322 0.020588 0.15748
      vertex -0.294152 0.025735 0.15748
      vertex -0.23622 1.44643e-17 0.15748
    endloop
  endfacet
  facet normal 0 0 1
    outer loop
      vertex -0.294152 0.025735 0.15748
      vertex -0.295276 1.8537e-16 0.15748
      vertex -0.23622 1.44643e-17 0.15748
    endloop
  endfacet
  facet normal 0 0 1
    outer loop
      vertex -0.23622 1.44643e-17 0.15748
      vertex -0.295276 1.8537e-16 0.15748
      vertex -0.235322 -0.020588 0.15748
    endloop
  endfacet
  facet normal 0 0 1
    outer loop
      vertex -0.295276 1.8537e-16 0.15748
      vertex -0.294152 -0.025735 0.15748
      vertex -0.235322 -0.020588 0.15748
    endloop
  endfacet
  facet normal 0 0 1
    outer loop
      vertex -0.235322 -0.020588 0.15748
      vertex -0.294152 -0.025735 0.15748
      vertex -0.232632 -0.0410193 0.15748
    endloop
  endfacet
  facet normal 0 0 1
    outer loop
      vertex -0.294152 -0.025735 0.15748
      vertex -0.29079 -0.0512741 0.15748
      vertex -0.232632 -0.0410193 0.15748
    endloop
  endfacet
  facet normal 0 0 1
    outer loop
      vertex -0.232632 -0.0410193 0.15748
      vertex -0.29079 -0.0512741 0.15748
      vertex -0.228171 -0.0611384 0.15748
    endloop
  endfacet
  facet normal 0 0 1
    outer loop
      vertex -0.29079 -0.0512741 0.15748
      vertex -0.285214 -0.0764229 0.15748
      vertex -0.228171 -0.0611384 0.15748
    endloop
  endfacet
  facet normal 0 0 1
    outer loop
      vertex -0.228171 -0.0611384 0.15748
      vertex -0.285214 -0.0764229 0.15748
      vertex -0.221975 -0.0807922 0.15748
    endloop
  endfacet
  facet normal 0 0 1
    outer loop
      vertex -0.285214 -0.0764229 0.15748
      vertex -0.277468 -0.10099 0.15748
      vertex -0.221975 -0.0807922 0.15748
    endloop
  endfacet
  facet normal 0 0 1
    outer loop
      vertex -0.221975 -0.0807922 0.15748
      vertex -0.277468 -0.10099 0.15748
      vertex -0.214088 -0.0998311 0.15748
    endloop
  endfacet
  facet normal 0 0 1
    outer loop
      vertex -0.277468 -0.10099 0.15748
      vertex -0.267611 -0.124789 0.15748
      vertex -0.214088 -0.0998311 0.15748
    endloop
  endfacet
  facet normal 0 0 1
    outer loop
      vertex 0.255716 0.147638 0.0787402
      vertex 0.426194 0.246063 0.0787402
      vertex 0.241876 0.169363 0.0787402
    endloop
  endfacet
  facet normal 0 0 1
    outer loop
      vertex 0.426194 0.246063 0.0787402
      vertex 0.403126 0.282272 0.0787402
      vertex 0.241876 0.169363 0.0787402
    endloop
  endfacet
  facet normal 0 0 1
    outer loop
      vertex 0.241876 0.169363 0.0787402
      vertex 0.403126 0.282272 0.0787402
      vertex 0.226194 0.189799 0.0787402
    endloop
  endfacet
  facet normal 0 0 1
    outer loop
      vertex 0.403126 0.282272 0.0787402
      vertex 0.37699 0.316332 0.0787402
      vertex 0.226194 0.189799 0.0787402
    endloop
  endfacet
  facet normal 0 0 1
    outer loop
      vertex 0.226194 0.189799 0.0787402
      vertex 0.37699 0.316332 0.0787402
      vertex 0.208791 0.208791 0.0787402
    endloop
  endfacet
  facet normal 0 0 1
    outer loop
      vertex 0.37699 0.316332 0.0787402
      vertex 0.347986 0.347986 0.0787402
      vertex 0.208791 0.208791 0.0787402
    endloop
  endfacet
  facet normal 0 0 1
    outer loop
      vertex 0.208791 0.208791 0.0787402
      vertex 0.347986 0.347986 0.0787402
      vertex 0.189799 0.226194 0.0787402
    endloop
  endfacet
  facet normal 0 0 1
    outer loop
      vertex 0.347986 0.347986 0.0787402
      vertex 0.316332 0.37699 0.0787402
      vertex 0.189799 0.226194 0.0787402
    endloop
  endfacet
  facet normal 0 0 1
    outer loop
      vertex 0.189799 0.226194 0.0787402
      vertex 0.316332 0.37699 0.0787402
      vertex 0.169363 0.241876 0.0787402
    endloop
  endfacet
  facet normal 0 0 1
    outer loop
      vertex 0.316332 0.37699 0.0787402
      vertex 0.282272 0.403126 0.0787402
      vertex 0.169363 0.241876 0.0787402
    endloop
  endfacet
  facet normal 0 0 1
    outer loop
      vertex 0.169363 0.241876 0.0787402
      vertex 0.282272 0.403126 0.0787402
      vertex 0.147638 0.255716 0.0787402
    endloop
  endfacet
  facet normal 0 0 1
    outer loop
      vertex 0.282272 0.403126 0.0787402
      vertex 0.246063 0.426194 0.0787402
      vertex 0.147638 0.255716 0.0787402
    endloop
  endfacet
  facet normal 0 0 1
    outer loop
      vertex 0.147638 0.255716 0.0787402
      vertex 0.246063 0.426194 0.0787402
      vertex 0.124789 0.267611 0.0787402
    endloop
  endfacet
  facet normal 0 0 1
    outer loop
      vertex 0.246063 0.426194 0.0787402
      vertex 0.207981 0.446018 0.0787402
      vertex 0.124789 0.267611 0.0787402
    endloop
  endfacet
  facet normal 0 0 1
    outer loop
      vertex 0.124789 0.267611 0.0787402
      vertex 0.207981 0.446018 0.0787402
      vertex 0.10099 0.277468 0.0787402
    endloop
  endfacet
  facet normal 0 0 1
    outer loop
      vertex 0.207981 0.446018 0.0787402
      vertex 0.168317 0.462447 0.0787402
      vertex 0.10099 0.277468 0.0787402
    endloop
  endfacet
  facet normal 0 0 1
    outer loop
      vertex 0.10099 0.277468 0.0787402
      vertex 0.168317 0.462447 0.0787402
      vertex 0.0764229 0.285214 0.0787402
    endloop
  endfacet
  facet normal 0 0 1
    outer loop
      vertex 0.168317 0.462447 0.0787402
      vertex 0.127372 0.475357 0.0787402
      vertex 0.0764229 0.285214 0.0787402
    endloop
  endfacet
  facet normal 0 0 1
    outer loop
      vertex 0.0764229 0.285214 0.0787402
      vertex 0.127372 0.475357 0.0787402
      vertex 0.0512741 0.29079 0.0787402
    endloop
  endfacet
  facet normal 0 0 1
    outer loop
      vertex 0.127372 0.475357 0.0787402
      vertex 0.0854568 0.484649 0.0787402
      vertex 0.0512741 0.29079 0.0787402
    endloop
  endfacet
  facet normal 0 0 1
    outer loop
      vertex 0.0512741 0.29079 0.0787402
      vertex 0.0854568 0.484649 0.0787402
      vertex 0.025735 0.294152 0.0787402
    endloop
  endfacet
  facet normal 0 0 1
    outer loop
      vertex 0.0854568 0.484649 0.0787402
      vertex 0.0428916 0.490253 0.0787402
      vertex 0.025735 0.294152 0.0787402
    endloop
  endfacet
  facet normal 0 0 1
    outer loop
      vertex 0.025735 0.294152 0.0787402
      vertex 0.0428916 0.490253 0.0787402
      vertex 8.36448e-17 0.295276 0.0787402
    endloop
  endfacet
  facet normal 0 0 1
    outer loop
      vertex 0.0428916 0.490253 0.0787402
      vertex 1.39408e-16 0.492126 0.0787402
      vertex 8.36448e-17 0.295276 0.0787402
    endloop
  endfacet
  facet normal 0 0 1
    outer loop
      vertex 8.36448e-17 0.295276 0.0787402
      vertex 1.39408e-16 0.492126 0.0787402
      vertex -0.025735 0.294152 0.0787402
    endloop
  endfacet
  facet normal 0 0 1
    outer loop
      vertex 1.39408e-16 0.492126 0.0787402
      vertex -0.0428916 0.490253 0.0787402
      vertex -0.025735 0.294152 0.0787402
    endloop
  endfacet
  facet normal 0 0 1
    outer loop
      vertex -0.025735 0.294152 0.0787402
      vertex -0.0428916 0.490253 0.0787402
      vertex -0.0512741 0.29079 0.0787402
    endloop
  endfacet
  facet normal 0 0 1
    outer loop
      vertex -0.0428916 0.490253 0.0787402
      vertex -0.0854568 0.484649 0.0787402
      vertex -0.0512741 0.29079 0.0787402
    endloop
  endfacet
  facet normal 0 0 1
    outer loop
      vertex -0.0512741 0.29079 0.0787402
      vertex -0.0854568 0.484649 0.0787402
      vertex -0.0764229 0.285214 0.0787402
    endloop
  endfacet
  facet normal 0 0 1
    outer loop
      vertex -0.0854568 0.484649 0.0787402
      vertex -0.127372 0.475357 0.0787402
      vertex -0.0764229 0.285214 0.0787402
    endloop
  endfacet
  facet normal 0 0 1
    outer loop
      vertex -0.0764229 0.285214 0.0787402
      vertex -0.127372 0.475357 0.0787402
      vertex -0.10099 0.277468 0.0787402
    endloop
  endfacet
  facet normal 0 0 1
    outer loop
      vertex -0.127372 0.475357 0.0787402
      vertex -0.168317 0.462447 0.0787402
      vertex -0.10099 0.277468 0.0787402
    endloop
  endfacet
  facet normal 0 0 1
    outer loop
      vertex -0.10099 0.277468 0.0787402
      vertex -0.168317 0.462447 0.0787402
      vertex -0.124789 0.267611 0.0787402
    endloop
  endfacet
  facet normal 0 0 1
    outer loop
      vertex -0.168317 0.462447 0.0787402
      vertex -0.207981 0.446018 0.0787402
      vertex -0.124789 0.267611 0.0787402
    endloop
  endfacet
  facet normal 0 0 1
    outer loop
      vertex -0.124789 0.267611 0.0787402
      vertex -0.207981 0.446018 0.0787402
      vertex -0.147638 0.255716 0.0787402
    endloop
  endfacet
  facet normal 0 0 1
    outer loop
      vertex -0.207981 0.446018 0.0787402
      vertex -0.246063 0.426194 0.0787402
      vertex -0.147638 0.255716 0.0787402
    endloop
  endfacet
  facet normal 0 0 1
    outer loop
      vertex -0.147638 0.255716 0.0787402
      vertex -0.246063 0.426194 0.0787402
      vertex -0.169363 0.241876 0.0787402
    endloop
  endfacet
  facet normal 0 0 1
    outer loop
      vertex -0.246063 0.426194 0.0787402
      vertex -0.282272 0.403126 0.0787402
      vertex -0.169363 0.241876 0.0787402
    endloop
  endfacet
  facet normal 0 0 1
    outer loop
      vertex -0.169363 0.241876 0.0787402
      vertex -0.282272 0.403126 0.0787402
      vertex -0.189799 0.226194 0.0787402
    endloop
  endfacet
  facet normal 0 0 1
    outer loop
      vertex -0.282272 0.403126 0.0787402
      vertex -0.316332 0.37699 0.0787402
      vertex -0.189799 0.226194 0.0787402
    endloop
  endfacet
  facet normal 0 0 1
    outer loop
      vertex -0.189799 0.226194 0.0787402
      vertex -0.316332 0.37699 0.0787402
      vertex -0.208791 0.208791 0.0787402
    endloop
  endfacet
  facet normal 0 0 1
    outer loop
      vertex -0.316332 0.37699 0.0787402
      vertex -0.347986 0.347986 0.0787402
      vertex -0.208791 0.208791 0.0787402
    endloop
  endfacet
  facet normal 0 0 1
    outer loop
      vertex -0.208791 0.208791 0.0787402
      vertex -0.347986 0.347986 0.0787402
      vertex -0.226194 0.189799 0.0787402
    endloop
  endfacet
  facet normal 0 0 1
    outer loop
      vertex -0.347986 0.347986 0.0787402
      vertex -0.37699 0.316332 0.0787402
      vertex -0.226194 0.189799 0.0787402
    endloop
  endfacet
  facet normal 0 0 1
    outer loop
      vertex -0.226194 0.189799 0.0787402
      vertex -0.37699 0.316332 0.0787402
      vertex -0.241876 0.169363 0.0787402
    endloop
  endfacet
  facet normal 0 0 1
    outer loop
      vertex -0.37699 0.316332 0.0787402
      vertex -0.403126 0.282272 0.0787402
      vertex -0.241876 0.169363 0.0787402
    endloop
  endfacet
  facet normal 0 0 1
    outer loop
      vertex -0.241876 0.169363 0.0787402
      vertex -0.403126 0.282272 0.0787402
      vertex -0.255716 0.147638 0.0787402
    endloop
  endfacet
  facet normal 0 0 1
    outer loop
      vertex -0.403126 0.282272 0.0787402
      vertex -0.426194 0.246063 0.0787402
      vertex -0.255716 0.147638 0.0787402
    endloop
  endfacet
  facet normal 0 0 1
    outer loop
      vertex -0.255716 0.147638 0.0787402
      vertex -0.426194 0.246063 0.0787402
      vertex -0.267611 0.124789 0.0787402
    endloop
  endfacet
  facet normal 0 0 1
    outer loop
      vertex -0.426194 0.246063 0.0787402
      vertex -0.446018 0.207981 0.0787402
      vertex -0.267611 0.124789 0.0787402
    endloop
  endfacet
  facet normal 0 0 1
    outer loop
      vertex -0.267611 0.124789 0.0787402
      vertex -0.446018 0.207981 0.0787402
      vertex -0.277468 0.10099 0.0787402
    endloop
  endfacet
  facet normal 0 0 1
    outer loop
      vertex -0.446018 0.207981 0.0787402
      vertex -0.462447 0.168317 0.0787402
      vertex -0.277468 0.10099 0.0787402
    endloop
  endfacet
  facet normal 0 0 1
    outer loop
      vertex -0.277468 0.10099 0.0787402
      vertex -0.462447 0.168317 0.0787402
      vertex -0.285214 0.0764229 0.0787402
    endloop
  endfacet
  facet normal 0 0 1
    outer loop
      vertex -0.462447 0.168317 0.0787402
      vertex -0.475357 0.127372 0.0787402
      vertex -0.285214 0.0764229 0.0787402
    endloop
  endfacet
  facet normal 0 0 1
    outer loop
      vertex -0.285214 0.0764229 0.0787402
      vertex -0.475357 0.127372 0.0787402
      vertex -0.29079 0.0512741 0.0787402
    endloop
  endfacet
  facet normal 0 0 1
    outer loop
      vertex -0.475357 0.127372 0.0787402
      vertex -0.484649 0.0854568 0.0787402
      vertex -0.29079 0.0512741 0.0787402
    endloop
  endfacet
  facet normal 0 0 1
    outer loop
      vertex -0.29079 0.0512741 0.0787402
      vertex -0.484649 0.0854568 0.0787402
      vertex -0.294152 0.025735 0.0787402
    endloop
  endfacet
  facet normal 0 0 1
    outer loop
      vertex -0.484649 0.0854568 0.0787402
      vertex -0.490253 0.0428916 0.0787402
      vertex -0.294152 0.025735 0.0787402
    endloop
  endfacet
  facet normal 0 0 1
    outer loop
      vertex -0.294152 0.025735 0.0787402
      vertex -0.490253 0.0428916 0.0787402
      vertex -0.295276 1.8537e-16 0.0787402
    endloop
  endfacet
  facet normal 0 0 1
    outer loop
      vertex -0.490253 0.0428916 0.0787402
      vertex -0.492126 3.0895e-16 0.0787402
      vertex -0.295276 1.8537e-16 0.0787402
    endloop
  endfacet
  facet normal 0 0 1
    outer loop
      vertex -0.295276 1.8537e-16 0.0787402
      vertex -0.492126 3.0895e-16 0.0787402
      vertex -0.294152 -0.025735 0.0787402
    endloop
  endfacet
  facet normal 0 0 1
    outer loop
      vertex -0.492126 3.0895e-16 0.0787402
      vertex -0.490253 -0.0428916 0.0787402
      vertex -0.294152 -0.025735 0.0787402
    endloop
  endfacet
  facet normal 0 0 1
    outer loop
      vertex -0.294152 -0.025735 0.0787402
      vertex -0.490253 -0.0428916 0.0787402
      vertex -0.29079 -0.0512741 0.0787402
    endloop
  endfacet
  facet normal 0 0 1
    outer loop
      vertex -0.490253 -0.0428916 0.0787402
      vertex -0.484649 -0.0854568 0.0787402
      vertex -0.29079 -0.0512741 0.0787402
    endloop
  endfacet
  facet normal 0 0 1
    outer loop
      vertex -0.29079 -0.0512741 0.0787402
      vertex -0.484649 -0.0854568 0.0787402
      vertex -0.285214 -0.0764229 0.0787402
    endloop
  endfacet
  facet normal 0 0 1
    outer loop
      vertex -0.484649 -0.0854568 0.0787402
      vertex -0.475357 -0.127372 0.0787402
      vertex -0.285214 -0.0764229 0.0787402
    endloop
  endfacet
  facet normal 0 0 1
    outer loop
      vertex -0.285214 -0.0764229 0.0787402
      vertex -0.475357 -0.127372 0.0787402
      vertex -0.277468 -0.10099 0.0787402
    endloop
  endfacet
  facet normal 0 0 1
    outer loop
      vertex -0.475357 -0.127372 0.0787402
      vertex -0.462447 -0.168317 0.0787402
      vertex -0.277468 -0.10099 0.0787402
    endloop
  endfacet
  facet normal 0 0 1
    outer loop
      vertex -0.277468 -0.10099 0.0787402
      vertex -0.462447 -0.168317 0.0787402
      vertex -0.267611 -0.124789 0.0787402
    endloop
  endfacet
  facet normal 0 0 1
    outer loop
      vertex -0.462447 -0.168317 0.0787402
      vertex -0.446018 -0.207981 0.0787402
      vertex -0.267611 -0.124789 0.0787402
    endloop
  endfacet
  facet normal 0 0 1
    outer loop
      vertex -0.267611 -0.124789 0.0787402
      vertex -0.446018 -0.207981 0.0787402
      vertex -0.255716 -0.147638 0.0787402
    endloop
  endfacet
  facet normal 0 0 1
    outer loop
      vertex -0.446018 -0.207981 0.0787402
      vertex -0.426194 -0.246063 0.0787402
      vertex -0.255716 -0.147638 0.0787402
    endloop
  endfacet
  facet normal 0 0 1
    outer loop
      vertex -0.255716 -0.147638 0.0787402
      vertex -0.426194 -0.246063 0.0787402
      vertex -0.241876 -0.169363 0.0787402
    endloop
  endfacet
  facet normal 0 0 1
    outer loop
      vertex -0.426194 -0.246063 0.0787402
      vertex -0.403126 -0.282272 0.0787402
      vertex -0.241876 -0.169363 0.0787402
    endloop
  endfacet
  facet normal 0 0 1
    outer loop
      vertex -0.241876 -0.169363 0.0787402
      vertex -0.403126 -0.282272 0.0787402
      vertex -0.226194 -0.189799 0.0787402
    endloop
  endfacet
  facet normal 0 0 1
    outer loop
      vertex -0.403126 -0.282272 0.0787402
      vertex -0.37699 -0.316332 0.0787402
      vertex -0.226194 -0.189799 0.0787402
    endloop
  endfacet
  facet normal 0 0 1
    outer loop
      vertex -0.226194 -0.189799 0.0787402
      vertex -0.37699 -0.316332 0.0787402
      vertex -0.208791 -0.208791 0.0787402
    endloop
  endfacet
  facet normal 0 0 1
    outer loop
      vertex -0.37699 -0.316332 0.0787402
      vertex -0.347986 -0.347986 0.0787402
      vertex -0.208791 -0.208791 0.0787402
    endloop
  endfacet
  facet normal 0 0 1
    outer loop
      vertex -0.208791 -0.208791 0.0787402
      vertex -0.347986 -0.347986 0.0787402
      vertex -0.189799 -0.226194 0.0787402
    endloop
  endfacet
  facet normal 0 0 1
    outer loop
      vertex -0.347986 -0.347986 0.0787402
      vertex -0.316332 -0.37699 0.0787402
      vertex -0.189799 -0.226194 0.0787402
    endloop
  endfacet
  facet normal 0 0 1
    outer loop
      vertex -0.189799 -0.226194 0.0787402
      vertex -0.316332 -0.37699 0.0787402
      vertex -0.169363 -0.241876 0.0787402
    endloop
  endfacet
  facet normal 0 0 1
    outer loop
      vertex -0.316332 -0.37699 0.0787402
      vertex -0.282272 -0.403126 0.0787402
      vertex -0.169363 -0.241876 0.0787402
    endloop
  endfacet
  facet normal 0 0 1
    outer loop
      vertex -0.169363 -0.241876 0.0787402
      vertex -0.282272 -0.403126 0.0787402
      vertex -0.147638 -0.255716 0.0787402
    endloop
  endfacet
  facet normal 0 0 1
    outer loop
      vertex -0.282272 -0.403126 0.0787402
      vertex -0.246063 -0.426194 0.0787402
      vertex -0.147638 -0.255716 0.0787402
    endloop
  endfacet
  facet normal 0 0 1
    outer loop
      vertex -0.147638 -0.255716 0.0787402
      vertex -0.246063 -0.426194 0.0787402
      vertex -0.124789 -0.267611 0.0787402
    endloop
  endfacet
  facet normal 0 0 1
    outer loop
      vertex -0.246063 -0.426194 0.0787402
      vertex -0.207981 -0.446018 0.0787402
      vertex -0.124789 -0.267611 0.0787402
    endloop
  endfacet
  facet normal 0 0 1
    outer loop
      vertex -0.124789 -0.267611 0.0787402
      vertex -0.207981 -0.446018 0.0787402
      vertex -0.10099 -0.277468 0.0787402
    endloop
  endfacet
  facet normal 0 0 1
    outer loop
      vertex -0.207981 -0.446018 0.0787402
      vertex -0.168317 -0.462447 0.0787402
      vertex -0.10099 -0.277468 0.0787402
    endloop
  endfacet
  facet normal 0 0 1
    outer loop
      vertex -0.10099 -0.277468 0.0787402
      vertex -0.168317 -0.462447 0.0787402
      vertex -0.0764229 -0.285214 0.0787402
    endloop
  endfacet
  facet normal 0 0 1
    outer loop
      vertex -0.168317 -0.462447 0.0787402
      vertex -0.127372 -0.475357 0.0787402
      vertex -0.0764229 -0.285214 0.0787402
    endloop
  endfacet
  facet normal 0 0 1
    outer loop
      vertex -0.0764229 -0.285214 0.0787402
      vertex -0.127372 -0.475357 0.0787402
      vertex -0.0512741 -0.29079 0.0787402
    endloop
  endfacet
  facet normal 0 0 1
    outer loop
      vertex -0.127372 -0.475357 0.0787402
      vertex -0.0854568 -0.484649 0.0787402
      vertex -0.0512741 -0.29079 0.0787402
    endloop
  endfacet
  facet normal 0 0 1
    outer loop
      vertex -0.0512741 -0.29079 0.0787402
      vertex -0.0854568 -0.484649 0.0787402
      vertex -0.025735 -0.294152 0.0787402
    endloop
  endfacet
  facet normal 0 0 1
    outer loop
      vertex -0.0854568 -0.484649 0.0787402
      vertex -0.0428916 -0.490253 0.0787402
      vertex -0.025735 -0.294152 0.0787402
    endloop
  endfacet
  facet normal 0 0 1
    outer loop
      vertex -0.025735 -0.294152 0.0787402
      vertex -0.0428916 -0.490253 0.0787402
      vertex -3.16499e-16 -0.295276 0.0787402
    endloop
  endfacet
  facet normal 0 0 1
    outer loop
      vertex -0.0428916 -0.490253 0.0787402
      vertex -5.27498e-16 -0.492126 0.0787402
      vertex -3.16499e-16 -0.295276 0.0787402
    endloop
  endfacet
  facet normal 0 0 1
    outer loop
      vertex -3.16499e-16 -0.295276 0.0787402
      vertex -5.27498e-16 -0.492126 0.0787402
      vertex 0.025735 -0.294152 0.0787402
    endloop
  endfacet
  facet normal 0 0 1
    outer loop
      vertex -5.27498e-16 -0.492126 0.0787402
      vertex 0.0428916 -0.490253 0.0787402
      vertex 0.025735 -0.294152 0.0787402
    endloop
  endfacet
  facet normal 0 0 1
    outer loop
      vertex 0.025735 -0.294152 0.0787402
      vertex 0.0428916 -0.490253 0.0787402
      vertex 0.0512741 -0.29079 0.0787402
    endloop
  endfacet
  facet normal 0 0 1
    outer loop
      vertex 0.0428916 -0.490253 0.0787402
      vertex 0.0854568 -0.484649 0.0787402
      vertex 0.0512741 -0.29079 0.0787402
    endloop
  endfacet
  facet normal 0 0 1
    outer loop
      vertex 0.0512741 -0.29079 0.0787402
      vertex 0.0854568 -0.484649 0.0787402
      vertex 0.0764229 -0.285214 0.0787402
    endloop
  endfacet
  facet normal 0 0 1
    outer loop
      vertex 0.0854568 -0.484649 0.0787402
      vertex 0.127372 -0.475357 0.0787402
      vertex 0.0764229 -0.285214 0.0787402
    endloop
  endfacet
  facet normal 0 0 1
    outer loop
      vertex 0.0764229 -0.285214 0.0787402
      vertex 0.127372 -0.475357 0.0787402
      vertex 0.10099 -0.277468 0.0787402
    endloop
  endfacet
  facet normal 0 0 1
    outer loop
      vertex 0.127372 -0.475357 0.0787402
      vertex 0.168317 -0.462447 0.0787402
      vertex 0.10099 -0.277468 0.0787402
    endloop
  endfacet
  facet normal 0 0 1
    outer loop
      vertex 0.10099 -0.277468 0.0787402
      vertex 0.168317 -0.462447 0.0787402
      vertex 0.124789 -0.267611 0.0787402
    endloop
  endfacet
  facet normal 0 0 1
    outer loop
      vertex 0.168317 -0.462447 0.0787402
      vertex 0.207981 -0.446018 0.0787402
      vertex 0.124789 -0.267611 0.0787402
    endloop
  endfacet
  facet normal 0 0 1
    outer loop
      vertex 0.124789 -0.267611 0.0787402
      vertex 0.207981 -0.446018 0.0787402
      vertex 0.147638 -0.255716 0.0787402
    endloop
  endfacet
  facet normal 0 0 1
    outer loop
      vertex 0.207981 -0.446018 0.0787402
      vertex 0.246063 -0.426194 0.0787402
      vertex 0.147638 -0.255716 0.0787402
    endloop
  endfacet
  facet normal 0 0 1
    outer loop
      vertex 0.147638 -0.255716 0.0787402
      vertex 0.246063 -0.426194 0.0787402
      vertex 0.169363 -0.241876 0.0787402
    endloop
  endfacet
  facet normal 0 0 1
    outer loop
      vertex 0.246063 -0.426194 0.0787402
      vertex 0.282272 -0.403126 0.0787402
      vertex 0.169363 -0.241876 0.0787402
    endloop
  endfacet
  facet normal 0 0 1
    outer loop
      vertex 0.169363 -0.241876 0.0787402
      vertex 0.282272 -0.403126 0.0787402
      vertex 0.189799 -0.226194 0.0787402
    endloop
  endfacet
  facet normal 0 0 1
    outer loop
      vertex 0.282272 -0.403126 0.0787402
      vertex 0.316332 -0.37699 0.0787402
      vertex 0.189799 -0.226194 0.0787402
    endloop
  endfacet
  facet normal 0 0 1
    outer loop
      vertex 0.189799 -0.226194 0.0787402
      vertex 0.316332 -0.37699 0.0787402
      vertex 0.208791 -0.208791 0.0787402
    endloop
  endfacet
  facet normal 0 0 1
    outer loop
      vertex 0.316332 -0.37699 0.0787402
      vertex 0.347986 -0.347986 0.0787402
      vertex 0.208791 -0.208791 0.0787402
    endloop
  endfacet
  facet normal 0 0 1
    outer loop
      vertex 0.208791 -0.208791 0.0787402
      vertex 0.347986 -0.347986 0.0787402
      vertex 0.226194 -0.189799 0.0787402
    endloop
  endfacet
  facet normal 0 0 1
    outer loop
      vertex 0.347986 -0.347986 0.0787402
      vertex 0.37699 -0.316332 0.0787402
      vertex 0.226194 -0.189799 0.0787402
    endloop
  endfacet
  facet normal 0 0 1
    outer loop
      vertex 0.226194 -0.189799 0.0787402
      vertex 0.37699 -0.316332 0.0787402
      vertex 0.241876 -0.169363 0.0787402
    endloop
  endfacet
  facet normal 0 0 1
    outer loop
      vertex 0.37699 -0.316332 0.0787402
      vertex 0.403126 -0.282272 0.0787402
      vertex 0.241876 -0.169363 0.0787402
    endloop
  endfacet
  facet normal 0 0 1
    outer loop
      vertex 0.241876 -0.169363 0.0787402
      vertex 0.403126 -0.282272 0.0787402
      vertex 0.255716 -0.147638 0.0787402
    endloop
  endfacet
  facet normal 0 0 1
    outer loop
      vertex 0.403126 -0.282272 0.0787402
      vertex 0.426194 -0.246063 0.0787402
      vertex 0.255716 -0.147638 0.0787402
    endloop
  endfacet
  facet normal 0 0 1
    outer loop
      vertex 0.255716 -0.147638 0.0787402
      vertex 0.426194 -0.246063 0.0787402
      vertex 0.267611 -0.124789 0.0787402
    endloop
  endfacet
  facet normal 0 0 1
    outer loop
      vertex 0.426194 -0.246063 0.0787402
      vertex 0.446018 -0.207981 0.0787402
      vertex 0.267611 -0.124789 0.0787402
    endloop
  endfacet
  facet normal 0 0 1
    outer loop
      vertex 0.267611 -0.124789 0.0787402
      vertex 0.446018 -0.207981 0.0787402
      vertex 0.277468 -0.10099 0.0787402
    endloop
  endfacet
  facet normal 0 0 1
    outer loop
      vertex 0.446018 -0.207981 0.0787402
      vertex 0.462447 -0.168317 0.0787402
      vertex 0.277468 -0.10099 0.0787402
    endloop
  endfacet
  facet normal 0 0 1
    outer loop
      vertex 0.277468 -0.10099 0.0787402
      vertex 0.462447 -0.168317 0.0787402
      vertex 0.285214 -0.0764229 0.0787402
    endloop
  endfacet
  facet normal 0 0 1
    outer loop
      vertex 0.462447 -0.168317 0.0787402
      vertex 0.475357 -0.127372 0.0787402
      vertex 0.285214 -0.0764229 0.0787402
    endloop
  endfacet
  facet normal 0 0 1
    outer loop
      vertex 0.285214 -0.0764229 0.0787402
      vertex 0.475357 -0.127372 0.0787402
      vertex 0.29079 -0.0512741 0.0787402
    endloop
  endfacet
  facet normal 0 0 1
    outer loop
      vertex 0.475357 -0.127372 0.0787402
      vertex 0.484649 -0.0854568 0.0787402
      vertex 0.29079 -0.0512741 0.0787402
    endloop
  endfacet
  facet normal 0 0 1
    outer loop
      vertex 0.29079 -0.0512741 0.0787402
      vertex 0.484649 -0.0854568 0.0787402
      vertex 0.294152 -0.025735 0.0787402
    endloop
  endfacet
  facet normal 0 0 1
    outer loop
      vertex 0.484649 -0.0854568 0.0787402
      vertex 0.490253 -0.0428916 0.0787402
      vertex 0.294152 -0.025735 0.0787402
    endloop
  endfacet
  facet normal 0 0 1
    outer loop
      vertex 0.294152 -0.025735 0.0787402
      vertex 0.490253 -0.0428916 0.0787402
      vertex 0.295276 -5.42412e-17 0.0787402
    endloop
  endfacet
  facet normal 0 0 1
    outer loop
      vertex 0.490253 -0.0428916 0.0787402
      vertex 0.492126 3.0134e-17 0.0787402
      vertex 0.295276 -5.42412e-17 0.0787402
    endloop
  endfacet
  facet normal 0 0 1
    outer loop
      vertex 0.295276 -5.42412e-17 0.0787402
      vertex 0.492126 3.0134e-17 0.0787402
      vertex 0.294152 0.025735 0.0787402
    endloop
  endfacet
  facet normal 0 0 1
    outer loop
      vertex 0.492126 3.0134e-17 0.0787402
      vertex 0.490253 0.0428916 0.0787402
      vertex 0.294152 0.025735 0.0787402
    endloop
  endfacet
  facet normal 0 0 1
    outer loop
      vertex 0.294152 0.025735 0.0787402
      vertex 0.490253 0.0428916 0.0787402
      vertex 0.29079 0.0512741 0.0787402
    endloop
  endfacet
  facet normal 0 0 1
    outer loop
      vertex 0.490253 0.0428916 0.0787402
      vertex 0.484649 0.0854568 0.0787402
      vertex 0.29079 0.0512741 0.0787402
    endloop
  endfacet
  facet normal 0 0 1
    outer loop
      vertex 0.29079 0.0512741 0.0787402
      vertex 0.484649 0.0854568 0.0787402
      vertex 0.285214 0.0764229 0.0787402
    endloop
  endfacet
  facet normal 0 0 1
    outer loop
      vertex 0.484649 0.0854568 0.0787402
      vertex 0.475357 0.127372 0.0787402
      vertex 0.285214 0.0764229 0.0787402
    endloop
  endfacet
  facet normal 0 0 1
    outer loop
      vertex 0.285214 0.0764229 0.0787402
      vertex 0.475357 0.127372 0.0787402
      vertex 0.277468 0.10099 0.0787402
    endloop
  endfacet
  facet normal 0 0 1
    outer loop
      vertex 0.475357 0.127372 0.0787402
      vertex 0.462447 0.168317 0.0787402
      vertex 0.277468 0.10099 0.0787402
    endloop
  endfacet
  facet normal 0 0 1
    outer loop
      vertex 0.277468 0.10099 0.0787402
      vertex 0.462447 0.168317 0.0787402
      vertex 0.267611 0.124789 0.0787402
    endloop
  endfacet
  facet normal 0 0 1
    outer loop
      vertex 0.462447 0.168317 0.0787402
      vertex 0.446018 0.207981 0.0787402
      vertex 0.267611 0.124789 0.0787402
    endloop
  endfacet
  facet normal 0 0 1
    outer loop
      vertex 0.267611 0.124789 0.0787402
      vertex 0.446018 0.207981 0.0787402
      vertex 0.255716 0.147638 0.0787402
    endloop
  endfacet
  facet normal 0 0 1
    outer loop
      vertex 0.446018 0.207981 0.0787402
      vertex 0.426194 0.246063 0.0787402
      vertex 0.255716 0.147638 0.0787402
    endloop
  endfacet
  facet normal 0 0 -1
    outer loop
      vertex 0.221975 -0.0807922 -0.15748
      vertex 0.277468 -0.10099 -0.15748
      vertex 0.214088 -0.0998311 -0.15748
    endloop
  endfacet
  facet normal 0 0 -1
    outer loop
      vertex 0.277468 -0.10099 -0.15748
      vertex 0.267611 -0.124789 -0.15748
      vertex 0.214088 -0.0998311 -0.15748
    endloop
  endfacet
  facet normal 0 0 -1
    outer loop
      vertex 0.214088 -0.0998311 -0.15748
      vertex 0.267611 -0.124789 -0.15748
      vertex 0.204573 -0.11811 -0.15748
    endloop
  endfacet
  facet normal 0 0 -1
    outer loop
      vertex 0.267611 -0.124789 -0.15748
      vertex 0.255716 -0.147638 -0.15748
      vertex 0.204573 -0.11811 -0.15748
    endloop
  endfacet
  facet normal 0 0 -1
    outer loop
      vertex 0.204573 -0.11811 -0.15748
      vertex 0.255716 -0.147638 -0.15748
      vertex 0.1935 -0.13549 -0.15748
    endloop
  endfacet
  facet normal 0 0 -1
    outer loop
      vertex 0.255716 -0.147638 -0.15748
      vertex 0.241876 -0.169363 -0.15748
      vertex 0.1935 -0.13549 -0.15748
    endloop
  endfacet
  facet normal 0 0 -1
    outer loop
      vertex 0.1935 -0.13549 -0.15748
      vertex 0.241876 -0.169363 -0.15748
      vertex 0.180955 -0.15184 -0.15748
    endloop
  endfacet
  facet normal 0 0 -1
    outer loop
      vertex 0.241876 -0.169363 -0.15748
      vertex 0.226194 -0.189799 -0.15748
      vertex 0.180955 -0.15184 -0.15748
    endloop
  endfacet
  facet normal 0 0 -1
    outer loop
      vertex 0.180955 -0.15184 -0.15748
      vertex 0.226194 -0.189799 -0.15748
      vertex 0.167033 -0.167033 -0.15748
    endloop
  endfacet
  facet normal 0 0 -1
    outer loop
      vertex 0.226194 -0.189799 -0.15748
      vertex 0.208791 -0.208791 -0.15748
      vertex 0.167033 -0.167033 -0.15748
    endloop
  endfacet
  facet normal 0 0 -1
    outer loop
      vertex 0.167033 -0.167033 -0.15748
      vertex 0.208791 -0.208791 -0.15748
      vertex 0.15184 -0.180955 -0.15748
    endloop
  endfacet
  facet normal 0 0 -1
    outer loop
      vertex 0.208791 -0.208791 -0.15748
      vertex 0.189799 -0.226194 -0.15748
      vertex 0.15184 -0.180955 -0.15748
    endloop
  endfacet
  facet normal 0 0 -1
    outer loop
      vertex 0.15184 -0.180955 -0.15748
      vertex 0.189799 -0.226194 -0.15748
      vertex 0.13549 -0.1935 -0.15748
    endloop
  endfacet
  facet normal 0 0 -1
    outer loop
      vertex 0.189799 -0.226194 -0.15748
      vertex 0.169363 -0.241876 -0.15748
      vertex 0.13549 -0.1935 -0.15748
    endloop
  endfacet
  facet normal 0 0 -1
    outer loop
      vertex 0.13549 -0.1935 -0.15748
      vertex 0.169363 -0.241876 -0.15748
      vertex 0.11811 -0.204573 -0.15748
    endloop
  endfacet
  facet normal 0 0 -1
    outer loop
      vertex 0.169363 -0.241876 -0.15748
      vertex 0.147638 -0.255716 -0.15748
      vertex 0.11811 -0.204573 -0.15748
    endloop
  endfacet
  facet normal 0 0 -1
    outer loop
      vertex 0.11811 -0.204573 -0.15748
      vertex 0.147638 -0.255716 -0.15748
      vertex 0.0998311 -0.214088 -0.15748
    endloop
  endfacet
  facet normal 0 0 -1
    outer loop
      vertex 0.147638 -0.255716 -0.15748
      vertex 0.124789 -0.267611 -0.15748
      vertex 0.0998311 -0.214088 -0.15748
    endloop
  endfacet
  facet normal 0 0 -1
    outer loop
      vertex 0.0998311 -0.214088 -0.15748
      vertex 0.124789 -0.267611 -0.15748
      vertex 0.0807922 -0.221975 -0.15748
    endloop
  endfacet
  facet normal 0 0 -1
    outer loop
      vertex 0.124789 -0.267611 -0.15748
      vertex 0.10099 -0.277468 -0.15748
      vertex 0.0807922 -0.221975 -0.15748
    endloop
  endfacet
  facet normal 0 0 -1
    outer loop
      vertex 0.0807922 -0.221975 -0.15748
      vertex 0.10099 -0.277468 -0.15748
      vertex 0.0611384 -0.228171 -0.15748
    endloop
  endfacet
  facet normal 0 0 -1
    outer loop
      vertex 0.10099 -0.277468 -0.15748
      vertex 0.0764229 -0.285214 -0.15748
      vertex 0.0611384 -0.228171 -0.15748
    endloop
  endfacet
  facet normal 0 0 -1
    outer loop
      vertex 0.0611384 -0.228171 -0.15748
      vertex 0.0764229 -0.285214 -0.15748
      vertex 0.0410193 -0.232632 -0.15748
    endloop
  endfacet
  facet normal 0 0 -1
    outer loop
      vertex 0.0764229 -0.285214 -0.15748
      vertex 0.0512741 -0.29079 -0.15748
      vertex 0.0410193 -0.232632 -0.15748
    endloop
  endfacet
  facet normal 0 0 -1
    outer loop
      vertex 0.0410193 -0.232632 -0.15748
      vertex 0.0512741 -0.29079 -0.15748
      vertex 0.020588 -0.235322 -0.15748
    endloop
  endfacet
  facet normal 0 0 -1
    outer loop
      vertex 0.0512741 -0.29079 -0.15748
      vertex 0.025735 -0.294152 -0.15748
      vertex 0.020588 -0.235322 -0.15748
    endloop
  endfacet
  facet normal 0 0 -1
    outer loop
      vertex 0.020588 -0.235322 -0.15748
      vertex 0.025735 -0.294152 -0.15748
      vertex 2.53199e-16 -0.23622 -0.15748
    endloop
  endfacet
  facet normal 0 0 -1
    outer loop
      vertex 0.025735 -0.294152 -0.15748
      vertex 3.16499e-16 -0.295276 -0.15748
      vertex 2.53199e-16 -0.23622 -0.15748
    endloop
  endfacet
  facet normal 0 0 -1
    outer loop
      vertex 2.53199e-16 -0.23622 -0.15748
      vertex 3.16499e-16 -0.295276 -0.15748
      vertex -0.020588 -0.235322 -0.15748
    endloop
  endfacet
  facet normal 0 0 -1
    outer loop
      vertex 3.16499e-16 -0.295276 -0.15748
      vertex -0.025735 -0.294152 -0.15748
      vertex -0.020588 -0.235322 -0.15748
    endloop
  endfacet
  facet normal 0 0 -1
    outer loop
      vertex -0.020588 -0.235322 -0.15748
      vertex -0.025735 -0.294152 -0.15748
      vertex -0.0410193 -0.232632 -0.15748
    endloop
  endfacet
  facet normal 0 0 -1
    outer loop
      vertex -0.025735 -0.294152 -0.15748
      vertex -0.0512741 -0.29079 -0.15748
      vertex -0.0410193 -0.232632 -0.15748
    endloop
  endfacet
  facet normal 0 0 -1
    outer loop
      vertex -0.0410193 -0.232632 -0.15748
      vertex -0.0512741 -0.29079 -0.15748
      vertex -0.0611384 -0.228171 -0.15748
    endloop
  endfacet
  facet normal 0 0 -1
    outer loop
      vertex -0.0512741 -0.29079 -0.15748
      vertex -0.0764229 -0.285214 -0.15748
      vertex -0.0611384 -0.228171 -0.15748
    endloop
  endfacet
  facet normal 0 0 -1
    outer loop
      vertex -0.0611384 -0.228171 -0.15748
      vertex -0.0764229 -0.285214 -0.15748
      vertex -0.0807922 -0.221975 -0.15748
    endloop
  endfacet
  facet normal 0 0 -1
    outer loop
      vertex -0.0764229 -0.285214 -0.15748
      vertex -0.10099 -0.277468 -0.15748
      vertex -0.0807922 -0.221975 -0.15748
    endloop
  endfacet
  facet normal 0 0 -1
    outer loop
      vertex -0.0807922 -0.221975 -0.15748
      vertex -0.10099 -0.277468 -0.15748
      vertex -0.0998311 -0.214088 -0.15748
    endloop
  endfacet
  facet normal 0 0 -1
    outer loop
      vertex -0.10099 -0.277468 -0.15748
      vertex -0.124789 -0.267611 -0.15748
      vertex -0.0998311 -0.214088 -0.15748
    endloop
  endfacet
  facet normal 0 0 -1
    outer loop
      vertex -0.0998311 -0.214088 -0.15748
      vertex -0.124789 -0.267611 -0.15748
      vertex -0.11811 -0.204573 -0.15748
    endloop
  endfacet
  facet normal 0 0 -1
    outer loop
      vertex -0.124789 -0.267611 -0.15748
      vertex -0.147638 -0.255716 -0.15748
      vertex -0.11811 -0.204573 -0.15748
    endloop
  endfacet
  facet normal 0 0 -1
    outer loop
      vertex -0.11811 -0.204573 -0.15748
      vertex -0.147638 -0.255716 -0.15748
      vertex -0.13549 -0.1935 -0.15748
    endloop
  endfacet
  facet normal 0 0 -1
    outer loop
      vertex -0.147638 -0.255716 -0.15748
      vertex -0.169363 -0.241876 -0.15748
      vertex -0.13549 -0.1935 -0.15748
    endloop
  endfacet
  facet normal 0 0 -1
    outer loop
      vertex -0.13549 -0.1935 -0.15748
      vertex -0.169363 -0.241876 -0.15748
      vertex -0.15184 -0.180955 -0.15748
    endloop
  endfacet
  facet normal 0 0 -1
    outer loop
      vertex -0.169363 -0.241876 -0.15748
      vertex -0.189799 -0.226194 -0.15748
      vertex -0.15184 -0.180955 -0.15748
    endloop
  endfacet
  facet normal 0 0 -1
    outer loop
      vertex -0.15184 -0.180955 -0.15748
      vertex -0.189799 -0.226194 -0.15748
      vertex -0.167033 -0.167033 -0.15748
    endloop
  endfacet
  facet normal 0 0 -1
    outer loop
      vertex -0.189799 -0.226194 -0.15748
      vertex -0.208791 -0.208791 -0.15748
      vertex -0.167033 -0.167033 -0.15748
    endloop
  endfacet
  facet normal 0 0 -1
    outer loop
      vertex -0.167033 -0.167033 -0.15748
      vertex -0.208791 -0.208791 -0.15748
      vertex -0.180955 -0.15184 -0.15748
    endloop
  endfacet
  facet normal 0 0 -1
    outer loop
      vertex -0.208791 -0.208791 -0.15748
      vertex -0.226194 -0.189799 -0.15748
      vertex -0.180955 -0.15184 -0.15748
    endloop
  endfacet
  facet normal 0 0 -1
    outer loop
      vertex -0.180955 -0.15184 -0.15748
      vertex -0.226194 -0.189799 -0.15748
      vertex -0.1935 -0.13549 -0.15748
    endloop
  endfacet
  facet normal 0 0 -1
    outer loop
      vertex -0.226194 -0.189799 -0.15748
      vertex -0.241876 -0.169363 -0.15748
      vertex -0.1935 -0.13549 -0.15748
    endloop
  endfacet
  facet normal 0 0 -1
    outer loop
      vertex -0.1935 -0.13549 -0.15748
      vertex -0.241876 -0.169363 -0.15748
      vertex -0.204573 -0.11811 -0.15748
    endloop
  endfacet
  facet normal 0 0 -1
    outer loop
      vertex -0.241876 -0.169363 -0.15748
      vertex -0.255716 -0.147638 -0.15748
      vertex -0.204573 -0.11811 -0.15748
    endloop
  endfacet
  facet normal 0 0 -1
    outer loop
      vertex -0.204573 -0.11811 -0.15748
      vertex -0.255716 -0.147638 -0.15748
      vertex -0.214088 -0.0998311 -0.15748
    endloop
  endfacet
  facet normal 0 0 -1
    outer loop
      vertex -0.255716 -0.147638 -0.15748
      vertex -0.267611 -0.124789 -0.15748
      vertex -0.214088 -0.0998311 -0.15748
    endloop
  endfacet
  facet normal 0 0 -1
    outer loop
      vertex -0.214088 -0.0998311 -0.15748
      vertex -0.267611 -0.124789 -0.15748
      vertex -0.221975 -0.0807922 -0.15748
    endloop
  endfacet
  facet normal 0 0 -1
    outer loop
      vertex -0.267611 -0.124789 -0.15748
      vertex -0.277468 -0.10099 -0.15748
      vertex -0.221975 -0.0807922 -0.15748
    endloop
  endfacet
  facet normal 0 0 -1
    outer loop
      vertex -0.221975 -0.0807922 -0.15748
      vertex -0.277468 -0.10099 -0.15748
      vertex -0.228171 -0.0611384 -0.15748
    endloop
  endfacet
  facet normal 0 0 -1
    outer loop
      vertex -0.277468 -0.10099 -0.15748
      vertex -0.285214 -0.0764229 -0.15748
      vertex -0.228171 -0.0611384 -0.15748
    endloop
  endfacet
  facet normal 0 0 -1
    outer loop
      vertex -0.228171 -0.0611384 -0.15748
      vertex -0.285214 -0.0764229 -0.15748
      vertex -0.232632 -0.0410193 -0.15748
    endloop
  endfacet
  facet normal 0 0 -1
    outer loop
      vertex -0.285214 -0.0764229 -0.15748
      vertex -0.29079 -0.0512741 -0.15748
      vertex -0.232632 -0.0410193 -0.15748
    endloop
  endfacet
  facet normal 0 0 -1
    outer loop
      vertex -0.232632 -0.0410193 -0.15748
      vertex -0.29079 -0.0512741 -0.15748
      vertex -0.235322 -0.020588 -0.15748
    endloop
  endfacet
  facet normal 0 0 -1
    outer loop
      vertex -0.29079 -0.0512741 -0.15748
      vertex -0.294152 -0.025735 -0.15748
      vertex -0.235322 -0.020588 -0.15748
    endloop
  endfacet
  facet normal 0 0 -1
    outer loop
      vertex -0.235322 -0.020588 -0.15748
      vertex -0.294152 -0.025735 -0.15748
      vertex -0.23622 1.44643e-17 -0.15748
    endloop
  endfacet
  facet normal 0 0 -1
    outer loop
      vertex -0.294152 -0.025735 -0.15748
      vertex -0.295276 1.80804e-17 -0.15748
      vertex -0.23622 1.44643e-17 -0.15748
    endloop
  endfacet
  facet normal 0 0 -1
    outer loop
      vertex -0.23622 1.44643e-17 -0.15748
      vertex -0.295276 1.80804e-17 -0.15748
      vertex -0.235322 0.020588 -0.15748
    endloop
  endfacet
  facet normal 0 0 -1
    outer loop
      vertex -0.295276 1.80804e-17 -0.15748
      vertex -0.294152 0.025735 -0.15748
      vertex -0.235322 0.020588 -0.15748
    endloop
  endfacet
  facet normal 0 0 -1
    outer loop
      vertex -0.235322 0.020588 -0.15748
      vertex -0.294152 0.025735 -0.15748
      vertex -0.232632 0.0410193 -0.15748
    endloop
  endfacet
  facet normal 0 0 -1
    outer loop
      vertex -0.294152 0.025735 -0.15748
      vertex -0.29079 0.0512741 -0.15748
      vertex -0.232632 0.0410193 -0.15748
    endloop
  endfacet
  facet normal 0 0 -1
    outer loop
      vertex -0.232632 0.0410193 -0.15748
      vertex -0.29079 0.0512741 -0.15748
      vertex -0.228171 0.0611384 -0.15748
    endloop
  endfacet
  facet normal 0 0 -1
    outer loop
      vertex -0.29079 0.0512741 -0.15748
      vertex -0.285214 0.0764229 -0.15748
      vertex -0.228171 0.0611384 -0.15748
    endloop
  endfacet
  facet normal 0 0 -1
    outer loop
      vertex -0.228171 0.0611384 -0.15748
      vertex -0.285214 0.0764229 -0.15748
      vertex -0.221975 0.0807922 -0.15748
    endloop
  endfacet
  facet normal 0 0 -1
    outer loop
      vertex -0.285214 0.0764229 -0.15748
      vertex -0.277468 0.10099 -0.15748
      vertex -0.221975 0.0807922 -0.15748
    endloop
  endfacet
  facet normal 0 0 -1
    outer loop
      vertex -0.221975 0.0807922 -0.15748
      vertex -0.277468 0.10099 -0.15748
      vertex -0.214088 0.0998311 -0.15748
    endloop
  endfacet
  facet normal 0 0 -1
    outer loop
      vertex -0.277468 0.10099 -0.15748
      vertex -0.267611 0.124789 -0.15748
      vertex -0.214088 0.0998311 -0.15748
    endloop
  endfacet
  facet normal 0 0 -1
    outer loop
      vertex -0.214088 0.0998311 -0.15748
      vertex -0.267611 0.124789 -0.15748
      vertex -0.204573 0.11811 -0.15748
    endloop
  endfacet
  facet normal 0 0 -1
    outer loop
      vertex -0.267611 0.124789 -0.15748
      vertex -0.255716 0.147638 -0.15748
      vertex -0.204573 0.11811 -0.15748
    endloop
  endfacet
  facet normal 0 0 -1
    outer loop
      vertex -0.204573 0.11811 -0.15748
      vertex -0.255716 0.147638 -0.15748
      vertex -0.1935 0.13549 -0.15748
    endloop
  endfacet
  facet normal 0 0 -1
    outer loop
      vertex -0.255716 0.147638 -0.15748
      vertex -0.241876 0.169363 -0.15748
      vertex -0.1935 0.13549 -0.15748
    endloop
  endfacet
  facet normal 0 0 -1
    outer loop
      vertex -0.1935 0.13549 -0.15748
      vertex -0.241876 0.169363 -0.15748
      vertex -0.180955 0.15184 -0.15748
    endloop
  endfacet
  facet normal 0 0 -1
    outer loop
      vertex -0.241876 0.169363 -0.15748
      vertex -0.226194 0.189799 -0.15748
      vertex -0.180955 0.15184 -0.15748
    endloop
  endfacet
  facet normal 0 0 -1
    outer loop
      vertex -0.180955 0.15184 -0.15748
      vertex -0.226194 0.189799 -0.15748
      vertex -0.167033 0.167033 -0.15748
    endloop
  endfacet
  facet normal 0 0 -1
    outer loop
      vertex -0.226194 0.189799 -0.15748
      vertex -0.208791 0.208791 -0.15748
      vertex -0.167033 0.167033 -0.15748
    endloop
  endfacet
  facet normal 0 0 -1
    outer loop
      vertex -0.167033 0.167033 -0.15748
      vertex -0.208791 0.208791 -0.15748
      vertex -0.15184 0.180955 -0.15748
    endloop
  endfacet
  facet normal 0 0 -1
    outer loop
      vertex -0.208791 0.208791 -0.15748
      vertex -0.189799 0.226194 -0.15748
      vertex -0.15184 0.180955 -0.15748
    endloop
  endfacet
  facet normal 0 0 -1
    outer loop
      vertex -0.15184 0.180955 -0.15748
      vertex -0.189799 0.226194 -0.15748
      vertex -0.13549 0.1935 -0.15748
    endloop
  endfacet
  facet normal 0 0 -1
    outer loop
      vertex -0.189799 0.226194 -0.15748
      vertex -0.169363 0.241876 -0.15748
      vertex -0.13549 0.1935 -0.15748
    endloop
  endfacet
  facet normal 0 0 -1
    outer loop
      vertex -0.13549 0.1935 -0.15748
      vertex -0.169363 0.241876 -0.15748
      vertex -0.11811 0.204573 -0.15748
    endloop
  endfacet
  facet normal 0 0 -1
    outer loop
      vertex -0.169363 0.241876 -0.15748
      vertex -0.147638 0.255716 -0.15748
      vertex -0.11811 0.204573 -0.15748
    endloop
  endfacet
  facet normal 0 0 -1
    outer loop
      vertex -0.11811 0.204573 -0.15748
      vertex -0.147638 0.255716 -0.15748
      vertex -0.0998311 0.214088 -0.15748
    endloop
  endfacet
  facet normal 0 0 -1
    outer loop
      vertex -0.147638 0.255716 -0.15748
      vertex -0.124789 0.267611 -0.15748
      vertex -0.0998311 0.214088 -0.15748
    endloop
  endfacet
  facet normal 0 0 -1
    outer loop
      vertex -0.0998311 0.214088 -0.15748
      vertex -0.124789 0.267611 -0.15748
      vertex -0.0807922 0.221975 -0.15748
    endloop
  endfacet
  facet normal 0 0 -1
    outer loop
      vertex -0.124789 0.267611 -0.15748
      vertex -0.10099 0.277468 -0.15748
      vertex -0.0807922 0.221975 -0.15748
    endloop
  endfacet
  facet normal 0 0 -1
    outer loop
      vertex -0.0807922 0.221975 -0.15748
      vertex -0.10099 0.277468 -0.15748
      vertex -0.0611384 0.228171 -0.15748
    endloop
  endfacet
  facet normal 0 0 -1
    outer loop
      vertex -0.10099 0.277468 -0.15748
      vertex -0.0764229 0.285214 -0.15748
      vertex -0.0611384 0.228171 -0.15748
    endloop
  endfacet
  facet normal 0 0 -1
    outer loop
      vertex -0.0611384 0.228171 -0.15748
      vertex -0.0764229 0.285214 -0.15748
      vertex -0.0410193 0.232632 -0.15748
    endloop
  endfacet
  facet normal 0 0 -1
    outer loop
      vertex -0.0764229 0.285214 -0.15748
      vertex -0.0512741 0.29079 -0.15748
      vertex -0.0410193 0.232632 -0.15748
    endloop
  endfacet
  facet normal 0 0 -1
    outer loop
      vertex -0.0410193 0.232632 -0.15748
      vertex -0.0512741 0.29079 -0.15748
      vertex -0.020588 0.235322 -0.15748
    endloop
  endfacet
  facet normal 0 0 -1
    outer loop
      vertex -0.0512741 0.29079 -0.15748
      vertex -0.025735 0.294152 -0.15748
      vertex -0.020588 0.235322 -0.15748
    endloop
  endfacet
  facet normal 0 0 -1
    outer loop
      vertex -0.020588 0.235322 -0.15748
      vertex -0.025735 0.294152 -0.15748
      vertex -6.69158e-17 0.23622 -0.15748
    endloop
  endfacet
  facet normal 0 0 -1
    outer loop
      vertex -0.025735 0.294152 -0.15748
      vertex -8.36448e-17 0.295276 -0.15748
      vertex -6.69158e-17 0.23622 -0.15748
    endloop
  endfacet
  facet normal 0 0 -1
    outer loop
      vertex -6.69158e-17 0.23622 -0.15748
      vertex -8.36448e-17 0.295276 -0.15748
      vertex 0.020588 0.235322 -0.15748
    endloop
  endfacet
  facet normal 0 0 -1
    outer loop
      vertex -8.36448e-17 0.295276 -0.15748
      vertex 0.025735 0.294152 -0.15748
      vertex 0.020588 0.235322 -0.15748
    endloop
  endfacet
  facet normal 0 0 -1
    outer loop
      vertex 0.020588 0.235322 -0.15748
      vertex 0.025735 0.294152 -0.15748
      vertex 0.0410193 0.232632 -0.15748
    endloop
  endfacet
  facet normal 0 0 -1
    outer loop
      vertex 0.025735 0.294152 -0.15748
      vertex 0.0512741 0.29079 -0.15748
      vertex 0.0410193 0.232632 -0.15748
    endloop
  endfacet
  facet normal 0 0 -1
    outer loop
      vertex 0.0410193 0.232632 -0.15748
      vertex 0.0512741 0.29079 -0.15748
      vertex 0.0611384 0.228171 -0.15748
    endloop
  endfacet
  facet normal 0 0 -1
    outer loop
      vertex 0.0512741 0.29079 -0.15748
      vertex 0.0764229 0.285214 -0.15748
      vertex 0.0611384 0.228171 -0.15748
    endloop
  endfacet
  facet normal 0 0 -1
    outer loop
      vertex 0.0611384 0.228171 -0.15748
      vertex 0.0764229 0.285214 -0.15748
      vertex 0.0807922 0.221975 -0.15748
    endloop
  endfacet
  facet normal 0 0 -1
    outer loop
      vertex 0.0764229 0.285214 -0.15748
      vertex 0.10099 0.277468 -0.15748
      vertex 0.0807922 0.221975 -0.15748
    endloop
  endfacet
  facet normal 0 0 -1
    outer loop
      vertex 0.0807922 0.221975 -0.15748
      vertex 0.10099 0.277468 -0.15748
      vertex 0.0998311 0.214088 -0.15748
    endloop
  endfacet
  facet normal 0 0 -1
    outer loop
      vertex 0.10099 0.277468 -0.15748
      vertex 0.124789 0.267611 -0.15748
      vertex 0.0998311 0.214088 -0.15748
    endloop
  endfacet
  facet normal 0 0 -1
    outer loop
      vertex 0.0998311 0.214088 -0.15748
      vertex 0.124789 0.267611 -0.15748
      vertex 0.11811 0.204573 -0.15748
    endloop
  endfacet
  facet normal 0 0 -1
    outer loop
      vertex 0.124789 0.267611 -0.15748
      vertex 0.147638 0.255716 -0.15748
      vertex 0.11811 0.204573 -0.15748
    endloop
  endfacet
  facet normal 0 0 -1
    outer loop
      vertex 0.11811 0.204573 -0.15748
      vertex 0.147638 0.255716 -0.15748
      vertex 0.13549 0.1935 -0.15748
    endloop
  endfacet
  facet normal 0 0 -1
    outer loop
      vertex 0.147638 0.255716 -0.15748
      vertex 0.169363 0.241876 -0.15748
      vertex 0.13549 0.1935 -0.15748
    endloop
  endfacet
  facet normal 0 0 -1
    outer loop
      vertex 0.13549 0.1935 -0.15748
      vertex 0.169363 0.241876 -0.15748
      vertex 0.15184 0.180955 -0.15748
    endloop
  endfacet
  facet normal 0 0 -1
    outer loop
      vertex 0.169363 0.241876 -0.15748
      vertex 0.189799 0.226194 -0.15748
      vertex 0.15184 0.180955 -0.15748
    endloop
  endfacet
  facet normal 0 0 -1
    outer loop
      vertex 0.15184 0.180955 -0.15748
      vertex 0.189799 0.226194 -0.15748
      vertex 0.167033 0.167033 -0.15748
    endloop
  endfacet
  facet normal 0 0 -1
    outer loop
      vertex 0.189799 0.226194 -0.15748
      vertex 0.208791 0.208791 -0.15748
      vertex 0.167033 0.167033 -0.15748
    endloop
  endfacet
  facet normal 0 0 -1
    outer loop
      vertex 0.167033 0.167033 -0.15748
      vertex 0.208791 0.208791 -0.15748
      vertex 0.180955 0.15184 -0.15748
    endloop
  endfacet
  facet normal 0 0 -1
    outer loop
      vertex 0.208791 0.208791 -0.15748
      vertex 0.226194 0.189799 -0.15748
      vertex 0.180955 0.15184 -0.15748
    endloop
  endfacet
  facet normal 0 0 -1
    outer loop
      vertex 0.180955 0.15184 -0.15748
      vertex 0.226194 0.189799 -0.15748
      vertex 0.1935 0.13549 -0.15748
    endloop
  endfacet
  facet normal 0 0 -1
    outer loop
      vertex 0.226194 0.189799 -0.15748
      vertex 0.241876 0.169363 -0.15748
      vertex 0.1935 0.13549 -0.15748
    endloop
  endfacet
  facet normal 0 0 -1
    outer loop
      vertex 0.1935 0.13549 -0.15748
      vertex 0.241876 0.169363 -0.15748
      vertex 0.204573 0.11811 -0.15748
    endloop
  endfacet
  facet normal 0 0 -1
    outer loop
      vertex 0.241876 0.169363 -0.15748
      vertex 0.255716 0.147638 -0.15748
      vertex 0.204573 0.11811 -0.15748
    endloop
  endfacet
  facet normal 0 0 -1
    outer loop
      vertex 0.204573 0.11811 -0.15748
      vertex 0.255716 0.147638 -0.15748
      vertex 0.214088 0.0998311 -0.15748
    endloop
  endfacet
  facet normal 0 0 -1
    outer loop
      vertex 0.255716 0.147638 -0.15748
      vertex 0.267611 0.124789 -0.15748
      vertex 0.214088 0.0998311 -0.15748
    endloop
  endfacet
  facet normal 0 0 -1
    outer loop
      vertex 0.214088 0.0998311 -0.15748
      vertex 0.267611 0.124789 -0.15748
      vertex 0.221975 0.0807922 -0.15748
    endloop
  endfacet
  facet normal 0 0 -1
    outer loop
      vertex 0.267611 0.124789 -0.15748
      vertex 0.277468 0.10099 -0.15748
      vertex 0.221975 0.0807922 -0.15748
    endloop
  endfacet
  facet normal 0 0 -1
    outer loop
      vertex 0.221975 0.0807922 -0.15748
      vertex 0.277468 0.10099 -0.15748
      vertex 0.228171 0.0611384 -0.15748
    endloop
  endfacet
  facet normal 0 0 -1
    outer loop
      vertex 0.277468 0.10099 -0.15748
      vertex 0.285214 0.0764229 -0.15748
      vertex 0.228171 0.0611384 -0.15748
    endloop
  endfacet
  facet normal 0 0 -1
    outer loop
      vertex 0.228171 0.0611384 -0.15748
      vertex 0.285214 0.0764229 -0.15748
      vertex 0.232632 0.0410193 -0.15748
    endloop
  endfacet
  facet normal 0 0 -1
    outer loop
      vertex 0.285214 0.0764229 -0.15748
      vertex 0.29079 0.0512741 -0.15748
      vertex 0.232632 0.0410193 -0.15748
    endloop
  endfacet
  facet normal 0 0 -1
    outer loop
      vertex 0.232632 0.0410193 -0.15748
      vertex 0.29079 0.0512741 -0.15748
      vertex 0.235322 0.020588 -0.15748
    endloop
  endfacet
  facet normal 0 0 -1
    outer loop
      vertex 0.29079 0.0512741 -0.15748
      vertex 0.294152 0.025735 -0.15748
      vertex 0.235322 0.020588 -0.15748
    endloop
  endfacet
  facet normal 0 0 -1
    outer loop
      vertex 0.235322 0.020588 -0.15748
      vertex 0.294152 0.025735 -0.15748
      vertex 0.23622 1.0125e-16 -0.15748
    endloop
  endfacet
  facet normal 0 0 -1
    outer loop
      vertex 0.294152 0.025735 -0.15748
      vertex 0.295276 5.42412e-17 -0.15748
      vertex 0.23622 1.0125e-16 -0.15748
    endloop
  endfacet
  facet normal 0 0 -1
    outer loop
      vertex 0.23622 1.0125e-16 -0.15748
      vertex 0.295276 5.42412e-17 -0.15748
      vertex 0.235322 -0.020588 -0.15748
    endloop
  endfacet
  facet normal 0 0 -1
    outer loop
      vertex 0.295276 5.42412e-17 -0.15748
      vertex 0.294152 -0.025735 -0.15748
      vertex 0.235322 -0.020588 -0.15748
    endloop
  endfacet
  facet normal 0 0 -1
    outer loop
      vertex 0.235322 -0.020588 -0.15748
      vertex 0.294152 -0.025735 -0.15748
      vertex 0.232632 -0.0410193 -0.15748
    endloop
  endfacet
  facet normal 0 0 -1
    outer loop
      vertex 0.294152 -0.025735 -0.15748
      vertex 0.29079 -0.0512741 -0.15748
      vertex 0.232632 -0.0410193 -0.15748
    endloop
  endfacet
  facet normal 0 0 -1
    outer loop
      vertex 0.232632 -0.0410193 -0.15748
      vertex 0.29079 -0.0512741 -0.15748
      vertex 0.228171 -0.0611384 -0.15748
    endloop
  endfacet
  facet normal 0 0 -1
    outer loop
      vertex 0.29079 -0.0512741 -0.15748
      vertex 0.285214 -0.0764229 -0.15748
      vertex 0.228171 -0.0611384 -0.15748
    endloop
  endfacet
  facet normal 0 0 -1
    outer loop
      vertex 0.228171 -0.0611384 -0.15748
      vertex 0.285214 -0.0764229 -0.15748
      vertex 0.221975 -0.0807922 -0.15748
    endloop
  endfacet
  facet normal 0 0 -1
    outer loop
      vertex 0.285214 -0.0764229 -0.15748
      vertex 0.277468 -0.10099 -0.15748
      vertex 0.221975 -0.0807922 -0.15748
    endloop
  endfacet
  facet normal 0 0 1
    outer loop
      vertex 0.403126 0.282272 0.15748
      vertex 0.443439 0.310499 0.15748
      vertex 0.37699 0.316332 0.15748
    endloop
  endfacet
  facet normal 0 0 1
    outer loop
      vertex 0.443439 0.310499 0.15748
      vertex 0.414689 0.347966 0.15748
      vertex 0.37699 0.316332 0.15748
    endloop
  endfacet
  facet normal 0 0 1
    outer loop
      vertex 0.37699 0.316332 0.15748
      vertex 0.414689 0.347966 0.15748
      vertex 0.347986 0.347986 0.15748
    endloop
  endfacet
  facet normal 0 0 1
    outer loop
      vertex 0.414689 0.347966 0.15748
      vertex 0.382784 0.382784 0.15748
      vertex 0.347986 0.347986 0.15748
    endloop
  endfacet
  facet normal 0 0 1
    outer loop
      vertex 0.347986 0.347986 0.15748
      vertex 0.382784 0.382784 0.15748
      vertex 0.316332 0.37699 0.15748
    endloop
  endfacet
  facet normal 0 0 1
    outer loop
      vertex 0.382784 0.382784 0.15748
      vertex 0.347966 0.414689 0.15748
      vertex 0.316332 0.37699 0.15748
    endloop
  endfacet
  facet normal 0 0 1
    outer loop
      vertex 0.316332 0.37699 0.15748
      vertex 0.347966 0.414689 0.15748
      vertex 0.282272 0.403126 0.15748
    endloop
  endfacet
  facet normal 0 0 1
    outer loop
      vertex 0.347966 0.414689 0.15748
      vertex 0.310499 0.443439 0.15748
      vertex 0.282272 0.403126 0.15748
    endloop
  endfacet
  facet normal 0 0 1
    outer loop
      vertex 0.282272 0.403126 0.15748
      vertex 0.310499 0.443439 0.15748
      vertex 0.246063 0.426194 0.15748
    endloop
  endfacet
  facet normal 0 0 1
    outer loop
      vertex 0.310499 0.443439 0.15748
      vertex 0.270669 0.468813 0.15748
      vertex 0.246063 0.426194 0.15748
    endloop
  endfacet
  facet normal 0 0 1
    outer loop
      vertex 0.246063 0.426194 0.15748
      vertex 0.270669 0.468813 0.15748
      vertex 0.207981 0.446018 0.15748
    endloop
  endfacet
  facet normal 0 0 1
    outer loop
      vertex 0.270669 0.468813 0.15748
      vertex 0.22878 0.490619 0.15748
      vertex 0.207981 0.446018 0.15748
    endloop
  endfacet
  facet normal 0 0 1
    outer loop
      vertex 0.207981 0.446018 0.15748
      vertex 0.22878 0.490619 0.15748
      vertex 0.168317 0.462447 0.15748
    endloop
  endfacet
  facet normal 0 0 1
    outer loop
      vertex 0.22878 0.490619 0.15748
      vertex 0.185149 0.508692 0.15748
      vertex 0.168317 0.462447 0.15748
    endloop
  endfacet
  facet normal 0 0 1
    outer loop
      vertex 0.168317 0.462447 0.15748
      vertex 0.185149 0.508692 0.15748
      vertex 0.127372 0.475357 0.15748
    endloop
  endfacet
  facet normal 0 0 1
    outer loop
      vertex 0.185149 0.508692 0.15748
      vertex 0.140109 0.522893 0.15748
      vertex 0.127372 0.475357 0.15748
    endloop
  endfacet
  facet normal 0 0 1
    outer loop
      vertex 0.127372 0.475357 0.15748
      vertex 0.140109 0.522893 0.15748
      vertex 0.0854568 0.484649 0.15748
    endloop
  endfacet
  facet normal 0 0 1
    outer loop
      vertex 0.140109 0.522893 0.15748
      vertex 0.0940025 0.533114 0.15748
      vertex 0.0854568 0.484649 0.15748
    endloop
  endfacet
  facet normal 0 0 1
    outer loop
      vertex 0.0854568 0.484649 0.15748
      vertex 0.0940025 0.533114 0.15748
      vertex 0.0428916 0.490253 0.15748
    endloop
  endfacet
  facet normal 0 0 1
    outer loop
      vertex 0.0940025 0.533114 0.15748
      vertex 0.0471808 0.539279 0.15748
      vertex 0.0428916 0.490253 0.15748
    endloop
  endfacet
  facet normal 0 0 1
    outer loop
      vertex 0.0428916 0.490253 0.15748
      vertex 0.0471808 0.539279 0.15748
      vertex 1.39408e-16 0.492126 0.15748
    endloop
  endfacet
  facet normal 0 0 1
    outer loop
      vertex 0.0471808 0.539279 0.15748
      vertex -1.53349e-16 0.541339 0.15748
      vertex 1.39408e-16 0.492126 0.15748
    endloop
  endfacet
  facet normal 0 0 1
    outer loop
      vertex 1.39408e-16 0.492126 0.15748
      vertex -1.53349e-16 0.541339 0.15748
      vertex -0.0428916 0.490253 0.15748
    endloop
  endfacet
  facet normal 0 0 1
    outer loop
      vertex -1.53349e-16 0.541339 0.15748
      vertex -0.0471808 0.539279 0.15748
      vertex -0.0428916 0.490253 0.15748
    endloop
  endfacet
  facet normal 0 0 1
    outer loop
      vertex -0.0428916 0.490253 0.15748
      vertex -0.0471808 0.539279 0.15748
      vertex -0.0854568 0.484649 0.15748
    endloop
  endfacet
  facet normal 0 0 1
    outer loop
      vertex -0.0471808 0.539279 0.15748
      vertex -0.0940025 0.533114 0.15748
      vertex -0.0854568 0.484649 0.15748
    endloop
  endfacet
  facet normal 0 0 1
    outer loop
      vertex -0.0854568 0.484649 0.15748
      vertex -0.0940025 0.533114 0.15748
      vertex -0.127372 0.475357 0.15748
    endloop
  endfacet
  facet normal 0 0 1
    outer loop
      vertex -0.0940025 0.533114 0.15748
      vertex -0.140109 0.522893 0.15748
      vertex -0.127372 0.475357 0.15748
    endloop
  endfacet
  facet normal 0 0 1
    outer loop
      vertex -0.127372 0.475357 0.15748
      vertex -0.140109 0.522893 0.15748
      vertex -0.168317 0.462447 0.15748
    endloop
  endfacet
  facet normal 0 0 1
    outer loop
      vertex -0.140109 0.522893 0.15748
      vertex -0.185149 0.508692 0.15748
      vertex -0.168317 0.462447 0.15748
    endloop
  endfacet
  facet normal 0 0 1
    outer loop
      vertex -0.168317 0.462447 0.15748
      vertex -0.185149 0.508692 0.15748
      vertex -0.207981 0.446018 0.15748
    endloop
  endfacet
  facet normal 0 0 1
    outer loop
      vertex -0.185149 0.508692 0.15748
      vertex -0.22878 0.490619 0.15748
      vertex -0.207981 0.446018 0.15748
    endloop
  endfacet
  facet normal 0 0 1
    outer loop
      vertex -0.207981 0.446018 0.15748
      vertex -0.22878 0.490619 0.15748
      vertex -0.246063 0.426194 0.15748
    endloop
  endfacet
  facet normal 0 0 1
    outer loop
      vertex -0.22878 0.490619 0.15748
      vertex -0.270669 0.468813 0.15748
      vertex -0.246063 0.426194 0.15748
    endloop
  endfacet
  facet normal 0 0 1
    outer loop
      vertex -0.246063 0.426194 0.15748
      vertex -0.270669 0.468813 0.15748
      vertex -0.282272 0.403126 0.15748
    endloop
  endfacet
  facet normal 0 0 1
    outer loop
      vertex -0.270669 0.468813 0.15748
      vertex -0.310499 0.443439 0.15748
      vertex -0.282272 0.403126 0.15748
    endloop
  endfacet
  facet normal 0 0 1
    outer loop
      vertex -0.282272 0.403126 0.15748
      vertex -0.310499 0.443439 0.15748
      vertex -0.316332 0.37699 0.15748
    endloop
  endfacet
  facet normal 0 0 1
    outer loop
      vertex -0.310499 0.443439 0.15748
      vertex -0.347966 0.414689 0.15748
      vertex -0.316332 0.37699 0.15748
    endloop
  endfacet
  facet normal 0 0 1
    outer loop
      vertex -0.316332 0.37699 0.15748
      vertex -0.347966 0.414689 0.15748
      vertex -0.347986 0.347986 0.15748
    endloop
  endfacet
  facet normal 0 0 1
    outer loop
      vertex -0.347966 0.414689 0.15748
      vertex -0.382784 0.382784 0.15748
      vertex -0.347986 0.347986 0.15748
    endloop
  endfacet
  facet normal 0 0 1
    outer loop
      vertex -0.347986 0.347986 0.15748
      vertex -0.382784 0.382784 0.15748
      vertex -0.37699 0.316332 0.15748
    endloop
  endfacet
  facet normal 0 0 1
    outer loop
      vertex -0.382784 0.382784 0.15748
      vertex -0.414689 0.347966 0.15748
      vertex -0.37699 0.316332 0.15748
    endloop
  endfacet
  facet normal 0 0 1
    outer loop
      vertex -0.37699 0.316332 0.15748
      vertex -0.414689 0.347966 0.15748
      vertex -0.403126 0.282272 0.15748
    endloop
  endfacet
  facet normal 0 0 1
    outer loop
      vertex -0.414689 0.347966 0.15748
      vertex -0.443439 0.310499 0.15748
      vertex -0.403126 0.282272 0.15748
    endloop
  endfacet
  facet normal 0 0 1
    outer loop
      vertex -0.403126 0.282272 0.15748
      vertex -0.443439 0.310499 0.15748
      vertex -0.426194 0.246063 0.15748
    endloop
  endfacet
  facet normal 0 0 1
    outer loop
      vertex -0.443439 0.310499 0.15748
      vertex -0.468813 0.270669 0.15748
      vertex -0.426194 0.246063 0.15748
    endloop
  endfacet
  facet normal 0 0 1
    outer loop
      vertex -0.426194 0.246063 0.15748
      vertex -0.468813 0.270669 0.15748
      vertex -0.446018 0.207981 0.15748
    endloop
  endfacet
  facet normal 0 0 1
    outer loop
      vertex -0.468813 0.270669 0.15748
      vertex -0.490619 0.22878 0.15748
      vertex -0.446018 0.207981 0.15748
    endloop
  endfacet
  facet normal 0 0 1
    outer loop
      vertex -0.446018 0.207981 0.15748
      vertex -0.490619 0.22878 0.15748
      vertex -0.462447 0.168317 0.15748
    endloop
  endfacet
  facet normal 0 0 1
    outer loop
      vertex -0.490619 0.22878 0.15748
      vertex -0.508692 0.185149 0.15748
      vertex -0.462447 0.168317 0.15748
    endloop
  endfacet
  facet normal 0 0 1
    outer loop
      vertex -0.462447 0.168317 0.15748
      vertex -0.508692 0.185149 0.15748
      vertex -0.475357 0.127372 0.15748
    endloop
  endfacet
  facet normal 0 0 1
    outer loop
      vertex -0.508692 0.185149 0.15748
      vertex -0.522893 0.140109 0.15748
      vertex -0.475357 0.127372 0.15748
    endloop
  endfacet
  facet normal 0 0 1
    outer loop
      vertex -0.475357 0.127372 0.15748
      vertex -0.522893 0.140109 0.15748
      vertex -0.484649 0.0854568 0.15748
    endloop
  endfacet
  facet normal 0 0 1
    outer loop
      vertex -0.522893 0.140109 0.15748
      vertex -0.533114 0.0940025 0.15748
      vertex -0.484649 0.0854568 0.15748
    endloop
  endfacet
  facet normal 0 0 1
    outer loop
      vertex -0.484649 0.0854568 0.15748
      vertex -0.533114 0.0940025 0.15748
      vertex -0.490253 0.0428916 0.15748
    endloop
  endfacet
  facet normal 0 0 1
    outer loop
      vertex -0.533114 0.0940025 0.15748
      vertex -0.539279 0.0471808 0.15748
      vertex -0.490253 0.0428916 0.15748
    endloop
  endfacet
  facet normal 0 0 1
    outer loop
      vertex -0.490253 0.0428916 0.15748
      vertex -0.539279 0.0471808 0.15748
      vertex -0.492126 3.0895e-16 0.15748
    endloop
  endfacet
  facet normal 0 0 1
    outer loop
      vertex -0.539279 0.0471808 0.15748
      vertex -0.541339 3.31474e-17 0.15748
      vertex -0.492126 3.0895e-16 0.15748
    endloop
  endfacet
  facet normal 0 0 1
    outer loop
      vertex -0.492126 3.0895e-16 0.15748
      vertex -0.541339 3.31474e-17 0.15748
      vertex -0.490253 -0.0428916 0.15748
    endloop
  endfacet
  facet normal 0 0 1
    outer loop
      vertex -0.541339 3.31474e-17 0.15748
      vertex -0.539279 -0.0471808 0.15748
      vertex -0.490253 -0.0428916 0.15748
    endloop
  endfacet
  facet normal 0 0 1
    outer loop
      vertex -0.490253 -0.0428916 0.15748
      vertex -0.539279 -0.0471808 0.15748
      vertex -0.484649 -0.0854568 0.15748
    endloop
  endfacet
  facet normal 0 0 1
    outer loop
      vertex -0.539279 -0.0471808 0.15748
      vertex -0.533114 -0.0940025 0.15748
      vertex -0.484649 -0.0854568 0.15748
    endloop
  endfacet
  facet normal 0 0 1
    outer loop
      vertex -0.484649 -0.0854568 0.15748
      vertex -0.533114 -0.0940025 0.15748
      vertex -0.475357 -0.127372 0.15748
    endloop
  endfacet
  facet normal 0 0 1
    outer loop
      vertex -0.533114 -0.0940025 0.15748
      vertex -0.522893 -0.140109 0.15748
      vertex -0.475357 -0.127372 0.15748
    endloop
  endfacet
  facet normal 0 0 1
    outer loop
      vertex -0.475357 -0.127372 0.15748
      vertex -0.522893 -0.140109 0.15748
      vertex -0.462447 -0.168317 0.15748
    endloop
  endfacet
  facet normal 0 0 1
    outer loop
      vertex -0.522893 -0.140109 0.15748
      vertex -0.508692 -0.185149 0.15748
      vertex -0.462447 -0.168317 0.15748
    endloop
  endfacet
  facet normal 0 0 1
    outer loop
      vertex -0.462447 -0.168317 0.15748
      vertex -0.508692 -0.185149 0.15748
      vertex -0.446018 -0.207981 0.15748
    endloop
  endfacet
  facet normal 0 0 1
    outer loop
      vertex -0.508692 -0.185149 0.15748
      vertex -0.490619 -0.22878 0.15748
      vertex -0.446018 -0.207981 0.15748
    endloop
  endfacet
  facet normal 0 0 1
    outer loop
      vertex -0.446018 -0.207981 0.15748
      vertex -0.490619 -0.22878 0.15748
      vertex -0.426194 -0.246063 0.15748
    endloop
  endfacet
  facet normal 0 0 1
    outer loop
      vertex -0.490619 -0.22878 0.15748
      vertex -0.468813 -0.270669 0.15748
      vertex -0.426194 -0.246063 0.15748
    endloop
  endfacet
  facet normal 0 0 1
    outer loop
      vertex -0.426194 -0.246063 0.15748
      vertex -0.468813 -0.270669 0.15748
      vertex -0.403126 -0.282272 0.15748
    endloop
  endfacet
  facet normal 0 0 1
    outer loop
      vertex -0.468813 -0.270669 0.15748
      vertex -0.443439 -0.310499 0.15748
      vertex -0.403126 -0.282272 0.15748
    endloop
  endfacet
  facet normal 0 0 1
    outer loop
      vertex -0.403126 -0.282272 0.15748
      vertex -0.443439 -0.310499 0.15748
      vertex -0.37699 -0.316332 0.15748
    endloop
  endfacet
  facet normal 0 0 1
    outer loop
      vertex -0.443439 -0.310499 0.15748
      vertex -0.414689 -0.347966 0.15748
      vertex -0.37699 -0.316332 0.15748
    endloop
  endfacet
  facet normal 0 0 1
    outer loop
      vertex -0.37699 -0.316332 0.15748
      vertex -0.414689 -0.347966 0.15748
      vertex -0.347986 -0.347986 0.15748
    endloop
  endfacet
  facet normal 0 0 1
    outer loop
      vertex -0.414689 -0.347966 0.15748
      vertex -0.382784 -0.382784 0.15748
      vertex -0.347986 -0.347986 0.15748
    endloop
  endfacet
  facet normal 0 0 1
    outer loop
      vertex -0.347986 -0.347986 0.15748
      vertex -0.382784 -0.382784 0.15748
      vertex -0.316332 -0.37699 0.15748
    endloop
  endfacet
  facet normal 0 0 1
    outer loop
      vertex -0.382784 -0.382784 0.15748
      vertex -0.347966 -0.414689 0.15748
      vertex -0.316332 -0.37699 0.15748
    endloop
  endfacet
  facet normal 0 0 1
    outer loop
      vertex -0.316332 -0.37699 0.15748
      vertex -0.347966 -0.414689 0.15748
      vertex -0.282272 -0.403126 0.15748
    endloop
  endfacet
  facet normal 0 0 1
    outer loop
      vertex -0.347966 -0.414689 0.15748
      vertex -0.310499 -0.443439 0.15748
      vertex -0.282272 -0.403126 0.15748
    endloop
  endfacet
  facet normal 0 0 1
    outer loop
      vertex -0.282272 -0.403126 0.15748
      vertex -0.310499 -0.443439 0.15748
      vertex -0.246063 -0.426194 0.15748
    endloop
  endfacet
  facet normal 0 0 1
    outer loop
      vertex -0.310499 -0.443439 0.15748
      vertex -0.270669 -0.468813 0.15748
      vertex -0.246063 -0.426194 0.15748
    endloop
  endfacet
  facet normal 0 0 1
    outer loop
      vertex -0.246063 -0.426194 0.15748
      vertex -0.270669 -0.468813 0.15748
      vertex -0.207981 -0.446018 0.15748
    endloop
  endfacet
  facet normal 0 0 1
    outer loop
      vertex -0.270669 -0.468813 0.15748
      vertex -0.22878 -0.490619 0.15748
      vertex -0.207981 -0.446018 0.15748
    endloop
  endfacet
  facet normal 0 0 1
    outer loop
      vertex -0.207981 -0.446018 0.15748
      vertex -0.22878 -0.490619 0.15748
      vertex -0.168317 -0.462447 0.15748
    endloop
  endfacet
  facet normal 0 0 1
    outer loop
      vertex -0.22878 -0.490619 0.15748
      vertex -0.185149 -0.508692 0.15748
      vertex -0.168317 -0.462447 0.15748
    endloop
  endfacet
  facet normal 0 0 1
    outer loop
      vertex -0.168317 -0.462447 0.15748
      vertex -0.185149 -0.508692 0.15748
      vertex -0.127372 -0.475357 0.15748
    endloop
  endfacet
  facet normal 0 0 1
    outer loop
      vertex -0.185149 -0.508692 0.15748
      vertex -0.140109 -0.522893 0.15748
      vertex -0.127372 -0.475357 0.15748
    endloop
  endfacet
  facet normal 0 0 1
    outer loop
      vertex -0.127372 -0.475357 0.15748
      vertex -0.140109 -0.522893 0.15748
      vertex -0.0854568 -0.484649 0.15748
    endloop
  endfacet
  facet normal 0 0 1
    outer loop
      vertex -0.140109 -0.522893 0.15748
      vertex -0.0940025 -0.533114 0.15748
      vertex -0.0854568 -0.484649 0.15748
    endloop
  endfacet
  facet normal 0 0 1
    outer loop
      vertex -0.0854568 -0.484649 0.15748
      vertex -0.0940025 -0.533114 0.15748
      vertex -0.0428916 -0.490253 0.15748
    endloop
  endfacet
  facet normal 0 0 1
    outer loop
      vertex -0.0940025 -0.533114 0.15748
      vertex -0.0471808 -0.539279 0.15748
      vertex -0.0428916 -0.490253 0.15748
    endloop
  endfacet
  facet normal 0 0 1
    outer loop
      vertex -0.0428916 -0.490253 0.15748
      vertex -0.0471808 -0.539279 0.15748
      vertex -5.27498e-16 -0.492126 0.15748
    endloop
  endfacet
  facet normal 0 0 1
    outer loop
      vertex -0.0471808 -0.539279 0.15748
      vertex 5.80248e-16 -0.541339 0.15748
      vertex -5.27498e-16 -0.492126 0.15748
    endloop
  endfacet
  facet normal 0 0 1
    outer loop
      vertex -5.27498e-16 -0.492126 0.15748
      vertex 5.80248e-16 -0.541339 0.15748
      vertex 0.0428916 -0.490253 0.15748
    endloop
  endfacet
  facet normal 0 0 1
    outer loop
      vertex 5.80248e-16 -0.541339 0.15748
      vertex 0.0471808 -0.539279 0.15748
      vertex 0.0428916 -0.490253 0.15748
    endloop
  endfacet
  facet normal 0 0 1
    outer loop
      vertex 0.0428916 -0.490253 0.15748
      vertex 0.0471808 -0.539279 0.15748
      vertex 0.0854568 -0.484649 0.15748
    endloop
  endfacet
  facet normal 0 0 1
    outer loop
      vertex 0.0471808 -0.539279 0.15748
      vertex 0.0940025 -0.533114 0.15748
      vertex 0.0854568 -0.484649 0.15748
    endloop
  endfacet
  facet normal 0 0 1
    outer loop
      vertex 0.0854568 -0.484649 0.15748
      vertex 0.0940025 -0.533114 0.15748
      vertex 0.127372 -0.475357 0.15748
    endloop
  endfacet
  facet normal 0 0 1
    outer loop
      vertex 0.0940025 -0.533114 0.15748
      vertex 0.140109 -0.522893 0.15748
      vertex 0.127372 -0.475357 0.15748
    endloop
  endfacet
  facet normal 0 0 1
    outer loop
      vertex 0.127372 -0.475357 0.15748
      vertex 0.140109 -0.522893 0.15748
      vertex 0.168317 -0.462447 0.15748
    endloop
  endfacet
  facet normal 0 0 1
    outer loop
      vertex 0.140109 -0.522893 0.15748
      vertex 0.185149 -0.508692 0.15748
      vertex 0.168317 -0.462447 0.15748
    endloop
  endfacet
  facet normal 0 0 1
    outer loop
      vertex 0.168317 -0.462447 0.15748
      vertex 0.185149 -0.508692 0.15748
      vertex 0.207981 -0.446018 0.15748
    endloop
  endfacet
  facet normal 0 0 1
    outer loop
      vertex 0.185149 -0.508692 0.15748
      vertex 0.22878 -0.490619 0.15748
      vertex 0.207981 -0.446018 0.15748
    endloop
  endfacet
  facet normal 0 0 1
    outer loop
      vertex 0.207981 -0.446018 0.15748
      vertex 0.22878 -0.490619 0.15748
      vertex 0.246063 -0.426194 0.15748
    endloop
  endfacet
  facet normal 0 0 1
    outer loop
      vertex 0.22878 -0.490619 0.15748
      vertex 0.270669 -0.468813 0.15748
      vertex 0.246063 -0.426194 0.15748
    endloop
  endfacet
  facet normal 0 0 1
    outer loop
      vertex 0.246063 -0.426194 0.15748
      vertex 0.270669 -0.468813 0.15748
      vertex 0.282272 -0.403126 0.15748
    endloop
  endfacet
  facet normal 0 0 1
    outer loop
      vertex 0.270669 -0.468813 0.15748
      vertex 0.310499 -0.443439 0.15748
      vertex 0.282272 -0.403126 0.15748
    endloop
  endfacet
  facet normal 0 0 1
    outer loop
      vertex 0.282272 -0.403126 0.15748
      vertex 0.310499 -0.443439 0.15748
      vertex 0.316332 -0.37699 0.15748
    endloop
  endfacet
  facet normal 0 0 1
    outer loop
      vertex 0.310499 -0.443439 0.15748
      vertex 0.347966 -0.414689 0.15748
      vertex 0.316332 -0.37699 0.15748
    endloop
  endfacet
  facet normal 0 0 1
    outer loop
      vertex 0.316332 -0.37699 0.15748
      vertex 0.347966 -0.414689 0.15748
      vertex 0.347986 -0.347986 0.15748
    endloop
  endfacet
  facet normal 0 0 1
    outer loop
      vertex 0.347966 -0.414689 0.15748
      vertex 0.382784 -0.382784 0.15748
      vertex 0.347986 -0.347986 0.15748
    endloop
  endfacet
  facet normal 0 0 1
    outer loop
      vertex 0.347986 -0.347986 0.15748
      vertex 0.382784 -0.382784 0.15748
      vertex 0.37699 -0.316332 0.15748
    endloop
  endfacet
  facet normal 0 0 1
    outer loop
      vertex 0.382784 -0.382784 0.15748
      vertex 0.414689 -0.347966 0.15748
      vertex 0.37699 -0.316332 0.15748
    endloop
  endfacet
  facet normal 0 0 1
    outer loop
      vertex 0.37699 -0.316332 0.15748
      vertex 0.414689 -0.347966 0.15748
      vertex 0.403126 -0.282272 0.15748
    endloop
  endfacet
  facet normal 0 0 1
    outer loop
      vertex 0.414689 -0.347966 0.15748
      vertex 0.443439 -0.310499 0.15748
      vertex 0.403126 -0.282272 0.15748
    endloop
  endfacet
  facet normal 0 0 1
    outer loop
      vertex 0.403126 -0.282272 0.15748
      vertex 0.443439 -0.310499 0.15748
      vertex 0.426194 -0.246063 0.15748
    endloop
  endfacet
  facet normal 0 0 1
    outer loop
      vertex 0.443439 -0.310499 0.15748
      vertex 0.468813 -0.270669 0.15748
      vertex 0.426194 -0.246063 0.15748
    endloop
  endfacet
  facet normal 0 0 1
    outer loop
      vertex 0.426194 -0.246063 0.15748
      vertex 0.468813 -0.270669 0.15748
      vertex 0.446018 -0.207981 0.15748
    endloop
  endfacet
  facet normal 0 0 1
    outer loop
      vertex 0.468813 -0.270669 0.15748
      vertex 0.490619 -0.22878 0.15748
      vertex 0.446018 -0.207981 0.15748
    endloop
  endfacet
  facet normal 0 0 1
    outer loop
      vertex 0.446018 -0.207981 0.15748
      vertex 0.490619 -0.22878 0.15748
      vertex 0.462447 -0.168317 0.15748
    endloop
  endfacet
  facet normal 0 0 1
    outer loop
      vertex 0.490619 -0.22878 0.15748
      vertex 0.508692 -0.185149 0.15748
      vertex 0.462447 -0.168317 0.15748
    endloop
  endfacet
  facet normal 0 0 1
    outer loop
      vertex 0.462447 -0.168317 0.15748
      vertex 0.508692 -0.185149 0.15748
      vertex 0.475357 -0.127372 0.15748
    endloop
  endfacet
  facet normal 0 0 1
    outer loop
      vertex 0.508692 -0.185149 0.15748
      vertex 0.522893 -0.140109 0.15748
      vertex 0.475357 -0.127372 0.15748
    endloop
  endfacet
  facet normal 0 0 1
    outer loop
      vertex 0.475357 -0.127372 0.15748
      vertex 0.522893 -0.140109 0.15748
      vertex 0.484649 -0.0854568 0.15748
    endloop
  endfacet
  facet normal 0 0 1
    outer loop
      vertex 0.522893 -0.140109 0.15748
      vertex 0.533114 -0.0940025 0.15748
      vertex 0.484649 -0.0854568 0.15748
    endloop
  endfacet
  facet normal 0 0 1
    outer loop
      vertex 0.484649 -0.0854568 0.15748
      vertex 0.533114 -0.0940025 0.15748
      vertex 0.490253 -0.0428916 0.15748
    endloop
  endfacet
  facet normal 0 0 1
    outer loop
      vertex 0.533114 -0.0940025 0.15748
      vertex 0.539279 -0.0471808 0.15748
      vertex 0.490253 -0.0428916 0.15748
    endloop
  endfacet
  facet normal 0 0 1
    outer loop
      vertex 0.490253 -0.0428916 0.15748
      vertex 0.539279 -0.0471808 0.15748
      vertex 0.492126 -9.04021e-17 0.15748
    endloop
  endfacet
  facet normal 0 0 1
    outer loop
      vertex 0.539279 -0.0471808 0.15748
      vertex 0.541339 2.32032e-16 0.15748
      vertex 0.492126 -9.04021e-17 0.15748
    endloop
  endfacet
  facet normal 0 0 1
    outer loop
      vertex 0.492126 -9.04021e-17 0.15748
      vertex 0.541339 2.32032e-16 0.15748
      vertex 0.490253 0.0428916 0.15748
    endloop
  endfacet
  facet normal 0 0 1
    outer loop
      vertex 0.541339 2.32032e-16 0.15748
      vertex 0.539279 0.0471808 0.15748
      vertex 0.490253 0.0428916 0.15748
    endloop
  endfacet
  facet normal 0 0 1
    outer loop
      vertex 0.490253 0.0428916 0.15748
      vertex 0.539279 0.0471808 0.15748
      vertex 0.484649 0.0854568 0.15748
    endloop
  endfacet
  facet normal 0 0 1
    outer loop
      vertex 0.539279 0.0471808 0.15748
      vertex 0.533114 0.0940025 0.15748
      vertex 0.484649 0.0854568 0.15748
    endloop
  endfacet
  facet normal 0 0 1
    outer loop
      vertex 0.484649 0.0854568 0.15748
      vertex 0.533114 0.0940025 0.15748
      vertex 0.475357 0.127372 0.15748
    endloop
  endfacet
  facet normal 0 0 1
    outer loop
      vertex 0.533114 0.0940025 0.15748
      vertex 0.522893 0.140109 0.15748
      vertex 0.475357 0.127372 0.15748
    endloop
  endfacet
  facet normal 0 0 1
    outer loop
      vertex 0.475357 0.127372 0.15748
      vertex 0.522893 0.140109 0.15748
      vertex 0.462447 0.168317 0.15748
    endloop
  endfacet
  facet normal 0 0 1
    outer loop
      vertex 0.522893 0.140109 0.15748
      vertex 0.508692 0.185149 0.15748
      vertex 0.462447 0.168317 0.15748
    endloop
  endfacet
  facet normal 0 0 1
    outer loop
      vertex 0.462447 0.168317 0.15748
      vertex 0.508692 0.185149 0.15748
      vertex 0.446018 0.207981 0.15748
    endloop
  endfacet
  facet normal 0 0 1
    outer loop
      vertex 0.508692 0.185149 0.15748
      vertex 0.490619 0.22878 0.15748
      vertex 0.446018 0.207981 0.15748
    endloop
  endfacet
  facet normal 0 0 1
    outer loop
      vertex 0.446018 0.207981 0.15748
      vertex 0.490619 0.22878 0.15748
      vertex 0.426194 0.246063 0.15748
    endloop
  endfacet
  facet normal 0 0 1
    outer loop
      vertex 0.490619 0.22878 0.15748
      vertex 0.468813 0.270669 0.15748
      vertex 0.426194 0.246063 0.15748
    endloop
  endfacet
  facet normal 0 0 1
    outer loop
      vertex 0.426194 0.246063 0.15748
      vertex 0.468813 0.270669 0.15748
      vertex 0.403126 0.282272 0.15748
    endloop
  endfacet
  facet normal 0 0 1
    outer loop
      vertex 0.468813 0.270669 0.15748
      vertex 0.443439 0.310499 0.15748
      vertex 0.403126 0.282272 0.15748
    endloop
  endfacet
  facet normal 0.999048 -0.0436194 0
    outer loop
      vertex -0.23622 1.44643e-17 0.15748
      vertex -0.23622 1.44643e-17 -0.15748
      vertex -0.235322 0.020588 0.15748
    endloop
  endfacet
  facet normal 0.999048 -0.0436194 0
    outer loop
      vertex -0.23622 1.44643e-17 -0.15748
      vertex -0.235322 0.020588 -0.15748
      vertex -0.235322 0.020588 0.15748
    endloop
  endfacet
  facet normal 0.991445 -0.130526 0
    outer loop
      vertex -0.235322 0.020588 0.15748
      vertex -0.235322 0.020588 -0.15748
      vertex -0.232632 0.0410193 0.15748
    endloop
  endfacet
  facet normal 0.991445 -0.130526 0
    outer loop
      vertex -0.235322 0.020588 -0.15748
      vertex -0.232632 0.0410193 -0.15748
      vertex -0.232632 0.0410193 0.15748
    endloop
  endfacet
  facet normal 0.976296 -0.216439 0
    outer loop
      vertex -0.232632 0.0410193 0.15748
      vertex -0.232632 0.0410193 -0.15748
      vertex -0.228171 0.0611384 0.15748
    endloop
  endfacet
  facet normal 0.976296 -0.216439 0
    outer loop
      vertex -0.232632 0.0410193 -0.15748
      vertex -0.228171 0.0611384 -0.15748
      vertex -0.228171 0.0611384 0.15748
    endloop
  endfacet
  facet normal 0.953717 -0.300706 0
    outer loop
      vertex -0.228171 0.0611384 0.15748
      vertex -0.228171 0.0611384 -0.15748
      vertex -0.221975 0.0807922 0.15748
    endloop
  endfacet
  facet normal 0.953717 -0.300706 0
    outer loop
      vertex -0.228171 0.0611384 -0.15748
      vertex -0.221975 0.0807922 -0.15748
      vertex -0.221975 0.0807922 0.15748
    endloop
  endfacet
  facet normal 0.92388 -0.382683 0
    outer loop
      vertex -0.221975 0.0807922 0.15748
      vertex -0.221975 0.0807922 -0.15748
      vertex -0.214088 0.0998311 0.15748
    endloop
  endfacet
  facet normal 0.92388 -0.382683 0
    outer loop
      vertex -0.221975 0.0807922 -0.15748
      vertex -0.214088 0.0998311 -0.15748
      vertex -0.214088 0.0998311 0.15748
    endloop
  endfacet
  facet normal 0.887011 -0.461749 0
    outer loop
      vertex -0.214088 0.0998311 0.15748
      vertex -0.214088 0.0998311 -0.15748
      vertex -0.204573 0.11811 0.15748
    endloop
  endfacet
  facet normal 0.887011 -0.461749 0
    outer loop
      vertex -0.214088 0.0998311 -0.15748
      vertex -0.204573 0.11811 -0.15748
      vertex -0.204573 0.11811 0.15748
    endloop
  endfacet
  facet normal 0.843392 -0.537299 0
    outer loop
      vertex -0.204573 0.11811 0.15748
      vertex -0.204573 0.11811 -0.15748
      vertex -0.1935 0.13549 0.15748
    endloop
  endfacet
  facet normal 0.843392 -0.537299 0
    outer loop
      vertex -0.204573 0.11811 -0.15748
      vertex -0.1935 0.13549 -0.15748
      vertex -0.1935 0.13549 0.15748
    endloop
  endfacet
  facet normal 0.793353 -0.608762 0
    outer loop
      vertex -0.1935 0.13549 0.15748
      vertex -0.1935 0.13549 -0.15748
      vertex -0.180955 0.15184 0.15748
    endloop
  endfacet
  facet normal 0.793353 -0.608762 0
    outer loop
      vertex -0.1935 0.13549 -0.15748
      vertex -0.180955 0.15184 -0.15748
      vertex -0.180955 0.15184 0.15748
    endloop
  endfacet
  facet normal 0.737277 -0.675591 0
    outer loop
      vertex -0.180955 0.15184 0.15748
      vertex -0.180955 0.15184 -0.15748
      vertex -0.167033 0.167033 0.15748
    endloop
  endfacet
  facet normal 0.737277 -0.675591 0
    outer loop
      vertex -0.180955 0.15184 -0.15748
      vertex -0.167033 0.167033 -0.15748
      vertex -0.167033 0.167033 0.15748
    endloop
  endfacet
  facet normal 0.675591 -0.737277 0
    outer loop
      vertex -0.167033 0.167033 0.15748
      vertex -0.167033 0.167033 -0.15748
      vertex -0.15184 0.180955 0.15748
    endloop
  endfacet
  facet normal 0.675591 -0.737277 0
    outer loop
      vertex -0.167033 0.167033 -0.15748
      vertex -0.15184 0.180955 -0.15748
      vertex -0.15184 0.180955 0.15748
    endloop
  endfacet
  facet normal 0.608762 -0.793353 0
    outer loop
      vertex -0.15184 0.180955 0.15748
      vertex -0.15184 0.180955 -0.15748
      vertex -0.13549 0.1935 0.15748
    endloop
  endfacet
  facet normal 0.608762 -0.793353 0
    outer loop
      vertex -0.15184 0.180955 -0.15748
      vertex -0.13549 0.1935 -0.15748
      vertex -0.13549 0.1935 0.15748
    endloop
  endfacet
  facet normal 0.537299 -0.843392 0
    outer loop
      vertex -0.13549 0.1935 0.15748
      vertex -0.13549 0.1935 -0.15748
      vertex -0.11811 0.204573 0.15748
    endloop
  endfacet
  facet normal 0.537299 -0.843392 0
    outer loop
      vertex -0.13549 0.1935 -0.15748
      vertex -0.11811 0.204573 -0.15748
      vertex -0.11811 0.204573 0.15748
    endloop
  endfacet
  facet normal 0.461749 -0.887011 0
    outer loop
      vertex -0.11811 0.204573 0.15748
      vertex -0.11811 0.204573 -0.15748
      vertex -0.0998311 0.214088 0.15748
    endloop
  endfacet
  facet normal 0.461749 -0.887011 0
    outer loop
      vertex -0.11811 0.204573 -0.15748
      vertex -0.0998311 0.214088 -0.15748
      vertex -0.0998311 0.214088 0.15748
    endloop
  endfacet
  facet normal 0.382683 -0.92388 0
    outer loop
      vertex -0.0998311 0.214088 0.15748
      vertex -0.0998311 0.214088 -0.15748
      vertex -0.0807922 0.221975 0.15748
    endloop
  endfacet
  facet normal 0.382683 -0.92388 0
    outer loop
      vertex -0.0998311 0.214088 -0.15748
      vertex -0.0807922 0.221975 -0.15748
      vertex -0.0807922 0.221975 0.15748
    endloop
  endfacet
  facet normal 0.300706 -0.953717 0
    outer loop
      vertex -0.0807922 0.221975 0.15748
      vertex -0.0807922 0.221975 -0.15748
      vertex -0.0611384 0.228171 0.15748
    endloop
  endfacet
  facet normal 0.300706 -0.953717 0
    outer loop
      vertex -0.0807922 0.221975 -0.15748
      vertex -0.0611384 0.228171 -0.15748
      vertex -0.0611384 0.228171 0.15748
    endloop
  endfacet
  facet normal 0.216439 -0.976296 0
    outer loop
      vertex -0.0611384 0.228171 0.15748
      vertex -0.0611384 0.228171 -0.15748
      vertex -0.0410193 0.232632 0.15748
    endloop
  endfacet
  facet normal 0.216439 -0.976296 0
    outer loop
      vertex -0.0611384 0.228171 -0.15748
      vertex -0.0410193 0.232632 -0.15748
      vertex -0.0410193 0.232632 0.15748
    endloop
  endfacet
  facet normal 0.130526 -0.991445 0
    outer loop
      vertex -0.0410193 0.232632 0.15748
      vertex -0.0410193 0.232632 -0.15748
      vertex -0.020588 0.235322 0.15748
    endloop
  endfacet
  facet normal 0.130526 -0.991445 0
    outer loop
      vertex -0.0410193 0.232632 -0.15748
      vertex -0.020588 0.235322 -0.15748
      vertex -0.020588 0.235322 0.15748
    endloop
  endfacet
  facet normal 0.0436194 -0.999048 0
    outer loop
      vertex -0.020588 0.235322 0.15748
      vertex -0.020588 0.235322 -0.15748
      vertex -6.69158e-17 0.23622 0.15748
    endloop
  endfacet
  facet normal 0.0436194 -0.999048 0
    outer loop
      vertex -0.020588 0.235322 -0.15748
      vertex -6.69158e-17 0.23622 -0.15748
      vertex -6.69158e-17 0.23622 0.15748
    endloop
  endfacet
  facet normal -0.0436194 -0.999048 0
    outer loop
      vertex -6.69158e-17 0.23622 0.15748
      vertex -6.69158e-17 0.23622 -0.15748
      vertex 0.020588 0.235322 0.15748
    endloop
  endfacet
  facet normal -0.0436194 -0.999048 0
    outer loop
      vertex -6.69158e-17 0.23622 -0.15748
      vertex 0.020588 0.235322 -0.15748
      vertex 0.020588 0.235322 0.15748
    endloop
  endfacet
  facet normal -0.130526 -0.991445 0
    outer loop
      vertex 0.020588 0.235322 0.15748
      vertex 0.020588 0.235322 -0.15748
      vertex 0.0410193 0.232632 0.15748
    endloop
  endfacet
  facet normal -0.130526 -0.991445 0
    outer loop
      vertex 0.020588 0.235322 -0.15748
      vertex 0.0410193 0.232632 -0.15748
      vertex 0.0410193 0.232632 0.15748
    endloop
  endfacet
  facet normal -0.216439 -0.976296 0
    outer loop
      vertex 0.0410193 0.232632 0.15748
      vertex 0.0410193 0.232632 -0.15748
      vertex 0.0611384 0.228171 0.15748
    endloop
  endfacet
  facet normal -0.216439 -0.976296 0
    outer loop
      vertex 0.0410193 0.232632 -0.15748
      vertex 0.0611384 0.228171 -0.15748
      vertex 0.0611384 0.228171 0.15748
    endloop
  endfacet
  facet normal -0.300706 -0.953717 0
    outer loop
      vertex 0.0611384 0.228171 0.15748
      vertex 0.0611384 0.228171 -0.15748
      vertex 0.0807922 0.221975 0.15748
    endloop
  endfacet
  facet normal -0.300706 -0.953717 0
    outer loop
      vertex 0.0611384 0.228171 -0.15748
      vertex 0.0807922 0.221975 -0.15748
      vertex 0.0807922 0.221975 0.15748
    endloop
  endfacet
  facet normal -0.382683 -0.92388 0
    outer loop
      vertex 0.0807922 0.221975 0.15748
      vertex 0.0807922 0.221975 -0.15748
      vertex 0.0998311 0.214088 0.15748
    endloop
  endfacet
  facet normal -0.382683 -0.92388 0
    outer loop
      vertex 0.0807922 0.221975 -0.15748
      vertex 0.0998311 0.214088 -0.15748
      vertex 0.0998311 0.214088 0.15748
    endloop
  endfacet
  facet normal -0.461749 -0.887011 0
    outer loop
      vertex 0.0998311 0.214088 0.15748
      vertex 0.0998311 0.214088 -0.15748
      vertex 0.11811 0.204573 0.15748
    endloop
  endfacet
  facet normal -0.461749 -0.887011 0
    outer loop
      vertex 0.0998311 0.214088 -0.15748
      vertex 0.11811 0.204573 -0.15748
      vertex 0.11811 0.204573 0.15748
    endloop
  endfacet
  facet normal -0.537299 -0.843392 0
    outer loop
      vertex 0.11811 0.204573 0.15748
      vertex 0.11811 0.204573 -0.15748
      vertex 0.13549 0.1935 0.15748
    endloop
  endfacet
  facet normal -0.537299 -0.843392 0
    outer loop
      vertex 0.11811 0.204573 -0.15748
      vertex 0.13549 0.1935 -0.15748
      vertex 0.13549 0.1935 0.15748
    endloop
  endfacet
  facet normal -0.608762 -0.793353 0
    outer loop
      vertex 0.13549 0.1935 0.15748
      vertex 0.13549 0.1935 -0.15748
      vertex 0.15184 0.180955 0.15748
    endloop
  endfacet
  facet normal -0.608762 -0.793353 0
    outer loop
      vertex 0.13549 0.1935 -0.15748
      vertex 0.15184 0.180955 -0.15748
      vertex 0.15184 0.180955 0.15748
    endloop
  endfacet
  facet normal -0.675591 -0.737277 0
    outer loop
      vertex 0.15184 0.180955 0.15748
      vertex 0.15184 0.180955 -0.15748
      vertex 0.167033 0.167033 0.15748
    endloop
  endfacet
  facet normal -0.675591 -0.737277 0
    outer loop
      vertex 0.15184 0.180955 -0.15748
      vertex 0.167033 0.167033 -0.15748
      vertex 0.167033 0.167033 0.15748
    endloop
  endfacet
  facet normal -0.737277 -0.675591 0
    outer loop
      vertex 0.167033 0.167033 0.15748
      vertex 0.167033 0.167033 -0.15748
      vertex 0.180955 0.15184 0.15748
    endloop
  endfacet
  facet normal -0.737277 -0.675591 0
    outer loop
      vertex 0.167033 0.167033 -0.15748
      vertex 0.180955 0.15184 -0.15748
      vertex 0.180955 0.15184 0.15748
    endloop
  endfacet
  facet normal -0.793353 -0.608762 0
    outer loop
      vertex 0.180955 0.15184 0.15748
      vertex 0.180955 0.15184 -0.15748
      vertex 0.1935 0.13549 0.15748
    endloop
  endfacet
  facet normal -0.793353 -0.608762 0
    outer loop
      vertex 0.180955 0.15184 -0.15748
      vertex 0.1935 0.13549 -0.15748
      vertex 0.1935 0.13549 0.15748
    endloop
  endfacet
  facet normal -0.843392 -0.537299 0
    outer loop
      vertex 0.1935 0.13549 0.15748
      vertex 0.1935 0.13549 -0.15748
      vertex 0.204573 0.11811 0.15748
    endloop
  endfacet
  facet normal -0.843392 -0.537299 0
    outer loop
      vertex 0.1935 0.13549 -0.15748
      vertex 0.204573 0.11811 -0.15748
      vertex 0.204573 0.11811 0.15748
    endloop
  endfacet
  facet normal -0.887011 -0.461749 0
    outer loop
      vertex 0.204573 0.11811 0.15748
      vertex 0.204573 0.11811 -0.15748
      vertex 0.214088 0.0998311 0.15748
    endloop
  endfacet
  facet normal -0.887011 -0.461749 0
    outer loop
      vertex 0.204573 0.11811 -0.15748
      vertex 0.214088 0.0998311 -0.15748
      vertex 0.214088 0.0998311 0.15748
    endloop
  endfacet
  facet normal -0.92388 -0.382683 0
    outer loop
      vertex 0.214088 0.0998311 0.15748
      vertex 0.214088 0.0998311 -0.15748
      vertex 0.221975 0.0807922 0.15748
    endloop
  endfacet
  facet normal -0.92388 -0.382683 0
    outer loop
      vertex 0.214088 0.0998311 -0.15748
      vertex 0.221975 0.0807922 -0.15748
      vertex 0.221975 0.0807922 0.15748
    endloop
  endfacet
  facet normal -0.953717 -0.300706 0
    outer loop
      vertex 0.221975 0.0807922 0.15748
      vertex 0.221975 0.0807922 -0.15748
      vertex 0.228171 0.0611384 0.15748
    endloop
  endfacet
  facet normal -0.953717 -0.300706 0
    outer loop
      vertex 0.221975 0.0807922 -0.15748
      vertex 0.228171 0.0611384 -0.15748
      vertex 0.228171 0.0611384 0.15748
    endloop
  endfacet
  facet normal -0.976296 -0.216439 0
    outer loop
      vertex 0.228171 0.0611384 0.15748
      vertex 0.228171 0.0611384 -0.15748
      vertex 0.232632 0.0410193 0.15748
    endloop
  endfacet
  facet normal -0.976296 -0.216439 0
    outer loop
      vertex 0.228171 0.0611384 -0.15748
      vertex 0.232632 0.0410193 -0.15748
      vertex 0.232632 0.0410193 0.15748
    endloop
  endfacet
  facet normal -0.991445 -0.130526 0
    outer loop
      vertex 0.232632 0.0410193 0.15748
      vertex 0.232632 0.0410193 -0.15748
      vertex 0.235322 0.020588 0.15748
    endloop
  endfacet
  facet normal -0.991445 -0.130526 0
    outer loop
      vertex 0.232632 0.0410193 -0.15748
      vertex 0.235322 0.020588 -0.15748
      vertex 0.235322 0.020588 0.15748
    endloop
  endfacet
  facet normal -0.999048 -0.0436194 0
    outer loop
      vertex 0.235322 0.020588 0.15748
      vertex 0.235322 0.020588 -0.15748
      vertex 0.23622 4.3393e-17 0.15748
    endloop
  endfacet
  facet normal -0.999048 -0.0436194 -8.29657e-18
    outer loop
      vertex 0.235322 0.020588 -0.15748
      vertex 0.23622 1.0125e-16 -0.15748
      vertex 0.23622 4.3393e-17 0.15748
    endloop
  endfacet
  facet normal -0.999048 0.0436194 8.01276e-18
    outer loop
      vertex 0.23622 4.3393e-17 0.15748
      vertex 0.23622 1.0125e-16 -0.15748
      vertex 0.235322 -0.020588 0.15748
    endloop
  endfacet
  facet normal -0.999048 0.0436194 0
    outer loop
      vertex 0.23622 1.0125e-16 -0.15748
      vertex 0.235322 -0.020588 -0.15748
      vertex 0.235322 -0.020588 0.15748
    endloop
  endfacet
  facet normal -0.991445 0.130526 0
    outer loop
      vertex 0.235322 -0.020588 0.15748
      vertex 0.235322 -0.020588 -0.15748
      vertex 0.232632 -0.0410193 0.15748
    endloop
  endfacet
  facet normal -0.991445 0.130526 0
    outer loop
      vertex 0.235322 -0.020588 -0.15748
      vertex 0.232632 -0.0410193 -0.15748
      vertex 0.232632 -0.0410193 0.15748
    endloop
  endfacet
  facet normal -0.976296 0.216439 0
    outer loop
      vertex 0.232632 -0.0410193 0.15748
      vertex 0.232632 -0.0410193 -0.15748
      vertex 0.228171 -0.0611384 0.15748
    endloop
  endfacet
  facet normal -0.976296 0.216439 0
    outer loop
      vertex 0.232632 -0.0410193 -0.15748
      vertex 0.228171 -0.0611384 -0.15748
      vertex 0.228171 -0.0611384 0.15748
    endloop
  endfacet
  facet normal -0.953717 0.300706 0
    outer loop
      vertex 0.228171 -0.0611384 0.15748
      vertex 0.228171 -0.0611384 -0.15748
      vertex 0.221975 -0.0807922 0.15748
    endloop
  endfacet
  facet normal -0.953717 0.300706 0
    outer loop
      vertex 0.228171 -0.0611384 -0.15748
      vertex 0.221975 -0.0807922 -0.15748
      vertex 0.221975 -0.0807922 0.15748
    endloop
  endfacet
  facet normal -0.92388 0.382683 0
    outer loop
      vertex 0.221975 -0.0807922 0.15748
      vertex 0.221975 -0.0807922 -0.15748
      vertex 0.214088 -0.0998311 0.15748
    endloop
  endfacet
  facet normal -0.92388 0.382683 0
    outer loop
      vertex 0.221975 -0.0807922 -0.15748
      vertex 0.214088 -0.0998311 -0.15748
      vertex 0.214088 -0.0998311 0.15748
    endloop
  endfacet
  facet normal -0.887011 0.461749 0
    outer loop
      vertex 0.214088 -0.0998311 0.15748
      vertex 0.214088 -0.0998311 -0.15748
      vertex 0.204573 -0.11811 0.15748
    endloop
  endfacet
  facet normal -0.887011 0.461749 0
    outer loop
      vertex 0.214088 -0.0998311 -0.15748
      vertex 0.204573 -0.11811 -0.15748
      vertex 0.204573 -0.11811 0.15748
    endloop
  endfacet
  facet normal -0.843392 0.537299 0
    outer loop
      vertex 0.204573 -0.11811 0.15748
      vertex 0.204573 -0.11811 -0.15748
      vertex 0.1935 -0.13549 0.15748
    endloop
  endfacet
  facet normal -0.843392 0.537299 0
    outer loop
      vertex 0.204573 -0.11811 -0.15748
      vertex 0.1935 -0.13549 -0.15748
      vertex 0.1935 -0.13549 0.15748
    endloop
  endfacet
  facet normal -0.793353 0.608762 0
    outer loop
      vertex 0.1935 -0.13549 0.15748
      vertex 0.1935 -0.13549 -0.15748
      vertex 0.180955 -0.15184 0.15748
    endloop
  endfacet
  facet normal -0.793353 0.608762 0
    outer loop
      vertex 0.1935 -0.13549 -0.15748
      vertex 0.180955 -0.15184 -0.15748
      vertex 0.180955 -0.15184 0.15748
    endloop
  endfacet
  facet normal -0.737277 0.675591 0
    outer loop
      vertex 0.180955 -0.15184 0.15748
      vertex 0.180955 -0.15184 -0.15748
      vertex 0.167033 -0.167033 0.15748
    endloop
  endfacet
  facet normal -0.737277 0.675591 0
    outer loop
      vertex 0.180955 -0.15184 -0.15748
      vertex 0.167033 -0.167033 -0.15748
      vertex 0.167033 -0.167033 0.15748
    endloop
  endfacet
  facet normal -0.675591 0.737277 0
    outer loop
      vertex 0.167033 -0.167033 0.15748
      vertex 0.167033 -0.167033 -0.15748
      vertex 0.15184 -0.180955 0.15748
    endloop
  endfacet
  facet normal -0.675591 0.737277 0
    outer loop
      vertex 0.167033 -0.167033 -0.15748
      vertex 0.15184 -0.180955 -0.15748
      vertex 0.15184 -0.180955 0.15748
    endloop
  endfacet
  facet normal -0.608762 0.793353 0
    outer loop
      vertex 0.15184 -0.180955 0.15748
      vertex 0.15184 -0.180955 -0.15748
      vertex 0.13549 -0.1935 0.15748
    endloop
  endfacet
  facet normal -0.608762 0.793353 0
    outer loop
      vertex 0.15184 -0.180955 -0.15748
      vertex 0.13549 -0.1935 -0.15748
      vertex 0.13549 -0.1935 0.15748
    endloop
  endfacet
  facet normal -0.537299 0.843392 0
    outer loop
      vertex 0.13549 -0.1935 0.15748
      vertex 0.13549 -0.1935 -0.15748
      vertex 0.11811 -0.204573 0.15748
    endloop
  endfacet
  facet normal -0.537299 0.843392 0
    outer loop
      vertex 0.13549 -0.1935 -0.15748
      vertex 0.11811 -0.204573 -0.15748
      vertex 0.11811 -0.204573 0.15748
    endloop
  endfacet
  facet normal -0.461749 0.887011 0
    outer loop
      vertex 0.11811 -0.204573 0.15748
      vertex 0.11811 -0.204573 -0.15748
      vertex 0.0998311 -0.214088 0.15748
    endloop
  endfacet
  facet normal -0.461749 0.887011 0
    outer loop
      vertex 0.11811 -0.204573 -0.15748
      vertex 0.0998311 -0.214088 -0.15748
      vertex 0.0998311 -0.214088 0.15748
    endloop
  endfacet
  facet normal -0.382683 0.92388 0
    outer loop
      vertex 0.0998311 -0.214088 0.15748
      vertex 0.0998311 -0.214088 -0.15748
      vertex 0.0807922 -0.221975 0.15748
    endloop
  endfacet
  facet normal -0.382683 0.92388 0
    outer loop
      vertex 0.0998311 -0.214088 -0.15748
      vertex 0.0807922 -0.221975 -0.15748
      vertex 0.0807922 -0.221975 0.15748
    endloop
  endfacet
  facet normal -0.300706 0.953717 0
    outer loop
      vertex 0.0807922 -0.221975 0.15748
      vertex 0.0807922 -0.221975 -0.15748
      vertex 0.0611384 -0.228171 0.15748
    endloop
  endfacet
  facet normal -0.300706 0.953717 0
    outer loop
      vertex 0.0807922 -0.221975 -0.15748
      vertex 0.0611384 -0.228171 -0.15748
      vertex 0.0611384 -0.228171 0.15748
    endloop
  endfacet
  facet normal -0.216439 0.976296 0
    outer loop
      vertex 0.0611384 -0.228171 0.15748
      vertex 0.0611384 -0.228171 -0.15748
      vertex 0.0410193 -0.232632 0.15748
    endloop
  endfacet
  facet normal -0.216439 0.976296 0
    outer loop
      vertex 0.0611384 -0.228171 -0.15748
      vertex 0.0410193 -0.232632 -0.15748
      vertex 0.0410193 -0.232632 0.15748
    endloop
  endfacet
  facet normal -0.130526 0.991445 0
    outer loop
      vertex 0.0410193 -0.232632 0.15748
      vertex 0.0410193 -0.232632 -0.15748
      vertex 0.020588 -0.235322 0.15748
    endloop
  endfacet
  facet normal -0.130526 0.991445 0
    outer loop
      vertex 0.0410193 -0.232632 -0.15748
      vertex 0.020588 -0.235322 -0.15748
      vertex 0.020588 -0.235322 0.15748
    endloop
  endfacet
  facet normal -0.0436194 0.999048 0
    outer loop
      vertex 0.020588 -0.235322 0.15748
      vertex 0.020588 -0.235322 -0.15748
      vertex 2.53199e-16 -0.23622 0.15748
    endloop
  endfacet
  facet normal -0.0436194 0.999048 0
    outer loop
      vertex 0.020588 -0.235322 -0.15748
      vertex 2.53199e-16 -0.23622 -0.15748
      vertex 2.53199e-16 -0.23622 0.15748
    endloop
  endfacet
  facet normal 0.0436194 0.999048 0
    outer loop
      vertex 2.53199e-16 -0.23622 0.15748
      vertex 2.53199e-16 -0.23622 -0.15748
      vertex -0.020588 -0.235322 0.15748
    endloop
  endfacet
  facet normal 0.0436194 0.999048 0
    outer loop
      vertex 2.53199e-16 -0.23622 -0.15748
      vertex -0.020588 -0.235322 -0.15748
      vertex -0.020588 -0.235322 0.15748
    endloop
  endfacet
  facet normal 0.130526 0.991445 0
    outer loop
      vertex -0.020588 -0.235322 0.15748
      vertex -0.020588 -0.235322 -0.15748
      vertex -0.0410193 -0.232632 0.15748
    endloop
  endfacet
  facet normal 0.130526 0.991445 0
    outer loop
      vertex -0.020588 -0.235322 -0.15748
      vertex -0.0410193 -0.232632 -0.15748
      vertex -0.0410193 -0.232632 0.15748
    endloop
  endfacet
  facet normal 0.216439 0.976296 0
    outer loop
      vertex -0.0410193 -0.232632 0.15748
      vertex -0.0410193 -0.232632 -0.15748
      vertex -0.0611384 -0.228171 0.15748
    endloop
  endfacet
  facet normal 0.216439 0.976296 0
    outer loop
      vertex -0.0410193 -0.232632 -0.15748
      vertex -0.0611384 -0.228171 -0.15748
      vertex -0.0611384 -0.228171 0.15748
    endloop
  endfacet
  facet normal 0.300706 0.953717 0
    outer loop
      vertex -0.0611384 -0.228171 0.15748
      vertex -0.0611384 -0.228171 -0.15748
      vertex -0.0807922 -0.221975 0.15748
    endloop
  endfacet
  facet normal 0.300706 0.953717 0
    outer loop
      vertex -0.0611384 -0.228171 -0.15748
      vertex -0.0807922 -0.221975 -0.15748
      vertex -0.0807922 -0.221975 0.15748
    endloop
  endfacet
  facet normal 0.382683 0.92388 0
    outer loop
      vertex -0.0807922 -0.221975 0.15748
      vertex -0.0807922 -0.221975 -0.15748
      vertex -0.0998311 -0.214088 0.15748
    endloop
  endfacet
  facet normal 0.382683 0.92388 0
    outer loop
      vertex -0.0807922 -0.221975 -0.15748
      vertex -0.0998311 -0.214088 -0.15748
      vertex -0.0998311 -0.214088 0.15748
    endloop
  endfacet
  facet normal 0.461749 0.887011 0
    outer loop
      vertex -0.0998311 -0.214088 0.15748
      vertex -0.0998311 -0.214088 -0.15748
      vertex -0.11811 -0.204573 0.15748
    endloop
  endfacet
  facet normal 0.461749 0.887011 0
    outer loop
      vertex -0.0998311 -0.214088 -0.15748
      vertex -0.11811 -0.204573 -0.15748
      vertex -0.11811 -0.204573 0.15748
    endloop
  endfacet
  facet normal 0.537299 0.843392 0
    outer loop
      vertex -0.11811 -0.204573 0.15748
      vertex -0.11811 -0.204573 -0.15748
      vertex -0.13549 -0.1935 0.15748
    endloop
  endfacet
  facet normal 0.537299 0.843392 0
    outer loop
      vertex -0.11811 -0.204573 -0.15748
      vertex -0.13549 -0.1935 -0.15748
      vertex -0.13549 -0.1935 0.15748
    endloop
  endfacet
  facet normal 0.608762 0.793353 0
    outer loop
      vertex -0.13549 -0.1935 0.15748
      vertex -0.13549 -0.1935 -0.15748
      vertex -0.15184 -0.180955 0.15748
    endloop
  endfacet
  facet normal 0.608762 0.793353 0
    outer loop
      vertex -0.13549 -0.1935 -0.15748
      vertex -0.15184 -0.180955 -0.15748
      vertex -0.15184 -0.180955 0.15748
    endloop
  endfacet
  facet normal 0.675591 0.737277 0
    outer loop
      vertex -0.15184 -0.180955 0.15748
      vertex -0.15184 -0.180955 -0.15748
      vertex -0.167033 -0.167033 0.15748
    endloop
  endfacet
  facet normal 0.675591 0.737277 0
    outer loop
      vertex -0.15184 -0.180955 -0.15748
      vertex -0.167033 -0.167033 -0.15748
      vertex -0.167033 -0.167033 0.15748
    endloop
  endfacet
  facet normal 0.737277 0.675591 0
    outer loop
      vertex -0.167033 -0.167033 0.15748
      vertex -0.167033 -0.167033 -0.15748
      vertex -0.180955 -0.15184 0.15748
    endloop
  endfacet
  facet normal 0.737277 0.675591 0
    outer loop
      vertex -0.167033 -0.167033 -0.15748
      vertex -0.180955 -0.15184 -0.15748
      vertex -0.180955 -0.15184 0.15748
    endloop
  endfacet
  facet normal 0.793353 0.608762 0
    outer loop
      vertex -0.180955 -0.15184 0.15748
      vertex -0.180955 -0.15184 -0.15748
      vertex -0.1935 -0.13549 0.15748
    endloop
  endfacet
  facet normal 0.793353 0.608762 0
    outer loop
      vertex -0.180955 -0.15184 -0.15748
      vertex -0.1935 -0.13549 -0.15748
      vertex -0.1935 -0.13549 0.15748
    endloop
  endfacet
  facet normal 0.843392 0.537299 0
    outer loop
      vertex -0.1935 -0.13549 0.15748
      vertex -0.1935 -0.13549 -0.15748
      vertex -0.204573 -0.11811 0.15748
    endloop
  endfacet
  facet normal 0.843392 0.537299 0
    outer loop
      vertex -0.1935 -0.13549 -0.15748
      vertex -0.204573 -0.11811 -0.15748
      vertex -0.204573 -0.11811 0.15748
    endloop
  endfacet
  facet normal 0.887011 0.461749 0
    outer loop
      vertex -0.204573 -0.11811 0.15748
      vertex -0.204573 -0.11811 -0.15748
      vertex -0.214088 -0.0998311 0.15748
    endloop
  endfacet
  facet normal 0.887011 0.461749 0
    outer loop
      vertex -0.204573 -0.11811 -0.15748
      vertex -0.214088 -0.0998311 -0.15748
      vertex -0.214088 -0.0998311 0.15748
    endloop
  endfacet
  facet normal 0.92388 0.382683 0
    outer loop
      vertex -0.214088 -0.0998311 0.15748
      vertex -0.214088 -0.0998311 -0.15748
      vertex -0.221975 -0.0807922 0.15748
    endloop
  endfacet
  facet normal 0.92388 0.382683 0
    outer loop
      vertex -0.214088 -0.0998311 -0.15748
      vertex -0.221975 -0.0807922 -0.15748
      vertex -0.221975 -0.0807922 0.15748
    endloop
  endfacet
  facet normal 0.953717 0.300706 0
    outer loop
      vertex -0.221975 -0.0807922 0.15748
      vertex -0.221975 -0.0807922 -0.15748
      vertex -0.228171 -0.0611384 0.15748
    endloop
  endfacet
  facet normal 0.953717 0.300706 0
    outer loop
      vertex -0.221975 -0.0807922 -0.15748
      vertex -0.228171 -0.0611384 -0.15748
      vertex -0.228171 -0.0611384 0.15748
    endloop
  endfacet
  facet normal 0.976296 0.216439 0
    outer loop
      vertex -0.228171 -0.0611384 0.15748
      vertex -0.228171 -0.0611384 -0.15748
      vertex -0.232632 -0.0410193 0.15748
    endloop
  endfacet
  facet normal 0.976296 0.216439 0
    outer loop
      vertex -0.228171 -0.0611384 -0.15748
      vertex -0.232632 -0.0410193 -0.15748
      vertex -0.232632 -0.0410193 0.15748
    endloop
  endfacet
  facet normal 0.991445 0.130526 0
    outer loop
      vertex -0.232632 -0.0410193 0.15748
      vertex -0.232632 -0.0410193 -0.15748
      vertex -0.235322 -0.020588 0.15748
    endloop
  endfacet
  facet normal 0.991445 0.130526 0
    outer loop
      vertex -0.232632 -0.0410193 -0.15748
      vertex -0.235322 -0.020588 -0.15748
      vertex -0.235322 -0.020588 0.15748
    endloop
  endfacet
  facet normal 0.999048 0.0436194 0
    outer loop
      vertex -0.235322 -0.020588 0.15748
      vertex -0.235322 -0.020588 -0.15748
      vertex -0.23622 1.44643e-17 0.15748
    endloop
  endfacet
  facet normal 0.999048 0.0436194 0
    outer loop
      vertex -0.235322 -0.020588 -0.15748
      vertex -0.23622 1.44643e-17 -0.15748
      vertex -0.23622 1.44643e-17 0.15748
    endloop
  endfacet
  facet normal -0.999048 -0.0436195 -6.67731e-17
    outer loop
      vertex 0.492126 3.0134e-17 0.0787402
      vertex 0.492126 -9.04021e-17 0.15748
      vertex 0.490253 0.0428916 0.0787402
    endloop
  endfacet
  facet normal -0.999048 -0.0436195 0
    outer loop
      vertex 0.492126 -9.04021e-17 0.15748
      vertex 0.490253 0.0428916 0.15748
      vertex 0.490253 0.0428916 0.0787402
    endloop
  endfacet
  facet normal -0.991445 -0.130526 0
    outer loop
      vertex 0.490253 0.0428916 0.0787402
      vertex 0.490253 0.0428916 0.15748
      vertex 0.484649 0.0854568 0.0787402
    endloop
  endfacet
  facet normal -0.991445 -0.130526 0
    outer loop
      vertex 0.490253 0.0428916 0.15748
      vertex 0.484649 0.0854568 0.15748
      vertex 0.484649 0.0854568 0.0787402
    endloop
  endfacet
  facet normal -0.976296 -0.21644 0
    outer loop
      vertex 0.484649 0.0854568 0.0787402
      vertex 0.484649 0.0854568 0.15748
      vertex 0.475357 0.127372 0.0787402
    endloop
  endfacet
  facet normal -0.976296 -0.21644 0
    outer loop
      vertex 0.484649 0.0854568 0.15748
      vertex 0.475357 0.127372 0.15748
      vertex 0.475357 0.127372 0.0787402
    endloop
  endfacet
  facet normal -0.953717 -0.300706 0
    outer loop
      vertex 0.475357 0.127372 0.0787402
      vertex 0.475357 0.127372 0.15748
      vertex 0.462447 0.168317 0.0787402
    endloop
  endfacet
  facet normal -0.953717 -0.300706 0
    outer loop
      vertex 0.475357 0.127372 0.15748
      vertex 0.462447 0.168317 0.15748
      vertex 0.462447 0.168317 0.0787402
    endloop
  endfacet
  facet normal -0.923879 -0.382684 0
    outer loop
      vertex 0.462447 0.168317 0.0787402
      vertex 0.462447 0.168317 0.15748
      vertex 0.446018 0.207981 0.0787402
    endloop
  endfacet
  facet normal -0.923879 -0.382684 0
    outer loop
      vertex 0.462447 0.168317 0.15748
      vertex 0.446018 0.207981 0.15748
      vertex 0.446018 0.207981 0.0787402
    endloop
  endfacet
  facet normal -0.887011 -0.461749 0
    outer loop
      vertex 0.446018 0.207981 0.0787402
      vertex 0.446018 0.207981 0.15748
      vertex 0.426194 0.246063 0.0787402
    endloop
  endfacet
  facet normal -0.887011 -0.461749 0
    outer loop
      vertex 0.446018 0.207981 0.15748
      vertex 0.426194 0.246063 0.15748
      vertex 0.426194 0.246063 0.0787402
    endloop
  endfacet
  facet normal -0.843392 -0.537299 0
    outer loop
      vertex 0.426194 0.246063 0.0787402
      vertex 0.426194 0.246063 0.15748
      vertex 0.403126 0.282272 0.0787402
    endloop
  endfacet
  facet normal -0.843392 -0.537299 0
    outer loop
      vertex 0.426194 0.246063 0.15748
      vertex 0.403126 0.282272 0.15748
      vertex 0.403126 0.282272 0.0787402
    endloop
  endfacet
  facet normal -0.793353 -0.608762 0
    outer loop
      vertex 0.403126 0.282272 0.0787402
      vertex 0.403126 0.282272 0.15748
      vertex 0.37699 0.316332 0.0787402
    endloop
  endfacet
  facet normal -0.793353 -0.608762 0
    outer loop
      vertex 0.403126 0.282272 0.15748
      vertex 0.37699 0.316332 0.15748
      vertex 0.37699 0.316332 0.0787402
    endloop
  endfacet
  facet normal -0.737278 -0.675589 0
    outer loop
      vertex 0.37699 0.316332 0.0787402
      vertex 0.37699 0.316332 0.15748
      vertex 0.347986 0.347986 0.0787402
    endloop
  endfacet
  facet normal -0.737278 -0.675589 0
    outer loop
      vertex 0.37699 0.316332 0.15748
      vertex 0.347986 0.347986 0.15748
      vertex 0.347986 0.347986 0.0787402
    endloop
  endfacet
  facet normal -0.675589 -0.737278 0
    outer loop
      vertex 0.347986 0.347986 0.0787402
      vertex 0.347986 0.347986 0.15748
      vertex 0.316332 0.37699 0.0787402
    endloop
  endfacet
  facet normal -0.675589 -0.737278 0
    outer loop
      vertex 0.347986 0.347986 0.15748
      vertex 0.316332 0.37699 0.15748
      vertex 0.316332 0.37699 0.0787402
    endloop
  endfacet
  facet normal -0.608762 -0.793353 0
    outer loop
      vertex 0.316332 0.37699 0.0787402
      vertex 0.316332 0.37699 0.15748
      vertex 0.282272 0.403126 0.0787402
    endloop
  endfacet
  facet normal -0.608762 -0.793353 0
    outer loop
      vertex 0.316332 0.37699 0.15748
      vertex 0.282272 0.403126 0.15748
      vertex 0.282272 0.403126 0.0787402
    endloop
  endfacet
  facet normal -0.537299 -0.843392 0
    outer loop
      vertex 0.282272 0.403126 0.0787402
      vertex 0.282272 0.403126 0.15748
      vertex 0.246063 0.426194 0.0787402
    endloop
  endfacet
  facet normal -0.537299 -0.843392 0
    outer loop
      vertex 0.282272 0.403126 0.15748
      vertex 0.246063 0.426194 0.15748
      vertex 0.246063 0.426194 0.0787402
    endloop
  endfacet
  facet normal -0.461749 -0.887011 0
    outer loop
      vertex 0.246063 0.426194 0.0787402
      vertex 0.246063 0.426194 0.15748
      vertex 0.207981 0.446018 0.0787402
    endloop
  endfacet
  facet normal -0.461749 -0.887011 0
    outer loop
      vertex 0.246063 0.426194 0.15748
      vertex 0.207981 0.446018 0.15748
      vertex 0.207981 0.446018 0.0787402
    endloop
  endfacet
  facet normal -0.382684 -0.923879 0
    outer loop
      vertex 0.207981 0.446018 0.0787402
      vertex 0.207981 0.446018 0.15748
      vertex 0.168317 0.462447 0.0787402
    endloop
  endfacet
  facet normal -0.382684 -0.923879 0
    outer loop
      vertex 0.207981 0.446018 0.15748
      vertex 0.168317 0.462447 0.15748
      vertex 0.168317 0.462447 0.0787402
    endloop
  endfacet
  facet normal -0.300706 -0.953717 0
    outer loop
      vertex 0.168317 0.462447 0.0787402
      vertex 0.168317 0.462447 0.15748
      vertex 0.127372 0.475357 0.0787402
    endloop
  endfacet
  facet normal -0.300706 -0.953717 0
    outer loop
      vertex 0.168317 0.462447 0.15748
      vertex 0.127372 0.475357 0.15748
      vertex 0.127372 0.475357 0.0787402
    endloop
  endfacet
  facet normal -0.21644 -0.976296 0
    outer loop
      vertex 0.127372 0.475357 0.0787402
      vertex 0.127372 0.475357 0.15748
      vertex 0.0854568 0.484649 0.0787402
    endloop
  endfacet
  facet normal -0.21644 -0.976296 0
    outer loop
      vertex 0.127372 0.475357 0.15748
      vertex 0.0854568 0.484649 0.15748
      vertex 0.0854568 0.484649 0.0787402
    endloop
  endfacet
  facet normal -0.130526 -0.991445 0
    outer loop
      vertex 0.0854568 0.484649 0.0787402
      vertex 0.0854568 0.484649 0.15748
      vertex 0.0428916 0.490253 0.0787402
    endloop
  endfacet
  facet normal -0.130526 -0.991445 0
    outer loop
      vertex 0.0854568 0.484649 0.15748
      vertex 0.0428916 0.490253 0.15748
      vertex 0.0428916 0.490253 0.0787402
    endloop
  endfacet
  facet normal -0.0436195 -0.999048 0
    outer loop
      vertex 0.0428916 0.490253 0.0787402
      vertex 0.0428916 0.490253 0.15748
      vertex 1.39408e-16 0.492126 0.0787402
    endloop
  endfacet
  facet normal -0.0436195 -0.999048 0
    outer loop
      vertex 0.0428916 0.490253 0.15748
      vertex 1.39408e-16 0.492126 0.15748
      vertex 1.39408e-16 0.492126 0.0787402
    endloop
  endfacet
  facet normal 0.0436195 -0.999048 0
    outer loop
      vertex 1.39408e-16 0.492126 0.0787402
      vertex 1.39408e-16 0.492126 0.15748
      vertex -0.0428916 0.490253 0.0787402
    endloop
  endfacet
  facet normal 0.0436195 -0.999048 0
    outer loop
      vertex 1.39408e-16 0.492126 0.15748
      vertex -0.0428916 0.490253 0.15748
      vertex -0.0428916 0.490253 0.0787402
    endloop
  endfacet
  facet normal 0.130526 -0.991445 0
    outer loop
      vertex -0.0428916 0.490253 0.0787402
      vertex -0.0428916 0.490253 0.15748
      vertex -0.0854568 0.484649 0.0787402
    endloop
  endfacet
  facet normal 0.130526 -0.991445 0
    outer loop
      vertex -0.0428916 0.490253 0.15748
      vertex -0.0854568 0.484649 0.15748
      vertex -0.0854568 0.484649 0.0787402
    endloop
  endfacet
  facet normal 0.21644 -0.976296 0
    outer loop
      vertex -0.0854568 0.484649 0.0787402
      vertex -0.0854568 0.484649 0.15748
      vertex -0.127372 0.475357 0.0787402
    endloop
  endfacet
  facet normal 0.21644 -0.976296 0
    outer loop
      vertex -0.0854568 0.484649 0.15748
      vertex -0.127372 0.475357 0.15748
      vertex -0.127372 0.475357 0.0787402
    endloop
  endfacet
  facet normal 0.300706 -0.953717 0
    outer loop
      vertex -0.127372 0.475357 0.0787402
      vertex -0.127372 0.475357 0.15748
      vertex -0.168317 0.462447 0.0787402
    endloop
  endfacet
  facet normal 0.300706 -0.953717 0
    outer loop
      vertex -0.127372 0.475357 0.15748
      vertex -0.168317 0.462447 0.15748
      vertex -0.168317 0.462447 0.0787402
    endloop
  endfacet
  facet normal 0.382684 -0.923879 0
    outer loop
      vertex -0.168317 0.462447 0.0787402
      vertex -0.168317 0.462447 0.15748
      vertex -0.207981 0.446018 0.0787402
    endloop
  endfacet
  facet normal 0.382684 -0.923879 0
    outer loop
      vertex -0.168317 0.462447 0.15748
      vertex -0.207981 0.446018 0.15748
      vertex -0.207981 0.446018 0.0787402
    endloop
  endfacet
  facet normal 0.461749 -0.887011 0
    outer loop
      vertex -0.207981 0.446018 0.0787402
      vertex -0.207981 0.446018 0.15748
      vertex -0.246063 0.426194 0.0787402
    endloop
  endfacet
  facet normal 0.461749 -0.887011 0
    outer loop
      vertex -0.207981 0.446018 0.15748
      vertex -0.246063 0.426194 0.15748
      vertex -0.246063 0.426194 0.0787402
    endloop
  endfacet
  facet normal 0.537299 -0.843392 0
    outer loop
      vertex -0.246063 0.426194 0.0787402
      vertex -0.246063 0.426194 0.15748
      vertex -0.282272 0.403126 0.0787402
    endloop
  endfacet
  facet normal 0.537299 -0.843392 0
    outer loop
      vertex -0.246063 0.426194 0.15748
      vertex -0.282272 0.403126 0.15748
      vertex -0.282272 0.403126 0.0787402
    endloop
  endfacet
  facet normal 0.608762 -0.793353 0
    outer loop
      vertex -0.282272 0.403126 0.0787402
      vertex -0.282272 0.403126 0.15748
      vertex -0.316332 0.37699 0.0787402
    endloop
  endfacet
  facet normal 0.608762 -0.793353 0
    outer loop
      vertex -0.282272 0.403126 0.15748
      vertex -0.316332 0.37699 0.15748
      vertex -0.316332 0.37699 0.0787402
    endloop
  endfacet
  facet normal 0.675589 -0.737278 0
    outer loop
      vertex -0.316332 0.37699 0.0787402
      vertex -0.316332 0.37699 0.15748
      vertex -0.347986 0.347986 0.0787402
    endloop
  endfacet
  facet normal 0.675589 -0.737278 0
    outer loop
      vertex -0.316332 0.37699 0.15748
      vertex -0.347986 0.347986 0.15748
      vertex -0.347986 0.347986 0.0787402
    endloop
  endfacet
  facet normal 0.737278 -0.675589 0
    outer loop
      vertex -0.347986 0.347986 0.0787402
      vertex -0.347986 0.347986 0.15748
      vertex -0.37699 0.316332 0.0787402
    endloop
  endfacet
  facet normal 0.737278 -0.675589 0
    outer loop
      vertex -0.347986 0.347986 0.15748
      vertex -0.37699 0.316332 0.15748
      vertex -0.37699 0.316332 0.0787402
    endloop
  endfacet
  facet normal 0.793353 -0.608762 0
    outer loop
      vertex -0.37699 0.316332 0.0787402
      vertex -0.37699 0.316332 0.15748
      vertex -0.403126 0.282272 0.0787402
    endloop
  endfacet
  facet normal 0.793353 -0.608762 0
    outer loop
      vertex -0.37699 0.316332 0.15748
      vertex -0.403126 0.282272 0.15748
      vertex -0.403126 0.282272 0.0787402
    endloop
  endfacet
  facet normal 0.843392 -0.537299 0
    outer loop
      vertex -0.403126 0.282272 0.0787402
      vertex -0.403126 0.282272 0.15748
      vertex -0.426194 0.246063 0.0787402
    endloop
  endfacet
  facet normal 0.843392 -0.537299 0
    outer loop
      vertex -0.403126 0.282272 0.15748
      vertex -0.426194 0.246063 0.15748
      vertex -0.426194 0.246063 0.0787402
    endloop
  endfacet
  facet normal 0.887011 -0.461749 0
    outer loop
      vertex -0.426194 0.246063 0.0787402
      vertex -0.426194 0.246063 0.15748
      vertex -0.446018 0.207981 0.0787402
    endloop
  endfacet
  facet normal 0.887011 -0.461749 0
    outer loop
      vertex -0.426194 0.246063 0.15748
      vertex -0.446018 0.207981 0.15748
      vertex -0.446018 0.207981 0.0787402
    endloop
  endfacet
  facet normal 0.923879 -0.382684 0
    outer loop
      vertex -0.446018 0.207981 0.0787402
      vertex -0.446018 0.207981 0.15748
      vertex -0.462447 0.168317 0.0787402
    endloop
  endfacet
  facet normal 0.923879 -0.382684 0
    outer loop
      vertex -0.446018 0.207981 0.15748
      vertex -0.462447 0.168317 0.15748
      vertex -0.462447 0.168317 0.0787402
    endloop
  endfacet
  facet normal 0.953717 -0.300706 0
    outer loop
      vertex -0.462447 0.168317 0.0787402
      vertex -0.462447 0.168317 0.15748
      vertex -0.475357 0.127372 0.0787402
    endloop
  endfacet
  facet normal 0.953717 -0.300706 0
    outer loop
      vertex -0.462447 0.168317 0.15748
      vertex -0.475357 0.127372 0.15748
      vertex -0.475357 0.127372 0.0787402
    endloop
  endfacet
  facet normal 0.976296 -0.21644 0
    outer loop
      vertex -0.475357 0.127372 0.0787402
      vertex -0.475357 0.127372 0.15748
      vertex -0.484649 0.0854568 0.0787402
    endloop
  endfacet
  facet normal 0.976296 -0.21644 0
    outer loop
      vertex -0.475357 0.127372 0.15748
      vertex -0.484649 0.0854568 0.15748
      vertex -0.484649 0.0854568 0.0787402
    endloop
  endfacet
  facet normal 0.991445 -0.130526 0
    outer loop
      vertex -0.484649 0.0854568 0.0787402
      vertex -0.484649 0.0854568 0.15748
      vertex -0.490253 0.0428916 0.0787402
    endloop
  endfacet
  facet normal 0.991445 -0.130526 0
    outer loop
      vertex -0.484649 0.0854568 0.15748
      vertex -0.490253 0.0428916 0.15748
      vertex -0.490253 0.0428916 0.0787402
    endloop
  endfacet
  facet normal 0.999048 -0.0436195 0
    outer loop
      vertex -0.490253 0.0428916 0.0787402
      vertex -0.490253 0.0428916 0.15748
      vertex -0.492126 3.0895e-16 0.0787402
    endloop
  endfacet
  facet normal 0.999048 -0.0436195 0
    outer loop
      vertex -0.490253 0.0428916 0.15748
      vertex -0.492126 3.0895e-16 0.15748
      vertex -0.492126 3.0895e-16 0.0787402
    endloop
  endfacet
  facet normal 0.999048 0.0436195 0
    outer loop
      vertex -0.492126 3.0895e-16 0.0787402
      vertex -0.492126 3.0895e-16 0.15748
      vertex -0.490253 -0.0428916 0.0787402
    endloop
  endfacet
  facet normal 0.999048 0.0436195 0
    outer loop
      vertex -0.492126 3.0895e-16 0.15748
      vertex -0.490253 -0.0428916 0.15748
      vertex -0.490253 -0.0428916 0.0787402
    endloop
  endfacet
  facet normal 0.991445 0.130526 0
    outer loop
      vertex -0.490253 -0.0428916 0.0787402
      vertex -0.490253 -0.0428916 0.15748
      vertex -0.484649 -0.0854568 0.0787402
    endloop
  endfacet
  facet normal 0.991445 0.130526 0
    outer loop
      vertex -0.490253 -0.0428916 0.15748
      vertex -0.484649 -0.0854568 0.15748
      vertex -0.484649 -0.0854568 0.0787402
    endloop
  endfacet
  facet normal 0.976296 0.21644 0
    outer loop
      vertex -0.484649 -0.0854568 0.0787402
      vertex -0.484649 -0.0854568 0.15748
      vertex -0.475357 -0.127372 0.0787402
    endloop
  endfacet
  facet normal 0.976296 0.21644 0
    outer loop
      vertex -0.484649 -0.0854568 0.15748
      vertex -0.475357 -0.127372 0.15748
      vertex -0.475357 -0.127372 0.0787402
    endloop
  endfacet
  facet normal 0.953717 0.300706 0
    outer loop
      vertex -0.475357 -0.127372 0.0787402
      vertex -0.475357 -0.127372 0.15748
      vertex -0.462447 -0.168317 0.0787402
    endloop
  endfacet
  facet normal 0.953717 0.300706 0
    outer loop
      vertex -0.475357 -0.127372 0.15748
      vertex -0.462447 -0.168317 0.15748
      vertex -0.462447 -0.168317 0.0787402
    endloop
  endfacet
  facet normal 0.923879 0.382684 0
    outer loop
      vertex -0.462447 -0.168317 0.0787402
      vertex -0.462447 -0.168317 0.15748
      vertex -0.446018 -0.207981 0.0787402
    endloop
  endfacet
  facet normal 0.923879 0.382684 0
    outer loop
      vertex -0.462447 -0.168317 0.15748
      vertex -0.446018 -0.207981 0.15748
      vertex -0.446018 -0.207981 0.0787402
    endloop
  endfacet
  facet normal 0.887011 0.461749 0
    outer loop
      vertex -0.446018 -0.207981 0.0787402
      vertex -0.446018 -0.207981 0.15748
      vertex -0.426194 -0.246063 0.0787402
    endloop
  endfacet
  facet normal 0.887011 0.461749 0
    outer loop
      vertex -0.446018 -0.207981 0.15748
      vertex -0.426194 -0.246063 0.15748
      vertex -0.426194 -0.246063 0.0787402
    endloop
  endfacet
  facet normal 0.843392 0.537299 0
    outer loop
      vertex -0.426194 -0.246063 0.0787402
      vertex -0.426194 -0.246063 0.15748
      vertex -0.403126 -0.282272 0.0787402
    endloop
  endfacet
  facet normal 0.843392 0.537299 0
    outer loop
      vertex -0.426194 -0.246063 0.15748
      vertex -0.403126 -0.282272 0.15748
      vertex -0.403126 -0.282272 0.0787402
    endloop
  endfacet
  facet normal 0.793353 0.608762 0
    outer loop
      vertex -0.403126 -0.282272 0.0787402
      vertex -0.403126 -0.282272 0.15748
      vertex -0.37699 -0.316332 0.0787402
    endloop
  endfacet
  facet normal 0.793353 0.608762 0
    outer loop
      vertex -0.403126 -0.282272 0.15748
      vertex -0.37699 -0.316332 0.15748
      vertex -0.37699 -0.316332 0.0787402
    endloop
  endfacet
  facet normal 0.737278 0.675589 0
    outer loop
      vertex -0.37699 -0.316332 0.0787402
      vertex -0.37699 -0.316332 0.15748
      vertex -0.347986 -0.347986 0.0787402
    endloop
  endfacet
  facet normal 0.737278 0.675589 0
    outer loop
      vertex -0.37699 -0.316332 0.15748
      vertex -0.347986 -0.347986 0.15748
      vertex -0.347986 -0.347986 0.0787402
    endloop
  endfacet
  facet normal 0.675589 0.737278 0
    outer loop
      vertex -0.347986 -0.347986 0.0787402
      vertex -0.347986 -0.347986 0.15748
      vertex -0.316332 -0.37699 0.0787402
    endloop
  endfacet
  facet normal 0.675589 0.737278 0
    outer loop
      vertex -0.347986 -0.347986 0.15748
      vertex -0.316332 -0.37699 0.15748
      vertex -0.316332 -0.37699 0.0787402
    endloop
  endfacet
  facet normal 0.608762 0.793353 0
    outer loop
      vertex -0.316332 -0.37699 0.0787402
      vertex -0.316332 -0.37699 0.15748
      vertex -0.282272 -0.403126 0.0787402
    endloop
  endfacet
  facet normal 0.608762 0.793353 0
    outer loop
      vertex -0.316332 -0.37699 0.15748
      vertex -0.282272 -0.403126 0.15748
      vertex -0.282272 -0.403126 0.0787402
    endloop
  endfacet
  facet normal 0.537299 0.843392 0
    outer loop
      vertex -0.282272 -0.403126 0.0787402
      vertex -0.282272 -0.403126 0.15748
      vertex -0.246063 -0.426194 0.0787402
    endloop
  endfacet
  facet normal 0.537299 0.843392 0
    outer loop
      vertex -0.282272 -0.403126 0.15748
      vertex -0.246063 -0.426194 0.15748
      vertex -0.246063 -0.426194 0.0787402
    endloop
  endfacet
  facet normal 0.461749 0.887011 0
    outer loop
      vertex -0.246063 -0.426194 0.0787402
      vertex -0.246063 -0.426194 0.15748
      vertex -0.207981 -0.446018 0.0787402
    endloop
  endfacet
  facet normal 0.461749 0.887011 0
    outer loop
      vertex -0.246063 -0.426194 0.15748
      vertex -0.207981 -0.446018 0.15748
      vertex -0.207981 -0.446018 0.0787402
    endloop
  endfacet
  facet normal 0.382684 0.923879 0
    outer loop
      vertex -0.207981 -0.446018 0.0787402
      vertex -0.207981 -0.446018 0.15748
      vertex -0.168317 -0.462447 0.0787402
    endloop
  endfacet
  facet normal 0.382684 0.923879 0
    outer loop
      vertex -0.207981 -0.446018 0.15748
      vertex -0.168317 -0.462447 0.15748
      vertex -0.168317 -0.462447 0.0787402
    endloop
  endfacet
  facet normal 0.300706 0.953717 0
    outer loop
      vertex -0.168317 -0.462447 0.0787402
      vertex -0.168317 -0.462447 0.15748
      vertex -0.127372 -0.475357 0.0787402
    endloop
  endfacet
  facet normal 0.300706 0.953717 0
    outer loop
      vertex -0.168317 -0.462447 0.15748
      vertex -0.127372 -0.475357 0.15748
      vertex -0.127372 -0.475357 0.0787402
    endloop
  endfacet
  facet normal 0.21644 0.976296 0
    outer loop
      vertex -0.127372 -0.475357 0.0787402
      vertex -0.127372 -0.475357 0.15748
      vertex -0.0854568 -0.484649 0.0787402
    endloop
  endfacet
  facet normal 0.21644 0.976296 0
    outer loop
      vertex -0.127372 -0.475357 0.15748
      vertex -0.0854568 -0.484649 0.15748
      vertex -0.0854568 -0.484649 0.0787402
    endloop
  endfacet
  facet normal 0.130526 0.991445 0
    outer loop
      vertex -0.0854568 -0.484649 0.0787402
      vertex -0.0854568 -0.484649 0.15748
      vertex -0.0428916 -0.490253 0.0787402
    endloop
  endfacet
  facet normal 0.130526 0.991445 0
    outer loop
      vertex -0.0854568 -0.484649 0.15748
      vertex -0.0428916 -0.490253 0.15748
      vertex -0.0428916 -0.490253 0.0787402
    endloop
  endfacet
  facet normal 0.0436195 0.999048 0
    outer loop
      vertex -0.0428916 -0.490253 0.0787402
      vertex -0.0428916 -0.490253 0.15748
      vertex -5.27498e-16 -0.492126 0.0787402
    endloop
  endfacet
  facet normal 0.0436195 0.999048 0
    outer loop
      vertex -0.0428916 -0.490253 0.15748
      vertex -5.27498e-16 -0.492126 0.15748
      vertex -5.27498e-16 -0.492126 0.0787402
    endloop
  endfacet
  facet normal -0.0436195 0.999048 0
    outer loop
      vertex -5.27498e-16 -0.492126 0.0787402
      vertex -5.27498e-16 -0.492126 0.15748
      vertex 0.0428916 -0.490253 0.0787402
    endloop
  endfacet
  facet normal -0.0436195 0.999048 0
    outer loop
      vertex -5.27498e-16 -0.492126 0.15748
      vertex 0.0428916 -0.490253 0.15748
      vertex 0.0428916 -0.490253 0.0787402
    endloop
  endfacet
  facet normal -0.130526 0.991445 0
    outer loop
      vertex 0.0428916 -0.490253 0.0787402
      vertex 0.0428916 -0.490253 0.15748
      vertex 0.0854568 -0.484649 0.0787402
    endloop
  endfacet
  facet normal -0.130526 0.991445 0
    outer loop
      vertex 0.0428916 -0.490253 0.15748
      vertex 0.0854568 -0.484649 0.15748
      vertex 0.0854568 -0.484649 0.0787402
    endloop
  endfacet
  facet normal -0.21644 0.976296 0
    outer loop
      vertex 0.0854568 -0.484649 0.0787402
      vertex 0.0854568 -0.484649 0.15748
      vertex 0.127372 -0.475357 0.0787402
    endloop
  endfacet
  facet normal -0.21644 0.976296 0
    outer loop
      vertex 0.0854568 -0.484649 0.15748
      vertex 0.127372 -0.475357 0.15748
      vertex 0.127372 -0.475357 0.0787402
    endloop
  endfacet
  facet normal -0.300706 0.953717 0
    outer loop
      vertex 0.127372 -0.475357 0.0787402
      vertex 0.127372 -0.475357 0.15748
      vertex 0.168317 -0.462447 0.0787402
    endloop
  endfacet
  facet normal -0.300706 0.953717 0
    outer loop
      vertex 0.127372 -0.475357 0.15748
      vertex 0.168317 -0.462447 0.15748
      vertex 0.168317 -0.462447 0.0787402
    endloop
  endfacet
  facet normal -0.382684 0.923879 0
    outer loop
      vertex 0.168317 -0.462447 0.0787402
      vertex 0.168317 -0.462447 0.15748
      vertex 0.207981 -0.446018 0.0787402
    endloop
  endfacet
  facet normal -0.382684 0.923879 0
    outer loop
      vertex 0.168317 -0.462447 0.15748
      vertex 0.207981 -0.446018 0.15748
      vertex 0.207981 -0.446018 0.0787402
    endloop
  endfacet
  facet normal -0.461749 0.887011 0
    outer loop
      vertex 0.207981 -0.446018 0.0787402
      vertex 0.207981 -0.446018 0.15748
      vertex 0.246063 -0.426194 0.0787402
    endloop
  endfacet
  facet normal -0.461749 0.887011 0
    outer loop
      vertex 0.207981 -0.446018 0.15748
      vertex 0.246063 -0.426194 0.15748
      vertex 0.246063 -0.426194 0.0787402
    endloop
  endfacet
  facet normal -0.537299 0.843392 0
    outer loop
      vertex 0.246063 -0.426194 0.0787402
      vertex 0.246063 -0.426194 0.15748
      vertex 0.282272 -0.403126 0.0787402
    endloop
  endfacet
  facet normal -0.537299 0.843392 0
    outer loop
      vertex 0.246063 -0.426194 0.15748
      vertex 0.282272 -0.403126 0.15748
      vertex 0.282272 -0.403126 0.0787402
    endloop
  endfacet
  facet normal -0.608762 0.793353 0
    outer loop
      vertex 0.282272 -0.403126 0.0787402
      vertex 0.282272 -0.403126 0.15748
      vertex 0.316332 -0.37699 0.0787402
    endloop
  endfacet
  facet normal -0.608762 0.793353 0
    outer loop
      vertex 0.282272 -0.403126 0.15748
      vertex 0.316332 -0.37699 0.15748
      vertex 0.316332 -0.37699 0.0787402
    endloop
  endfacet
  facet normal -0.675589 0.737278 0
    outer loop
      vertex 0.316332 -0.37699 0.0787402
      vertex 0.316332 -0.37699 0.15748
      vertex 0.347986 -0.347986 0.0787402
    endloop
  endfacet
  facet normal -0.675589 0.737278 0
    outer loop
      vertex 0.316332 -0.37699 0.15748
      vertex 0.347986 -0.347986 0.15748
      vertex 0.347986 -0.347986 0.0787402
    endloop
  endfacet
  facet normal -0.737278 0.675589 0
    outer loop
      vertex 0.347986 -0.347986 0.0787402
      vertex 0.347986 -0.347986 0.15748
      vertex 0.37699 -0.316332 0.0787402
    endloop
  endfacet
  facet normal -0.737278 0.675589 0
    outer loop
      vertex 0.347986 -0.347986 0.15748
      vertex 0.37699 -0.316332 0.15748
      vertex 0.37699 -0.316332 0.0787402
    endloop
  endfacet
  facet normal -0.793353 0.608762 0
    outer loop
      vertex 0.37699 -0.316332 0.0787402
      vertex 0.37699 -0.316332 0.15748
      vertex 0.403126 -0.282272 0.0787402
    endloop
  endfacet
  facet normal -0.793353 0.608762 0
    outer loop
      vertex 0.37699 -0.316332 0.15748
      vertex 0.403126 -0.282272 0.15748
      vertex 0.403126 -0.282272 0.0787402
    endloop
  endfacet
  facet normal -0.843392 0.537299 0
    outer loop
      vertex 0.403126 -0.282272 0.0787402
      vertex 0.403126 -0.282272 0.15748
      vertex 0.426194 -0.246063 0.0787402
    endloop
  endfacet
  facet normal -0.843392 0.537299 0
    outer loop
      vertex 0.403126 -0.282272 0.15748
      vertex 0.426194 -0.246063 0.15748
      vertex 0.426194 -0.246063 0.0787402
    endloop
  endfacet
  facet normal -0.887011 0.461749 0
    outer loop
      vertex 0.426194 -0.246063 0.0787402
      vertex 0.426194 -0.246063 0.15748
      vertex 0.446018 -0.207981 0.0787402
    endloop
  endfacet
  facet normal -0.887011 0.461749 0
    outer loop
      vertex 0.426194 -0.246063 0.15748
      vertex 0.446018 -0.207981 0.15748
      vertex 0.446018 -0.207981 0.0787402
    endloop
  endfacet
  facet normal -0.923879 0.382684 0
    outer loop
      vertex 0.446018 -0.207981 0.0787402
      vertex 0.446018 -0.207981 0.15748
      vertex 0.462447 -0.168317 0.0787402
    endloop
  endfacet
  facet normal -0.923879 0.382684 0
    outer loop
      vertex 0.446018 -0.207981 0.15748
      vertex 0.462447 -0.168317 0.15748
      vertex 0.462447 -0.168317 0.0787402
    endloop
  endfacet
  facet normal -0.953717 0.300706 0
    outer loop
      vertex 0.462447 -0.168317 0.0787402
      vertex 0.462447 -0.168317 0.15748
      vertex 0.475357 -0.127372 0.0787402
    endloop
  endfacet
  facet normal -0.953717 0.300706 0
    outer loop
      vertex 0.462447 -0.168317 0.15748
      vertex 0.475357 -0.127372 0.15748
      vertex 0.475357 -0.127372 0.0787402
    endloop
  endfacet
  facet normal -0.976296 0.21644 0
    outer loop
      vertex 0.475357 -0.127372 0.0787402
      vertex 0.475357 -0.127372 0.15748
      vertex 0.484649 -0.0854568 0.0787402
    endloop
  endfacet
  facet normal -0.976296 0.21644 0
    outer loop
      vertex 0.475357 -0.127372 0.15748
      vertex 0.484649 -0.0854568 0.15748
      vertex 0.484649 -0.0854568 0.0787402
    endloop
  endfacet
  facet normal -0.991445 0.130526 0
    outer loop
      vertex 0.484649 -0.0854568 0.0787402
      vertex 0.484649 -0.0854568 0.15748
      vertex 0.490253 -0.0428916 0.0787402
    endloop
  endfacet
  facet normal -0.991445 0.130526 0
    outer loop
      vertex 0.484649 -0.0854568 0.15748
      vertex 0.490253 -0.0428916 0.15748
      vertex 0.490253 -0.0428916 0.0787402
    endloop
  endfacet
  facet normal -0.999048 0.0436195 0
    outer loop
      vertex 0.490253 -0.0428916 0.0787402
      vertex 0.490253 -0.0428916 0.15748
      vertex 0.492126 3.0134e-17 0.0787402
    endloop
  endfacet
  facet normal -0.999048 0.0436195 6.9786e-17
    outer loop
      vertex 0.490253 -0.0428916 0.15748
      vertex 0.492126 -9.04021e-17 0.15748
      vertex 0.492126 3.0134e-17 0.0787402
    endloop
  endfacet
  facet normal 0 0 -1
    outer loop
      vertex -0.403126 0.282272 -0.15748
      vertex -0.443439 0.310499 -0.15748
      vertex -0.37699 0.316332 -0.15748
    endloop
  endfacet
  facet normal 0 0 -1
    outer loop
      vertex -0.443439 0.310499 -0.15748
      vertex -0.414689 0.347966 -0.15748
      vertex -0.37699 0.316332 -0.15748
    endloop
  endfacet
  facet normal 0 0 -1
    outer loop
      vertex -0.37699 0.316332 -0.15748
      vertex -0.414689 0.347966 -0.15748
      vertex -0.347986 0.347986 -0.15748
    endloop
  endfacet
  facet normal 0 0 -1
    outer loop
      vertex -0.414689 0.347966 -0.15748
      vertex -0.382784 0.382784 -0.15748
      vertex -0.347986 0.347986 -0.15748
    endloop
  endfacet
  facet normal 0 0 -1
    outer loop
      vertex -0.347986 0.347986 -0.15748
      vertex -0.382784 0.382784 -0.15748
      vertex -0.316332 0.37699 -0.15748
    endloop
  endfacet
  facet normal 0 0 -1
    outer loop
      vertex -0.382784 0.382784 -0.15748
      vertex -0.347966 0.414689 -0.15748
      vertex -0.316332 0.37699 -0.15748
    endloop
  endfacet
  facet normal 0 0 -1
    outer loop
      vertex -0.316332 0.37699 -0.15748
      vertex -0.347966 0.414689 -0.15748
      vertex -0.282272 0.403126 -0.15748
    endloop
  endfacet
  facet normal 0 0 -1
    outer loop
      vertex -0.347966 0.414689 -0.15748
      vertex -0.310499 0.443439 -0.15748
      vertex -0.282272 0.403126 -0.15748
    endloop
  endfacet
  facet normal 0 0 -1
    outer loop
      vertex -0.282272 0.403126 -0.15748
      vertex -0.310499 0.443439 -0.15748
      vertex -0.246063 0.426194 -0.15748
    endloop
  endfacet
  facet normal 0 0 -1
    outer loop
      vertex -0.310499 0.443439 -0.15748
      vertex -0.270669 0.468813 -0.15748
      vertex -0.246063 0.426194 -0.15748
    endloop
  endfacet
  facet normal 0 0 -1
    outer loop
      vertex -0.246063 0.426194 -0.15748
      vertex -0.270669 0.468813 -0.15748
      vertex -0.207981 0.446018 -0.15748
    endloop
  endfacet
  facet normal 0 0 -1
    outer loop
      vertex -0.270669 0.468813 -0.15748
      vertex -0.22878 0.490619 -0.15748
      vertex -0.207981 0.446018 -0.15748
    endloop
  endfacet
  facet normal 0 0 -1
    outer loop
      vertex -0.207981 0.446018 -0.15748
      vertex -0.22878 0.490619 -0.15748
      vertex -0.168317 0.462447 -0.15748
    endloop
  endfacet
  facet normal 0 0 -1
    outer loop
      vertex -0.22878 0.490619 -0.15748
      vertex -0.185149 0.508692 -0.15748
      vertex -0.168317 0.462447 -0.15748
    endloop
  endfacet
  facet normal 0 0 -1
    outer loop
      vertex -0.168317 0.462447 -0.15748
      vertex -0.185149 0.508692 -0.15748
      vertex -0.127372 0.475357 -0.15748
    endloop
  endfacet
  facet normal 0 0 -1
    outer loop
      vertex -0.185149 0.508692 -0.15748
      vertex -0.140109 0.522893 -0.15748
      vertex -0.127372 0.475357 -0.15748
    endloop
  endfacet
  facet normal 0 0 -1
    outer loop
      vertex -0.127372 0.475357 -0.15748
      vertex -0.140109 0.522893 -0.15748
      vertex -0.0854568 0.484649 -0.15748
    endloop
  endfacet
  facet normal 0 0 -1
    outer loop
      vertex -0.140109 0.522893 -0.15748
      vertex -0.0940025 0.533114 -0.15748
      vertex -0.0854568 0.484649 -0.15748
    endloop
  endfacet
  facet normal 0 0 -1
    outer loop
      vertex -0.0854568 0.484649 -0.15748
      vertex -0.0940025 0.533114 -0.15748
      vertex -0.0428916 0.490253 -0.15748
    endloop
  endfacet
  facet normal 0 0 -1
    outer loop
      vertex -0.0940025 0.533114 -0.15748
      vertex -0.0471808 0.539279 -0.15748
      vertex -0.0428916 0.490253 -0.15748
    endloop
  endfacet
  facet normal 0 0 -1
    outer loop
      vertex -0.0428916 0.490253 -0.15748
      vertex -0.0471808 0.539279 -0.15748
      vertex -1.39408e-16 0.492126 -0.15748
    endloop
  endfacet
  facet normal 0 0 -1
    outer loop
      vertex -0.0471808 0.539279 -0.15748
      vertex -1.53349e-16 0.541339 -0.15748
      vertex -1.39408e-16 0.492126 -0.15748
    endloop
  endfacet
  facet normal 0 0 -1
    outer loop
      vertex -1.39408e-16 0.492126 -0.15748
      vertex -1.53349e-16 0.541339 -0.15748
      vertex 0.0428916 0.490253 -0.15748
    endloop
  endfacet
  facet normal 0 0 -1
    outer loop
      vertex -1.53349e-16 0.541339 -0.15748
      vertex 0.0471808 0.539279 -0.15748
      vertex 0.0428916 0.490253 -0.15748
    endloop
  endfacet
  facet normal 0 0 -1
    outer loop
      vertex 0.0428916 0.490253 -0.15748
      vertex 0.0471808 0.539279 -0.15748
      vertex 0.0854568 0.484649 -0.15748
    endloop
  endfacet
  facet normal 0 0 -1
    outer loop
      vertex 0.0471808 0.539279 -0.15748
      vertex 0.0940025 0.533114 -0.15748
      vertex 0.0854568 0.484649 -0.15748
    endloop
  endfacet
  facet normal 0 0 -1
    outer loop
      vertex 0.0854568 0.484649 -0.15748
      vertex 0.0940025 0.533114 -0.15748
      vertex 0.127372 0.475357 -0.15748
    endloop
  endfacet
  facet normal 0 0 -1
    outer loop
      vertex 0.0940025 0.533114 -0.15748
      vertex 0.140109 0.522893 -0.15748
      vertex 0.127372 0.475357 -0.15748
    endloop
  endfacet
  facet normal 0 0 -1
    outer loop
      vertex 0.127372 0.475357 -0.15748
      vertex 0.140109 0.522893 -0.15748
      vertex 0.168317 0.462447 -0.15748
    endloop
  endfacet
  facet normal 0 0 -1
    outer loop
      vertex 0.140109 0.522893 -0.15748
      vertex 0.185149 0.508692 -0.15748
      vertex 0.168317 0.462447 -0.15748
    endloop
  endfacet
  facet normal 0 0 -1
    outer loop
      vertex 0.168317 0.462447 -0.15748
      vertex 0.185149 0.508692 -0.15748
      vertex 0.207981 0.446018 -0.15748
    endloop
  endfacet
  facet normal 0 0 -1
    outer loop
      vertex 0.185149 0.508692 -0.15748
      vertex 0.22878 0.490619 -0.15748
      vertex 0.207981 0.446018 -0.15748
    endloop
  endfacet
  facet normal 0 0 -1
    outer loop
      vertex 0.207981 0.446018 -0.15748
      vertex 0.22878 0.490619 -0.15748
      vertex 0.246063 0.426194 -0.15748
    endloop
  endfacet
  facet normal 0 0 -1
    outer loop
      vertex 0.22878 0.490619 -0.15748
      vertex 0.270669 0.468813 -0.15748
      vertex 0.246063 0.426194 -0.15748
    endloop
  endfacet
  facet normal 0 0 -1
    outer loop
      vertex 0.246063 0.426194 -0.15748
      vertex 0.270669 0.468813 -0.15748
      vertex 0.282272 0.403126 -0.15748
    endloop
  endfacet
  facet normal 0 0 -1
    outer loop
      vertex 0.270669 0.468813 -0.15748
      vertex 0.310499 0.443439 -0.15748
      vertex 0.282272 0.403126 -0.15748
    endloop
  endfacet
  facet normal 0 0 -1
    outer loop
      vertex 0.282272 0.403126 -0.15748
      vertex 0.310499 0.443439 -0.15748
      vertex 0.316332 0.37699 -0.15748
    endloop
  endfacet
  facet normal 0 0 -1
    outer loop
      vertex 0.310499 0.443439 -0.15748
      vertex 0.347966 0.414689 -0.15748
      vertex 0.316332 0.37699 -0.15748
    endloop
  endfacet
  facet normal 0 0 -1
    outer loop
      vertex 0.316332 0.37699 -0.15748
      vertex 0.347966 0.414689 -0.15748
      vertex 0.347986 0.347986 -0.15748
    endloop
  endfacet
  facet normal 0 0 -1
    outer loop
      vertex 0.347966 0.414689 -0.15748
      vertex 0.382784 0.382784 -0.15748
      vertex 0.347986 0.347986 -0.15748
    endloop
  endfacet
  facet normal 0 0 -1
    outer loop
      vertex 0.347986 0.347986 -0.15748
      vertex 0.382784 0.382784 -0.15748
      vertex 0.37699 0.316332 -0.15748
    endloop
  endfacet
  facet normal 0 0 -1
    outer loop
      vertex 0.382784 0.382784 -0.15748
      vertex 0.414689 0.347966 -0.15748
      vertex 0.37699 0.316332 -0.15748
    endloop
  endfacet
  facet normal 0 0 -1
    outer loop
      vertex 0.37699 0.316332 -0.15748
      vertex 0.414689 0.347966 -0.15748
      vertex 0.403126 0.282272 -0.15748
    endloop
  endfacet
  facet normal 0 0 -1
    outer loop
      vertex 0.414689 0.347966 -0.15748
      vertex 0.443439 0.310499 -0.15748
      vertex 0.403126 0.282272 -0.15748
    endloop
  endfacet
  facet normal 0 0 -1
    outer loop
      vertex 0.403126 0.282272 -0.15748
      vertex 0.443439 0.310499 -0.15748
      vertex 0.426194 0.246063 -0.15748
    endloop
  endfacet
  facet normal 0 0 -1
    outer loop
      vertex 0.443439 0.310499 -0.15748
      vertex 0.468813 0.270669 -0.15748
      vertex 0.426194 0.246063 -0.15748
    endloop
  endfacet
  facet normal 0 0 -1
    outer loop
      vertex 0.426194 0.246063 -0.15748
      vertex 0.468813 0.270669 -0.15748
      vertex 0.446018 0.207981 -0.15748
    endloop
  endfacet
  facet normal 0 0 -1
    outer loop
      vertex 0.468813 0.270669 -0.15748
      vertex 0.490619 0.22878 -0.15748
      vertex 0.446018 0.207981 -0.15748
    endloop
  endfacet
  facet normal 0 0 -1
    outer loop
      vertex 0.446018 0.207981 -0.15748
      vertex 0.490619 0.22878 -0.15748
      vertex 0.462447 0.168317 -0.15748
    endloop
  endfacet
  facet normal 0 0 -1
    outer loop
      vertex 0.490619 0.22878 -0.15748
      vertex 0.508692 0.185149 -0.15748
      vertex 0.462447 0.168317 -0.15748
    endloop
  endfacet
  facet normal 0 0 -1
    outer loop
      vertex 0.462447 0.168317 -0.15748
      vertex 0.508692 0.185149 -0.15748
      vertex 0.475357 0.127372 -0.15748
    endloop
  endfacet
  facet normal 0 0 -1
    outer loop
      vertex 0.508692 0.185149 -0.15748
      vertex 0.522893 0.140109 -0.15748
      vertex 0.475357 0.127372 -0.15748
    endloop
  endfacet
  facet normal 0 0 -1
    outer loop
      vertex 0.475357 0.127372 -0.15748
      vertex 0.522893 0.140109 -0.15748
      vertex 0.484649 0.0854568 -0.15748
    endloop
  endfacet
  facet normal 0 0 -1
    outer loop
      vertex 0.522893 0.140109 -0.15748
      vertex 0.533114 0.0940025 -0.15748
      vertex 0.484649 0.0854568 -0.15748
    endloop
  endfacet
  facet normal 0 0 -1
    outer loop
      vertex 0.484649 0.0854568 -0.15748
      vertex 0.533114 0.0940025 -0.15748
      vertex 0.490253 0.0428916 -0.15748
    endloop
  endfacet
  facet normal 0 0 -1
    outer loop
      vertex 0.533114 0.0940025 -0.15748
      vertex 0.539279 0.0471808 -0.15748
      vertex 0.490253 0.0428916 -0.15748
    endloop
  endfacet
  facet normal 0 0 -1
    outer loop
      vertex 0.490253 0.0428916 -0.15748
      vertex 0.539279 0.0471808 -0.15748
      vertex 0.492126 2.10938e-16 -0.15748
    endloop
  endfacet
  facet normal 0 0 -1
    outer loop
      vertex 0.539279 0.0471808 -0.15748
      vertex 0.541339 9.94423e-17 -0.15748
      vertex 0.492126 2.10938e-16 -0.15748
    endloop
  endfacet
  facet normal 0 0 -1
    outer loop
      vertex 0.492126 2.10938e-16 -0.15748
      vertex 0.541339 9.94423e-17 -0.15748
      vertex 0.490253 -0.0428916 -0.15748
    endloop
  endfacet
  facet normal 0 0 -1
    outer loop
      vertex 0.541339 9.94423e-17 -0.15748
      vertex 0.539279 -0.0471808 -0.15748
      vertex 0.490253 -0.0428916 -0.15748
    endloop
  endfacet
  facet normal 0 0 -1
    outer loop
      vertex 0.490253 -0.0428916 -0.15748
      vertex 0.539279 -0.0471808 -0.15748
      vertex 0.484649 -0.0854568 -0.15748
    endloop
  endfacet
  facet normal 0 0 -1
    outer loop
      vertex 0.539279 -0.0471808 -0.15748
      vertex 0.533114 -0.0940025 -0.15748
      vertex 0.484649 -0.0854568 -0.15748
    endloop
  endfacet
  facet normal 0 0 -1
    outer loop
      vertex 0.484649 -0.0854568 -0.15748
      vertex 0.533114 -0.0940025 -0.15748
      vertex 0.475357 -0.127372 -0.15748
    endloop
  endfacet
  facet normal 0 0 -1
    outer loop
      vertex 0.533114 -0.0940025 -0.15748
      vertex 0.522893 -0.140109 -0.15748
      vertex 0.475357 -0.127372 -0.15748
    endloop
  endfacet
  facet normal 0 0 -1
    outer loop
      vertex 0.475357 -0.127372 -0.15748
      vertex 0.522893 -0.140109 -0.15748
      vertex 0.462447 -0.168317 -0.15748
    endloop
  endfacet
  facet normal 0 0 -1
    outer loop
      vertex 0.522893 -0.140109 -0.15748
      vertex 0.508692 -0.185149 -0.15748
      vertex 0.462447 -0.168317 -0.15748
    endloop
  endfacet
  facet normal 0 0 -1
    outer loop
      vertex 0.462447 -0.168317 -0.15748
      vertex 0.508692 -0.185149 -0.15748
      vertex 0.446018 -0.207981 -0.15748
    endloop
  endfacet
  facet normal 0 0 -1
    outer loop
      vertex 0.508692 -0.185149 -0.15748
      vertex 0.490619 -0.22878 -0.15748
      vertex 0.446018 -0.207981 -0.15748
    endloop
  endfacet
  facet normal 0 0 -1
    outer loop
      vertex 0.446018 -0.207981 -0.15748
      vertex 0.490619 -0.22878 -0.15748
      vertex 0.426194 -0.246063 -0.15748
    endloop
  endfacet
  facet normal 0 0 -1
    outer loop
      vertex 0.490619 -0.22878 -0.15748
      vertex 0.468813 -0.270669 -0.15748
      vertex 0.426194 -0.246063 -0.15748
    endloop
  endfacet
  facet normal 0 0 -1
    outer loop
      vertex 0.426194 -0.246063 -0.15748
      vertex 0.468813 -0.270669 -0.15748
      vertex 0.403126 -0.282272 -0.15748
    endloop
  endfacet
  facet normal 0 0 -1
    outer loop
      vertex 0.468813 -0.270669 -0.15748
      vertex 0.443439 -0.310499 -0.15748
      vertex 0.403126 -0.282272 -0.15748
    endloop
  endfacet
  facet normal 0 0 -1
    outer loop
      vertex 0.403126 -0.282272 -0.15748
      vertex 0.443439 -0.310499 -0.15748
      vertex 0.37699 -0.316332 -0.15748
    endloop
  endfacet
  facet normal 0 0 -1
    outer loop
      vertex 0.443439 -0.310499 -0.15748
      vertex 0.414689 -0.347966 -0.15748
      vertex 0.37699 -0.316332 -0.15748
    endloop
  endfacet
  facet normal 0 0 -1
    outer loop
      vertex 0.37699 -0.316332 -0.15748
      vertex 0.414689 -0.347966 -0.15748
      vertex 0.347986 -0.347986 -0.15748
    endloop
  endfacet
  facet normal 0 0 -1
    outer loop
      vertex 0.414689 -0.347966 -0.15748
      vertex 0.382784 -0.382784 -0.15748
      vertex 0.347986 -0.347986 -0.15748
    endloop
  endfacet
  facet normal 0 0 -1
    outer loop
      vertex 0.347986 -0.347986 -0.15748
      vertex 0.382784 -0.382784 -0.15748
      vertex 0.316332 -0.37699 -0.15748
    endloop
  endfacet
  facet normal 0 0 -1
    outer loop
      vertex 0.382784 -0.382784 -0.15748
      vertex 0.347966 -0.414689 -0.15748
      vertex 0.316332 -0.37699 -0.15748
    endloop
  endfacet
  facet normal 0 0 -1
    outer loop
      vertex 0.316332 -0.37699 -0.15748
      vertex 0.347966 -0.414689 -0.15748
      vertex 0.282272 -0.403126 -0.15748
    endloop
  endfacet
  facet normal 0 0 -1
    outer loop
      vertex 0.347966 -0.414689 -0.15748
      vertex 0.310499 -0.443439 -0.15748
      vertex 0.282272 -0.403126 -0.15748
    endloop
  endfacet
  facet normal 0 0 -1
    outer loop
      vertex 0.282272 -0.403126 -0.15748
      vertex 0.310499 -0.443439 -0.15748
      vertex 0.246063 -0.426194 -0.15748
    endloop
  endfacet
  facet normal 0 0 -1
    outer loop
      vertex 0.310499 -0.443439 -0.15748
      vertex 0.270669 -0.468813 -0.15748
      vertex 0.246063 -0.426194 -0.15748
    endloop
  endfacet
  facet normal 0 0 -1
    outer loop
      vertex 0.246063 -0.426194 -0.15748
      vertex 0.270669 -0.468813 -0.15748
      vertex 0.207981 -0.446018 -0.15748
    endloop
  endfacet
  facet normal 0 0 -1
    outer loop
      vertex 0.270669 -0.468813 -0.15748
      vertex 0.22878 -0.490619 -0.15748
      vertex 0.207981 -0.446018 -0.15748
    endloop
  endfacet
  facet normal 0 0 -1
    outer loop
      vertex 0.207981 -0.446018 -0.15748
      vertex 0.22878 -0.490619 -0.15748
      vertex 0.168317 -0.462447 -0.15748
    endloop
  endfacet
  facet normal 0 0 -1
    outer loop
      vertex 0.22878 -0.490619 -0.15748
      vertex 0.185149 -0.508692 -0.15748
      vertex 0.168317 -0.462447 -0.15748
    endloop
  endfacet
  facet normal 0 0 -1
    outer loop
      vertex 0.168317 -0.462447 -0.15748
      vertex 0.185149 -0.508692 -0.15748
      vertex 0.127372 -0.475357 -0.15748
    endloop
  endfacet
  facet normal 0 0 -1
    outer loop
      vertex 0.185149 -0.508692 -0.15748
      vertex 0.140109 -0.522893 -0.15748
      vertex 0.127372 -0.475357 -0.15748
    endloop
  endfacet
  facet normal 0 0 -1
    outer loop
      vertex 0.127372 -0.475357 -0.15748
      vertex 0.140109 -0.522893 -0.15748
      vertex 0.0854568 -0.484649 -0.15748
    endloop
  endfacet
  facet normal 0 0 -1
    outer loop
      vertex 0.140109 -0.522893 -0.15748
      vertex 0.0940025 -0.533114 -0.15748
      vertex 0.0854568 -0.484649 -0.15748
    endloop
  endfacet
  facet normal 0 0 -1
    outer loop
      vertex 0.0854568 -0.484649 -0.15748
      vertex 0.0940025 -0.533114 -0.15748
      vertex 0.0428916 -0.490253 -0.15748
    endloop
  endfacet
  facet normal 0 0 -1
    outer loop
      vertex 0.0940025 -0.533114 -0.15748
      vertex 0.0471808 -0.539279 -0.15748
      vertex 0.0428916 -0.490253 -0.15748
    endloop
  endfacet
  facet normal 0 0 -1
    outer loop
      vertex 0.0428916 -0.490253 -0.15748
      vertex 0.0471808 -0.539279 -0.15748
      vertex 5.27498e-16 -0.492126 -0.15748
    endloop
  endfacet
  facet normal 0 0 -1
    outer loop
      vertex 0.0471808 -0.539279 -0.15748
      vertex 5.80248e-16 -0.541339 -0.15748
      vertex 5.27498e-16 -0.492126 -0.15748
    endloop
  endfacet
  facet normal 0 0 -1
    outer loop
      vertex 5.27498e-16 -0.492126 -0.15748
      vertex 5.80248e-16 -0.541339 -0.15748
      vertex -0.0428916 -0.490253 -0.15748
    endloop
  endfacet
  facet normal 0 0 -1
    outer loop
      vertex 5.80248e-16 -0.541339 -0.15748
      vertex -0.0471808 -0.539279 -0.15748
      vertex -0.0428916 -0.490253 -0.15748
    endloop
  endfacet
  facet normal 0 0 -1
    outer loop
      vertex -0.0428916 -0.490253 -0.15748
      vertex -0.0471808 -0.539279 -0.15748
      vertex -0.0854568 -0.484649 -0.15748
    endloop
  endfacet
  facet normal 0 0 -1
    outer loop
      vertex -0.0471808 -0.539279 -0.15748
      vertex -0.0940025 -0.533114 -0.15748
      vertex -0.0854568 -0.484649 -0.15748
    endloop
  endfacet
  facet normal 0 0 -1
    outer loop
      vertex -0.0854568 -0.484649 -0.15748
      vertex -0.0940025 -0.533114 -0.15748
      vertex -0.127372 -0.475357 -0.15748
    endloop
  endfacet
  facet normal 0 0 -1
    outer loop
      vertex -0.0940025 -0.533114 -0.15748
      vertex -0.140109 -0.522893 -0.15748
      vertex -0.127372 -0.475357 -0.15748
    endloop
  endfacet
  facet normal 0 0 -1
    outer loop
      vertex -0.127372 -0.475357 -0.15748
      vertex -0.140109 -0.522893 -0.15748
      vertex -0.168317 -0.462447 -0.15748
    endloop
  endfacet
  facet normal 0 0 -1
    outer loop
      vertex -0.140109 -0.522893 -0.15748
      vertex -0.185149 -0.508692 -0.15748
      vertex -0.168317 -0.462447 -0.15748
    endloop
  endfacet
  facet normal 0 0 -1
    outer loop
      vertex -0.168317 -0.462447 -0.15748
      vertex -0.185149 -0.508692 -0.15748
      vertex -0.207981 -0.446018 -0.15748
    endloop
  endfacet
  facet normal 0 0 -1
    outer loop
      vertex -0.185149 -0.508692 -0.15748
      vertex -0.22878 -0.490619 -0.15748
      vertex -0.207981 -0.446018 -0.15748
    endloop
  endfacet
  facet normal 0 0 -1
    outer loop
      vertex -0.207981 -0.446018 -0.15748
      vertex -0.22878 -0.490619 -0.15748
      vertex -0.246063 -0.426194 -0.15748
    endloop
  endfacet
  facet normal 0 0 -1
    outer loop
      vertex -0.22878 -0.490619 -0.15748
      vertex -0.270669 -0.468813 -0.15748
      vertex -0.246063 -0.426194 -0.15748
    endloop
  endfacet
  facet normal 0 0 -1
    outer loop
      vertex -0.246063 -0.426194 -0.15748
      vertex -0.270669 -0.468813 -0.15748
      vertex -0.282272 -0.403126 -0.15748
    endloop
  endfacet
  facet normal 0 0 -1
    outer loop
      vertex -0.270669 -0.468813 -0.15748
      vertex -0.310499 -0.443439 -0.15748
      vertex -0.282272 -0.403126 -0.15748
    endloop
  endfacet
  facet normal 0 0 -1
    outer loop
      vertex -0.282272 -0.403126 -0.15748
      vertex -0.310499 -0.443439 -0.15748
      vertex -0.316332 -0.37699 -0.15748
    endloop
  endfacet
  facet normal 0 0 -1
    outer loop
      vertex -0.310499 -0.443439 -0.15748
      vertex -0.347966 -0.414689 -0.15748
      vertex -0.316332 -0.37699 -0.15748
    endloop
  endfacet
  facet normal 0 0 -1
    outer loop
      vertex -0.316332 -0.37699 -0.15748
      vertex -0.347966 -0.414689 -0.15748
      vertex -0.347986 -0.347986 -0.15748
    endloop
  endfacet
  facet normal 0 0 -1
    outer loop
      vertex -0.347966 -0.414689 -0.15748
      vertex -0.382784 -0.382784 -0.15748
      vertex -0.347986 -0.347986 -0.15748
    endloop
  endfacet
  facet normal 0 0 -1
    outer loop
      vertex -0.347986 -0.347986 -0.15748
      vertex -0.382784 -0.382784 -0.15748
      vertex -0.37699 -0.316332 -0.15748
    endloop
  endfacet
  facet normal 0 0 -1
    outer loop
      vertex -0.382784 -0.382784 -0.15748
      vertex -0.414689 -0.347966 -0.15748
      vertex -0.37699 -0.316332 -0.15748
    endloop
  endfacet
  facet normal 0 0 -1
    outer loop
      vertex -0.37699 -0.316332 -0.15748
      vertex -0.414689 -0.347966 -0.15748
      vertex -0.403126 -0.282272 -0.15748
    endloop
  endfacet
  facet normal 0 0 -1
    outer loop
      vertex -0.414689 -0.347966 -0.15748
      vertex -0.443439 -0.310499 -0.15748
      vertex -0.403126 -0.282272 -0.15748
    endloop
  endfacet
  facet normal 0 0 -1
    outer loop
      vertex -0.403126 -0.282272 -0.15748
      vertex -0.443439 -0.310499 -0.15748
      vertex -0.426194 -0.246063 -0.15748
    endloop
  endfacet
  facet normal 0 0 -1
    outer loop
      vertex -0.443439 -0.310499 -0.15748
      vertex -0.468813 -0.270669 -0.15748
      vertex -0.426194 -0.246063 -0.15748
    endloop
  endfacet
  facet normal 0 0 -1
    outer loop
      vertex -0.426194 -0.246063 -0.15748
      vertex -0.468813 -0.270669 -0.15748
      vertex -0.446018 -0.207981 -0.15748
    endloop
  endfacet
  facet normal 0 0 -1
    outer loop
      vertex -0.468813 -0.270669 -0.15748
      vertex -0.490619 -0.22878 -0.15748
      vertex -0.446018 -0.207981 -0.15748
    endloop
  endfacet
  facet normal 0 0 -1
    outer loop
      vertex -0.446018 -0.207981 -0.15748
      vertex -0.490619 -0.22878 -0.15748
      vertex -0.462447 -0.168317 -0.15748
    endloop
  endfacet
  facet normal 0 0 -1
    outer loop
      vertex -0.490619 -0.22878 -0.15748
      vertex -0.508692 -0.185149 -0.15748
      vertex -0.462447 -0.168317 -0.15748
    endloop
  endfacet
  facet normal 0 0 -1
    outer loop
      vertex -0.462447 -0.168317 -0.15748
      vertex -0.508692 -0.185149 -0.15748
      vertex -0.475357 -0.127372 -0.15748
    endloop
  endfacet
  facet normal 0 0 -1
    outer loop
      vertex -0.508692 -0.185149 -0.15748
      vertex -0.522893 -0.140109 -0.15748
      vertex -0.475357 -0.127372 -0.15748
    endloop
  endfacet
  facet normal 0 0 -1
    outer loop
      vertex -0.475357 -0.127372 -0.15748
      vertex -0.522893 -0.140109 -0.15748
      vertex -0.484649 -0.0854568 -0.15748
    endloop
  endfacet
  facet normal 0 0 -1
    outer loop
      vertex -0.522893 -0.140109 -0.15748
      vertex -0.533114 -0.0940025 -0.15748
      vertex -0.484649 -0.0854568 -0.15748
    endloop
  endfacet
  facet normal 0 0 -1
    outer loop
      vertex -0.484649 -0.0854568 -0.15748
      vertex -0.533114 -0.0940025 -0.15748
      vertex -0.490253 -0.0428916 -0.15748
    endloop
  endfacet
  facet normal 0 0 -1
    outer loop
      vertex -0.533114 -0.0940025 -0.15748
      vertex -0.539279 -0.0471808 -0.15748
      vertex -0.490253 -0.0428916 -0.15748
    endloop
  endfacet
  facet normal 0 0 -1
    outer loop
      vertex -0.490253 -0.0428916 -0.15748
      vertex -0.539279 -0.0471808 -0.15748
      vertex -0.492126 3.0134e-17 -0.15748
    endloop
  endfacet
  facet normal 0 0 -1
    outer loop
      vertex -0.539279 -0.0471808 -0.15748
      vertex -0.541339 3.31474e-17 -0.15748
      vertex -0.492126 3.0134e-17 -0.15748
    endloop
  endfacet
  facet normal 0 0 -1
    outer loop
      vertex -0.492126 3.0134e-17 -0.15748
      vertex -0.541339 3.31474e-17 -0.15748
      vertex -0.490253 0.0428916 -0.15748
    endloop
  endfacet
  facet normal 0 0 -1
    outer loop
      vertex -0.541339 3.31474e-17 -0.15748
      vertex -0.539279 0.0471808 -0.15748
      vertex -0.490253 0.0428916 -0.15748
    endloop
  endfacet
  facet normal 0 0 -1
    outer loop
      vertex -0.490253 0.0428916 -0.15748
      vertex -0.539279 0.0471808 -0.15748
      vertex -0.484649 0.0854568 -0.15748
    endloop
  endfacet
  facet normal 0 0 -1
    outer loop
      vertex -0.539279 0.0471808 -0.15748
      vertex -0.533114 0.0940025 -0.15748
      vertex -0.484649 0.0854568 -0.15748
    endloop
  endfacet
  facet normal 0 0 -1
    outer loop
      vertex -0.484649 0.0854568 -0.15748
      vertex -0.533114 0.0940025 -0.15748
      vertex -0.475357 0.127372 -0.15748
    endloop
  endfacet
  facet normal 0 0 -1
    outer loop
      vertex -0.533114 0.0940025 -0.15748
      vertex -0.522893 0.140109 -0.15748
      vertex -0.475357 0.127372 -0.15748
    endloop
  endfacet
  facet normal 0 0 -1
    outer loop
      vertex -0.475357 0.127372 -0.15748
      vertex -0.522893 0.140109 -0.15748
      vertex -0.462447 0.168317 -0.15748
    endloop
  endfacet
  facet normal 0 0 -1
    outer loop
      vertex -0.522893 0.140109 -0.15748
      vertex -0.508692 0.185149 -0.15748
      vertex -0.462447 0.168317 -0.15748
    endloop
  endfacet
  facet normal 0 0 -1
    outer loop
      vertex -0.462447 0.168317 -0.15748
      vertex -0.508692 0.185149 -0.15748
      vertex -0.446018 0.207981 -0.15748
    endloop
  endfacet
  facet normal 0 0 -1
    outer loop
      vertex -0.508692 0.185149 -0.15748
      vertex -0.490619 0.22878 -0.15748
      vertex -0.446018 0.207981 -0.15748
    endloop
  endfacet
  facet normal 0 0 -1
    outer loop
      vertex -0.446018 0.207981 -0.15748
      vertex -0.490619 0.22878 -0.15748
      vertex -0.426194 0.246063 -0.15748
    endloop
  endfacet
  facet normal 0 0 -1
    outer loop
      vertex -0.490619 0.22878 -0.15748
      vertex -0.468813 0.270669 -0.15748
      vertex -0.426194 0.246063 -0.15748
    endloop
  endfacet
  facet normal 0 0 -1
    outer loop
      vertex -0.426194 0.246063 -0.15748
      vertex -0.468813 0.270669 -0.15748
      vertex -0.403126 0.282272 -0.15748
    endloop
  endfacet
  facet normal 0 0 -1
    outer loop
      vertex -0.468813 0.270669 -0.15748
      vertex -0.443439 0.310499 -0.15748
      vertex -0.403126 0.282272 -0.15748
    endloop
  endfacet
  facet normal -0.999048 0.0436192 0
    outer loop
      vertex -0.541339 3.31474e-17 -0.15748
      vertex -0.539279 0.0471808 0.15748
      vertex -0.539279 0.0471808 -0.15748
    endloop
  endfacet
  facet normal -0.991445 0.130526 0
    outer loop
      vertex -0.539279 0.0471808 0.15748
      vertex -0.533114 0.0940025 0.15748
      vertex -0.539279 0.0471808 -0.15748
    endloop
  endfacet
  facet normal -0.991445 0.130526 0
    outer loop
      vertex -0.539279 0.0471808 -0.15748
      vertex -0.533114 0.0940025 0.15748
      vertex -0.533114 0.0940025 -0.15748
    endloop
  endfacet
  facet normal -0.976296 0.21644 0
    outer loop
      vertex -0.533114 0.0940025 0.15748
      vertex -0.522893 0.140109 0.15748
      vertex -0.533114 0.0940025 -0.15748
    endloop
  endfacet
  facet normal -0.976296 0.21644 0
    outer loop
      vertex -0.533114 0.0940025 -0.15748
      vertex -0.522893 0.140109 0.15748
      vertex -0.522893 0.140109 -0.15748
    endloop
  endfacet
  facet normal -0.953717 0.300706 0
    outer loop
      vertex -0.522893 0.140109 0.15748
      vertex -0.508692 0.185149 0.15748
      vertex -0.522893 0.140109 -0.15748
    endloop
  endfacet
  facet normal -0.953717 0.300706 0
    outer loop
      vertex -0.522893 0.140109 -0.15748
      vertex -0.508692 0.185149 0.15748
      vertex -0.508692 0.185149 -0.15748
    endloop
  endfacet
  facet normal -0.92388 0.382683 0
    outer loop
      vertex -0.508692 0.185149 0.15748
      vertex -0.490619 0.22878 0.15748
      vertex -0.508692 0.185149 -0.15748
    endloop
  endfacet
  facet normal -0.92388 0.382683 0
    outer loop
      vertex -0.508692 0.185149 -0.15748
      vertex -0.490619 0.22878 0.15748
      vertex -0.490619 0.22878 -0.15748
    endloop
  endfacet
  facet normal -0.887011 0.461749 0
    outer loop
      vertex -0.490619 0.22878 0.15748
      vertex -0.468813 0.270669 0.15748
      vertex -0.490619 0.22878 -0.15748
    endloop
  endfacet
  facet normal -0.887011 0.461749 0
    outer loop
      vertex -0.490619 0.22878 -0.15748
      vertex -0.468813 0.270669 0.15748
      vertex -0.468813 0.270669 -0.15748
    endloop
  endfacet
  facet normal -0.843391 0.5373 0
    outer loop
      vertex -0.468813 0.270669 0.15748
      vertex -0.443439 0.310499 0.15748
      vertex -0.468813 0.270669 -0.15748
    endloop
  endfacet
  facet normal -0.843391 0.5373 0
    outer loop
      vertex -0.468813 0.270669 -0.15748
      vertex -0.443439 0.310499 0.15748
      vertex -0.443439 0.310499 -0.15748
    endloop
  endfacet
  facet normal -0.793353 0.608762 0
    outer loop
      vertex -0.443439 0.310499 0.15748
      vertex -0.414689 0.347966 0.15748
      vertex -0.443439 0.310499 -0.15748
    endloop
  endfacet
  facet normal -0.793353 0.608762 0
    outer loop
      vertex -0.443439 0.310499 -0.15748
      vertex -0.414689 0.347966 0.15748
      vertex -0.414689 0.347966 -0.15748
    endloop
  endfacet
  facet normal -0.737277 0.67559 0
    outer loop
      vertex -0.414689 0.347966 0.15748
      vertex -0.382784 0.382784 0.15748
      vertex -0.414689 0.347966 -0.15748
    endloop
  endfacet
  facet normal -0.737277 0.67559 0
    outer loop
      vertex -0.414689 0.347966 -0.15748
      vertex -0.382784 0.382784 0.15748
      vertex -0.382784 0.382784 -0.15748
    endloop
  endfacet
  facet normal -0.67559 0.737277 0
    outer loop
      vertex -0.382784 0.382784 0.15748
      vertex -0.347966 0.414689 0.15748
      vertex -0.382784 0.382784 -0.15748
    endloop
  endfacet
  facet normal -0.67559 0.737277 0
    outer loop
      vertex -0.382784 0.382784 -0.15748
      vertex -0.347966 0.414689 0.15748
      vertex -0.347966 0.414689 -0.15748
    endloop
  endfacet
  facet normal -0.608762 0.793353 0
    outer loop
      vertex -0.347966 0.414689 0.15748
      vertex -0.310499 0.443439 0.15748
      vertex -0.347966 0.414689 -0.15748
    endloop
  endfacet
  facet normal -0.608762 0.793353 0
    outer loop
      vertex -0.347966 0.414689 -0.15748
      vertex -0.310499 0.443439 0.15748
      vertex -0.310499 0.443439 -0.15748
    endloop
  endfacet
  facet normal -0.5373 0.843391 0
    outer loop
      vertex -0.310499 0.443439 0.15748
      vertex -0.270669 0.468813 0.15748
      vertex -0.310499 0.443439 -0.15748
    endloop
  endfacet
  facet normal -0.5373 0.843391 0
    outer loop
      vertex -0.310499 0.443439 -0.15748
      vertex -0.270669 0.468813 0.15748
      vertex -0.270669 0.468813 -0.15748
    endloop
  endfacet
  facet normal -0.461749 0.887011 0
    outer loop
      vertex -0.270669 0.468813 0.15748
      vertex -0.22878 0.490619 0.15748
      vertex -0.270669 0.468813 -0.15748
    endloop
  endfacet
  facet normal -0.461749 0.887011 0
    outer loop
      vertex -0.270669 0.468813 -0.15748
      vertex -0.22878 0.490619 0.15748
      vertex -0.22878 0.490619 -0.15748
    endloop
  endfacet
  facet normal -0.382683 0.92388 0
    outer loop
      vertex -0.22878 0.490619 0.15748
      vertex -0.185149 0.508692 0.15748
      vertex -0.22878 0.490619 -0.15748
    endloop
  endfacet
  facet normal -0.382683 0.92388 0
    outer loop
      vertex -0.22878 0.490619 -0.15748
      vertex -0.185149 0.508692 0.15748
      vertex -0.185149 0.508692 -0.15748
    endloop
  endfacet
  facet normal -0.300706 0.953717 0
    outer loop
      vertex -0.185149 0.508692 0.15748
      vertex -0.140109 0.522893 0.15748
      vertex -0.185149 0.508692 -0.15748
    endloop
  endfacet
  facet normal -0.300706 0.953717 0
    outer loop
      vertex -0.185149 0.508692 -0.15748
      vertex -0.140109 0.522893 0.15748
      vertex -0.140109 0.522893 -0.15748
    endloop
  endfacet
  facet normal -0.21644 0.976296 0
    outer loop
      vertex -0.140109 0.522893 0.15748
      vertex -0.0940025 0.533114 0.15748
      vertex -0.140109 0.522893 -0.15748
    endloop
  endfacet
  facet normal -0.21644 0.976296 0
    outer loop
      vertex -0.140109 0.522893 -0.15748
      vertex -0.0940025 0.533114 0.15748
      vertex -0.0940025 0.533114 -0.15748
    endloop
  endfacet
  facet normal -0.130526 0.991445 0
    outer loop
      vertex -0.0940025 0.533114 0.15748
      vertex -0.0471808 0.539279 0.15748
      vertex -0.0940025 0.533114 -0.15748
    endloop
  endfacet
  facet normal -0.130526 0.991445 0
    outer loop
      vertex -0.0940025 0.533114 -0.15748
      vertex -0.0471808 0.539279 0.15748
      vertex -0.0471808 0.539279 -0.15748
    endloop
  endfacet
  facet normal -0.0436192 0.999048 0
    outer loop
      vertex -0.0471808 0.539279 0.15748
      vertex -1.53349e-16 0.541339 0.15748
      vertex -0.0471808 0.539279 -0.15748
    endloop
  endfacet
  facet normal -0.0436192 0.999048 0
    outer loop
      vertex -0.0471808 0.539279 -0.15748
      vertex -1.53349e-16 0.541339 0.15748
      vertex -1.53349e-16 0.541339 -0.15748
    endloop
  endfacet
  facet normal 0.0436192 0.999048 0
    outer loop
      vertex -1.53349e-16 0.541339 0.15748
      vertex 0.0471808 0.539279 0.15748
      vertex -1.53349e-16 0.541339 -0.15748
    endloop
  endfacet
  facet normal 0.0436192 0.999048 0
    outer loop
      vertex -1.53349e-16 0.541339 -0.15748
      vertex 0.0471808 0.539279 0.15748
      vertex 0.0471808 0.539279 -0.15748
    endloop
  endfacet
  facet normal 0.130526 0.991445 0
    outer loop
      vertex 0.0471808 0.539279 0.15748
      vertex 0.0940025 0.533114 0.15748
      vertex 0.0471808 0.539279 -0.15748
    endloop
  endfacet
  facet normal 0.130526 0.991445 0
    outer loop
      vertex 0.0471808 0.539279 -0.15748
      vertex 0.0940025 0.533114 0.15748
      vertex 0.0940025 0.533114 -0.15748
    endloop
  endfacet
  facet normal 0.21644 0.976296 0
    outer loop
      vertex 0.0940025 0.533114 0.15748
      vertex 0.140109 0.522893 0.15748
      vertex 0.0940025 0.533114 -0.15748
    endloop
  endfacet
  facet normal 0.21644 0.976296 0
    outer loop
      vertex 0.0940025 0.533114 -0.15748
      vertex 0.140109 0.522893 0.15748
      vertex 0.140109 0.522893 -0.15748
    endloop
  endfacet
  facet normal 0.300706 0.953717 0
    outer loop
      vertex 0.140109 0.522893 0.15748
      vertex 0.185149 0.508692 0.15748
      vertex 0.140109 0.522893 -0.15748
    endloop
  endfacet
  facet normal 0.300706 0.953717 0
    outer loop
      vertex 0.140109 0.522893 -0.15748
      vertex 0.185149 0.508692 0.15748
      vertex 0.185149 0.508692 -0.15748
    endloop
  endfacet
  facet normal 0.382683 0.92388 0
    outer loop
      vertex 0.185149 0.508692 0.15748
      vertex 0.22878 0.490619 0.15748
      vertex 0.185149 0.508692 -0.15748
    endloop
  endfacet
  facet normal 0.382683 0.92388 0
    outer loop
      vertex 0.185149 0.508692 -0.15748
      vertex 0.22878 0.490619 0.15748
      vertex 0.22878 0.490619 -0.15748
    endloop
  endfacet
  facet normal 0.461749 0.887011 0
    outer loop
      vertex 0.22878 0.490619 0.15748
      vertex 0.270669 0.468813 0.15748
      vertex 0.22878 0.490619 -0.15748
    endloop
  endfacet
  facet normal 0.461749 0.887011 0
    outer loop
      vertex 0.22878 0.490619 -0.15748
      vertex 0.270669 0.468813 0.15748
      vertex 0.270669 0.468813 -0.15748
    endloop
  endfacet
  facet normal 0.5373 0.843391 0
    outer loop
      vertex 0.270669 0.468813 0.15748
      vertex 0.310499 0.443439 0.15748
      vertex 0.270669 0.468813 -0.15748
    endloop
  endfacet
  facet normal 0.5373 0.843391 0
    outer loop
      vertex 0.270669 0.468813 -0.15748
      vertex 0.310499 0.443439 0.15748
      vertex 0.310499 0.443439 -0.15748
    endloop
  endfacet
  facet normal 0.608762 0.793353 0
    outer loop
      vertex 0.310499 0.443439 0.15748
      vertex 0.347966 0.414689 0.15748
      vertex 0.310499 0.443439 -0.15748
    endloop
  endfacet
  facet normal 0.608762 0.793353 0
    outer loop
      vertex 0.310499 0.443439 -0.15748
      vertex 0.347966 0.414689 0.15748
      vertex 0.347966 0.414689 -0.15748
    endloop
  endfacet
  facet normal 0.67559 0.737277 0
    outer loop
      vertex 0.347966 0.414689 0.15748
      vertex 0.382784 0.382784 0.15748
      vertex 0.347966 0.414689 -0.15748
    endloop
  endfacet
  facet normal 0.67559 0.737277 0
    outer loop
      vertex 0.347966 0.414689 -0.15748
      vertex 0.382784 0.382784 0.15748
      vertex 0.382784 0.382784 -0.15748
    endloop
  endfacet
  facet normal 0.737277 0.67559 0
    outer loop
      vertex 0.382784 0.382784 0.15748
      vertex 0.414689 0.347966 0.15748
      vertex 0.382784 0.382784 -0.15748
    endloop
  endfacet
  facet normal 0.737277 0.67559 0
    outer loop
      vertex 0.382784 0.382784 -0.15748
      vertex 0.414689 0.347966 0.15748
      vertex 0.414689 0.347966 -0.15748
    endloop
  endfacet
  facet normal 0.793353 0.608762 0
    outer loop
      vertex 0.414689 0.347966 0.15748
      vertex 0.443439 0.310499 0.15748
      vertex 0.414689 0.347966 -0.15748
    endloop
  endfacet
  facet normal 0.793353 0.608762 0
    outer loop
      vertex 0.414689 0.347966 -0.15748
      vertex 0.443439 0.310499 0.15748
      vertex 0.443439 0.310499 -0.15748
    endloop
  endfacet
  facet normal 0.843391 0.5373 0
    outer loop
      vertex 0.443439 0.310499 0.15748
      vertex 0.468813 0.270669 0.15748
      vertex 0.443439 0.310499 -0.15748
    endloop
  endfacet
  facet normal 0.843391 0.5373 0
    outer loop
      vertex 0.443439 0.310499 -0.15748
      vertex 0.468813 0.270669 0.15748
      vertex 0.468813 0.270669 -0.15748
    endloop
  endfacet
  facet normal 0.887011 0.461749 0
    outer loop
      vertex 0.468813 0.270669 0.15748
      vertex 0.490619 0.22878 0.15748
      vertex 0.468813 0.270669 -0.15748
    endloop
  endfacet
  facet normal 0.887011 0.461749 0
    outer loop
      vertex 0.468813 0.270669 -0.15748
      vertex 0.490619 0.22878 0.15748
      vertex 0.490619 0.22878 -0.15748
    endloop
  endfacet
  facet normal 0.92388 0.382683 0
    outer loop
      vertex 0.490619 0.22878 0.15748
      vertex 0.508692 0.185149 0.15748
      vertex 0.490619 0.22878 -0.15748
    endloop
  endfacet
  facet normal 0.92388 0.382683 0
    outer loop
      vertex 0.490619 0.22878 -0.15748
      vertex 0.508692 0.185149 0.15748
      vertex 0.508692 0.185149 -0.15748
    endloop
  endfacet
  facet normal 0.953717 0.300706 0
    outer loop
      vertex 0.508692 0.185149 0.15748
      vertex 0.522893 0.140109 0.15748
      vertex 0.508692 0.185149 -0.15748
    endloop
  endfacet
  facet normal 0.953717 0.300706 0
    outer loop
      vertex 0.508692 0.185149 -0.15748
      vertex 0.522893 0.140109 0.15748
      vertex 0.522893 0.140109 -0.15748
    endloop
  endfacet
  facet normal 0.976296 0.21644 0
    outer loop
      vertex 0.522893 0.140109 0.15748
      vertex 0.533114 0.0940025 0.15748
      vertex 0.522893 0.140109 -0.15748
    endloop
  endfacet
  facet normal 0.976296 0.21644 0
    outer loop
      vertex 0.522893 0.140109 -0.15748
      vertex 0.533114 0.0940025 0.15748
      vertex 0.533114 0.0940025 -0.15748
    endloop
  endfacet
  facet normal 0.991445 0.130526 0
    outer loop
      vertex 0.533114 0.0940025 0.15748
      vertex 0.539279 0.0471808 0.15748
      vertex 0.533114 0.0940025 -0.15748
    endloop
  endfacet
  facet normal 0.991445 0.130526 0
    outer loop
      vertex 0.533114 0.0940025 -0.15748
      vertex 0.539279 0.0471808 0.15748
      vertex 0.539279 0.0471808 -0.15748
    endloop
  endfacet
  facet normal 0.999048 0.0436192 0
    outer loop
      vertex 0.539279 0.0471808 0.15748
      vertex 0.541339 2.32032e-16 0.15748
      vertex 0.539279 0.0471808 -0.15748
    endloop
  endfacet
  facet normal 0.999048 0.0436192 -1.79292e-17
    outer loop
      vertex 0.539279 0.0471808 -0.15748
      vertex 0.541339 2.32032e-16 0.15748
      vertex 0.541339 9.94423e-17 -0.15748
    endloop
  endfacet
  facet normal 0.999048 -0.0436192 1.83625e-17
    outer loop
      vertex 0.541339 2.32032e-16 0.15748
      vertex 0.539279 -0.0471808 0.15748
      vertex 0.541339 9.94423e-17 -0.15748
    endloop
  endfacet
  facet normal 0.999048 -0.0436192 0
    outer loop
      vertex 0.541339 9.94423e-17 -0.15748
      vertex 0.539279 -0.0471808 0.15748
      vertex 0.539279 -0.0471808 -0.15748
    endloop
  endfacet
  facet normal 0.991445 -0.130526 0
    outer loop
      vertex 0.539279 -0.0471808 0.15748
      vertex 0.533114 -0.0940025 0.15748
      vertex 0.539279 -0.0471808 -0.15748
    endloop
  endfacet
  facet normal 0.991445 -0.130526 0
    outer loop
      vertex 0.539279 -0.0471808 -0.15748
      vertex 0.533114 -0.0940025 0.15748
      vertex 0.533114 -0.0940025 -0.15748
    endloop
  endfacet
  facet normal 0.976296 -0.21644 0
    outer loop
      vertex 0.533114 -0.0940025 0.15748
      vertex 0.522893 -0.140109 0.15748
      vertex 0.533114 -0.0940025 -0.15748
    endloop
  endfacet
  facet normal 0.976296 -0.21644 0
    outer loop
      vertex 0.533114 -0.0940025 -0.15748
      vertex 0.522893 -0.140109 0.15748
      vertex 0.522893 -0.140109 -0.15748
    endloop
  endfacet
  facet normal 0.953717 -0.300706 0
    outer loop
      vertex 0.522893 -0.140109 0.15748
      vertex 0.508692 -0.185149 0.15748
      vertex 0.522893 -0.140109 -0.15748
    endloop
  endfacet
  facet normal 0.953717 -0.300706 0
    outer loop
      vertex 0.522893 -0.140109 -0.15748
      vertex 0.508692 -0.185149 0.15748
      vertex 0.508692 -0.185149 -0.15748
    endloop
  endfacet
  facet normal 0.92388 -0.382683 0
    outer loop
      vertex 0.508692 -0.185149 0.15748
      vertex 0.490619 -0.22878 0.15748
      vertex 0.508692 -0.185149 -0.15748
    endloop
  endfacet
  facet normal 0.92388 -0.382683 0
    outer loop
      vertex 0.508692 -0.185149 -0.15748
      vertex 0.490619 -0.22878 0.15748
      vertex 0.490619 -0.22878 -0.15748
    endloop
  endfacet
  facet normal 0.887011 -0.461749 0
    outer loop
      vertex 0.490619 -0.22878 0.15748
      vertex 0.468813 -0.270669 0.15748
      vertex 0.490619 -0.22878 -0.15748
    endloop
  endfacet
  facet normal 0.887011 -0.461749 0
    outer loop
      vertex 0.490619 -0.22878 -0.15748
      vertex 0.468813 -0.270669 0.15748
      vertex 0.468813 -0.270669 -0.15748
    endloop
  endfacet
  facet normal 0.843391 -0.5373 0
    outer loop
      vertex 0.468813 -0.270669 0.15748
      vertex 0.443439 -0.310499 0.15748
      vertex 0.468813 -0.270669 -0.15748
    endloop
  endfacet
  facet normal 0.843391 -0.5373 0
    outer loop
      vertex 0.468813 -0.270669 -0.15748
      vertex 0.443439 -0.310499 0.15748
      vertex 0.443439 -0.310499 -0.15748
    endloop
  endfacet
  facet normal 0.793353 -0.608762 0
    outer loop
      vertex 0.443439 -0.310499 0.15748
      vertex 0.414689 -0.347966 0.15748
      vertex 0.443439 -0.310499 -0.15748
    endloop
  endfacet
  facet normal 0.793353 -0.608762 0
    outer loop
      vertex 0.443439 -0.310499 -0.15748
      vertex 0.414689 -0.347966 0.15748
      vertex 0.414689 -0.347966 -0.15748
    endloop
  endfacet
  facet normal 0.737277 -0.67559 0
    outer loop
      vertex 0.414689 -0.347966 0.15748
      vertex 0.382784 -0.382784 0.15748
      vertex 0.414689 -0.347966 -0.15748
    endloop
  endfacet
  facet normal 0.737277 -0.67559 0
    outer loop
      vertex 0.414689 -0.347966 -0.15748
      vertex 0.382784 -0.382784 0.15748
      vertex 0.382784 -0.382784 -0.15748
    endloop
  endfacet
  facet normal 0.67559 -0.737277 0
    outer loop
      vertex 0.382784 -0.382784 0.15748
      vertex 0.347966 -0.414689 0.15748
      vertex 0.382784 -0.382784 -0.15748
    endloop
  endfacet
  facet normal 0.67559 -0.737277 0
    outer loop
      vertex 0.382784 -0.382784 -0.15748
      vertex 0.347966 -0.414689 0.15748
      vertex 0.347966 -0.414689 -0.15748
    endloop
  endfacet
  facet normal 0.608762 -0.793353 0
    outer loop
      vertex 0.347966 -0.414689 0.15748
      vertex 0.310499 -0.443439 0.15748
      vertex 0.347966 -0.414689 -0.15748
    endloop
  endfacet
  facet normal 0.608762 -0.793353 0
    outer loop
      vertex 0.347966 -0.414689 -0.15748
      vertex 0.310499 -0.443439 0.15748
      vertex 0.310499 -0.443439 -0.15748
    endloop
  endfacet
  facet normal 0.5373 -0.843391 0
    outer loop
      vertex 0.310499 -0.443439 0.15748
      vertex 0.270669 -0.468813 0.15748
      vertex 0.310499 -0.443439 -0.15748
    endloop
  endfacet
  facet normal 0.5373 -0.843391 0
    outer loop
      vertex 0.310499 -0.443439 -0.15748
      vertex 0.270669 -0.468813 0.15748
      vertex 0.270669 -0.468813 -0.15748
    endloop
  endfacet
  facet normal 0.461749 -0.887011 0
    outer loop
      vertex 0.270669 -0.468813 0.15748
      vertex 0.22878 -0.490619 0.15748
      vertex 0.270669 -0.468813 -0.15748
    endloop
  endfacet
  facet normal 0.461749 -0.887011 0
    outer loop
      vertex 0.270669 -0.468813 -0.15748
      vertex 0.22878 -0.490619 0.15748
      vertex 0.22878 -0.490619 -0.15748
    endloop
  endfacet
  facet normal 0.382683 -0.92388 0
    outer loop
      vertex 0.22878 -0.490619 0.15748
      vertex 0.185149 -0.508692 0.15748
      vertex 0.22878 -0.490619 -0.15748
    endloop
  endfacet
  facet normal 0.382683 -0.92388 0
    outer loop
      vertex 0.22878 -0.490619 -0.15748
      vertex 0.185149 -0.508692 0.15748
      vertex 0.185149 -0.508692 -0.15748
    endloop
  endfacet
  facet normal 0.300706 -0.953717 0
    outer loop
      vertex 0.185149 -0.508692 0.15748
      vertex 0.140109 -0.522893 0.15748
      vertex 0.185149 -0.508692 -0.15748
    endloop
  endfacet
  facet normal 0.300706 -0.953717 0
    outer loop
      vertex 0.185149 -0.508692 -0.15748
      vertex 0.140109 -0.522893 0.15748
      vertex 0.140109 -0.522893 -0.15748
    endloop
  endfacet
  facet normal 0.21644 -0.976296 0
    outer loop
      vertex 0.140109 -0.522893 0.15748
      vertex 0.0940025 -0.533114 0.15748
      vertex 0.140109 -0.522893 -0.15748
    endloop
  endfacet
  facet normal 0.21644 -0.976296 0
    outer loop
      vertex 0.140109 -0.522893 -0.15748
      vertex 0.0940025 -0.533114 0.15748
      vertex 0.0940025 -0.533114 -0.15748
    endloop
  endfacet
  facet normal 0.130526 -0.991445 0
    outer loop
      vertex 0.0940025 -0.533114 0.15748
      vertex 0.0471808 -0.539279 0.15748
      vertex 0.0940025 -0.533114 -0.15748
    endloop
  endfacet
  facet normal 0.130526 -0.991445 0
    outer loop
      vertex 0.0940025 -0.533114 -0.15748
      vertex 0.0471808 -0.539279 0.15748
      vertex 0.0471808 -0.539279 -0.15748
    endloop
  endfacet
  facet normal 0.0436192 -0.999048 0
    outer loop
      vertex 0.0471808 -0.539279 0.15748
      vertex 5.80248e-16 -0.541339 0.15748
      vertex 0.0471808 -0.539279 -0.15748
    endloop
  endfacet
  facet normal 0.0436192 -0.999048 0
    outer loop
      vertex 0.0471808 -0.539279 -0.15748
      vertex 5.80248e-16 -0.541339 0.15748
      vertex 5.80248e-16 -0.541339 -0.15748
    endloop
  endfacet
  facet normal -0.0436192 -0.999048 0
    outer loop
      vertex 5.80248e-16 -0.541339 0.15748
      vertex -0.0471808 -0.539279 0.15748
      vertex 5.80248e-16 -0.541339 -0.15748
    endloop
  endfacet
  facet normal -0.0436192 -0.999048 0
    outer loop
      vertex 5.80248e-16 -0.541339 -0.15748
      vertex -0.0471808 -0.539279 0.15748
      vertex -0.0471808 -0.539279 -0.15748
    endloop
  endfacet
  facet normal -0.130526 -0.991445 0
    outer loop
      vertex -0.0471808 -0.539279 0.15748
      vertex -0.0940025 -0.533114 0.15748
      vertex -0.0471808 -0.539279 -0.15748
    endloop
  endfacet
  facet normal -0.130526 -0.991445 0
    outer loop
      vertex -0.0471808 -0.539279 -0.15748
      vertex -0.0940025 -0.533114 0.15748
      vertex -0.0940025 -0.533114 -0.15748
    endloop
  endfacet
  facet normal -0.21644 -0.976296 0
    outer loop
      vertex -0.0940025 -0.533114 0.15748
      vertex -0.140109 -0.522893 0.15748
      vertex -0.0940025 -0.533114 -0.15748
    endloop
  endfacet
  facet normal -0.21644 -0.976296 0
    outer loop
      vertex -0.0940025 -0.533114 -0.15748
      vertex -0.140109 -0.522893 0.15748
      vertex -0.140109 -0.522893 -0.15748
    endloop
  endfacet
  facet normal -0.300706 -0.953717 0
    outer loop
      vertex -0.140109 -0.522893 0.15748
      vertex -0.185149 -0.508692 0.15748
      vertex -0.140109 -0.522893 -0.15748
    endloop
  endfacet
  facet normal -0.300706 -0.953717 0
    outer loop
      vertex -0.140109 -0.522893 -0.15748
      vertex -0.185149 -0.508692 0.15748
      vertex -0.185149 -0.508692 -0.15748
    endloop
  endfacet
  facet normal -0.382683 -0.92388 0
    outer loop
      vertex -0.185149 -0.508692 0.15748
      vertex -0.22878 -0.490619 0.15748
      vertex -0.185149 -0.508692 -0.15748
    endloop
  endfacet
  facet normal -0.382683 -0.92388 0
    outer loop
      vertex -0.185149 -0.508692 -0.15748
      vertex -0.22878 -0.490619 0.15748
      vertex -0.22878 -0.490619 -0.15748
    endloop
  endfacet
  facet normal -0.461749 -0.887011 0
    outer loop
      vertex -0.22878 -0.490619 0.15748
      vertex -0.270669 -0.468813 0.15748
      vertex -0.22878 -0.490619 -0.15748
    endloop
  endfacet
  facet normal -0.461749 -0.887011 0
    outer loop
      vertex -0.22878 -0.490619 -0.15748
      vertex -0.270669 -0.468813 0.15748
      vertex -0.270669 -0.468813 -0.15748
    endloop
  endfacet
  facet normal -0.5373 -0.843391 0
    outer loop
      vertex -0.270669 -0.468813 0.15748
      vertex -0.310499 -0.443439 0.15748
      vertex -0.270669 -0.468813 -0.15748
    endloop
  endfacet
  facet normal -0.5373 -0.843391 0
    outer loop
      vertex -0.270669 -0.468813 -0.15748
      vertex -0.310499 -0.443439 0.15748
      vertex -0.310499 -0.443439 -0.15748
    endloop
  endfacet
  facet normal -0.608762 -0.793353 0
    outer loop
      vertex -0.310499 -0.443439 0.15748
      vertex -0.347966 -0.414689 0.15748
      vertex -0.310499 -0.443439 -0.15748
    endloop
  endfacet
  facet normal -0.608762 -0.793353 0
    outer loop
      vertex -0.310499 -0.443439 -0.15748
      vertex -0.347966 -0.414689 0.15748
      vertex -0.347966 -0.414689 -0.15748
    endloop
  endfacet
  facet normal -0.67559 -0.737277 0
    outer loop
      vertex -0.347966 -0.414689 0.15748
      vertex -0.382784 -0.382784 0.15748
      vertex -0.347966 -0.414689 -0.15748
    endloop
  endfacet
  facet normal -0.67559 -0.737277 0
    outer loop
      vertex -0.347966 -0.414689 -0.15748
      vertex -0.382784 -0.382784 0.15748
      vertex -0.382784 -0.382784 -0.15748
    endloop
  endfacet
  facet normal -0.737277 -0.67559 0
    outer loop
      vertex -0.382784 -0.382784 0.15748
      vertex -0.414689 -0.347966 0.15748
      vertex -0.382784 -0.382784 -0.15748
    endloop
  endfacet
  facet normal -0.737277 -0.67559 0
    outer loop
      vertex -0.382784 -0.382784 -0.15748
      vertex -0.414689 -0.347966 0.15748
      vertex -0.414689 -0.347966 -0.15748
    endloop
  endfacet
  facet normal -0.793353 -0.608762 0
    outer loop
      vertex -0.414689 -0.347966 0.15748
      vertex -0.443439 -0.310499 0.15748
      vertex -0.414689 -0.347966 -0.15748
    endloop
  endfacet
  facet normal -0.793353 -0.608762 0
    outer loop
      vertex -0.414689 -0.347966 -0.15748
      vertex -0.443439 -0.310499 0.15748
      vertex -0.443439 -0.310499 -0.15748
    endloop
  endfacet
  facet normal -0.843391 -0.5373 0
    outer loop
      vertex -0.443439 -0.310499 0.15748
      vertex -0.468813 -0.270669 0.15748
      vertex -0.443439 -0.310499 -0.15748
    endloop
  endfacet
  facet normal -0.843391 -0.5373 0
    outer loop
      vertex -0.443439 -0.310499 -0.15748
      vertex -0.468813 -0.270669 0.15748
      vertex -0.468813 -0.270669 -0.15748
    endloop
  endfacet
  facet normal -0.887011 -0.461749 0
    outer loop
      vertex -0.468813 -0.270669 0.15748
      vertex -0.490619 -0.22878 0.15748
      vertex -0.468813 -0.270669 -0.15748
    endloop
  endfacet
  facet normal -0.887011 -0.461749 0
    outer loop
      vertex -0.468813 -0.270669 -0.15748
      vertex -0.490619 -0.22878 0.15748
      vertex -0.490619 -0.22878 -0.15748
    endloop
  endfacet
  facet normal -0.92388 -0.382683 0
    outer loop
      vertex -0.490619 -0.22878 0.15748
      vertex -0.508692 -0.185149 0.15748
      vertex -0.490619 -0.22878 -0.15748
    endloop
  endfacet
  facet normal -0.92388 -0.382683 0
    outer loop
      vertex -0.490619 -0.22878 -0.15748
      vertex -0.508692 -0.185149 0.15748
      vertex -0.508692 -0.185149 -0.15748
    endloop
  endfacet
  facet normal -0.953717 -0.300706 0
    outer loop
      vertex -0.508692 -0.185149 0.15748
      vertex -0.522893 -0.140109 0.15748
      vertex -0.508692 -0.185149 -0.15748
    endloop
  endfacet
  facet normal -0.953717 -0.300706 0
    outer loop
      vertex -0.508692 -0.185149 -0.15748
      vertex -0.522893 -0.140109 0.15748
      vertex -0.522893 -0.140109 -0.15748
    endloop
  endfacet
  facet normal -0.976296 -0.21644 0
    outer loop
      vertex -0.522893 -0.140109 0.15748
      vertex -0.533114 -0.0940025 0.15748
      vertex -0.522893 -0.140109 -0.15748
    endloop
  endfacet
  facet normal -0.976296 -0.21644 0
    outer loop
      vertex -0.522893 -0.140109 -0.15748
      vertex -0.533114 -0.0940025 0.15748
      vertex -0.533114 -0.0940025 -0.15748
    endloop
  endfacet
  facet normal -0.991445 -0.130526 0
    outer loop
      vertex -0.533114 -0.0940025 0.15748
      vertex -0.539279 -0.0471808 0.15748
      vertex -0.533114 -0.0940025 -0.15748
    endloop
  endfacet
  facet normal -0.991445 -0.130526 0
    outer loop
      vertex -0.533114 -0.0940025 -0.15748
      vertex -0.539279 -0.0471808 0.15748
      vertex -0.539279 -0.0471808 -0.15748
    endloop
  endfacet
  facet normal -0.999048 -0.0436192 0
    outer loop
      vertex -0.539279 -0.0471808 0.15748
      vertex -0.541339 3.31474e-17 0.15748
      vertex -0.539279 -0.0471808 -0.15748
    endloop
  endfacet
  facet normal -0.999048 -0.0436192 0
    outer loop
      vertex -0.539279 -0.0471808 -0.15748
      vertex -0.541339 3.31474e-17 0.15748
      vertex -0.541339 3.31474e-17 -0.15748
    endloop
  endfacet
  facet normal -0.999048 0.0436192 0
    outer loop
      vertex -0.541339 3.31474e-17 0.15748
      vertex -0.539279 0.0471808 0.15748
      vertex -0.541339 3.31474e-17 -0.15748
    endloop
  endfacet
endsolid Mesh
