solid Mesh
  facet normal 0 0 1
    outer loop
      vertex 0.550829 0.019685 0.413386
      vertex 0.600071 0.019685 0.413386
      vertex 0.547085 0.0670753 0.413386
    endloop
  endfacet
  facet normal 0 0 1
    outer loop
      vertex 0.600071 0.019685 0.413386
      vertex 0.596137 0.0713668 0.413386
      vertex 0.547085 0.0670753 0.413386
    endloop
  endfacet
  facet normal 0 0 1
    outer loop
      vertex 0.547085 0.0670753 0.413386
      vertex 0.596137 0.0713668 0.413386
      vertex 0.53927 0.113967 0.413386
    endloop
  endfacet
  facet normal 0 0 1
    outer loop
      vertex 0.596137 0.0713668 0.413386
      vertex 0.58776 0.122517 0.413386
      vertex 0.53927 0.113967 0.413386
    endloop
  endfacet
  facet normal 0 0 1
    outer loop
      vertex 0.53927 0.113967 0.413386
      vertex 0.58776 0.122517 0.413386
      vertex 0.527444 0.16001 0.413386
    endloop
  endfacet
  facet normal 0 0 1
    outer loop
      vertex 0.58776 0.122517 0.413386
      vertex 0.575003 0.172753 0.413386
      vertex 0.527444 0.16001 0.413386
    endloop
  endfacet
  facet normal 0 0 1
    outer loop
      vertex 0.527444 0.16001 0.413386
      vertex 0.575003 0.172753 0.413386
      vertex 0.511695 0.204863 0.413386
    endloop
  endfacet
  facet normal 0 0 1
    outer loop
      vertex 0.575003 0.172753 0.413386
      vertex 0.557961 0.221703 0.413386
      vertex 0.511695 0.204863 0.413386
    endloop
  endfacet
  facet normal 0 0 1
    outer loop
      vertex 0.511695 0.204863 0.413386
      vertex 0.557961 0.221703 0.413386
      vertex 0.492139 0.248193 0.413386
    endloop
  endfacet
  facet normal 0 0 1
    outer loop
      vertex 0.557961 0.221703 0.413386
      vertex 0.53676 0.269 0.413386
      vertex 0.492139 0.248193 0.413386
    endloop
  endfacet
  facet normal 0 0 1
    outer loop
      vertex 0.492139 0.248193 0.413386
      vertex 0.53676 0.269 0.413386
      vertex 0.468923 0.289676 0.413386
    endloop
  endfacet
  facet normal 0 0 1
    outer loop
      vertex 0.53676 0.269 0.413386
      vertex 0.51156 0.314292 0.413386
      vertex 0.468923 0.289676 0.413386
    endloop
  endfacet
  facet normal 0 0 1
    outer loop
      vertex 0.468923 0.289676 0.413386
      vertex 0.51156 0.314292 0.413386
      vertex 0.442218 0.329004 0.413386
    endloop
  endfacet
  facet normal 0 0 1
    outer loop
      vertex 0.51156 0.314292 0.413386
      vertex 0.482546 0.357242 0.413386
      vertex 0.442218 0.329004 0.413386
    endloop
  endfacet
  facet normal 0 0 1
    outer loop
      vertex 0.442218 0.329004 0.413386
      vertex 0.482546 0.357242 0.413386
      vertex 0.412224 0.365885 0.413386
    endloop
  endfacet
  facet normal 0 0 1
    outer loop
      vertex 0.482546 0.357242 0.413386
      vertex 0.449937 0.39753 0.413386
      vertex 0.412224 0.365885 0.413386
    endloop
  endfacet
  facet normal 0 0 1
    outer loop
      vertex 0.412224 0.365885 0.413386
      vertex 0.449937 0.39753 0.413386
      vertex 0.379163 0.400045 0.413386
    endloop
  endfacet
  facet normal 0 0 1
    outer loop
      vertex 0.449937 0.39753 0.413386
      vertex 0.413974 0.434854 0.413386
      vertex 0.379163 0.400045 0.413386
    endloop
  endfacet
  facet normal 0 0 1
    outer loop
      vertex 0.379163 0.400045 0.413386
      vertex 0.413974 0.434854 0.413386
      vertex 0.343283 0.431228 0.413386
    endloop
  endfacet
  facet normal 0 0 1
    outer loop
      vertex 0.413974 0.434854 0.413386
      vertex 0.374926 0.468939 0.413386
      vertex 0.343283 0.431228 0.413386
    endloop
  endfacet
  facet normal 0 0 1
    outer loop
      vertex 0.343283 0.431228 0.413386
      vertex 0.374926 0.468939 0.413386
      vertex 0.304848 0.459204 0.413386
    endloop
  endfacet
  facet normal 0 0 1
    outer loop
      vertex 0.374926 0.468939 0.413386
      vertex 0.333083 0.499528 0.413386
      vertex 0.304848 0.459204 0.413386
    endloop
  endfacet
  facet normal 0 0 1
    outer loop
      vertex 0.304848 0.459204 0.413386
      vertex 0.333083 0.499528 0.413386
      vertex 0.264146 0.483764 0.413386
    endloop
  endfacet
  facet normal 0 0 1
    outer loop
      vertex 0.333083 0.499528 0.413386
      vertex 0.288759 0.526394 0.413386
      vertex 0.264146 0.483764 0.413386
    endloop
  endfacet
  facet normal 0 0 1
    outer loop
      vertex 0.264146 0.483764 0.413386
      vertex 0.288759 0.526394 0.413386
      vertex 0.221479 0.504725 0.413386
    endloop
  endfacet
  facet normal 0 0 1
    outer loop
      vertex 0.288759 0.526394 0.413386
      vertex 0.242282 0.549338 0.413386
      vertex 0.221479 0.504725 0.413386
    endloop
  endfacet
  facet normal 0 0 1
    outer loop
      vertex 0.221479 0.504725 0.413386
      vertex 0.242282 0.549338 0.413386
      vertex 0.177164 0.521932 0.413386
    endloop
  endfacet
  facet normal 0 0 1
    outer loop
      vertex 0.242282 0.549338 0.413386
      vertex 0.194 0.568187 0.413386
      vertex 0.177164 0.521932 0.413386
    endloop
  endfacet
  facet normal 0 0 1
    outer loop
      vertex 0.177164 0.521932 0.413386
      vertex 0.194 0.568187 0.413386
      vertex 0.131532 0.535257 0.413386
    endloop
  endfacet
  facet normal 0 0 1
    outer loop
      vertex 0.194 0.568187 0.413386
      vertex 0.144272 0.582802 0.413386
      vertex 0.131532 0.535257 0.413386
    endloop
  endfacet
  facet normal 0 0 1
    outer loop
      vertex 0.131532 0.535257 0.413386
      vertex 0.144272 0.582802 0.413386
      vertex 0.0849212 0.5446 0.413386
    endloop
  endfacet
  facet normal 0 0 1
    outer loop
      vertex 0.144272 0.582802 0.413386
      vertex 0.0934687 0.593074 0.413386
      vertex 0.0849212 0.5446 0.413386
    endloop
  endfacet
  facet normal 0 0 1
    outer loop
      vertex 0.0849212 0.5446 0.413386
      vertex 0.0934687 0.593074 0.413386
      vertex 0.0376787 0.549892 0.413386
    endloop
  endfacet
  facet normal 0 0 1
    outer loop
      vertex 0.0934687 0.593074 0.413386
      vertex 0.0419688 0.598925 0.413386
      vertex 0.0376787 0.549892 0.413386
    endloop
  endfacet
  facet normal 0 0 1
    outer loop
      vertex 0.0376787 0.549892 0.413386
      vertex 0.0419688 0.598925 0.413386
      vertex -0.00984409 0.551093 0.413386
    endloop
  endfacet
  facet normal 0 0 1
    outer loop
      vertex 0.0419688 0.598925 0.413386
      vertex -0.00984384 0.600313 0.413386
      vertex -0.00984409 0.551093 0.413386
    endloop
  endfacet
  facet normal 0 0 1
    outer loop
      vertex -0.00984409 0.551093 0.413386
      vertex -0.00984384 0.600313 0.413386
      vertex -0.0572936 0.548195 0.413386
    endloop
  endfacet
  facet normal 0 0 1
    outer loop
      vertex -0.00984384 0.600313 0.413386
      vertex -0.0615831 0.597227 0.413386
      vertex -0.0572936 0.548195 0.413386
    endloop
  endfacet
  facet normal 0 0 1
    outer loop
      vertex -0.0572936 0.548195 0.413386
      vertex -0.0615831 0.597227 0.413386
      vertex -0.104317 0.54122 0.413386
    endloop
  endfacet
  facet normal 0 0 1
    outer loop
      vertex -0.0615831 0.597227 0.413386
      vertex -0.112863 0.58969 0.413386
      vertex -0.104317 0.54122 0.413386
    endloop
  endfacet
  facet normal 0 0 1
    outer loop
      vertex -0.104317 0.54122 0.413386
      vertex -0.112863 0.58969 0.413386
      vertex -0.150564 0.530218 0.413386
    endloop
  endfacet
  facet normal 0 0 1
    outer loop
      vertex -0.112863 0.58969 0.413386
      vertex -0.163303 0.577758 0.413386
      vertex -0.150564 0.530218 0.413386
    endloop
  endfacet
  facet normal 0 0 1
    outer loop
      vertex -0.150564 0.530218 0.413386
      vertex -0.163303 0.577758 0.413386
      vertex -0.195692 0.515272 0.413386
    endloop
  endfacet
  facet normal 0 0 1
    outer loop
      vertex -0.163303 0.577758 0.413386
      vertex -0.212525 0.561521 0.413386
      vertex -0.195692 0.515272 0.413386
    endloop
  endfacet
  facet normal 0 0 1
    outer loop
      vertex -0.195692 0.515272 0.413386
      vertex -0.212525 0.561521 0.413386
      vertex -0.239363 0.496493 0.413386
    endloop
  endfacet
  facet normal 0 0 1
    outer loop
      vertex -0.212525 0.561521 0.413386
      vertex -0.260163 0.541099 0.413386
      vertex -0.239363 0.496493 0.413386
    endloop
  endfacet
  facet normal 0 0 1
    outer loop
      vertex -0.239363 0.496493 0.413386
      vertex -0.260163 0.541099 0.413386
      vertex -0.281255 0.474022 0.413386
    endloop
  endfacet
  facet normal 0 0 1
    outer loop
      vertex -0.260163 0.541099 0.413386
      vertex -0.305862 0.516644 0.413386
      vertex -0.281255 0.474022 0.413386
    endloop
  endfacet
  facet normal 0 0 1
    outer loop
      vertex -0.281255 0.474022 0.413386
      vertex -0.305862 0.516644 0.413386
      vertex -0.321054 0.448024 0.413386
    endloop
  endfacet
  facet normal 0 0 1
    outer loop
      vertex -0.305862 0.516644 0.413386
      vertex -0.349282 0.488338 0.413386
      vertex -0.321054 0.448024 0.413386
    endloop
  endfacet
  facet normal 0 0 1
    outer loop
      vertex -0.321054 0.448024 0.413386
      vertex -0.349282 0.488338 0.413386
      vertex -0.358465 0.418693 0.413386
    endloop
  endfacet
  facet normal 0 0 1
    outer loop
      vertex -0.349282 0.488338 0.413386
      vertex -0.390099 0.456394 0.413386
      vertex -0.358465 0.418693 0.413386
    endloop
  endfacet
  facet normal 0 0 1
    outer loop
      vertex -0.358465 0.418693 0.413386
      vertex -0.390099 0.456394 0.413386
      vertex -0.393209 0.386248 0.413386
    endloop
  endfacet
  facet normal 0 0 1
    outer loop
      vertex -0.390099 0.456394 0.413386
      vertex -0.428009 0.421048 0.413386
      vertex -0.393209 0.386248 0.413386
    endloop
  endfacet
  facet normal 0 0 1
    outer loop
      vertex -0.393209 0.386248 0.413386
      vertex -0.428009 0.421048 0.413386
      vertex -0.425028 0.35093 0.413386
    endloop
  endfacet
  facet normal 0 0 1
    outer loop
      vertex -0.428009 0.421048 0.413386
      vertex -0.462728 0.382564 0.413386
      vertex -0.425028 0.35093 0.413386
    endloop
  endfacet
  facet normal 0 0 1
    outer loop
      vertex -0.425028 0.35093 0.413386
      vertex -0.462728 0.382564 0.413386
      vertex -0.453686 0.313001 0.413386
    endloop
  endfacet
  facet normal 0 0 1
    outer loop
      vertex -0.462728 0.382564 0.413386
      vertex -0.494 0.341229 0.413386
      vertex -0.453686 0.313001 0.413386
    endloop
  endfacet
  facet normal 0 0 1
    outer loop
      vertex -0.453686 0.313001 0.413386
      vertex -0.494 0.341229 0.413386
      vertex -0.478969 0.272744 0.413386
    endloop
  endfacet
  facet normal 0 0 1
    outer loop
      vertex -0.494 0.341229 0.413386
      vertex -0.521589 0.297351 0.413386
      vertex -0.478969 0.272744 0.413386
    endloop
  endfacet
  facet normal 0 0 1
    outer loop
      vertex -0.478969 0.272744 0.413386
      vertex -0.521589 0.297351 0.413386
      vertex -0.500689 0.230458 0.413386
    endloop
  endfacet
  facet normal 0 0 1
    outer loop
      vertex -0.521589 0.297351 0.413386
      vertex -0.545291 0.251256 0.413386
      vertex -0.500689 0.230458 0.413386
    endloop
  endfacet
  facet normal 0 0 1
    outer loop
      vertex -0.500689 0.230458 0.413386
      vertex -0.545291 0.251256 0.413386
      vertex -0.518685 0.186458 0.413386
    endloop
  endfacet
  facet normal 0 0 1
    outer loop
      vertex -0.545291 0.251256 0.413386
      vertex -0.56493 0.20329 0.413386
      vertex -0.518685 0.186458 0.413386
    endloop
  endfacet
  facet normal 0 0 1
    outer loop
      vertex -0.518685 0.186458 0.413386
      vertex -0.56493 0.20329 0.413386
      vertex -0.532822 0.141071 0.413386
    endloop
  endfacet
  facet normal 0 0 1
    outer loop
      vertex -0.56493 0.20329 0.413386
      vertex -0.580358 0.153808 0.413386
      vertex -0.532822 0.141071 0.413386
    endloop
  endfacet
  facet normal 0 0 1
    outer loop
      vertex -0.532822 0.141071 0.413386
      vertex -0.580358 0.153808 0.413386
      vertex -0.542996 0.0946342 0.413386
    endloop
  endfacet
  facet normal 0 0 1
    outer loop
      vertex -0.580358 0.153808 0.413386
      vertex -0.591461 0.10318 0.413386
      vertex -0.542996 0.0946342 0.413386
    endloop
  endfacet
  facet normal 0 0 1
    outer loop
      vertex -0.542996 0.0946342 0.413386
      vertex -0.591461 0.10318 0.413386
      vertex -0.549131 0.0474937 0.413386
    endloop
  endfacet
  facet normal 0 0 1
    outer loop
      vertex -0.591461 0.10318 0.413386
      vertex -0.598156 0.0517829 0.413386
      vertex -0.549131 0.0474937 0.413386
    endloop
  endfacet
  facet normal 0 0 1
    outer loop
      vertex -0.549131 0.0474937 0.413386
      vertex -0.598156 0.0517829 0.413386
      vertex -0.551181 -3.33085e-16 0.413386
    endloop
  endfacet
  facet normal 0 0 1
    outer loop
      vertex -0.598156 0.0517829 0.413386
      vertex -0.600394 7.3527e-17 0.413386
      vertex -0.551181 -3.33085e-16 0.413386
    endloop
  endfacet
  facet normal 0 0 1
    outer loop
      vertex -0.551181 -3.33085e-16 0.413386
      vertex -0.600394 7.3527e-17 0.413386
      vertex -0.549131 -0.0474937 0.413386
    endloop
  endfacet
  facet normal 0 0 1
    outer loop
      vertex -0.600394 7.3527e-17 0.413386
      vertex -0.598156 -0.0517829 0.413386
      vertex -0.549131 -0.0474937 0.413386
    endloop
  endfacet
  facet normal 0 0 1
    outer loop
      vertex -0.549131 -0.0474937 0.413386
      vertex -0.598156 -0.0517829 0.413386
      vertex -0.542996 -0.0946342 0.413386
    endloop
  endfacet
  facet normal 0 0 1
    outer loop
      vertex -0.598156 -0.0517829 0.413386
      vertex -0.591461 -0.10318 0.413386
      vertex -0.542996 -0.0946342 0.413386
    endloop
  endfacet
  facet normal 0 0 1
    outer loop
      vertex -0.542996 -0.0946342 0.413386
      vertex -0.591461 -0.10318 0.413386
      vertex -0.532822 -0.141071 0.413386
    endloop
  endfacet
  facet normal 0 0 1
    outer loop
      vertex -0.591461 -0.10318 0.413386
      vertex -0.580358 -0.153808 0.413386
      vertex -0.532822 -0.141071 0.413386
    endloop
  endfacet
  facet normal 0 0 1
    outer loop
      vertex -0.532822 -0.141071 0.413386
      vertex -0.580358 -0.153808 0.413386
      vertex -0.518685 -0.186458 0.413386
    endloop
  endfacet
  facet normal 0 0 1
    outer loop
      vertex -0.580358 -0.153808 0.413386
      vertex -0.56493 -0.20329 0.413386
      vertex -0.518685 -0.186458 0.413386
    endloop
  endfacet
  facet normal 0 0 1
    outer loop
      vertex -0.518685 -0.186458 0.413386
      vertex -0.56493 -0.20329 0.413386
      vertex -0.500689 -0.230458 0.413386
    endloop
  endfacet
  facet normal 0 0 1
    outer loop
      vertex -0.56493 -0.20329 0.413386
      vertex -0.545291 -0.251256 0.413386
      vertex -0.500689 -0.230458 0.413386
    endloop
  endfacet
  facet normal 0 0 1
    outer loop
      vertex -0.500689 -0.230458 0.413386
      vertex -0.545291 -0.251256 0.413386
      vertex -0.478969 -0.272744 0.413386
    endloop
  endfacet
  facet normal 0 0 1
    outer loop
      vertex -0.545291 -0.251256 0.413386
      vertex -0.521589 -0.297351 0.413386
      vertex -0.478969 -0.272744 0.413386
    endloop
  endfacet
  facet normal 0 0 1
    outer loop
      vertex -0.478969 -0.272744 0.413386
      vertex -0.521589 -0.297351 0.413386
      vertex -0.453686 -0.313001 0.413386
    endloop
  endfacet
  facet normal 0 0 1
    outer loop
      vertex -0.521589 -0.297351 0.413386
      vertex -0.494 -0.341229 0.413386
      vertex -0.453686 -0.313001 0.413386
    endloop
  endfacet
  facet normal 0 0 1
    outer loop
      vertex -0.453686 -0.313001 0.413386
      vertex -0.494 -0.341229 0.413386
      vertex -0.425028 -0.35093 0.413386
    endloop
  endfacet
  facet normal 0 0 1
    outer loop
      vertex -0.494 -0.341229 0.413386
      vertex -0.462728 -0.382564 0.413386
      vertex -0.425028 -0.35093 0.413386
    endloop
  endfacet
  facet normal 0 0 1
    outer loop
      vertex -0.425028 -0.35093 0.413386
      vertex -0.462728 -0.382564 0.413386
      vertex -0.393209 -0.386248 0.413386
    endloop
  endfacet
  facet normal 0 0 1
    outer loop
      vertex -0.462728 -0.382564 0.413386
      vertex -0.428009 -0.421048 0.413386
      vertex -0.393209 -0.386248 0.413386
    endloop
  endfacet
  facet normal 0 0 1
    outer loop
      vertex -0.393209 -0.386248 0.413386
      vertex -0.428009 -0.421048 0.413386
      vertex -0.358465 -0.418693 0.413386
    endloop
  endfacet
  facet normal 0 0 1
    outer loop
      vertex -0.428009 -0.421048 0.413386
      vertex -0.390099 -0.456394 0.413386
      vertex -0.358465 -0.418693 0.413386
    endloop
  endfacet
  facet normal 0 0 1
    outer loop
      vertex -0.358465 -0.418693 0.413386
      vertex -0.390099 -0.456394 0.413386
      vertex -0.321054 -0.448024 0.413386
    endloop
  endfacet
  facet normal 0 0 1
    outer loop
      vertex -0.390099 -0.456394 0.413386
      vertex -0.349282 -0.488338 0.413386
      vertex -0.321054 -0.448024 0.413386
    endloop
  endfacet
  facet normal 0 0 1
    outer loop
      vertex -0.321054 -0.448024 0.413386
      vertex -0.349282 -0.488338 0.413386
      vertex -0.281255 -0.474022 0.413386
    endloop
  endfacet
  facet normal 0 0 1
    outer loop
      vertex -0.349282 -0.488338 0.413386
      vertex -0.305862 -0.516644 0.413386
      vertex -0.281255 -0.474022 0.413386
    endloop
  endfacet
  facet normal 0 0 1
    outer loop
      vertex -0.281255 -0.474022 0.413386
      vertex -0.305862 -0.516644 0.413386
      vertex -0.239363 -0.496493 0.413386
    endloop
  endfacet
  facet normal 0 0 1
    outer loop
      vertex -0.305862 -0.516644 0.413386
      vertex -0.260163 -0.541099 0.413386
      vertex -0.239363 -0.496493 0.413386
    endloop
  endfacet
  facet normal 0 0 1
    outer loop
      vertex -0.239363 -0.496493 0.413386
      vertex -0.260163 -0.541099 0.413386
      vertex -0.195692 -0.515272 0.413386
    endloop
  endfacet
  facet normal 0 0 1
    outer loop
      vertex -0.260163 -0.541099 0.413386
      vertex -0.212525 -0.561521 0.413386
      vertex -0.195692 -0.515272 0.413386
    endloop
  endfacet
  facet normal 0 0 1
    outer loop
      vertex -0.195692 -0.515272 0.413386
      vertex -0.212525 -0.561521 0.413386
      vertex -0.150564 -0.530218 0.413386
    endloop
  endfacet
  facet normal 0 0 1
    outer loop
      vertex -0.212525 -0.561521 0.413386
      vertex -0.163303 -0.577758 0.413386
      vertex -0.150564 -0.530218 0.413386
    endloop
  endfacet
  facet normal 0 0 1
    outer loop
      vertex -0.150564 -0.530218 0.413386
      vertex -0.163303 -0.577758 0.413386
      vertex -0.104317 -0.54122 0.413386
    endloop
  endfacet
  facet normal 0 0 1
    outer loop
      vertex -0.163303 -0.577758 0.413386
      vertex -0.112863 -0.58969 0.413386
      vertex -0.104317 -0.54122 0.413386
    endloop
  endfacet
  facet normal 0 0 1
    outer loop
      vertex -0.104317 -0.54122 0.413386
      vertex -0.112863 -0.58969 0.413386
      vertex -0.0572936 -0.548195 0.413386
    endloop
  endfacet
  facet normal 0 0 1
    outer loop
      vertex -0.112863 -0.58969 0.413386
      vertex -0.0615831 -0.597227 0.413386
      vertex -0.0572936 -0.548195 0.413386
    endloop
  endfacet
  facet normal 0 0 1
    outer loop
      vertex -0.0572936 -0.548195 0.413386
      vertex -0.0615831 -0.597227 0.413386
      vertex -0.00984409 -0.551093 0.413386
    endloop
  endfacet
  facet normal 0 0 1
    outer loop
      vertex -0.0615831 -0.597227 0.413386
      vertex -0.00984384 -0.600313 0.413386
      vertex -0.00984409 -0.551093 0.413386
    endloop
  endfacet
  facet normal 0 0 1
    outer loop
      vertex -0.00984409 -0.551093 0.413386
      vertex -0.00984384 -0.600313 0.413386
      vertex 0.0376787 -0.549892 0.413386
    endloop
  endfacet
  facet normal 0 0 1
    outer loop
      vertex -0.00984384 -0.600313 0.413386
      vertex 0.0419688 -0.598925 0.413386
      vertex 0.0376787 -0.549892 0.413386
    endloop
  endfacet
  facet normal 0 0 1
    outer loop
      vertex 0.0376787 -0.549892 0.413386
      vertex 0.0419688 -0.598925 0.413386
      vertex 0.0849212 -0.5446 0.413386
    endloop
  endfacet
  facet normal 0 0 1
    outer loop
      vertex 0.0419688 -0.598925 0.413386
      vertex 0.0934687 -0.593074 0.413386
      vertex 0.0849212 -0.5446 0.413386
    endloop
  endfacet
  facet normal 0 0 1
    outer loop
      vertex 0.0849212 -0.5446 0.413386
      vertex 0.0934687 -0.593074 0.413386
      vertex 0.131532 -0.535257 0.413386
    endloop
  endfacet
  facet normal 0 0 1
    outer loop
      vertex 0.0934687 -0.593074 0.413386
      vertex 0.144272 -0.582802 0.413386
      vertex 0.131532 -0.535257 0.413386
    endloop
  endfacet
  facet normal 0 0 1
    outer loop
      vertex 0.131532 -0.535257 0.413386
      vertex 0.144272 -0.582802 0.413386
      vertex 0.177164 -0.521932 0.413386
    endloop
  endfacet
  facet normal 0 0 1
    outer loop
      vertex 0.144272 -0.582802 0.413386
      vertex 0.194 -0.568187 0.413386
      vertex 0.177164 -0.521932 0.413386
    endloop
  endfacet
  facet normal 0 0 1
    outer loop
      vertex 0.177164 -0.521932 0.413386
      vertex 0.194 -0.568187 0.413386
      vertex 0.221479 -0.504725 0.413386
    endloop
  endfacet
  facet normal 0 0 1
    outer loop
      vertex 0.194 -0.568187 0.413386
      vertex 0.242282 -0.549338 0.413386
      vertex 0.221479 -0.504725 0.413386
    endloop
  endfacet
  facet normal 0 0 1
    outer loop
      vertex 0.221479 -0.504725 0.413386
      vertex 0.242282 -0.549338 0.413386
      vertex 0.264146 -0.483764 0.413386
    endloop
  endfacet
  facet normal 0 0 1
    outer loop
      vertex 0.242282 -0.549338 0.413386
      vertex 0.288759 -0.526394 0.413386
      vertex 0.264146 -0.483764 0.413386
    endloop
  endfacet
  facet normal 0 0 1
    outer loop
      vertex 0.264146 -0.483764 0.413386
      vertex 0.288759 -0.526394 0.413386
      vertex 0.304848 -0.459204 0.413386
    endloop
  endfacet
  facet normal 0 0 1
    outer loop
      vertex 0.288759 -0.526394 0.413386
      vertex 0.333083 -0.499528 0.413386
      vertex 0.304848 -0.459204 0.413386
    endloop
  endfacet
  facet normal 0 0 1
    outer loop
      vertex 0.304848 -0.459204 0.413386
      vertex 0.333083 -0.499528 0.413386
      vertex 0.343283 -0.431228 0.413386
    endloop
  endfacet
  facet normal 0 0 1
    outer loop
      vertex 0.333083 -0.499528 0.413386
      vertex 0.374926 -0.468939 0.413386
      vertex 0.343283 -0.431228 0.413386
    endloop
  endfacet
  facet normal 0 0 1
    outer loop
      vertex 0.343283 -0.431228 0.413386
      vertex 0.374926 -0.468939 0.413386
      vertex 0.379163 -0.400045 0.413386
    endloop
  endfacet
  facet normal 0 0 1
    outer loop
      vertex 0.374926 -0.468939 0.413386
      vertex 0.413974 -0.434854 0.413386
      vertex 0.379163 -0.400045 0.413386
    endloop
  endfacet
  facet normal 0 0 1
    outer loop
      vertex 0.379163 -0.400045 0.413386
      vertex 0.413974 -0.434854 0.413386
      vertex 0.412224 -0.365885 0.413386
    endloop
  endfacet
  facet normal 0 0 1
    outer loop
      vertex 0.413974 -0.434854 0.413386
      vertex 0.449937 -0.39753 0.413386
      vertex 0.412224 -0.365885 0.413386
    endloop
  endfacet
  facet normal 0 0 1
    outer loop
      vertex 0.412224 -0.365885 0.413386
      vertex 0.449937 -0.39753 0.413386
      vertex 0.442218 -0.329004 0.413386
    endloop
  endfacet
  facet normal 0 0 1
    outer loop
      vertex 0.449937 -0.39753 0.413386
      vertex 0.482546 -0.357242 0.413386
      vertex 0.442218 -0.329004 0.413386
    endloop
  endfacet
  facet normal 0 0 1
    outer loop
      vertex 0.442218 -0.329004 0.413386
      vertex 0.482546 -0.357242 0.413386
      vertex 0.468923 -0.289676 0.413386
    endloop
  endfacet
  facet normal 0 0 1
    outer loop
      vertex 0.482546 -0.357242 0.413386
      vertex 0.51156 -0.314292 0.413386
      vertex 0.468923 -0.289676 0.413386
    endloop
  endfacet
  facet normal 0 0 1
    outer loop
      vertex 0.468923 -0.289676 0.413386
      vertex 0.51156 -0.314292 0.413386
      vertex 0.492139 -0.248193 0.413386
    endloop
  endfacet
  facet normal 0 0 1
    outer loop
      vertex 0.51156 -0.314292 0.413386
      vertex 0.53676 -0.269 0.413386
      vertex 0.492139 -0.248193 0.413386
    endloop
  endfacet
  facet normal 0 0 1
    outer loop
      vertex 0.492139 -0.248193 0.413386
      vertex 0.53676 -0.269 0.413386
      vertex 0.511695 -0.204863 0.413386
    endloop
  endfacet
  facet normal 0 0 1
    outer loop
      vertex 0.53676 -0.269 0.413386
      vertex 0.557961 -0.221703 0.413386
      vertex 0.511695 -0.204863 0.413386
    endloop
  endfacet
  facet normal 0 0 1
    outer loop
      vertex 0.511695 -0.204863 0.413386
      vertex 0.557961 -0.221703 0.413386
      vertex 0.527444 -0.16001 0.413386
    endloop
  endfacet
  facet normal 0 0 1
    outer loop
      vertex 0.557961 -0.221703 0.413386
      vertex 0.575003 -0.172753 0.413386
      vertex 0.527444 -0.16001 0.413386
    endloop
  endfacet
  facet normal 0 0 1
    outer loop
      vertex 0.527444 -0.16001 0.413386
      vertex 0.575003 -0.172753 0.413386
      vertex 0.53927 -0.113967 0.413386
    endloop
  endfacet
  facet normal 0 0 1
    outer loop
      vertex 0.575003 -0.172753 0.413386
      vertex 0.58776 -0.122517 0.413386
      vertex 0.53927 -0.113967 0.413386
    endloop
  endfacet
  facet normal 0 0 1
    outer loop
      vertex 0.53927 -0.113967 0.413386
      vertex 0.58776 -0.122517 0.413386
      vertex 0.547085 -0.0670753 0.413386
    endloop
  endfacet
  facet normal 0 0 1
    outer loop
      vertex 0.58776 -0.122517 0.413386
      vertex 0.596137 -0.0713668 0.413386
      vertex 0.547085 -0.0670753 0.413386
    endloop
  endfacet
  facet normal 0 0 1
    outer loop
      vertex 0.547085 -0.0670753 0.413386
      vertex 0.596137 -0.0713668 0.413386
      vertex 0.550829 -0.019685 0.413386
    endloop
  endfacet
  facet normal 0 0 1
    outer loop
      vertex 0.596137 -0.0713668 0.413386
      vertex 0.600071 -0.019685 0.413386
      vertex 0.550829 -0.019685 0.413386
    endloop
  endfacet
  facet normal 0 0 -1
    outer loop
      vertex 0.550829 -0.019685 0.354331
      vertex 0.600071 -0.019685 0.354331
      vertex 0.547085 -0.0670753 0.354331
    endloop
  endfacet
  facet normal 0 0 -1
    outer loop
      vertex 0.600071 -0.019685 0.354331
      vertex 0.596137 -0.0713668 0.354331
      vertex 0.547085 -0.0670753 0.354331
    endloop
  endfacet
  facet normal 0 0 -1
    outer loop
      vertex 0.547085 -0.0670753 0.354331
      vertex 0.596137 -0.0713668 0.354331
      vertex 0.53927 -0.113967 0.354331
    endloop
  endfacet
  facet normal 0 0 -1
    outer loop
      vertex 0.596137 -0.0713668 0.354331
      vertex 0.58776 -0.122517 0.354331
      vertex 0.53927 -0.113967 0.354331
    endloop
  endfacet
  facet normal 0 0 -1
    outer loop
      vertex 0.53927 -0.113967 0.354331
      vertex 0.58776 -0.122517 0.354331
      vertex 0.527444 -0.16001 0.354331
    endloop
  endfacet
  facet normal 0 0 -1
    outer loop
      vertex 0.58776 -0.122517 0.354331
      vertex 0.575003 -0.172753 0.354331
      vertex 0.527444 -0.16001 0.354331
    endloop
  endfacet
  facet normal 0 0 -1
    outer loop
      vertex 0.527444 -0.16001 0.354331
      vertex 0.575003 -0.172753 0.354331
      vertex 0.511695 -0.204863 0.354331
    endloop
  endfacet
  facet normal 0 0 -1
    outer loop
      vertex 0.575003 -0.172753 0.354331
      vertex 0.557961 -0.221703 0.354331
      vertex 0.511695 -0.204863 0.354331
    endloop
  endfacet
  facet normal 0 0 -1
    outer loop
      vertex 0.511695 -0.204863 0.354331
      vertex 0.557961 -0.221703 0.354331
      vertex 0.492139 -0.248193 0.354331
    endloop
  endfacet
  facet normal 0 0 -1
    outer loop
      vertex 0.557961 -0.221703 0.354331
      vertex 0.53676 -0.269 0.354331
      vertex 0.492139 -0.248193 0.354331
    endloop
  endfacet
  facet normal 0 0 -1
    outer loop
      vertex 0.492139 -0.248193 0.354331
      vertex 0.53676 -0.269 0.354331
      vertex 0.468923 -0.289676 0.354331
    endloop
  endfacet
  facet normal 0 0 -1
    outer loop
      vertex 0.53676 -0.269 0.354331
      vertex 0.51156 -0.314292 0.354331
      vertex 0.468923 -0.289676 0.354331
    endloop
  endfacet
  facet normal 0 0 -1
    outer loop
      vertex 0.468923 -0.289676 0.354331
      vertex 0.51156 -0.314292 0.354331
      vertex 0.442218 -0.329004 0.354331
    endloop
  endfacet
  facet normal 0 0 -1
    outer loop
      vertex 0.51156 -0.314292 0.354331
      vertex 0.482546 -0.357242 0.354331
      vertex 0.442218 -0.329004 0.354331
    endloop
  endfacet
  facet normal 0 0 -1
    outer loop
      vertex 0.442218 -0.329004 0.354331
      vertex 0.482546 -0.357242 0.354331
      vertex 0.412224 -0.365885 0.354331
    endloop
  endfacet
  facet normal 0 0 -1
    outer loop
      vertex 0.482546 -0.357242 0.354331
      vertex 0.449937 -0.39753 0.354331
      vertex 0.412224 -0.365885 0.354331
    endloop
  endfacet
  facet normal 0 0 -1
    outer loop
      vertex 0.412224 -0.365885 0.354331
      vertex 0.449937 -0.39753 0.354331
      vertex 0.379163 -0.400045 0.354331
    endloop
  endfacet
  facet normal 0 0 -1
    outer loop
      vertex 0.449937 -0.39753 0.354331
      vertex 0.413974 -0.434854 0.354331
      vertex 0.379163 -0.400045 0.354331
    endloop
  endfacet
  facet normal 0 0 -1
    outer loop
      vertex 0.379163 -0.400045 0.354331
      vertex 0.413974 -0.434854 0.354331
      vertex 0.343283 -0.431228 0.354331
    endloop
  endfacet
  facet normal 0 0 -1
    outer loop
      vertex 0.413974 -0.434854 0.354331
      vertex 0.374926 -0.468939 0.354331
      vertex 0.343283 -0.431228 0.354331
    endloop
  endfacet
  facet normal 0 0 -1
    outer loop
      vertex 0.343283 -0.431228 0.354331
      vertex 0.374926 -0.468939 0.354331
      vertex 0.304848 -0.459204 0.354331
    endloop
  endfacet
  facet normal 0 0 -1
    outer loop
      vertex 0.374926 -0.468939 0.354331
      vertex 0.333083 -0.499528 0.354331
      vertex 0.304848 -0.459204 0.354331
    endloop
  endfacet
  facet normal 0 0 -1
    outer loop
      vertex 0.304848 -0.459204 0.354331
      vertex 0.333083 -0.499528 0.354331
      vertex 0.264146 -0.483764 0.354331
    endloop
  endfacet
  facet normal 0 0 -1
    outer loop
      vertex 0.333083 -0.499528 0.354331
      vertex 0.288759 -0.526394 0.354331
      vertex 0.264146 -0.483764 0.354331
    endloop
  endfacet
  facet normal 0 0 -1
    outer loop
      vertex 0.264146 -0.483764 0.354331
      vertex 0.288759 -0.526394 0.354331
      vertex 0.221479 -0.504725 0.354331
    endloop
  endfacet
  facet normal 0 0 -1
    outer loop
      vertex 0.288759 -0.526394 0.354331
      vertex 0.242282 -0.549338 0.354331
      vertex 0.221479 -0.504725 0.354331
    endloop
  endfacet
  facet normal 0 0 -1
    outer loop
      vertex 0.221479 -0.504725 0.354331
      vertex 0.242282 -0.549338 0.354331
      vertex 0.177164 -0.521932 0.354331
    endloop
  endfacet
  facet normal 0 0 -1
    outer loop
      vertex 0.242282 -0.549338 0.354331
      vertex 0.194 -0.568187 0.354331
      vertex 0.177164 -0.521932 0.354331
    endloop
  endfacet
  facet normal 0 0 -1
    outer loop
      vertex 0.177164 -0.521932 0.354331
      vertex 0.194 -0.568187 0.354331
      vertex 0.131532 -0.535257 0.354331
    endloop
  endfacet
  facet normal 0 0 -1
    outer loop
      vertex 0.194 -0.568187 0.354331
      vertex 0.144272 -0.582802 0.354331
      vertex 0.131532 -0.535257 0.354331
    endloop
  endfacet
  facet normal 0 0 -1
    outer loop
      vertex 0.131532 -0.535257 0.354331
      vertex 0.144272 -0.582802 0.354331
      vertex 0.0849212 -0.5446 0.354331
    endloop
  endfacet
  facet normal 0 0 -1
    outer loop
      vertex 0.144272 -0.582802 0.354331
      vertex 0.0934687 -0.593074 0.354331
      vertex 0.0849212 -0.5446 0.354331
    endloop
  endfacet
  facet normal 0 0 -1
    outer loop
      vertex 0.0849212 -0.5446 0.354331
      vertex 0.0934687 -0.593074 0.354331
      vertex 0.0376787 -0.549892 0.354331
    endloop
  endfacet
  facet normal 0 0 -1
    outer loop
      vertex 0.0934687 -0.593074 0.354331
      vertex 0.0419688 -0.598925 0.354331
      vertex 0.0376787 -0.549892 0.354331
    endloop
  endfacet
  facet normal 0 0 -1
    outer loop
      vertex 0.0376787 -0.549892 0.354331
      vertex 0.0419688 -0.598925 0.354331
      vertex -0.00984409 -0.551093 0.354331
    endloop
  endfacet
  facet normal 0 0 -1
    outer loop
      vertex 0.0419688 -0.598925 0.354331
      vertex -0.00984384 -0.600313 0.354331
      vertex -0.00984409 -0.551093 0.354331
    endloop
  endfacet
  facet normal 0 0 -1
    outer loop
      vertex -0.00984409 -0.551093 0.354331
      vertex -0.00984384 -0.600313 0.354331
      vertex -0.0572936 -0.548195 0.354331
    endloop
  endfacet
  facet normal 0 0 -1
    outer loop
      vertex -0.00984384 -0.600313 0.354331
      vertex -0.0615831 -0.597227 0.354331
      vertex -0.0572936 -0.548195 0.354331
    endloop
  endfacet
  facet normal 0 0 -1
    outer loop
      vertex -0.0572936 -0.548195 0.354331
      vertex -0.0615831 -0.597227 0.354331
      vertex -0.104317 -0.54122 0.354331
    endloop
  endfacet
  facet normal 0 0 -1
    outer loop
      vertex -0.0615831 -0.597227 0.354331
      vertex -0.112863 -0.58969 0.354331
      vertex -0.104317 -0.54122 0.354331
    endloop
  endfacet
  facet normal 0 0 -1
    outer loop
      vertex -0.104317 -0.54122 0.354331
      vertex -0.112863 -0.58969 0.354331
      vertex -0.150564 -0.530218 0.354331
    endloop
  endfacet
  facet normal 0 0 -1
    outer loop
      vertex -0.112863 -0.58969 0.354331
      vertex -0.163303 -0.577758 0.354331
      vertex -0.150564 -0.530218 0.354331
    endloop
  endfacet
  facet normal 0 0 -1
    outer loop
      vertex -0.150564 -0.530218 0.354331
      vertex -0.163303 -0.577758 0.354331
      vertex -0.195692 -0.515272 0.354331
    endloop
  endfacet
  facet normal 0 0 -1
    outer loop
      vertex -0.163303 -0.577758 0.354331
      vertex -0.212525 -0.561521 0.354331
      vertex -0.195692 -0.515272 0.354331
    endloop
  endfacet
  facet normal 0 0 -1
    outer loop
      vertex -0.195692 -0.515272 0.354331
      vertex -0.212525 -0.561521 0.354331
      vertex -0.239363 -0.496493 0.354331
    endloop
  endfacet
  facet normal 0 0 -1
    outer loop
      vertex -0.212525 -0.561521 0.354331
      vertex -0.260163 -0.541099 0.354331
      vertex -0.239363 -0.496493 0.354331
    endloop
  endfacet
  facet normal 0 0 -1
    outer loop
      vertex -0.239363 -0.496493 0.354331
      vertex -0.260163 -0.541099 0.354331
      vertex -0.281255 -0.474022 0.354331
    endloop
  endfacet
  facet normal 0 0 -1
    outer loop
      vertex -0.260163 -0.541099 0.354331
      vertex -0.305862 -0.516644 0.354331
      vertex -0.281255 -0.474022 0.354331
    endloop
  endfacet
  facet normal 0 0 -1
    outer loop
      vertex -0.281255 -0.474022 0.354331
      vertex -0.305862 -0.516644 0.354331
      vertex -0.321054 -0.448024 0.354331
    endloop
  endfacet
  facet normal 0 0 -1
    outer loop
      vertex -0.305862 -0.516644 0.354331
      vertex -0.349282 -0.488338 0.354331
      vertex -0.321054 -0.448024 0.354331
    endloop
  endfacet
  facet normal 0 0 -1
    outer loop
      vertex -0.321054 -0.448024 0.354331
      vertex -0.349282 -0.488338 0.354331
      vertex -0.358465 -0.418693 0.354331
    endloop
  endfacet
  facet normal 0 0 -1
    outer loop
      vertex -0.349282 -0.488338 0.354331
      vertex -0.390099 -0.456394 0.354331
      vertex -0.358465 -0.418693 0.354331
    endloop
  endfacet
  facet normal 0 0 -1
    outer loop
      vertex -0.358465 -0.418693 0.354331
      vertex -0.390099 -0.456394 0.354331
      vertex -0.393209 -0.386248 0.354331
    endloop
  endfacet
  facet normal 0 0 -1
    outer loop
      vertex -0.390099 -0.456394 0.354331
      vertex -0.428009 -0.421048 0.354331
      vertex -0.393209 -0.386248 0.354331
    endloop
  endfacet
  facet normal 0 0 -1
    outer loop
      vertex -0.393209 -0.386248 0.354331
      vertex -0.428009 -0.421048 0.354331
      vertex -0.425028 -0.35093 0.354331
    endloop
  endfacet
  facet normal 0 0 -1
    outer loop
      vertex -0.428009 -0.421048 0.354331
      vertex -0.462728 -0.382564 0.354331
      vertex -0.425028 -0.35093 0.354331
    endloop
  endfacet
  facet normal 0 0 -1
    outer loop
      vertex -0.425028 -0.35093 0.354331
      vertex -0.462728 -0.382564 0.354331
      vertex -0.453686 -0.313001 0.354331
    endloop
  endfacet
  facet normal 0 0 -1
    outer loop
      vertex -0.462728 -0.382564 0.354331
      vertex -0.494 -0.341229 0.354331
      vertex -0.453686 -0.313001 0.354331
    endloop
  endfacet
  facet normal 0 0 -1
    outer loop
      vertex -0.453686 -0.313001 0.354331
      vertex -0.494 -0.341229 0.354331
      vertex -0.478969 -0.272744 0.354331
    endloop
  endfacet
  facet normal 0 0 -1
    outer loop
      vertex -0.494 -0.341229 0.354331
      vertex -0.521589 -0.297351 0.354331
      vertex -0.478969 -0.272744 0.354331
    endloop
  endfacet
  facet normal 0 0 -1
    outer loop
      vertex -0.478969 -0.272744 0.354331
      vertex -0.521589 -0.297351 0.354331
      vertex -0.500689 -0.230458 0.354331
    endloop
  endfacet
  facet normal 0 0 -1
    outer loop
      vertex -0.521589 -0.297351 0.354331
      vertex -0.545291 -0.251256 0.354331
      vertex -0.500689 -0.230458 0.354331
    endloop
  endfacet
  facet normal 0 0 -1
    outer loop
      vertex -0.500689 -0.230458 0.354331
      vertex -0.545291 -0.251256 0.354331
      vertex -0.518685 -0.186458 0.354331
    endloop
  endfacet
  facet normal 0 0 -1
    outer loop
      vertex -0.545291 -0.251256 0.354331
      vertex -0.56493 -0.20329 0.354331
      vertex -0.518685 -0.186458 0.354331
    endloop
  endfacet
  facet normal 0 0 -1
    outer loop
      vertex -0.518685 -0.186458 0.354331
      vertex -0.56493 -0.20329 0.354331
      vertex -0.532822 -0.141071 0.354331
    endloop
  endfacet
  facet normal 0 0 -1
    outer loop
      vertex -0.56493 -0.20329 0.354331
      vertex -0.580358 -0.153808 0.354331
      vertex -0.532822 -0.141071 0.354331
    endloop
  endfacet
  facet normal 0 0 -1
    outer loop
      vertex -0.532822 -0.141071 0.354331
      vertex -0.580358 -0.153808 0.354331
      vertex -0.542996 -0.0946342 0.354331
    endloop
  endfacet
  facet normal 0 0 -1
    outer loop
      vertex -0.580358 -0.153808 0.354331
      vertex -0.591461 -0.10318 0.354331
      vertex -0.542996 -0.0946342 0.354331
    endloop
  endfacet
  facet normal 0 0 -1
    outer loop
      vertex -0.542996 -0.0946342 0.354331
      vertex -0.591461 -0.10318 0.354331
      vertex -0.549131 -0.0474937 0.354331
    endloop
  endfacet
  facet normal 0 0 -1
    outer loop
      vertex -0.591461 -0.10318 0.354331
      vertex -0.598156 -0.0517829 0.354331
      vertex -0.549131 -0.0474937 0.354331
    endloop
  endfacet
  facet normal 0 0 -1
    outer loop
      vertex -0.549131 -0.0474937 0.354331
      vertex -0.598156 -0.0517829 0.354331
      vertex -0.551181 -3.33085e-16 0.354331
    endloop
  endfacet
  facet normal 0 0 -1
    outer loop
      vertex -0.598156 -0.0517829 0.354331
      vertex -0.600394 7.3527e-17 0.354331
      vertex -0.551181 -3.33085e-16 0.354331
    endloop
  endfacet
  facet normal 0 0 -1
    outer loop
      vertex -0.551181 -3.33085e-16 0.354331
      vertex -0.600394 7.3527e-17 0.354331
      vertex -0.549131 0.0474937 0.354331
    endloop
  endfacet
  facet normal 0 0 -1
    outer loop
      vertex -0.600394 7.3527e-17 0.354331
      vertex -0.598156 0.0517829 0.354331
      vertex -0.549131 0.0474937 0.354331
    endloop
  endfacet
  facet normal 0 0 -1
    outer loop
      vertex -0.549131 0.0474937 0.354331
      vertex -0.598156 0.0517829 0.354331
      vertex -0.542996 0.0946342 0.354331
    endloop
  endfacet
  facet normal 0 0 -1
    outer loop
      vertex -0.598156 0.0517829 0.354331
      vertex -0.591461 0.10318 0.354331
      vertex -0.542996 0.0946342 0.354331
    endloop
  endfacet
  facet normal 0 0 -1
    outer loop
      vertex -0.542996 0.0946342 0.354331
      vertex -0.591461 0.10318 0.354331
      vertex -0.532822 0.141071 0.354331
    endloop
  endfacet
  facet normal 0 0 -1
    outer loop
      vertex -0.591461 0.10318 0.354331
      vertex -0.580358 0.153808 0.354331
      vertex -0.532822 0.141071 0.354331
    endloop
  endfacet
  facet normal 0 0 -1
    outer loop
      vertex -0.532822 0.141071 0.354331
      vertex -0.580358 0.153808 0.354331
      vertex -0.518685 0.186458 0.354331
    endloop
  endfacet
  facet normal 0 0 -1
    outer loop
      vertex -0.580358 0.153808 0.354331
      vertex -0.56493 0.20329 0.354331
      vertex -0.518685 0.186458 0.354331
    endloop
  endfacet
  facet normal 0 0 -1
    outer loop
      vertex -0.518685 0.186458 0.354331
      vertex -0.56493 0.20329 0.354331
      vertex -0.500689 0.230458 0.354331
    endloop
  endfacet
  facet normal 0 0 -1
    outer loop
      vertex -0.56493 0.20329 0.354331
      vertex -0.545291 0.251256 0.354331
      vertex -0.500689 0.230458 0.354331
    endloop
  endfacet
  facet normal 0 0 -1
    outer loop
      vertex -0.500689 0.230458 0.354331
      vertex -0.545291 0.251256 0.354331
      vertex -0.478969 0.272744 0.354331
    endloop
  endfacet
  facet normal 0 0 -1
    outer loop
      vertex -0.545291 0.251256 0.354331
      vertex -0.521589 0.297351 0.354331
      vertex -0.478969 0.272744 0.354331
    endloop
  endfacet
  facet normal 0 0 -1
    outer loop
      vertex -0.478969 0.272744 0.354331
      vertex -0.521589 0.297351 0.354331
      vertex -0.453686 0.313001 0.354331
    endloop
  endfacet
  facet normal 0 0 -1
    outer loop
      vertex -0.521589 0.297351 0.354331
      vertex -0.494 0.341229 0.354331
      vertex -0.453686 0.313001 0.354331
    endloop
  endfacet
  facet normal 0 0 -1
    outer loop
      vertex -0.453686 0.313001 0.354331
      vertex -0.494 0.341229 0.354331
      vertex -0.425028 0.35093 0.354331
    endloop
  endfacet
  facet normal 0 0 -1
    outer loop
      vertex -0.494 0.341229 0.354331
      vertex -0.462728 0.382564 0.354331
      vertex -0.425028 0.35093 0.354331
    endloop
  endfacet
  facet normal 0 0 -1
    outer loop
      vertex -0.425028 0.35093 0.354331
      vertex -0.462728 0.382564 0.354331
      vertex -0.393209 0.386248 0.354331
    endloop
  endfacet
  facet normal 0 0 -1
    outer loop
      vertex -0.462728 0.382564 0.354331
      vertex -0.428009 0.421048 0.354331
      vertex -0.393209 0.386248 0.354331
    endloop
  endfacet
  facet normal 0 0 -1
    outer loop
      vertex -0.393209 0.386248 0.354331
      vertex -0.428009 0.421048 0.354331
      vertex -0.358465 0.418693 0.354331
    endloop
  endfacet
  facet normal 0 0 -1
    outer loop
      vertex -0.428009 0.421048 0.354331
      vertex -0.390099 0.456394 0.354331
      vertex -0.358465 0.418693 0.354331
    endloop
  endfacet
  facet normal 0 0 -1
    outer loop
      vertex -0.358465 0.418693 0.354331
      vertex -0.390099 0.456394 0.354331
      vertex -0.321054 0.448024 0.354331
    endloop
  endfacet
  facet normal 0 0 -1
    outer loop
      vertex -0.390099 0.456394 0.354331
      vertex -0.349282 0.488338 0.354331
      vertex -0.321054 0.448024 0.354331
    endloop
  endfacet
  facet normal 0 0 -1
    outer loop
      vertex -0.321054 0.448024 0.354331
      vertex -0.349282 0.488338 0.354331
      vertex -0.281255 0.474022 0.354331
    endloop
  endfacet
  facet normal 0 0 -1
    outer loop
      vertex -0.349282 0.488338 0.354331
      vertex -0.305862 0.516644 0.354331
      vertex -0.281255 0.474022 0.354331
    endloop
  endfacet
  facet normal 0 0 -1
    outer loop
      vertex -0.281255 0.474022 0.354331
      vertex -0.305862 0.516644 0.354331
      vertex -0.239363 0.496493 0.354331
    endloop
  endfacet
  facet normal 0 0 -1
    outer loop
      vertex -0.305862 0.516644 0.354331
      vertex -0.260163 0.541099 0.354331
      vertex -0.239363 0.496493 0.354331
    endloop
  endfacet
  facet normal 0 0 -1
    outer loop
      vertex -0.239363 0.496493 0.354331
      vertex -0.260163 0.541099 0.354331
      vertex -0.195692 0.515272 0.354331
    endloop
  endfacet
  facet normal 0 0 -1
    outer loop
      vertex -0.260163 0.541099 0.354331
      vertex -0.212525 0.561521 0.354331
      vertex -0.195692 0.515272 0.354331
    endloop
  endfacet
  facet normal 0 0 -1
    outer loop
      vertex -0.195692 0.515272 0.354331
      vertex -0.212525 0.561521 0.354331
      vertex -0.150564 0.530218 0.354331
    endloop
  endfacet
  facet normal 0 0 -1
    outer loop
      vertex -0.212525 0.561521 0.354331
      vertex -0.163303 0.577758 0.354331
      vertex -0.150564 0.530218 0.354331
    endloop
  endfacet
  facet normal 0 0 -1
    outer loop
      vertex -0.150564 0.530218 0.354331
      vertex -0.163303 0.577758 0.354331
      vertex -0.104317 0.54122 0.354331
    endloop
  endfacet
  facet normal 0 0 -1
    outer loop
      vertex -0.163303 0.577758 0.354331
      vertex -0.112863 0.58969 0.354331
      vertex -0.104317 0.54122 0.354331
    endloop
  endfacet
  facet normal 0 0 -1
    outer loop
      vertex -0.104317 0.54122 0.354331
      vertex -0.112863 0.58969 0.354331
      vertex -0.0572936 0.548195 0.354331
    endloop
  endfacet
  facet normal 0 0 -1
    outer loop
      vertex -0.112863 0.58969 0.354331
      vertex -0.0615831 0.597227 0.354331
      vertex -0.0572936 0.548195 0.354331
    endloop
  endfacet
  facet normal 0 0 -1
    outer loop
      vertex -0.0572936 0.548195 0.354331
      vertex -0.0615831 0.597227 0.354331
      vertex -0.00984409 0.551093 0.354331
    endloop
  endfacet
  facet normal 0 0 -1
    outer loop
      vertex -0.0615831 0.597227 0.354331
      vertex -0.00984384 0.600313 0.354331
      vertex -0.00984409 0.551093 0.354331
    endloop
  endfacet
  facet normal 0 0 -1
    outer loop
      vertex -0.00984409 0.551093 0.354331
      vertex -0.00984384 0.600313 0.354331
      vertex 0.0376787 0.549892 0.354331
    endloop
  endfacet
  facet normal 0 0 -1
    outer loop
      vertex -0.00984384 0.600313 0.354331
      vertex 0.0419688 0.598925 0.354331
      vertex 0.0376787 0.549892 0.354331
    endloop
  endfacet
  facet normal 0 0 -1
    outer loop
      vertex 0.0376787 0.549892 0.354331
      vertex 0.0419688 0.598925 0.354331
      vertex 0.0849212 0.5446 0.354331
    endloop
  endfacet
  facet normal 0 0 -1
    outer loop
      vertex 0.0419688 0.598925 0.354331
      vertex 0.0934687 0.593074 0.354331
      vertex 0.0849212 0.5446 0.354331
    endloop
  endfacet
  facet normal 0 0 -1
    outer loop
      vertex 0.0849212 0.5446 0.354331
      vertex 0.0934687 0.593074 0.354331
      vertex 0.131532 0.535257 0.354331
    endloop
  endfacet
  facet normal 0 0 -1
    outer loop
      vertex 0.0934687 0.593074 0.354331
      vertex 0.144272 0.582802 0.354331
      vertex 0.131532 0.535257 0.354331
    endloop
  endfacet
  facet normal 0 0 -1
    outer loop
      vertex 0.131532 0.535257 0.354331
      vertex 0.144272 0.582802 0.354331
      vertex 0.177164 0.521932 0.354331
    endloop
  endfacet
  facet normal 0 0 -1
    outer loop
      vertex 0.144272 0.582802 0.354331
      vertex 0.194 0.568187 0.354331
      vertex 0.177164 0.521932 0.354331
    endloop
  endfacet
  facet normal 0 0 -1
    outer loop
      vertex 0.177164 0.521932 0.354331
      vertex 0.194 0.568187 0.354331
      vertex 0.221479 0.504725 0.354331
    endloop
  endfacet
  facet normal 0 0 -1
    outer loop
      vertex 0.194 0.568187 0.354331
      vertex 0.242282 0.549338 0.354331
      vertex 0.221479 0.504725 0.354331
    endloop
  endfacet
  facet normal 0 0 -1
    outer loop
      vertex 0.221479 0.504725 0.354331
      vertex 0.242282 0.549338 0.354331
      vertex 0.264146 0.483764 0.354331
    endloop
  endfacet
  facet normal 0 0 -1
    outer loop
      vertex 0.242282 0.549338 0.354331
      vertex 0.288759 0.526394 0.354331
      vertex 0.264146 0.483764 0.354331
    endloop
  endfacet
  facet normal 0 0 -1
    outer loop
      vertex 0.264146 0.483764 0.354331
      vertex 0.288759 0.526394 0.354331
      vertex 0.304848 0.459204 0.354331
    endloop
  endfacet
  facet normal 0 0 -1
    outer loop
      vertex 0.288759 0.526394 0.354331
      vertex 0.333083 0.499528 0.354331
      vertex 0.304848 0.459204 0.354331
    endloop
  endfacet
  facet normal 0 0 -1
    outer loop
      vertex 0.304848 0.459204 0.354331
      vertex 0.333083 0.499528 0.354331
      vertex 0.343283 0.431228 0.354331
    endloop
  endfacet
  facet normal 0 0 -1
    outer loop
      vertex 0.333083 0.499528 0.354331
      vertex 0.374926 0.468939 0.354331
      vertex 0.343283 0.431228 0.354331
    endloop
  endfacet
  facet normal 0 0 -1
    outer loop
      vertex 0.343283 0.431228 0.354331
      vertex 0.374926 0.468939 0.354331
      vertex 0.379163 0.400045 0.354331
    endloop
  endfacet
  facet normal 0 0 -1
    outer loop
      vertex 0.374926 0.468939 0.354331
      vertex 0.413974 0.434854 0.354331
      vertex 0.379163 0.400045 0.354331
    endloop
  endfacet
  facet normal 0 0 -1
    outer loop
      vertex 0.379163 0.400045 0.354331
      vertex 0.413974 0.434854 0.354331
      vertex 0.412224 0.365885 0.354331
    endloop
  endfacet
  facet normal 0 0 -1
    outer loop
      vertex 0.413974 0.434854 0.354331
      vertex 0.449937 0.39753 0.354331
      vertex 0.412224 0.365885 0.354331
    endloop
  endfacet
  facet normal 0 0 -1
    outer loop
      vertex 0.412224 0.365885 0.354331
      vertex 0.449937 0.39753 0.354331
      vertex 0.442218 0.329004 0.354331
    endloop
  endfacet
  facet normal 0 0 -1
    outer loop
      vertex 0.449937 0.39753 0.354331
      vertex 0.482546 0.357242 0.354331
      vertex 0.442218 0.329004 0.354331
    endloop
  endfacet
  facet normal 0 0 -1
    outer loop
      vertex 0.442218 0.329004 0.354331
      vertex 0.482546 0.357242 0.354331
      vertex 0.468923 0.289676 0.354331
    endloop
  endfacet
  facet normal 0 0 -1
    outer loop
      vertex 0.482546 0.357242 0.354331
      vertex 0.51156 0.314292 0.354331
      vertex 0.468923 0.289676 0.354331
    endloop
  endfacet
  facet normal 0 0 -1
    outer loop
      vertex 0.468923 0.289676 0.354331
      vertex 0.51156 0.314292 0.354331
      vertex 0.492139 0.248193 0.354331
    endloop
  endfacet
  facet normal 0 0 -1
    outer loop
      vertex 0.51156 0.314292 0.354331
      vertex 0.53676 0.269 0.354331
      vertex 0.492139 0.248193 0.354331
    endloop
  endfacet
  facet normal 0 0 -1
    outer loop
      vertex 0.492139 0.248193 0.354331
      vertex 0.53676 0.269 0.354331
      vertex 0.511695 0.204863 0.354331
    endloop
  endfacet
  facet normal 0 0 -1
    outer loop
      vertex 0.53676 0.269 0.354331
      vertex 0.557961 0.221703 0.354331
      vertex 0.511695 0.204863 0.354331
    endloop
  endfacet
  facet normal 0 0 -1
    outer loop
      vertex 0.511695 0.204863 0.354331
      vertex 0.557961 0.221703 0.354331
      vertex 0.527444 0.16001 0.354331
    endloop
  endfacet
  facet normal 0 0 -1
    outer loop
      vertex 0.557961 0.221703 0.354331
      vertex 0.575003 0.172753 0.354331
      vertex 0.527444 0.16001 0.354331
    endloop
  endfacet
  facet normal 0 0 -1
    outer loop
      vertex 0.527444 0.16001 0.354331
      vertex 0.575003 0.172753 0.354331
      vertex 0.53927 0.113967 0.354331
    endloop
  endfacet
  facet normal 0 0 -1
    outer loop
      vertex 0.575003 0.172753 0.354331
      vertex 0.58776 0.122517 0.354331
      vertex 0.53927 0.113967 0.354331
    endloop
  endfacet
  facet normal 0 0 -1
    outer loop
      vertex 0.53927 0.113967 0.354331
      vertex 0.58776 0.122517 0.354331
      vertex 0.547085 0.0670753 0.354331
    endloop
  endfacet
  facet normal 0 0 -1
    outer loop
      vertex 0.58776 0.122517 0.354331
      vertex 0.596137 0.0713668 0.354331
      vertex 0.547085 0.0670753 0.354331
    endloop
  endfacet
  facet normal 0 0 -1
    outer loop
      vertex 0.547085 0.0670753 0.354331
      vertex 0.596137 0.0713668 0.354331
      vertex 0.550829 0.019685 0.354331
    endloop
  endfacet
  facet normal 0 0 -1
    outer loop
      vertex 0.596137 0.0713668 0.354331
      vertex 0.600071 0.019685 0.354331
      vertex 0.550829 0.019685 0.354331
    endloop
  endfacet
  facet normal 0.997116 -0.0758973 0
    outer loop
      vertex 0.600071 -0.019685 0.354331
      vertex 0.600071 -0.019685 0.413386
      vertex 0.596137 -0.0713668 0.413386
    endloop
  endfacet
  facet normal 0.997116 -0.0758973 0
    outer loop
      vertex 0.600071 -0.019685 0.354331
      vertex 0.596137 -0.0713668 0.413386
      vertex 0.596137 -0.0713668 0.354331
    endloop
  endfacet
  facet normal 0.986854 -0.161614 0
    outer loop
      vertex 0.596137 -0.0713668 0.413386
      vertex 0.58776 -0.122517 0.413386
      vertex 0.596137 -0.0713668 0.354331
    endloop
  endfacet
  facet normal 0.986854 -0.161614 0
    outer loop
      vertex 0.596137 -0.0713668 0.354331
      vertex 0.58776 -0.122517 0.413386
      vertex 0.58776 -0.122517 0.354331
    endloop
  endfacet
  facet normal 0.969238 -0.246126 0
    outer loop
      vertex 0.58776 -0.122517 0.413386
      vertex 0.575003 -0.172753 0.413386
      vertex 0.58776 -0.122517 0.354331
    endloop
  endfacet
  facet normal 0.969238 -0.246126 0
    outer loop
      vertex 0.58776 -0.122517 0.354331
      vertex 0.575003 -0.172753 0.413386
      vertex 0.575003 -0.172753 0.354331
    endloop
  endfacet
  facet normal 0.944398 -0.328804 0
    outer loop
      vertex 0.575003 -0.172753 0.413386
      vertex 0.557961 -0.221703 0.413386
      vertex 0.575003 -0.172753 0.354331
    endloop
  endfacet
  facet normal 0.944398 -0.328804 0
    outer loop
      vertex 0.575003 -0.172753 0.354331
      vertex 0.557961 -0.221703 0.413386
      vertex 0.557961 -0.221703 0.354331
    endloop
  endfacet
  facet normal 0.91252 -0.409032 0
    outer loop
      vertex 0.557961 -0.221703 0.413386
      vertex 0.53676 -0.269 0.413386
      vertex 0.557961 -0.221703 0.354331
    endloop
  endfacet
  facet normal 0.91252 -0.409032 0
    outer loop
      vertex 0.557961 -0.221703 0.354331
      vertex 0.53676 -0.269 0.413386
      vertex 0.53676 -0.269 0.354331
    endloop
  endfacet
  facet normal 0.873841 -0.486211 0
    outer loop
      vertex 0.53676 -0.269 0.413386
      vertex 0.51156 -0.314292 0.413386
      vertex 0.53676 -0.269 0.354331
    endloop
  endfacet
  facet normal 0.873841 -0.486211 0
    outer loop
      vertex 0.53676 -0.269 0.354331
      vertex 0.51156 -0.314292 0.413386
      vertex 0.51156 -0.314292 0.354331
    endloop
  endfacet
  facet normal 0.82865 -0.559766 0
    outer loop
      vertex 0.51156 -0.314292 0.413386
      vertex 0.482546 -0.357242 0.413386
      vertex 0.51156 -0.314292 0.354331
    endloop
  endfacet
  facet normal 0.82865 -0.559766 0
    outer loop
      vertex 0.51156 -0.314292 0.354331
      vertex 0.482546 -0.357242 0.413386
      vertex 0.482546 -0.357242 0.354331
    endloop
  endfacet
  facet normal 0.777284 -0.62915 0
    outer loop
      vertex 0.482546 -0.357242 0.413386
      vertex 0.449937 -0.39753 0.413386
      vertex 0.482546 -0.357242 0.354331
    endloop
  endfacet
  facet normal 0.777284 -0.62915 0
    outer loop
      vertex 0.482546 -0.357242 0.354331
      vertex 0.449937 -0.39753 0.413386
      vertex 0.449937 -0.39753 0.354331
    endloop
  endfacet
  facet normal 0.720124 -0.693845 0
    outer loop
      vertex 0.449937 -0.39753 0.413386
      vertex 0.413974 -0.434854 0.413386
      vertex 0.449937 -0.39753 0.354331
    endloop
  endfacet
  facet normal 0.720124 -0.693845 0
    outer loop
      vertex 0.449937 -0.39753 0.354331
      vertex 0.413974 -0.434854 0.413386
      vertex 0.413974 -0.434854 0.354331
    endloop
  endfacet
  facet normal 0.657598 -0.753369 0
    outer loop
      vertex 0.413974 -0.434854 0.413386
      vertex 0.374926 -0.468939 0.413386
      vertex 0.413974 -0.434854 0.354331
    endloop
  endfacet
  facet normal 0.657598 -0.753369 0
    outer loop
      vertex 0.413974 -0.434854 0.354331
      vertex 0.374926 -0.468939 0.413386
      vertex 0.374926 -0.468939 0.354331
    endloop
  endfacet
  facet normal 0.59017 -0.807279 0
    outer loop
      vertex 0.374926 -0.468939 0.413386
      vertex 0.333083 -0.499528 0.413386
      vertex 0.374926 -0.468939 0.354331
    endloop
  endfacet
  facet normal 0.59017 -0.807279 0
    outer loop
      vertex 0.374926 -0.468939 0.354331
      vertex 0.333083 -0.499528 0.413386
      vertex 0.333083 -0.499528 0.354331
    endloop
  endfacet
  facet normal 0.518346 -0.855171 0
    outer loop
      vertex 0.333083 -0.499528 0.413386
      vertex 0.288759 -0.526394 0.413386
      vertex 0.333083 -0.499528 0.354331
    endloop
  endfacet
  facet normal 0.518346 -0.855171 0
    outer loop
      vertex 0.333083 -0.499528 0.354331
      vertex 0.288759 -0.526394 0.413386
      vertex 0.288759 -0.526394 0.354331
    endloop
  endfacet
  facet normal 0.442656 -0.896691 0
    outer loop
      vertex 0.288759 -0.526394 0.413386
      vertex 0.242282 -0.549338 0.413386
      vertex 0.288759 -0.526394 0.354331
    endloop
  endfacet
  facet normal 0.442656 -0.896691 0
    outer loop
      vertex 0.288759 -0.526394 0.354331
      vertex 0.242282 -0.549338 0.413386
      vertex 0.242282 -0.549338 0.354331
    endloop
  endfacet
  facet normal 0.363669 -0.931528 0
    outer loop
      vertex 0.242282 -0.549338 0.413386
      vertex 0.194 -0.568187 0.413386
      vertex 0.242282 -0.549338 0.354331
    endloop
  endfacet
  facet normal 0.363669 -0.931528 0
    outer loop
      vertex 0.242282 -0.549338 0.354331
      vertex 0.194 -0.568187 0.413386
      vertex 0.194 -0.568187 0.354331
    endloop
  endfacet
  facet normal 0.281972 -0.959423 0
    outer loop
      vertex 0.194 -0.568187 0.413386
      vertex 0.144272 -0.582802 0.413386
      vertex 0.194 -0.568187 0.354331
    endloop
  endfacet
  facet normal 0.281972 -0.959423 0
    outer loop
      vertex 0.194 -0.568187 0.354331
      vertex 0.144272 -0.582802 0.413386
      vertex 0.144272 -0.582802 0.354331
    endloop
  endfacet
  facet normal 0.198171 -0.980167 0
    outer loop
      vertex 0.144272 -0.582802 0.413386
      vertex 0.0934687 -0.593074 0.413386
      vertex 0.144272 -0.582802 0.354331
    endloop
  endfacet
  facet normal 0.198171 -0.980167 0
    outer loop
      vertex 0.144272 -0.582802 0.354331
      vertex 0.0934687 -0.593074 0.413386
      vertex 0.0934687 -0.593074 0.354331
    endloop
  endfacet
  facet normal 0.112896 -0.993607 0
    outer loop
      vertex 0.0934687 -0.593074 0.413386
      vertex 0.0419688 -0.598925 0.413386
      vertex 0.0934687 -0.593074 0.354331
    endloop
  endfacet
  facet normal 0.112896 -0.993607 0
    outer loop
      vertex 0.0934687 -0.593074 0.354331
      vertex 0.0419688 -0.598925 0.413386
      vertex 0.0419688 -0.598925 0.354331
    endloop
  endfacet
  facet normal 0.0267785 -0.999641 0
    outer loop
      vertex 0.0419688 -0.598925 0.413386
      vertex -0.00984384 -0.600313 0.413386
      vertex 0.0419688 -0.598925 0.354331
    endloop
  endfacet
  facet normal 0.0267785 -0.999641 0
    outer loop
      vertex 0.0419688 -0.598925 0.354331
      vertex -0.00984384 -0.600313 0.413386
      vertex -0.00984384 -0.600313 0.354331
    endloop
  endfacet
  facet normal -0.059539 -0.998226 0
    outer loop
      vertex -0.00984384 -0.600313 0.413386
      vertex -0.0615831 -0.597227 0.413386
      vertex -0.00984384 -0.600313 0.354331
    endloop
  endfacet
  facet normal -0.059539 -0.998226 0
    outer loop
      vertex -0.00984384 -0.600313 0.354331
      vertex -0.0615831 -0.597227 0.413386
      vertex -0.0615831 -0.597227 0.354331
    endloop
  endfacet
  facet normal -0.145412 -0.989371 0
    outer loop
      vertex -0.0615831 -0.597227 0.413386
      vertex -0.112863 -0.58969 0.413386
      vertex -0.0615831 -0.597227 0.354331
    endloop
  endfacet
  facet normal -0.145412 -0.989371 0
    outer loop
      vertex -0.0615831 -0.597227 0.354331
      vertex -0.112863 -0.58969 0.413386
      vertex -0.112863 -0.58969 0.354331
    endloop
  endfacet
  facet normal -0.230202 -0.973143 0
    outer loop
      vertex -0.112863 -0.58969 0.413386
      vertex -0.163303 -0.577758 0.413386
      vertex -0.112863 -0.58969 0.354331
    endloop
  endfacet
  facet normal -0.230202 -0.973143 0
    outer loop
      vertex -0.112863 -0.58969 0.354331
      vertex -0.163303 -0.577758 0.413386
      vertex -0.163303 -0.577758 0.354331
    endloop
  endfacet
  facet normal -0.313276 -0.949662 0
    outer loop
      vertex -0.163303 -0.577758 0.413386
      vertex -0.212525 -0.561521 0.413386
      vertex -0.163303 -0.577758 0.354331
    endloop
  endfacet
  facet normal -0.313276 -0.949662 0
    outer loop
      vertex -0.163303 -0.577758 0.354331
      vertex -0.212525 -0.561521 0.413386
      vertex -0.212525 -0.561521 0.354331
    endloop
  endfacet
  facet normal -0.394016 -0.919104 0
    outer loop
      vertex -0.212525 -0.561521 0.413386
      vertex -0.260163 -0.541099 0.413386
      vertex -0.212525 -0.561521 0.354331
    endloop
  endfacet
  facet normal -0.394016 -0.919104 0
    outer loop
      vertex -0.212525 -0.561521 0.354331
      vertex -0.260163 -0.541099 0.413386
      vertex -0.260163 -0.541099 0.354331
    endloop
  endfacet
  facet normal -0.471818 -0.881696 0
    outer loop
      vertex -0.260163 -0.541099 0.413386
      vertex -0.305862 -0.516644 0.413386
      vertex -0.260163 -0.541099 0.354331
    endloop
  endfacet
  facet normal -0.471818 -0.881696 0
    outer loop
      vertex -0.260163 -0.541099 0.354331
      vertex -0.305862 -0.516644 0.413386
      vertex -0.305862 -0.516644 0.354331
    endloop
  endfacet
  facet normal -0.546105 -0.837717 0
    outer loop
      vertex -0.305862 -0.516644 0.413386
      vertex -0.349282 -0.488338 0.413386
      vertex -0.305862 -0.516644 0.354331
    endloop
  endfacet
  facet normal -0.546105 -0.837717 0
    outer loop
      vertex -0.305862 -0.516644 0.354331
      vertex -0.349282 -0.488338 0.413386
      vertex -0.349282 -0.488338 0.354331
    endloop
  endfacet
  facet normal -0.616322 -0.787495 0
    outer loop
      vertex -0.349282 -0.488338 0.413386
      vertex -0.390099 -0.456394 0.413386
      vertex -0.349282 -0.488338 0.354331
    endloop
  endfacet
  facet normal -0.616322 -0.787495 0
    outer loop
      vertex -0.349282 -0.488338 0.354331
      vertex -0.390099 -0.456394 0.413386
      vertex -0.390099 -0.456394 0.354331
    endloop
  endfacet
  facet normal -0.681945 -0.731404 0
    outer loop
      vertex -0.390099 -0.456394 0.413386
      vertex -0.428009 -0.421048 0.413386
      vertex -0.390099 -0.456394 0.354331
    endloop
  endfacet
  facet normal -0.681945 -0.731404 0
    outer loop
      vertex -0.390099 -0.456394 0.354331
      vertex -0.428009 -0.421048 0.413386
      vertex -0.428009 -0.421048 0.354331
    endloop
  endfacet
  facet normal -0.742487 -0.669861 0
    outer loop
      vertex -0.428009 -0.421048 0.413386
      vertex -0.462728 -0.382564 0.413386
      vertex -0.428009 -0.421048 0.354331
    endloop
  endfacet
  facet normal -0.742487 -0.669861 0
    outer loop
      vertex -0.428009 -0.421048 0.354331
      vertex -0.462728 -0.382564 0.413386
      vertex -0.462728 -0.382564 0.354331
    endloop
  endfacet
  facet normal -0.797493 -0.603328 0
    outer loop
      vertex -0.462728 -0.382564 0.413386
      vertex -0.494 -0.341229 0.413386
      vertex -0.462728 -0.382564 0.354331
    endloop
  endfacet
  facet normal -0.797493 -0.603328 0
    outer loop
      vertex -0.462728 -0.382564 0.354331
      vertex -0.494 -0.341229 0.413386
      vertex -0.494 -0.341229 0.354331
    endloop
  endfacet
  facet normal -0.846558 -0.532297 0
    outer loop
      vertex -0.494 -0.341229 0.413386
      vertex -0.521589 -0.297351 0.413386
      vertex -0.494 -0.341229 0.354331
    endloop
  endfacet
  facet normal -0.846558 -0.532297 0
    outer loop
      vertex -0.494 -0.341229 0.354331
      vertex -0.521589 -0.297351 0.413386
      vertex -0.521589 -0.297351 0.354331
    endloop
  endfacet
  facet normal -0.889313 -0.457299 0
    outer loop
      vertex -0.521589 -0.297351 0.413386
      vertex -0.545291 -0.251256 0.413386
      vertex -0.521589 -0.297351 0.354331
    endloop
  endfacet
  facet normal -0.889313 -0.457299 0
    outer loop
      vertex -0.521589 -0.297351 0.354331
      vertex -0.545291 -0.251256 0.413386
      vertex -0.545291 -0.251256 0.354331
    endloop
  endfacet
  facet normal -0.92544 -0.378893 0
    outer loop
      vertex -0.545291 -0.251256 0.413386
      vertex -0.56493 -0.20329 0.413386
      vertex -0.545291 -0.251256 0.354331
    endloop
  endfacet
  facet normal -0.92544 -0.378893 0
    outer loop
      vertex -0.545291 -0.251256 0.354331
      vertex -0.56493 -0.20329 0.413386
      vertex -0.56493 -0.20329 0.354331
    endloop
  endfacet
  facet normal -0.954671 -0.297663 0
    outer loop
      vertex -0.56493 -0.20329 0.413386
      vertex -0.580358 -0.153808 0.413386
      vertex -0.56493 -0.20329 0.354331
    endloop
  endfacet
  facet normal -0.954671 -0.297663 0
    outer loop
      vertex -0.56493 -0.20329 0.354331
      vertex -0.580358 -0.153808 0.413386
      vertex -0.580358 -0.153808 0.354331
    endloop
  endfacet
  facet normal -0.976786 -0.214216 0
    outer loop
      vertex -0.580358 -0.153808 0.413386
      vertex -0.591461 -0.10318 0.413386
      vertex -0.580358 -0.153808 0.354331
    endloop
  endfacet
  facet normal -0.976786 -0.214216 0
    outer loop
      vertex -0.580358 -0.153808 0.354331
      vertex -0.591461 -0.10318 0.413386
      vertex -0.591461 -0.10318 0.354331
    endloop
  endfacet
  facet normal -0.991622 -0.129171 0
    outer loop
      vertex -0.591461 -0.10318 0.413386
      vertex -0.598156 -0.0517829 0.413386
      vertex -0.591461 -0.10318 0.354331
    endloop
  endfacet
  facet normal -0.991622 -0.129171 0
    outer loop
      vertex -0.591461 -0.10318 0.354331
      vertex -0.598156 -0.0517829 0.413386
      vertex -0.598156 -0.0517829 0.354331
    endloop
  endfacet
  facet normal -0.999068 -0.0431644 0
    outer loop
      vertex -0.598156 -0.0517829 0.413386
      vertex -0.600394 7.3527e-17 0.413386
      vertex -0.598156 -0.0517829 0.354331
    endloop
  endfacet
  facet normal -0.999068 -0.0431644 0
    outer loop
      vertex -0.598156 -0.0517829 0.354331
      vertex -0.600394 7.3527e-17 0.413386
      vertex -0.600394 7.3527e-17 0.354331
    endloop
  endfacet
  facet normal -0.999068 0.0431644 0
    outer loop
      vertex -0.600394 7.3527e-17 0.413386
      vertex -0.598156 0.0517829 0.413386
      vertex -0.600394 7.3527e-17 0.354331
    endloop
  endfacet
  facet normal -0.999068 0.0431644 0
    outer loop
      vertex -0.600394 7.3527e-17 0.354331
      vertex -0.598156 0.0517829 0.413386
      vertex -0.598156 0.0517829 0.354331
    endloop
  endfacet
  facet normal -0.991622 0.129171 0
    outer loop
      vertex -0.598156 0.0517829 0.413386
      vertex -0.591461 0.10318 0.413386
      vertex -0.598156 0.0517829 0.354331
    endloop
  endfacet
  facet normal -0.991622 0.129171 0
    outer loop
      vertex -0.598156 0.0517829 0.354331
      vertex -0.591461 0.10318 0.413386
      vertex -0.591461 0.10318 0.354331
    endloop
  endfacet
  facet normal -0.976786 0.214216 0
    outer loop
      vertex -0.591461 0.10318 0.413386
      vertex -0.580358 0.153808 0.413386
      vertex -0.591461 0.10318 0.354331
    endloop
  endfacet
  facet normal -0.976786 0.214216 0
    outer loop
      vertex -0.591461 0.10318 0.354331
      vertex -0.580358 0.153808 0.413386
      vertex -0.580358 0.153808 0.354331
    endloop
  endfacet
  facet normal -0.954671 0.297663 0
    outer loop
      vertex -0.580358 0.153808 0.413386
      vertex -0.56493 0.20329 0.413386
      vertex -0.580358 0.153808 0.354331
    endloop
  endfacet
  facet normal -0.954671 0.297663 0
    outer loop
      vertex -0.580358 0.153808 0.354331
      vertex -0.56493 0.20329 0.413386
      vertex -0.56493 0.20329 0.354331
    endloop
  endfacet
  facet normal -0.92544 0.378893 0
    outer loop
      vertex -0.56493 0.20329 0.413386
      vertex -0.545291 0.251256 0.413386
      vertex -0.56493 0.20329 0.354331
    endloop
  endfacet
  facet normal -0.92544 0.378893 0
    outer loop
      vertex -0.56493 0.20329 0.354331
      vertex -0.545291 0.251256 0.413386
      vertex -0.545291 0.251256 0.354331
    endloop
  endfacet
  facet normal -0.889313 0.457299 0
    outer loop
      vertex -0.545291 0.251256 0.413386
      vertex -0.521589 0.297351 0.413386
      vertex -0.545291 0.251256 0.354331
    endloop
  endfacet
  facet normal -0.889313 0.457299 0
    outer loop
      vertex -0.545291 0.251256 0.354331
      vertex -0.521589 0.297351 0.413386
      vertex -0.521589 0.297351 0.354331
    endloop
  endfacet
  facet normal -0.846558 0.532297 0
    outer loop
      vertex -0.521589 0.297351 0.413386
      vertex -0.494 0.341229 0.413386
      vertex -0.521589 0.297351 0.354331
    endloop
  endfacet
  facet normal -0.846558 0.532297 0
    outer loop
      vertex -0.521589 0.297351 0.354331
      vertex -0.494 0.341229 0.413386
      vertex -0.494 0.341229 0.354331
    endloop
  endfacet
  facet normal -0.797493 0.603328 0
    outer loop
      vertex -0.494 0.341229 0.413386
      vertex -0.462728 0.382564 0.413386
      vertex -0.494 0.341229 0.354331
    endloop
  endfacet
  facet normal -0.797493 0.603328 0
    outer loop
      vertex -0.494 0.341229 0.354331
      vertex -0.462728 0.382564 0.413386
      vertex -0.462728 0.382564 0.354331
    endloop
  endfacet
  facet normal -0.742487 0.669861 0
    outer loop
      vertex -0.462728 0.382564 0.413386
      vertex -0.428009 0.421048 0.413386
      vertex -0.462728 0.382564 0.354331
    endloop
  endfacet
  facet normal -0.742487 0.669861 0
    outer loop
      vertex -0.462728 0.382564 0.354331
      vertex -0.428009 0.421048 0.413386
      vertex -0.428009 0.421048 0.354331
    endloop
  endfacet
  facet normal -0.681945 0.731404 0
    outer loop
      vertex -0.428009 0.421048 0.413386
      vertex -0.390099 0.456394 0.413386
      vertex -0.428009 0.421048 0.354331
    endloop
  endfacet
  facet normal -0.681945 0.731404 0
    outer loop
      vertex -0.428009 0.421048 0.354331
      vertex -0.390099 0.456394 0.413386
      vertex -0.390099 0.456394 0.354331
    endloop
  endfacet
  facet normal -0.616322 0.787495 0
    outer loop
      vertex -0.390099 0.456394 0.413386
      vertex -0.349282 0.488338 0.413386
      vertex -0.390099 0.456394 0.354331
    endloop
  endfacet
  facet normal -0.616322 0.787495 0
    outer loop
      vertex -0.390099 0.456394 0.354331
      vertex -0.349282 0.488338 0.413386
      vertex -0.349282 0.488338 0.354331
    endloop
  endfacet
  facet normal -0.546105 0.837717 0
    outer loop
      vertex -0.349282 0.488338 0.413386
      vertex -0.305862 0.516644 0.413386
      vertex -0.349282 0.488338 0.354331
    endloop
  endfacet
  facet normal -0.546105 0.837717 0
    outer loop
      vertex -0.349282 0.488338 0.354331
      vertex -0.305862 0.516644 0.413386
      vertex -0.305862 0.516644 0.354331
    endloop
  endfacet
  facet normal -0.471818 0.881696 0
    outer loop
      vertex -0.305862 0.516644 0.413386
      vertex -0.260163 0.541099 0.413386
      vertex -0.305862 0.516644 0.354331
    endloop
  endfacet
  facet normal -0.471818 0.881696 0
    outer loop
      vertex -0.305862 0.516644 0.354331
      vertex -0.260163 0.541099 0.413386
      vertex -0.260163 0.541099 0.354331
    endloop
  endfacet
  facet normal -0.394016 0.919104 0
    outer loop
      vertex -0.260163 0.541099 0.413386
      vertex -0.212525 0.561521 0.413386
      vertex -0.260163 0.541099 0.354331
    endloop
  endfacet
  facet normal -0.394016 0.919104 0
    outer loop
      vertex -0.260163 0.541099 0.354331
      vertex -0.212525 0.561521 0.413386
      vertex -0.212525 0.561521 0.354331
    endloop
  endfacet
  facet normal -0.313276 0.949662 0
    outer loop
      vertex -0.212525 0.561521 0.413386
      vertex -0.163303 0.577758 0.413386
      vertex -0.212525 0.561521 0.354331
    endloop
  endfacet
  facet normal -0.313276 0.949662 0
    outer loop
      vertex -0.212525 0.561521 0.354331
      vertex -0.163303 0.577758 0.413386
      vertex -0.163303 0.577758 0.354331
    endloop
  endfacet
  facet normal -0.230202 0.973143 0
    outer loop
      vertex -0.163303 0.577758 0.413386
      vertex -0.112863 0.58969 0.413386
      vertex -0.163303 0.577758 0.354331
    endloop
  endfacet
  facet normal -0.230202 0.973143 0
    outer loop
      vertex -0.163303 0.577758 0.354331
      vertex -0.112863 0.58969 0.413386
      vertex -0.112863 0.58969 0.354331
    endloop
  endfacet
  facet normal -0.145412 0.989371 0
    outer loop
      vertex -0.112863 0.58969 0.413386
      vertex -0.0615831 0.597227 0.413386
      vertex -0.112863 0.58969 0.354331
    endloop
  endfacet
  facet normal -0.145412 0.989371 0
    outer loop
      vertex -0.112863 0.58969 0.354331
      vertex -0.0615831 0.597227 0.413386
      vertex -0.0615831 0.597227 0.354331
    endloop
  endfacet
  facet normal -0.059539 0.998226 0
    outer loop
      vertex -0.0615831 0.597227 0.413386
      vertex -0.00984384 0.600313 0.413386
      vertex -0.0615831 0.597227 0.354331
    endloop
  endfacet
  facet normal -0.059539 0.998226 0
    outer loop
      vertex -0.0615831 0.597227 0.354331
      vertex -0.00984384 0.600313 0.413386
      vertex -0.00984384 0.600313 0.354331
    endloop
  endfacet
  facet normal 0.0267785 0.999641 0
    outer loop
      vertex -0.00984384 0.600313 0.413386
      vertex 0.0419688 0.598925 0.413386
      vertex -0.00984384 0.600313 0.354331
    endloop
  endfacet
  facet normal 0.0267785 0.999641 0
    outer loop
      vertex -0.00984384 0.600313 0.354331
      vertex 0.0419688 0.598925 0.413386
      vertex 0.0419688 0.598925 0.354331
    endloop
  endfacet
  facet normal 0.112896 0.993607 0
    outer loop
      vertex 0.0419688 0.598925 0.413386
      vertex 0.0934687 0.593074 0.413386
      vertex 0.0419688 0.598925 0.354331
    endloop
  endfacet
  facet normal 0.112896 0.993607 0
    outer loop
      vertex 0.0419688 0.598925 0.354331
      vertex 0.0934687 0.593074 0.413386
      vertex 0.0934687 0.593074 0.354331
    endloop
  endfacet
  facet normal 0.198171 0.980167 0
    outer loop
      vertex 0.0934687 0.593074 0.413386
      vertex 0.144272 0.582802 0.413386
      vertex 0.0934687 0.593074 0.354331
    endloop
  endfacet
  facet normal 0.198171 0.980167 0
    outer loop
      vertex 0.0934687 0.593074 0.354331
      vertex 0.144272 0.582802 0.413386
      vertex 0.144272 0.582802 0.354331
    endloop
  endfacet
  facet normal 0.281972 0.959423 0
    outer loop
      vertex 0.144272 0.582802 0.413386
      vertex 0.194 0.568187 0.413386
      vertex 0.144272 0.582802 0.354331
    endloop
  endfacet
  facet normal 0.281972 0.959423 0
    outer loop
      vertex 0.144272 0.582802 0.354331
      vertex 0.194 0.568187 0.413386
      vertex 0.194 0.568187 0.354331
    endloop
  endfacet
  facet normal 0.363669 0.931528 0
    outer loop
      vertex 0.194 0.568187 0.413386
      vertex 0.242282 0.549338 0.413386
      vertex 0.194 0.568187 0.354331
    endloop
  endfacet
  facet normal 0.363669 0.931528 0
    outer loop
      vertex 0.194 0.568187 0.354331
      vertex 0.242282 0.549338 0.413386
      vertex 0.242282 0.549338 0.354331
    endloop
  endfacet
  facet normal 0.442656 0.896691 0
    outer loop
      vertex 0.242282 0.549338 0.413386
      vertex 0.288759 0.526394 0.413386
      vertex 0.242282 0.549338 0.354331
    endloop
  endfacet
  facet normal 0.442656 0.896691 0
    outer loop
      vertex 0.242282 0.549338 0.354331
      vertex 0.288759 0.526394 0.413386
      vertex 0.288759 0.526394 0.354331
    endloop
  endfacet
  facet normal 0.518346 0.855171 0
    outer loop
      vertex 0.288759 0.526394 0.413386
      vertex 0.333083 0.499528 0.413386
      vertex 0.288759 0.526394 0.354331
    endloop
  endfacet
  facet normal 0.518346 0.855171 0
    outer loop
      vertex 0.288759 0.526394 0.354331
      vertex 0.333083 0.499528 0.413386
      vertex 0.333083 0.499528 0.354331
    endloop
  endfacet
  facet normal 0.59017 0.807279 0
    outer loop
      vertex 0.333083 0.499528 0.413386
      vertex 0.374926 0.468939 0.413386
      vertex 0.333083 0.499528 0.354331
    endloop
  endfacet
  facet normal 0.59017 0.807279 0
    outer loop
      vertex 0.333083 0.499528 0.354331
      vertex 0.374926 0.468939 0.413386
      vertex 0.374926 0.468939 0.354331
    endloop
  endfacet
  facet normal 0.657598 0.753369 0
    outer loop
      vertex 0.374926 0.468939 0.413386
      vertex 0.413974 0.434854 0.413386
      vertex 0.374926 0.468939 0.354331
    endloop
  endfacet
  facet normal 0.657598 0.753369 0
    outer loop
      vertex 0.374926 0.468939 0.354331
      vertex 0.413974 0.434854 0.413386
      vertex 0.413974 0.434854 0.354331
    endloop
  endfacet
  facet normal 0.720124 0.693845 0
    outer loop
      vertex 0.413974 0.434854 0.413386
      vertex 0.449937 0.39753 0.413386
      vertex 0.413974 0.434854 0.354331
    endloop
  endfacet
  facet normal 0.720124 0.693845 0
    outer loop
      vertex 0.413974 0.434854 0.354331
      vertex 0.449937 0.39753 0.413386
      vertex 0.449937 0.39753 0.354331
    endloop
  endfacet
  facet normal 0.777284 0.62915 0
    outer loop
      vertex 0.449937 0.39753 0.413386
      vertex 0.482546 0.357242 0.413386
      vertex 0.449937 0.39753 0.354331
    endloop
  endfacet
  facet normal 0.777284 0.62915 0
    outer loop
      vertex 0.449937 0.39753 0.354331
      vertex 0.482546 0.357242 0.413386
      vertex 0.482546 0.357242 0.354331
    endloop
  endfacet
  facet normal 0.82865 0.559766 0
    outer loop
      vertex 0.482546 0.357242 0.413386
      vertex 0.51156 0.314292 0.413386
      vertex 0.482546 0.357242 0.354331
    endloop
  endfacet
  facet normal 0.82865 0.559766 0
    outer loop
      vertex 0.482546 0.357242 0.354331
      vertex 0.51156 0.314292 0.413386
      vertex 0.51156 0.314292 0.354331
    endloop
  endfacet
  facet normal 0.873841 0.486211 0
    outer loop
      vertex 0.51156 0.314292 0.413386
      vertex 0.53676 0.269 0.413386
      vertex 0.51156 0.314292 0.354331
    endloop
  endfacet
  facet normal 0.873841 0.486211 0
    outer loop
      vertex 0.51156 0.314292 0.354331
      vertex 0.53676 0.269 0.413386
      vertex 0.53676 0.269 0.354331
    endloop
  endfacet
  facet normal 0.91252 0.409032 0
    outer loop
      vertex 0.53676 0.269 0.413386
      vertex 0.557961 0.221703 0.413386
      vertex 0.53676 0.269 0.354331
    endloop
  endfacet
  facet normal 0.91252 0.409032 0
    outer loop
      vertex 0.53676 0.269 0.354331
      vertex 0.557961 0.221703 0.413386
      vertex 0.557961 0.221703 0.354331
    endloop
  endfacet
  facet normal 0.944398 0.328804 0
    outer loop
      vertex 0.557961 0.221703 0.413386
      vertex 0.575003 0.172753 0.413386
      vertex 0.557961 0.221703 0.354331
    endloop
  endfacet
  facet normal 0.944398 0.328804 0
    outer loop
      vertex 0.557961 0.221703 0.354331
      vertex 0.575003 0.172753 0.413386
      vertex 0.575003 0.172753 0.354331
    endloop
  endfacet
  facet normal 0.969238 0.246126 0
    outer loop
      vertex 0.575003 0.172753 0.413386
      vertex 0.58776 0.122517 0.413386
      vertex 0.575003 0.172753 0.354331
    endloop
  endfacet
  facet normal 0.969238 0.246126 0
    outer loop
      vertex 0.575003 0.172753 0.354331
      vertex 0.58776 0.122517 0.413386
      vertex 0.58776 0.122517 0.354331
    endloop
  endfacet
  facet normal 0.986854 0.161614 0
    outer loop
      vertex 0.58776 0.122517 0.413386
      vertex 0.596137 0.0713668 0.413386
      vertex 0.58776 0.122517 0.354331
    endloop
  endfacet
  facet normal 0.986854 0.161614 0
    outer loop
      vertex 0.58776 0.122517 0.354331
      vertex 0.596137 0.0713668 0.413386
      vertex 0.596137 0.0713668 0.354331
    endloop
  endfacet
  facet normal 0.997116 0.0758973 0
    outer loop
      vertex 0.596137 0.0713668 0.413386
      vertex 0.600071 0.019685 0.413386
      vertex 0.596137 0.0713668 0.354331
    endloop
  endfacet
  facet normal 0.997116 0.0758973 0
    outer loop
      vertex 0.596137 0.0713668 0.354331
      vertex 0.600071 0.019685 0.413386
      vertex 0.600071 0.019685 0.354331
    endloop
  endfacet
  facet normal 0 1 0
    outer loop
      vertex 0.600071 -0.019685 0.354331
      vertex 0.550829 -0.019685 0.354331
      vertex 0.600071 -0.019685 0.413386
    endloop
  endfacet
  facet normal 0 1 0
    outer loop
      vertex 0.550829 -0.019685 0.354331
      vertex 0.550829 -0.019685 0.413386
      vertex 0.600071 -0.019685 0.413386
    endloop
  endfacet
  facet normal 0 -1 0
    outer loop
      vertex 0.550829 0.019685 0.354331
      vertex 0.600071 0.019685 0.354331
      vertex 0.550829 0.019685 0.413386
    endloop
  endfacet
  facet normal 0 -1 0
    outer loop
      vertex 0.600071 0.019685 0.354331
      vertex 0.600071 0.019685 0.413386
      vertex 0.550829 0.019685 0.413386
    endloop
  endfacet
  facet normal -0.996892 -0.0787772 0
    outer loop
      vertex 0.550829 0.019685 0.354331
      vertex 0.550829 0.019685 0.413386
      vertex 0.547085 0.0670753 0.354331
    endloop
  endfacet
  facet normal -0.996892 -0.0787772 0
    outer loop
      vertex 0.550829 0.019685 0.413386
      vertex 0.547085 0.0670753 0.413386
      vertex 0.547085 0.0670753 0.354331
    endloop
  endfacet
  facet normal -0.986397 -0.164384 0
    outer loop
      vertex 0.547085 0.0670753 0.354331
      vertex 0.547085 0.0670753 0.413386
      vertex 0.53927 0.113967 0.354331
    endloop
  endfacet
  facet normal -0.986397 -0.164384 0
    outer loop
      vertex 0.547085 0.0670753 0.413386
      vertex 0.53927 0.113967 0.413386
      vertex 0.53927 0.113967 0.354331
    endloop
  endfacet
  facet normal -0.968563 -0.248767 0
    outer loop
      vertex 0.53927 0.113967 0.354331
      vertex 0.53927 0.113967 0.413386
      vertex 0.527444 0.16001 0.354331
    endloop
  endfacet
  facet normal -0.968563 -0.248767 0
    outer loop
      vertex 0.53927 0.113967 0.413386
      vertex 0.527444 0.16001 0.413386
      vertex 0.527444 0.16001 0.354331
    endloop
  endfacet
  facet normal -0.943525 -0.3313 0
    outer loop
      vertex 0.527444 0.16001 0.354331
      vertex 0.527444 0.16001 0.413386
      vertex 0.511695 0.204863 0.354331
    endloop
  endfacet
  facet normal -0.943525 -0.3313 0
    outer loop
      vertex 0.527444 0.16001 0.413386
      vertex 0.511695 0.204863 0.413386
      vertex 0.511695 0.204863 0.354331
    endloop
  endfacet
  facet normal -0.911469 -0.411369 0
    outer loop
      vertex 0.511695 0.204863 0.354331
      vertex 0.511695 0.204863 0.413386
      vertex 0.492139 0.248193 0.354331
    endloop
  endfacet
  facet normal -0.911469 -0.411369 0
    outer loop
      vertex 0.511695 0.204863 0.413386
      vertex 0.492139 0.248193 0.413386
      vertex 0.492139 0.248193 0.354331
    endloop
  endfacet
  facet normal -0.872632 -0.488378 0
    outer loop
      vertex 0.492139 0.248193 0.354331
      vertex 0.492139 0.248193 0.413386
      vertex 0.468923 0.289676 0.354331
    endloop
  endfacet
  facet normal -0.872632 -0.488378 0
    outer loop
      vertex 0.492139 0.248193 0.413386
      vertex 0.468923 0.289676 0.413386
      vertex 0.468923 0.289676 0.354331
    endloop
  endfacet
  facet normal -0.827305 -0.561754 0
    outer loop
      vertex 0.468923 0.289676 0.354331
      vertex 0.468923 0.289676 0.413386
      vertex 0.442218 0.329004 0.354331
    endloop
  endfacet
  facet normal -0.827305 -0.561754 0
    outer loop
      vertex 0.468923 0.289676 0.413386
      vertex 0.442218 0.329004 0.413386
      vertex 0.442218 0.329004 0.354331
    endloop
  endfacet
  facet normal -0.775823 -0.630951 0
    outer loop
      vertex 0.442218 0.329004 0.354331
      vertex 0.442218 0.329004 0.413386
      vertex 0.412224 0.365885 0.354331
    endloop
  endfacet
  facet normal -0.775823 -0.630951 0
    outer loop
      vertex 0.442218 0.329004 0.413386
      vertex 0.412224 0.365885 0.413386
      vertex 0.412224 0.365885 0.354331
    endloop
  endfacet
  facet normal -0.71857 -0.695455 0
    outer loop
      vertex 0.412224 0.365885 0.354331
      vertex 0.412224 0.365885 0.413386
      vertex 0.379163 0.400045 0.354331
    endloop
  endfacet
  facet normal -0.71857 -0.695455 0
    outer loop
      vertex 0.412224 0.365885 0.413386
      vertex 0.379163 0.400045 0.413386
      vertex 0.379163 0.400045 0.354331
    endloop
  endfacet
  facet normal -0.655972 -0.754785 0
    outer loop
      vertex 0.379163 0.400045 0.354331
      vertex 0.379163 0.400045 0.413386
      vertex 0.343283 0.431228 0.354331
    endloop
  endfacet
  facet normal -0.655972 -0.754785 0
    outer loop
      vertex 0.379163 0.400045 0.413386
      vertex 0.343283 0.431228 0.413386
      vertex 0.343283 0.431228 0.354331
    endloop
  endfacet
  facet normal -0.588495 -0.808501 0
    outer loop
      vertex 0.343283 0.431228 0.354331
      vertex 0.343283 0.431228 0.413386
      vertex 0.304848 0.459204 0.354331
    endloop
  endfacet
  facet normal -0.588495 -0.808501 0
    outer loop
      vertex 0.343283 0.431228 0.413386
      vertex 0.304848 0.459204 0.413386
      vertex 0.304848 0.459204 0.354331
    endloop
  endfacet
  facet normal -0.516639 -0.856203 0
    outer loop
      vertex 0.304848 0.459204 0.354331
      vertex 0.304848 0.459204 0.413386
      vertex 0.264146 0.483764 0.354331
    endloop
  endfacet
  facet normal -0.516639 -0.856203 0
    outer loop
      vertex 0.304848 0.459204 0.413386
      vertex 0.264146 0.483764 0.413386
      vertex 0.264146 0.483764 0.354331
    endloop
  endfacet
  facet normal -0.440941 -0.897536 0
    outer loop
      vertex 0.264146 0.483764 0.354331
      vertex 0.264146 0.483764 0.413386
      vertex 0.221479 0.504725 0.354331
    endloop
  endfacet
  facet normal -0.440941 -0.897536 0
    outer loop
      vertex 0.264146 0.483764 0.413386
      vertex 0.221479 0.504725 0.413386
      vertex 0.221479 0.504725 0.354331
    endloop
  endfacet
  facet normal -0.361963 -0.932192 0
    outer loop
      vertex 0.221479 0.504725 0.354331
      vertex 0.221479 0.504725 0.413386
      vertex 0.177164 0.521932 0.354331
    endloop
  endfacet
  facet normal -0.361963 -0.932192 0
    outer loop
      vertex 0.221479 0.504725 0.413386
      vertex 0.177164 0.521932 0.413386
      vertex 0.177164 0.521932 0.354331
    endloop
  endfacet
  facet normal -0.280292 -0.959915 0
    outer loop
      vertex 0.177164 0.521932 0.354331
      vertex 0.177164 0.521932 0.413386
      vertex 0.131532 0.535257 0.354331
    endloop
  endfacet
  facet normal -0.280292 -0.959915 0
    outer loop
      vertex 0.177164 0.521932 0.413386
      vertex 0.131532 0.535257 0.413386
      vertex 0.131532 0.535257 0.354331
    endloop
  endfacet
  facet normal -0.196537 -0.980496 0
    outer loop
      vertex 0.131532 0.535257 0.354331
      vertex 0.131532 0.535257 0.413386
      vertex 0.0849212 0.5446 0.354331
    endloop
  endfacet
  facet normal -0.196537 -0.980496 0
    outer loop
      vertex 0.131532 0.535257 0.413386
      vertex 0.0849212 0.5446 0.413386
      vertex 0.0849212 0.5446 0.354331
    endloop
  endfacet
  facet normal -0.111319 -0.993785 0
    outer loop
      vertex 0.0849212 0.5446 0.354331
      vertex 0.0849212 0.5446 0.413386
      vertex 0.0376787 0.549892 0.354331
    endloop
  endfacet
  facet normal -0.111319 -0.993785 0
    outer loop
      vertex 0.0849212 0.5446 0.413386
      vertex 0.0376787 0.549892 0.413386
      vertex 0.0376787 0.549892 0.354331
    endloop
  endfacet
  facet normal -0.0252733 -0.999681 0
    outer loop
      vertex 0.0376787 0.549892 0.354331
      vertex 0.0376787 0.549892 0.413386
      vertex -0.00984409 0.551093 0.354331
    endloop
  endfacet
  facet normal -0.0252733 -0.999681 0
    outer loop
      vertex 0.0376787 0.549892 0.413386
      vertex -0.00984409 0.551093 0.413386
      vertex -0.00984409 0.551093 0.354331
    endloop
  endfacet
  facet normal 0.0609601 -0.99814 0
    outer loop
      vertex -0.00984409 0.551093 0.354331
      vertex -0.00984409 0.551093 0.413386
      vertex -0.0572936 0.548195 0.354331
    endloop
  endfacet
  facet normal 0.0609601 -0.99814 0
    outer loop
      vertex -0.00984409 0.551093 0.413386
      vertex -0.0572936 0.548195 0.413386
      vertex -0.0572936 0.548195 0.354331
    endloop
  endfacet
  facet normal 0.146741 -0.989175 0
    outer loop
      vertex -0.0572936 0.548195 0.354331
      vertex -0.0572936 0.548195 0.413386
      vertex -0.104317 0.54122 0.354331
    endloop
  endfacet
  facet normal 0.146741 -0.989175 0
    outer loop
      vertex -0.0572936 0.548195 0.413386
      vertex -0.104317 0.54122 0.413386
      vertex -0.104317 0.54122 0.354331
    endloop
  endfacet
  facet normal 0.231429 -0.972852 0
    outer loop
      vertex -0.104317 0.54122 0.354331
      vertex -0.104317 0.54122 0.413386
      vertex -0.150564 0.530218 0.354331
    endloop
  endfacet
  facet normal 0.231429 -0.972852 0
    outer loop
      vertex -0.104317 0.54122 0.413386
      vertex -0.150564 0.530218 0.413386
      vertex -0.150564 0.530218 0.354331
    endloop
  endfacet
  facet normal 0.314396 -0.949292 0
    outer loop
      vertex -0.150564 0.530218 0.354331
      vertex -0.150564 0.530218 0.413386
      vertex -0.195692 0.515272 0.354331
    endloop
  endfacet
  facet normal 0.314396 -0.949292 0
    outer loop
      vertex -0.150564 0.530218 0.413386
      vertex -0.195692 0.515272 0.413386
      vertex -0.195692 0.515272 0.354331
    endloop
  endfacet
  facet normal 0.395025 -0.91867 0
    outer loop
      vertex -0.195692 0.515272 0.354331
      vertex -0.195692 0.515272 0.413386
      vertex -0.239363 0.496493 0.354331
    endloop
  endfacet
  facet normal 0.395025 -0.91867 0
    outer loop
      vertex -0.195692 0.515272 0.413386
      vertex -0.239363 0.496493 0.413386
      vertex -0.239363 0.496493 0.354331
    endloop
  endfacet
  facet normal 0.472715 -0.881215 0
    outer loop
      vertex -0.239363 0.496493 0.354331
      vertex -0.239363 0.496493 0.413386
      vertex -0.281255 0.474022 0.354331
    endloop
  endfacet
  facet normal 0.472715 -0.881215 0
    outer loop
      vertex -0.239363 0.496493 0.413386
      vertex -0.281255 0.474022 0.413386
      vertex -0.281255 0.474022 0.354331
    endloop
  endfacet
  facet normal 0.546888 -0.837206 0
    outer loop
      vertex -0.281255 0.474022 0.354331
      vertex -0.281255 0.474022 0.413386
      vertex -0.321054 0.448024 0.354331
    endloop
  endfacet
  facet normal 0.546888 -0.837206 0
    outer loop
      vertex -0.281255 0.474022 0.413386
      vertex -0.321054 0.448024 0.413386
      vertex -0.321054 0.448024 0.354331
    endloop
  endfacet
  facet normal 0.616994 -0.786968 0
    outer loop
      vertex -0.321054 0.448024 0.354331
      vertex -0.321054 0.448024 0.413386
      vertex -0.358465 0.418693 0.354331
    endloop
  endfacet
  facet normal 0.616994 -0.786968 0
    outer loop
      vertex -0.321054 0.448024 0.413386
      vertex -0.358465 0.418693 0.413386
      vertex -0.358465 0.418693 0.354331
    endloop
  endfacet
  facet normal 0.68251 -0.730876 0
    outer loop
      vertex -0.358465 0.418693 0.354331
      vertex -0.358465 0.418693 0.413386
      vertex -0.393209 0.386248 0.354331
    endloop
  endfacet
  facet normal 0.68251 -0.730876 0
    outer loop
      vertex -0.358465 0.418693 0.413386
      vertex -0.393209 0.386248 0.413386
      vertex -0.393209 0.386248 0.354331
    endloop
  endfacet
  facet normal 0.742949 -0.669348 0
    outer loop
      vertex -0.393209 0.386248 0.354331
      vertex -0.393209 0.386248 0.413386
      vertex -0.425028 0.35093 0.354331
    endloop
  endfacet
  facet normal 0.742949 -0.669348 0
    outer loop
      vertex -0.393209 0.386248 0.413386
      vertex -0.425028 0.35093 0.413386
      vertex -0.425028 0.35093 0.354331
    endloop
  endfacet
  facet normal 0.797862 -0.60284 0
    outer loop
      vertex -0.425028 0.35093 0.354331
      vertex -0.425028 0.35093 0.413386
      vertex -0.453686 0.313001 0.354331
    endloop
  endfacet
  facet normal 0.797862 -0.60284 0
    outer loop
      vertex -0.425028 0.35093 0.413386
      vertex -0.453686 0.313001 0.413386
      vertex -0.453686 0.313001 0.354331
    endloop
  endfacet
  facet normal 0.846839 -0.531849 0
    outer loop
      vertex -0.453686 0.313001 0.354331
      vertex -0.453686 0.313001 0.413386
      vertex -0.478969 0.272744 0.354331
    endloop
  endfacet
  facet normal 0.846839 -0.531849 0
    outer loop
      vertex -0.453686 0.313001 0.413386
      vertex -0.478969 0.272744 0.413386
      vertex -0.478969 0.272744 0.354331
    endloop
  endfacet
  facet normal 0.889518 -0.456901 0
    outer loop
      vertex -0.478969 0.272744 0.354331
      vertex -0.478969 0.272744 0.413386
      vertex -0.500689 0.230458 0.354331
    endloop
  endfacet
  facet normal 0.889518 -0.456901 0
    outer loop
      vertex -0.478969 0.272744 0.413386
      vertex -0.500689 0.230458 0.413386
      vertex -0.500689 0.230458 0.354331
    endloop
  endfacet
  facet normal 0.925579 -0.378554 0
    outer loop
      vertex -0.500689 0.230458 0.354331
      vertex -0.500689 0.230458 0.413386
      vertex -0.518685 0.186458 0.354331
    endloop
  endfacet
  facet normal 0.925579 -0.378554 0
    outer loop
      vertex -0.500689 0.230458 0.413386
      vertex -0.518685 0.186458 0.413386
      vertex -0.518685 0.186458 0.354331
    endloop
  endfacet
  facet normal 0.954755 -0.297392 0
    outer loop
      vertex -0.518685 0.186458 0.354331
      vertex -0.518685 0.186458 0.413386
      vertex -0.532822 0.141071 0.354331
    endloop
  endfacet
  facet normal 0.954755 -0.297392 0
    outer loop
      vertex -0.518685 0.186458 0.413386
      vertex -0.532822 0.141071 0.413386
      vertex -0.532822 0.141071 0.354331
    endloop
  endfacet
  facet normal 0.97683 -0.214017 0
    outer loop
      vertex -0.532822 0.141071 0.354331
      vertex -0.532822 0.141071 0.413386
      vertex -0.542996 0.0946342 0.354331
    endloop
  endfacet
  facet normal 0.97683 -0.214017 0
    outer loop
      vertex -0.532822 0.141071 0.413386
      vertex -0.542996 0.0946342 0.413386
      vertex -0.542996 0.0946342 0.354331
    endloop
  endfacet
  facet normal 0.991638 -0.12905 0
    outer loop
      vertex -0.542996 0.0946342 0.354331
      vertex -0.542996 0.0946342 0.413386
      vertex -0.549131 0.0474937 0.354331
    endloop
  endfacet
  facet normal 0.991638 -0.12905 0
    outer loop
      vertex -0.542996 0.0946342 0.413386
      vertex -0.549131 0.0474937 0.413386
      vertex -0.549131 0.0474937 0.354331
    endloop
  endfacet
  facet normal 0.99907 -0.0431244 0
    outer loop
      vertex -0.549131 0.0474937 0.354331
      vertex -0.549131 0.0474937 0.413386
      vertex -0.551181 -3.33085e-16 0.354331
    endloop
  endfacet
  facet normal 0.99907 -0.0431244 0
    outer loop
      vertex -0.549131 0.0474937 0.413386
      vertex -0.551181 -3.33085e-16 0.413386
      vertex -0.551181 -3.33085e-16 0.354331
    endloop
  endfacet
  facet normal 0.99907 0.0431244 0
    outer loop
      vertex -0.551181 -3.33085e-16 0.354331
      vertex -0.551181 -3.33085e-16 0.413386
      vertex -0.549131 -0.0474937 0.354331
    endloop
  endfacet
  facet normal 0.99907 0.0431244 0
    outer loop
      vertex -0.551181 -3.33085e-16 0.413386
      vertex -0.549131 -0.0474937 0.413386
      vertex -0.549131 -0.0474937 0.354331
    endloop
  endfacet
  facet normal 0.991638 0.12905 0
    outer loop
      vertex -0.549131 -0.0474937 0.354331
      vertex -0.549131 -0.0474937 0.413386
      vertex -0.542996 -0.0946342 0.354331
    endloop
  endfacet
  facet normal 0.991638 0.12905 0
    outer loop
      vertex -0.549131 -0.0474937 0.413386
      vertex -0.542996 -0.0946342 0.413386
      vertex -0.542996 -0.0946342 0.354331
    endloop
  endfacet
  facet normal 0.97683 0.214017 0
    outer loop
      vertex -0.542996 -0.0946342 0.354331
      vertex -0.542996 -0.0946342 0.413386
      vertex -0.532822 -0.141071 0.354331
    endloop
  endfacet
  facet normal 0.97683 0.214017 0
    outer loop
      vertex -0.542996 -0.0946342 0.413386
      vertex -0.532822 -0.141071 0.413386
      vertex -0.532822 -0.141071 0.354331
    endloop
  endfacet
  facet normal 0.954755 0.297392 0
    outer loop
      vertex -0.532822 -0.141071 0.354331
      vertex -0.532822 -0.141071 0.413386
      vertex -0.518685 -0.186458 0.354331
    endloop
  endfacet
  facet normal 0.954755 0.297392 0
    outer loop
      vertex -0.532822 -0.141071 0.413386
      vertex -0.518685 -0.186458 0.413386
      vertex -0.518685 -0.186458 0.354331
    endloop
  endfacet
  facet normal 0.925579 0.378554 0
    outer loop
      vertex -0.518685 -0.186458 0.354331
      vertex -0.518685 -0.186458 0.413386
      vertex -0.500689 -0.230458 0.354331
    endloop
  endfacet
  facet normal 0.925579 0.378554 0
    outer loop
      vertex -0.518685 -0.186458 0.413386
      vertex -0.500689 -0.230458 0.413386
      vertex -0.500689 -0.230458 0.354331
    endloop
  endfacet
  facet normal 0.889518 0.456901 0
    outer loop
      vertex -0.500689 -0.230458 0.354331
      vertex -0.500689 -0.230458 0.413386
      vertex -0.478969 -0.272744 0.354331
    endloop
  endfacet
  facet normal 0.889518 0.456901 0
    outer loop
      vertex -0.500689 -0.230458 0.413386
      vertex -0.478969 -0.272744 0.413386
      vertex -0.478969 -0.272744 0.354331
    endloop
  endfacet
  facet normal 0.846839 0.531849 0
    outer loop
      vertex -0.478969 -0.272744 0.354331
      vertex -0.478969 -0.272744 0.413386
      vertex -0.453686 -0.313001 0.354331
    endloop
  endfacet
  facet normal 0.846839 0.531849 0
    outer loop
      vertex -0.478969 -0.272744 0.413386
      vertex -0.453686 -0.313001 0.413386
      vertex -0.453686 -0.313001 0.354331
    endloop
  endfacet
  facet normal 0.797862 0.60284 0
    outer loop
      vertex -0.453686 -0.313001 0.354331
      vertex -0.453686 -0.313001 0.413386
      vertex -0.425028 -0.35093 0.354331
    endloop
  endfacet
  facet normal 0.797862 0.60284 0
    outer loop
      vertex -0.453686 -0.313001 0.413386
      vertex -0.425028 -0.35093 0.413386
      vertex -0.425028 -0.35093 0.354331
    endloop
  endfacet
  facet normal 0.742949 0.669348 0
    outer loop
      vertex -0.425028 -0.35093 0.354331
      vertex -0.425028 -0.35093 0.413386
      vertex -0.393209 -0.386248 0.354331
    endloop
  endfacet
  facet normal 0.742949 0.669348 0
    outer loop
      vertex -0.425028 -0.35093 0.413386
      vertex -0.393209 -0.386248 0.413386
      vertex -0.393209 -0.386248 0.354331
    endloop
  endfacet
  facet normal 0.68251 0.730876 0
    outer loop
      vertex -0.393209 -0.386248 0.354331
      vertex -0.393209 -0.386248 0.413386
      vertex -0.358465 -0.418693 0.354331
    endloop
  endfacet
  facet normal 0.68251 0.730876 0
    outer loop
      vertex -0.393209 -0.386248 0.413386
      vertex -0.358465 -0.418693 0.413386
      vertex -0.358465 -0.418693 0.354331
    endloop
  endfacet
  facet normal 0.616994 0.786968 0
    outer loop
      vertex -0.358465 -0.418693 0.354331
      vertex -0.358465 -0.418693 0.413386
      vertex -0.321054 -0.448024 0.354331
    endloop
  endfacet
  facet normal 0.616994 0.786968 0
    outer loop
      vertex -0.358465 -0.418693 0.413386
      vertex -0.321054 -0.448024 0.413386
      vertex -0.321054 -0.448024 0.354331
    endloop
  endfacet
  facet normal 0.546888 0.837206 0
    outer loop
      vertex -0.321054 -0.448024 0.354331
      vertex -0.321054 -0.448024 0.413386
      vertex -0.281255 -0.474022 0.354331
    endloop
  endfacet
  facet normal 0.546888 0.837206 0
    outer loop
      vertex -0.321054 -0.448024 0.413386
      vertex -0.281255 -0.474022 0.413386
      vertex -0.281255 -0.474022 0.354331
    endloop
  endfacet
  facet normal 0.472715 0.881215 0
    outer loop
      vertex -0.281255 -0.474022 0.354331
      vertex -0.281255 -0.474022 0.413386
      vertex -0.239363 -0.496493 0.354331
    endloop
  endfacet
  facet normal 0.472715 0.881215 0
    outer loop
      vertex -0.281255 -0.474022 0.413386
      vertex -0.239363 -0.496493 0.413386
      vertex -0.239363 -0.496493 0.354331
    endloop
  endfacet
  facet normal 0.395025 0.91867 0
    outer loop
      vertex -0.239363 -0.496493 0.354331
      vertex -0.239363 -0.496493 0.413386
      vertex -0.195692 -0.515272 0.354331
    endloop
  endfacet
  facet normal 0.395025 0.91867 0
    outer loop
      vertex -0.239363 -0.496493 0.413386
      vertex -0.195692 -0.515272 0.413386
      vertex -0.195692 -0.515272 0.354331
    endloop
  endfacet
  facet normal 0.314396 0.949292 0
    outer loop
      vertex -0.195692 -0.515272 0.354331
      vertex -0.195692 -0.515272 0.413386
      vertex -0.150564 -0.530218 0.354331
    endloop
  endfacet
  facet normal 0.314396 0.949292 0
    outer loop
      vertex -0.195692 -0.515272 0.413386
      vertex -0.150564 -0.530218 0.413386
      vertex -0.150564 -0.530218 0.354331
    endloop
  endfacet
  facet normal 0.231429 0.972852 0
    outer loop
      vertex -0.150564 -0.530218 0.354331
      vertex -0.150564 -0.530218 0.413386
      vertex -0.104317 -0.54122 0.354331
    endloop
  endfacet
  facet normal 0.231429 0.972852 0
    outer loop
      vertex -0.150564 -0.530218 0.413386
      vertex -0.104317 -0.54122 0.413386
      vertex -0.104317 -0.54122 0.354331
    endloop
  endfacet
  facet normal 0.146741 0.989175 0
    outer loop
      vertex -0.104317 -0.54122 0.354331
      vertex -0.104317 -0.54122 0.413386
      vertex -0.0572936 -0.548195 0.354331
    endloop
  endfacet
  facet normal 0.146741 0.989175 0
    outer loop
      vertex -0.104317 -0.54122 0.413386
      vertex -0.0572936 -0.548195 0.413386
      vertex -0.0572936 -0.548195 0.354331
    endloop
  endfacet
  facet normal 0.0609601 0.99814 0
    outer loop
      vertex -0.0572936 -0.548195 0.354331
      vertex -0.0572936 -0.548195 0.413386
      vertex -0.00984409 -0.551093 0.354331
    endloop
  endfacet
  facet normal 0.0609601 0.99814 0
    outer loop
      vertex -0.0572936 -0.548195 0.413386
      vertex -0.00984409 -0.551093 0.413386
      vertex -0.00984409 -0.551093 0.354331
    endloop
  endfacet
  facet normal -0.0252733 0.999681 0
    outer loop
      vertex -0.00984409 -0.551093 0.354331
      vertex -0.00984409 -0.551093 0.413386
      vertex 0.0376787 -0.549892 0.354331
    endloop
  endfacet
  facet normal -0.0252733 0.999681 0
    outer loop
      vertex -0.00984409 -0.551093 0.413386
      vertex 0.0376787 -0.549892 0.413386
      vertex 0.0376787 -0.549892 0.354331
    endloop
  endfacet
  facet normal -0.111319 0.993785 0
    outer loop
      vertex 0.0376787 -0.549892 0.354331
      vertex 0.0376787 -0.549892 0.413386
      vertex 0.0849212 -0.5446 0.354331
    endloop
  endfacet
  facet normal -0.111319 0.993785 0
    outer loop
      vertex 0.0376787 -0.549892 0.413386
      vertex 0.0849212 -0.5446 0.413386
      vertex 0.0849212 -0.5446 0.354331
    endloop
  endfacet
  facet normal -0.196537 0.980496 0
    outer loop
      vertex 0.0849212 -0.5446 0.354331
      vertex 0.0849212 -0.5446 0.413386
      vertex 0.131532 -0.535257 0.354331
    endloop
  endfacet
  facet normal -0.196537 0.980496 0
    outer loop
      vertex 0.0849212 -0.5446 0.413386
      vertex 0.131532 -0.535257 0.413386
      vertex 0.131532 -0.535257 0.354331
    endloop
  endfacet
  facet normal -0.280292 0.959915 0
    outer loop
      vertex 0.131532 -0.535257 0.354331
      vertex 0.131532 -0.535257 0.413386
      vertex 0.177164 -0.521932 0.354331
    endloop
  endfacet
  facet normal -0.280292 0.959915 0
    outer loop
      vertex 0.131532 -0.535257 0.413386
      vertex 0.177164 -0.521932 0.413386
      vertex 0.177164 -0.521932 0.354331
    endloop
  endfacet
  facet normal -0.361963 0.932192 0
    outer loop
      vertex 0.177164 -0.521932 0.354331
      vertex 0.177164 -0.521932 0.413386
      vertex 0.221479 -0.504725 0.354331
    endloop
  endfacet
  facet normal -0.361963 0.932192 0
    outer loop
      vertex 0.177164 -0.521932 0.413386
      vertex 0.221479 -0.504725 0.413386
      vertex 0.221479 -0.504725 0.354331
    endloop
  endfacet
  facet normal -0.440941 0.897536 0
    outer loop
      vertex 0.221479 -0.504725 0.354331
      vertex 0.221479 -0.504725 0.413386
      vertex 0.264146 -0.483764 0.354331
    endloop
  endfacet
  facet normal -0.440941 0.897536 0
    outer loop
      vertex 0.221479 -0.504725 0.413386
      vertex 0.264146 -0.483764 0.413386
      vertex 0.264146 -0.483764 0.354331
    endloop
  endfacet
  facet normal -0.516639 0.856203 0
    outer loop
      vertex 0.264146 -0.483764 0.354331
      vertex 0.264146 -0.483764 0.413386
      vertex 0.304848 -0.459204 0.354331
    endloop
  endfacet
  facet normal -0.516639 0.856203 0
    outer loop
      vertex 0.264146 -0.483764 0.413386
      vertex 0.304848 -0.459204 0.413386
      vertex 0.304848 -0.459204 0.354331
    endloop
  endfacet
  facet normal -0.588495 0.808501 0
    outer loop
      vertex 0.304848 -0.459204 0.354331
      vertex 0.304848 -0.459204 0.413386
      vertex 0.343283 -0.431228 0.354331
    endloop
  endfacet
  facet normal -0.588495 0.808501 0
    outer loop
      vertex 0.304848 -0.459204 0.413386
      vertex 0.343283 -0.431228 0.413386
      vertex 0.343283 -0.431228 0.354331
    endloop
  endfacet
  facet normal -0.655972 0.754785 0
    outer loop
      vertex 0.343283 -0.431228 0.354331
      vertex 0.343283 -0.431228 0.413386
      vertex 0.379163 -0.400045 0.354331
    endloop
  endfacet
  facet normal -0.655972 0.754785 0
    outer loop
      vertex 0.343283 -0.431228 0.413386
      vertex 0.379163 -0.400045 0.413386
      vertex 0.379163 -0.400045 0.354331
    endloop
  endfacet
  facet normal -0.71857 0.695455 0
    outer loop
      vertex 0.379163 -0.400045 0.354331
      vertex 0.379163 -0.400045 0.413386
      vertex 0.412224 -0.365885 0.354331
    endloop
  endfacet
  facet normal -0.71857 0.695455 0
    outer loop
      vertex 0.379163 -0.400045 0.413386
      vertex 0.412224 -0.365885 0.413386
      vertex 0.412224 -0.365885 0.354331
    endloop
  endfacet
  facet normal -0.775823 0.630951 0
    outer loop
      vertex 0.412224 -0.365885 0.354331
      vertex 0.412224 -0.365885 0.413386
      vertex 0.442218 -0.329004 0.354331
    endloop
  endfacet
  facet normal -0.775823 0.630951 0
    outer loop
      vertex 0.412224 -0.365885 0.413386
      vertex 0.442218 -0.329004 0.413386
      vertex 0.442218 -0.329004 0.354331
    endloop
  endfacet
  facet normal -0.827305 0.561754 0
    outer loop
      vertex 0.442218 -0.329004 0.354331
      vertex 0.442218 -0.329004 0.413386
      vertex 0.468923 -0.289676 0.354331
    endloop
  endfacet
  facet normal -0.827305 0.561754 0
    outer loop
      vertex 0.442218 -0.329004 0.413386
      vertex 0.468923 -0.289676 0.413386
      vertex 0.468923 -0.289676 0.354331
    endloop
  endfacet
  facet normal -0.872632 0.488378 0
    outer loop
      vertex 0.468923 -0.289676 0.354331
      vertex 0.468923 -0.289676 0.413386
      vertex 0.492139 -0.248193 0.354331
    endloop
  endfacet
  facet normal -0.872632 0.488378 0
    outer loop
      vertex 0.468923 -0.289676 0.413386
      vertex 0.492139 -0.248193 0.413386
      vertex 0.492139 -0.248193 0.354331
    endloop
  endfacet
  facet normal -0.911469 0.411369 0
    outer loop
      vertex 0.492139 -0.248193 0.354331
      vertex 0.492139 -0.248193 0.413386
      vertex 0.511695 -0.204863 0.354331
    endloop
  endfacet
  facet normal -0.911469 0.411369 0
    outer loop
      vertex 0.492139 -0.248193 0.413386
      vertex 0.511695 -0.204863 0.413386
      vertex 0.511695 -0.204863 0.354331
    endloop
  endfacet
  facet normal -0.943525 0.3313 0
    outer loop
      vertex 0.511695 -0.204863 0.354331
      vertex 0.511695 -0.204863 0.413386
      vertex 0.527444 -0.16001 0.354331
    endloop
  endfacet
  facet normal -0.943525 0.3313 0
    outer loop
      vertex 0.511695 -0.204863 0.413386
      vertex 0.527444 -0.16001 0.413386
      vertex 0.527444 -0.16001 0.354331
    endloop
  endfacet
  facet normal -0.968563 0.248767 0
    outer loop
      vertex 0.527444 -0.16001 0.354331
      vertex 0.527444 -0.16001 0.413386
      vertex 0.53927 -0.113967 0.354331
    endloop
  endfacet
  facet normal -0.968563 0.248767 0
    outer loop
      vertex 0.527444 -0.16001 0.413386
      vertex 0.53927 -0.113967 0.413386
      vertex 0.53927 -0.113967 0.354331
    endloop
  endfacet
  facet normal -0.986397 0.164384 0
    outer loop
      vertex 0.53927 -0.113967 0.354331
      vertex 0.53927 -0.113967 0.413386
      vertex 0.547085 -0.0670753 0.354331
    endloop
  endfacet
  facet normal -0.986397 0.164384 0
    outer loop
      vertex 0.53927 -0.113967 0.413386
      vertex 0.547085 -0.0670753 0.413386
      vertex 0.547085 -0.0670753 0.354331
    endloop
  endfacet
  facet normal -0.996892 0.0787772 0
    outer loop
      vertex 0.547085 -0.0670753 0.354331
      vertex 0.547085 -0.0670753 0.413386
      vertex 0.550829 -0.019685 0.354331
    endloop
  endfacet
  facet normal -0.996892 0.0787772 0
    outer loop
      vertex 0.547085 -0.0670753 0.413386
      vertex 0.550829 -0.019685 0.413386
      vertex 0.550829 -0.019685 0.354331
    endloop
  endfacet
endsolid Mesh
