solid Mesh
  facet normal -1 0 0
    outer loop
      vertex -1.82149 2.7659 0.29492
      vertex -1.82149 2.72856 0.290004
      vertex -1.82149 2.69094 0.720035
    endloop
  endfacet
  facet normal -1 0 0
    outer loop
      vertex -1.82149 2.72856 0.290004
      vertex -1.82149 2.69094 0.288362
      vertex -1.82149 2.69094 0.720035
    endloop
  endfacet
  facet normal -1 0 0
    outer loop
      vertex -1.82149 2.69094 0.720035
      vertex -1.82149 2.69094 0.288362
      vertex -1.82149 2.65331 0.290004
    endloop
  endfacet
  facet normal -1 0 0
    outer loop
      vertex -1.82149 2.87337 0.328806
      vertex -1.82149 2.83858 0.314395
      vertex -1.82149 2.69094 0.720035
    endloop
  endfacet
  facet normal -1 0 0
    outer loop
      vertex -1.82149 2.83858 0.314395
      vertex -1.82149 2.80266 0.303071
      vertex -1.82149 2.69094 0.720035
    endloop
  endfacet
  facet normal -1 0 0
    outer loop
      vertex -1.82149 2.69094 0.720035
      vertex -1.82149 2.80266 0.303071
      vertex -1.82149 2.7659 0.29492
    endloop
  endfacet
  facet normal -1 0 0
    outer loop
      vertex -1.82149 2.96841 0.389354
      vertex -1.82149 2.93853 0.366429
      vertex -1.82149 2.69094 0.720035
    endloop
  endfacet
  facet normal -1 0 0
    outer loop
      vertex -1.82149 2.93853 0.366429
      vertex -1.82149 2.90677 0.346195
      vertex -1.82149 2.69094 0.720035
    endloop
  endfacet
  facet normal -1 0 0
    outer loop
      vertex -1.82149 2.69094 0.720035
      vertex -1.82149 2.90677 0.346195
      vertex -1.82149 2.87337 0.328806
    endloop
  endfacet
  facet normal -1 0 0
    outer loop
      vertex -1.82149 3.04454 0.472438
      vertex -1.82149 3.02162 0.442561
      vertex -1.82149 2.69094 0.720035
    endloop
  endfacet
  facet normal -1 0 0
    outer loop
      vertex -1.82149 3.02162 0.442561
      vertex -1.82149 2.99618 0.414796
      vertex -1.82149 2.69094 0.720035
    endloop
  endfacet
  facet normal -1 0 0
    outer loop
      vertex -1.82149 2.69094 0.720035
      vertex -1.82149 2.99618 0.414796
      vertex -1.82149 2.96841 0.389354
    endloop
  endfacet
  facet normal -1 0 0
    outer loop
      vertex -1.82149 3.09658 0.572394
      vertex -1.82149 3.08216 0.537602
      vertex -1.82149 2.69094 0.720035
    endloop
  endfacet
  facet normal -1 0 0
    outer loop
      vertex -1.82149 3.08216 0.537602
      vertex -1.82149 3.06478 0.504198
      vertex -1.82149 2.69094 0.720035
    endloop
  endfacet
  facet normal -1 0 0
    outer loop
      vertex -1.82149 2.69094 0.720035
      vertex -1.82149 3.06478 0.504198
      vertex -1.82149 3.04454 0.472438
    endloop
  endfacet
  facet normal -1 0 0
    outer loop
      vertex -1.82149 3.12097 0.682412
      vertex -1.82149 3.11605 0.645076
      vertex -1.82149 2.69094 0.720035
    endloop
  endfacet
  facet normal -1 0 0
    outer loop
      vertex -1.82149 3.11605 0.645076
      vertex -1.82149 3.1079 0.60831
      vertex -1.82149 2.69094 0.720035
    endloop
  endfacet
  facet normal -1 0 0
    outer loop
      vertex -1.82149 2.69094 0.720035
      vertex -1.82149 3.1079 0.60831
      vertex -1.82149 3.09658 0.572394
    endloop
  endfacet
  facet normal -1 0 0
    outer loop
      vertex -1.82149 3.11605 0.794995
      vertex -1.82149 3.12097 0.757658
      vertex -1.82149 2.69094 0.720035
    endloop
  endfacet
  facet normal -1 0 0
    outer loop
      vertex -1.82149 3.12097 0.757658
      vertex -1.82149 3.12261 0.720035
      vertex -1.82149 2.69094 0.720035
    endloop
  endfacet
  facet normal -1 0 0
    outer loop
      vertex -1.82149 2.69094 0.720035
      vertex -1.82149 3.12261 0.720035
      vertex -1.82149 3.12097 0.682412
    endloop
  endfacet
  facet normal -1 0 0
    outer loop
      vertex -1.82149 3.08216 0.902468
      vertex -1.82149 3.09658 0.867676
      vertex -1.82149 2.69094 0.720035
    endloop
  endfacet
  facet normal -1 0 0
    outer loop
      vertex -1.82149 3.09658 0.867676
      vertex -1.82149 3.1079 0.831761
      vertex -1.82149 2.69094 0.720035
    endloop
  endfacet
  facet normal -1 0 0
    outer loop
      vertex -1.82149 2.69094 0.720035
      vertex -1.82149 3.1079 0.831761
      vertex -1.82149 3.11605 0.794995
    endloop
  endfacet
  facet normal -1 0 0
    outer loop
      vertex -1.82149 3.02162 0.99751
      vertex -1.82149 3.04454 0.967633
      vertex -1.82149 2.69094 0.720035
    endloop
  endfacet
  facet normal -1 0 0
    outer loop
      vertex -1.82149 3.04454 0.967633
      vertex -1.82149 3.06478 0.935872
      vertex -1.82149 2.69094 0.720035
    endloop
  endfacet
  facet normal -1 0 0
    outer loop
      vertex -1.82149 2.69094 0.720035
      vertex -1.82149 3.06478 0.935872
      vertex -1.82149 3.08216 0.902468
    endloop
  endfacet
  facet normal -1 0 0
    outer loop
      vertex -1.82149 2.93853 1.07364
      vertex -1.82149 2.96841 1.05072
      vertex -1.82149 2.69094 0.720035
    endloop
  endfacet
  facet normal -1 0 0
    outer loop
      vertex -1.82149 2.96841 1.05072
      vertex -1.82149 2.99618 1.02527
      vertex -1.82149 2.69094 0.720035
    endloop
  endfacet
  facet normal -1 0 0
    outer loop
      vertex -1.82149 2.69094 0.720035
      vertex -1.82149 2.99618 1.02527
      vertex -1.82149 3.02162 0.99751
    endloop
  endfacet
  facet normal -1 0 0
    outer loop
      vertex -1.82149 2.83858 1.12568
      vertex -1.82149 2.87337 1.11126
      vertex -1.82149 2.69094 0.720035
    endloop
  endfacet
  facet normal -1 0 0
    outer loop
      vertex -1.82149 2.87337 1.11126
      vertex -1.82149 2.90677 1.09388
      vertex -1.82149 2.69094 0.720035
    endloop
  endfacet
  facet normal -1 0 0
    outer loop
      vertex -1.82149 2.69094 0.720035
      vertex -1.82149 2.90677 1.09388
      vertex -1.82149 2.93853 1.07364
    endloop
  endfacet
  facet normal -1 0 0
    outer loop
      vertex -1.82149 2.72856 1.15007
      vertex -1.82149 2.7659 1.14515
      vertex -1.82149 2.69094 0.720035
    endloop
  endfacet
  facet normal -1 0 0
    outer loop
      vertex -1.82149 2.7659 1.14515
      vertex -1.82149 2.80266 1.137
      vertex -1.82149 2.69094 0.720035
    endloop
  endfacet
  facet normal -1 0 0
    outer loop
      vertex -1.82149 2.69094 0.720035
      vertex -1.82149 2.80266 1.137
      vertex -1.82149 2.83858 1.12568
    endloop
  endfacet
  facet normal -1 0 0
    outer loop
      vertex -1.82149 2.61598 1.14515
      vertex -1.82149 2.65331 1.15007
      vertex -1.82149 2.69094 0.720035
    endloop
  endfacet
  facet normal -1 0 0
    outer loop
      vertex -1.82149 2.65331 1.15007
      vertex -1.82149 2.69094 1.15171
      vertex -1.82149 2.69094 0.720035
    endloop
  endfacet
  facet normal -1 0 0
    outer loop
      vertex -1.82149 2.69094 0.720035
      vertex -1.82149 2.69094 1.15171
      vertex -1.82149 2.72856 1.15007
    endloop
  endfacet
  facet normal -1 0 0
    outer loop
      vertex -1.82149 2.5085 1.11126
      vertex -1.82149 2.54329 1.12568
      vertex -1.82149 2.69094 0.720035
    endloop
  endfacet
  facet normal -1 0 0
    outer loop
      vertex -1.82149 2.54329 1.12568
      vertex -1.82149 2.57921 1.137
      vertex -1.82149 2.69094 0.720035
    endloop
  endfacet
  facet normal -1 0 0
    outer loop
      vertex -1.82149 2.69094 0.720035
      vertex -1.82149 2.57921 1.137
      vertex -1.82149 2.61598 1.14515
    endloop
  endfacet
  facet normal -1 0 0
    outer loop
      vertex -1.82149 2.41346 1.05072
      vertex -1.82149 2.44334 1.07364
      vertex -1.82149 2.69094 0.720035
    endloop
  endfacet
  facet normal -1 0 0
    outer loop
      vertex -1.82149 2.44334 1.07364
      vertex -1.82149 2.4751 1.09388
      vertex -1.82149 2.69094 0.720035
    endloop
  endfacet
  facet normal -1 0 0
    outer loop
      vertex -1.82149 2.69094 0.720035
      vertex -1.82149 2.4751 1.09388
      vertex -1.82149 2.5085 1.11126
    endloop
  endfacet
  facet normal -1 0 0
    outer loop
      vertex -1.82149 2.33733 0.967633
      vertex -1.82149 2.36025 0.99751
      vertex -1.82149 2.69094 0.720035
    endloop
  endfacet
  facet normal -1 0 0
    outer loop
      vertex -1.82149 2.36025 0.99751
      vertex -1.82149 2.3857 1.02527
      vertex -1.82149 2.69094 0.720035
    endloop
  endfacet
  facet normal -1 0 0
    outer loop
      vertex -1.82149 2.69094 0.720035
      vertex -1.82149 2.3857 1.02527
      vertex -1.82149 2.41346 1.05072
    endloop
  endfacet
  facet normal -1 0 0
    outer loop
      vertex -1.82149 2.2853 0.867676
      vertex -1.82149 2.29971 0.902468
      vertex -1.82149 2.69094 0.720035
    endloop
  endfacet
  facet normal -1 0 0
    outer loop
      vertex -1.82149 2.29971 0.902468
      vertex -1.82149 2.3171 0.935872
      vertex -1.82149 2.69094 0.720035
    endloop
  endfacet
  facet normal -1 0 0
    outer loop
      vertex -1.82149 2.69094 0.720035
      vertex -1.82149 2.3171 0.935872
      vertex -1.82149 2.33733 0.967633
    endloop
  endfacet
  facet normal -1 0 0
    outer loop
      vertex -1.82149 2.2609 0.757658
      vertex -1.82149 2.26582 0.794995
      vertex -1.82149 2.69094 0.720035
    endloop
  endfacet
  facet normal -1 0 0
    outer loop
      vertex -1.82149 2.26582 0.794995
      vertex -1.82149 2.27397 0.831761
      vertex -1.82149 2.69094 0.720035
    endloop
  endfacet
  facet normal -1 0 0
    outer loop
      vertex -1.82149 2.69094 0.720035
      vertex -1.82149 2.27397 0.831761
      vertex -1.82149 2.2853 0.867676
    endloop
  endfacet
  facet normal -1 0 0
    outer loop
      vertex -1.82149 2.26582 0.645076
      vertex -1.82149 2.2609 0.682412
      vertex -1.82149 2.69094 0.720035
    endloop
  endfacet
  facet normal -1 0 0
    outer loop
      vertex -1.82149 2.2609 0.682412
      vertex -1.82149 2.25926 0.720035
      vertex -1.82149 2.69094 0.720035
    endloop
  endfacet
  facet normal -1 0 0
    outer loop
      vertex -1.82149 2.69094 0.720035
      vertex -1.82149 2.25926 0.720035
      vertex -1.82149 2.2609 0.757658
    endloop
  endfacet
  facet normal -1 0 0
    outer loop
      vertex -1.82149 2.29971 0.537602
      vertex -1.82149 2.2853 0.572394
      vertex -1.82149 2.69094 0.720035
    endloop
  endfacet
  facet normal -1 0 0
    outer loop
      vertex -1.82149 2.2853 0.572394
      vertex -1.82149 2.27397 0.60831
      vertex -1.82149 2.69094 0.720035
    endloop
  endfacet
  facet normal -1 0 0
    outer loop
      vertex -1.82149 2.69094 0.720035
      vertex -1.82149 2.27397 0.60831
      vertex -1.82149 2.26582 0.645076
    endloop
  endfacet
  facet normal -1 0 0
    outer loop
      vertex -1.82149 2.36025 0.442561
      vertex -1.82149 2.33733 0.472438
      vertex -1.82149 2.69094 0.720035
    endloop
  endfacet
  facet normal -1 0 0
    outer loop
      vertex -1.82149 2.33733 0.472438
      vertex -1.82149 2.3171 0.504198
      vertex -1.82149 2.69094 0.720035
    endloop
  endfacet
  facet normal -1 0 0
    outer loop
      vertex -1.82149 2.69094 0.720035
      vertex -1.82149 2.3171 0.504198
      vertex -1.82149 2.29971 0.537602
    endloop
  endfacet
  facet normal -1 0 0
    outer loop
      vertex -1.82149 2.44334 0.366429
      vertex -1.82149 2.41346 0.389354
      vertex -1.82149 2.69094 0.720035
    endloop
  endfacet
  facet normal -1 0 0
    outer loop
      vertex -1.82149 2.41346 0.389354
      vertex -1.82149 2.3857 0.414796
      vertex -1.82149 2.69094 0.720035
    endloop
  endfacet
  facet normal -1 0 0
    outer loop
      vertex -1.82149 2.69094 0.720035
      vertex -1.82149 2.3857 0.414796
      vertex -1.82149 2.36025 0.442561
    endloop
  endfacet
  facet normal -1 0 0
    outer loop
      vertex -1.82149 2.54329 0.314395
      vertex -1.82149 2.5085 0.328806
      vertex -1.82149 2.69094 0.720035
    endloop
  endfacet
  facet normal -1 0 0
    outer loop
      vertex -1.82149 2.5085 0.328806
      vertex -1.82149 2.4751 0.346195
      vertex -1.82149 2.69094 0.720035
    endloop
  endfacet
  facet normal -1 0 0
    outer loop
      vertex -1.82149 2.69094 0.720035
      vertex -1.82149 2.4751 0.346195
      vertex -1.82149 2.44334 0.366429
    endloop
  endfacet
  facet normal -1 0 0
    outer loop
      vertex -1.82149 2.65331 0.290004
      vertex -1.82149 2.61598 0.29492
      vertex -1.82149 2.69094 0.720035
    endloop
  endfacet
  facet normal -1 0 0
    outer loop
      vertex -1.82149 2.61598 0.29492
      vertex -1.82149 2.57921 0.303071
      vertex -1.82149 2.69094 0.720035
    endloop
  endfacet
  facet normal -1 0 0
    outer loop
      vertex -1.82149 2.69094 0.720035
      vertex -1.82149 2.57921 0.303071
      vertex -1.82149 2.54329 0.314395
    endloop
  endfacet
  facet normal -0.70677 -0.0308581 0.70677
    outer loop
      vertex -1.905 2.69094 1.34658
      vertex -1.96068 2.64118 1.28873
      vertex -1.905 2.63633 1.3442
    endloop
  endfacet
  facet normal -0.70677 -0.0923408 0.701391
    outer loop
      vertex -1.96068 2.64118 1.28873
      vertex -1.96068 2.59181 1.28223
      vertex -1.905 2.63633 1.3442
    endloop
  endfacet
  facet normal -0.70677 -0.0923388 0.701391
    outer loop
      vertex -1.905 2.63633 1.3442
      vertex -1.96068 2.59181 1.28223
      vertex -1.905 2.58214 1.33706
    endloop
  endfacet
  facet normal -0.706771 -0.15312 0.690673
    outer loop
      vertex -1.96068 2.59181 1.28223
      vertex -1.96068 2.54318 1.27145
      vertex -1.905 2.58214 1.33706
    endloop
  endfacet
  facet normal -0.70677 -0.15312 0.690673
    outer loop
      vertex -1.905 2.58214 1.33706
      vertex -1.96068 2.54318 1.27145
      vertex -1.905 2.52877 1.32523
    endloop
  endfacet
  facet normal -0.70677 -0.212732 0.674701
    outer loop
      vertex -1.96068 2.54318 1.27145
      vertex -1.96068 2.49569 1.25648
      vertex -1.905 2.52877 1.32523
    endloop
  endfacet
  facet normal -0.70677 -0.212732 0.674701
    outer loop
      vertex -1.905 2.52877 1.32523
      vertex -1.96068 2.49569 1.25648
      vertex -1.905 2.47664 1.3088
    endloop
  endfacet
  facet normal -0.70677 -0.270727 0.653592
    outer loop
      vertex -1.96068 2.49569 1.25648
      vertex -1.96068 2.44968 1.23742
      vertex -1.905 2.47664 1.3088
    endloop
  endfacet
  facet normal -0.706771 -0.270726 0.653592
    outer loop
      vertex -1.905 2.47664 1.3088
      vertex -1.96068 2.44968 1.23742
      vertex -1.905 2.42615 1.28788
    endloop
  endfacet
  facet normal -0.706771 -0.326659 0.62751
    outer loop
      vertex -1.96068 2.44968 1.23742
      vertex -1.96068 2.4055 1.21442
      vertex -1.905 2.42615 1.28788
    endloop
  endfacet
  facet normal -0.70677 -0.326662 0.62751
    outer loop
      vertex -1.905 2.42615 1.28788
      vertex -1.96068 2.4055 1.21442
      vertex -1.905 2.37766 1.26264
    endloop
  endfacet
  facet normal -0.70677 -0.380109 0.596652
    outer loop
      vertex -1.96068 2.4055 1.21442
      vertex -1.96068 2.3635 1.18766
      vertex -1.905 2.37766 1.26264
    endloop
  endfacet
  facet normal -0.70677 -0.380108 0.596652
    outer loop
      vertex -1.905 2.37766 1.26264
      vertex -1.96068 2.3635 1.18766
      vertex -1.905 2.33156 1.23327
    endloop
  endfacet
  facet normal -0.70677 -0.430664 0.561252
    outer loop
      vertex -1.96068 2.3635 1.18766
      vertex -1.96068 2.32399 1.15735
      vertex -1.905 2.33156 1.23327
    endloop
  endfacet
  facet normal -0.70677 -0.430666 0.561252
    outer loop
      vertex -1.905 2.33156 1.23327
      vertex -1.96068 2.32399 1.15735
      vertex -1.905 2.2882 1.2
    endloop
  endfacet
  facet normal -0.70677 -0.477942 0.521582
    outer loop
      vertex -1.96068 2.32399 1.15735
      vertex -1.96068 2.28727 1.1237
      vertex -1.905 2.2882 1.2
    endloop
  endfacet
  facet normal -0.70677 -0.477941 0.521583
    outer loop
      vertex -1.905 2.2882 1.2
      vertex -1.96068 2.28727 1.1237
      vertex -1.905 2.2479 1.16307
    endloop
  endfacet
  facet normal -0.706771 -0.521581 0.477942
    outer loop
      vertex -1.96068 2.28727 1.1237
      vertex -1.96068 2.25363 1.08698
      vertex -1.905 2.2479 1.16307
    endloop
  endfacet
  facet normal -0.706769 -0.521583 0.477941
    outer loop
      vertex -1.905 2.2479 1.16307
      vertex -1.96068 2.25363 1.08698
      vertex -1.905 2.21097 1.12277
    endloop
  endfacet
  facet normal -0.706769 -0.561253 0.430664
    outer loop
      vertex -1.96068 2.25363 1.08698
      vertex -1.96068 2.22331 1.04747
      vertex -1.905 2.21097 1.12277
    endloop
  endfacet
  facet normal -0.70677 -0.561253 0.430665
    outer loop
      vertex -1.905 2.21097 1.12277
      vertex -1.96068 2.22331 1.04747
      vertex -1.905 2.1777 1.07941
    endloop
  endfacet
  facet normal -0.70677 -0.596652 0.380109
    outer loop
      vertex -1.96068 2.22331 1.04747
      vertex -1.96068 2.19655 1.00547
      vertex -1.905 2.1777 1.07941
    endloop
  endfacet
  facet normal -0.70677 -0.596651 0.380109
    outer loop
      vertex -1.905 2.1777 1.07941
      vertex -1.96068 2.19655 1.00547
      vertex -1.905 2.14833 1.03331
    endloop
  endfacet
  facet normal -0.70677 -0.62751 0.326661
    outer loop
      vertex -1.96068 2.19655 1.00547
      vertex -1.96068 2.17355 0.961294
      vertex -1.905 2.14833 1.03331
    endloop
  endfacet
  facet normal -0.70677 -0.62751 0.32666
    outer loop
      vertex -1.905 2.14833 1.03331
      vertex -1.96068 2.17355 0.961294
      vertex -1.905 2.12309 0.984825
    endloop
  endfacet
  facet normal -0.70677 -0.653592 0.270728
    outer loop
      vertex -1.96068 2.17355 0.961294
      vertex -1.96068 2.1545 0.915284
      vertex -1.905 2.12309 0.984825
    endloop
  endfacet
  facet normal -0.70677 -0.653592 0.270728
    outer loop
      vertex -1.905 2.12309 0.984825
      vertex -1.96068 2.1545 0.915284
      vertex -1.905 2.10218 0.934326
    endloop
  endfacet
  facet normal -0.70677 -0.674701 0.212732
    outer loop
      vertex -1.96068 2.1545 0.915284
      vertex -1.96068 2.13952 0.867787
      vertex -1.905 2.10218 0.934326
    endloop
  endfacet
  facet normal -0.70677 -0.6747 0.212732
    outer loop
      vertex -1.905 2.10218 0.934326
      vertex -1.96068 2.13952 0.867787
      vertex -1.905 2.08574 0.882197
    endloop
  endfacet
  facet normal -0.70677 -0.690674 0.153119
    outer loop
      vertex -1.96068 2.13952 0.867787
      vertex -1.96068 2.12874 0.819165
      vertex -1.905 2.08574 0.882197
    endloop
  endfacet
  facet normal -0.70677 -0.690675 0.153118
    outer loop
      vertex -1.905 2.08574 0.882197
      vertex -1.96068 2.12874 0.819165
      vertex -1.905 2.07391 0.828834
    endloop
  endfacet
  facet normal -0.706769 -0.701392 0.0923386
    outer loop
      vertex -1.96068 2.12874 0.819165
      vertex -1.96068 2.12224 0.76979
      vertex -1.905 2.07391 0.828834
    endloop
  endfacet
  facet normal -0.706771 -0.70139 0.0923408
    outer loop
      vertex -1.905 2.07391 0.828834
      vertex -1.96068 2.12224 0.76979
      vertex -1.905 2.06677 0.774642
    endloop
  endfacet
  facet normal -0.706771 -0.706769 0.0308593
    outer loop
      vertex -1.96068 2.12224 0.76979
      vertex -1.96068 2.12007 0.720035
      vertex -1.905 2.06677 0.774642
    endloop
  endfacet
  facet normal -0.70677 -0.70677 0.0308581
    outer loop
      vertex -1.905 2.06677 0.774642
      vertex -1.96068 2.12007 0.720035
      vertex -1.905 2.06439 0.720035
    endloop
  endfacet
  facet normal -0.70677 -0.70677 -0.0308593
    outer loop
      vertex -1.96068 2.12007 0.720035
      vertex -1.96068 2.12224 0.670281
      vertex -1.905 2.06439 0.720035
    endloop
  endfacet
  facet normal -0.706771 -0.706769 -0.0308581
    outer loop
      vertex -1.905 2.06439 0.720035
      vertex -1.96068 2.12224 0.670281
      vertex -1.905 2.06677 0.665428
    endloop
  endfacet
  facet normal -0.706771 -0.701391 -0.0923384
    outer loop
      vertex -1.96068 2.12224 0.670281
      vertex -1.96068 2.12874 0.620905
      vertex -1.905 2.06677 0.665428
    endloop
  endfacet
  facet normal -0.70677 -0.701391 -0.0923409
    outer loop
      vertex -1.905 2.06677 0.665428
      vertex -1.96068 2.12874 0.620905
      vertex -1.905 2.07391 0.611237
    endloop
  endfacet
  facet normal -0.706769 -0.690674 -0.15312
    outer loop
      vertex -1.96068 2.12874 0.620905
      vertex -1.96068 2.13952 0.572284
      vertex -1.905 2.07391 0.611237
    endloop
  endfacet
  facet normal -0.70677 -0.690674 -0.153118
    outer loop
      vertex -1.905 2.07391 0.611237
      vertex -1.96068 2.13952 0.572284
      vertex -1.905 2.08574 0.557873
    endloop
  endfacet
  facet normal -0.70677 -0.6747 -0.212732
    outer loop
      vertex -1.96068 2.13952 0.572284
      vertex -1.96068 2.1545 0.524787
      vertex -1.905 2.08574 0.557873
    endloop
  endfacet
  facet normal -0.70677 -0.674701 -0.212732
    outer loop
      vertex -1.905 2.08574 0.557873
      vertex -1.96068 2.1545 0.524787
      vertex -1.905 2.10218 0.505744
    endloop
  endfacet
  facet normal -0.70677 -0.653592 -0.270727
    outer loop
      vertex -1.96068 2.1545 0.524787
      vertex -1.96068 2.17355 0.478776
      vertex -1.905 2.10218 0.505744
    endloop
  endfacet
  facet normal -0.70677 -0.653592 -0.270728
    outer loop
      vertex -1.905 2.10218 0.505744
      vertex -1.96068 2.17355 0.478776
      vertex -1.905 2.12309 0.455246
    endloop
  endfacet
  facet normal -0.70677 -0.62751 -0.326661
    outer loop
      vertex -1.96068 2.17355 0.478776
      vertex -1.96068 2.19655 0.434601
      vertex -1.905 2.12309 0.455246
    endloop
  endfacet
  facet normal -0.70677 -0.62751 -0.326661
    outer loop
      vertex -1.905 2.12309 0.455246
      vertex -1.96068 2.19655 0.434601
      vertex -1.905 2.14833 0.406763
    endloop
  endfacet
  facet normal -0.70677 -0.596652 -0.380108
    outer loop
      vertex -1.96068 2.19655 0.434601
      vertex -1.96068 2.22331 0.392599
      vertex -1.905 2.14833 0.406763
    endloop
  endfacet
  facet normal -0.70677 -0.596652 -0.38011
    outer loop
      vertex -1.905 2.14833 0.406763
      vertex -1.96068 2.22331 0.392599
      vertex -1.905 2.1777 0.360664
    endloop
  endfacet
  facet normal -0.70677 -0.561253 -0.430665
    outer loop
      vertex -1.96068 2.22331 0.392599
      vertex -1.96068 2.25363 0.353089
      vertex -1.905 2.1777 0.360664
    endloop
  endfacet
  facet normal -0.70677 -0.561253 -0.430665
    outer loop
      vertex -1.905 2.1777 0.360664
      vertex -1.96068 2.25363 0.353089
      vertex -1.905 2.21097 0.3173
    endloop
  endfacet
  facet normal -0.70677 -0.521582 -0.477942
    outer loop
      vertex -1.96068 2.25363 0.353089
      vertex -1.96068 2.28727 0.316371
      vertex -1.905 2.21097 0.3173
    endloop
  endfacet
  facet normal -0.70677 -0.521582 -0.477941
    outer loop
      vertex -1.905 2.21097 0.3173
      vertex -1.96068 2.28727 0.316371
      vertex -1.905 2.2479 0.277001
    endloop
  endfacet
  facet normal -0.70677 -0.477942 -0.521582
    outer loop
      vertex -1.96068 2.28727 0.316371
      vertex -1.96068 2.32399 0.282725
      vertex -1.905 2.2479 0.277001
    endloop
  endfacet
  facet normal -0.70677 -0.477941 -0.521583
    outer loop
      vertex -1.905 2.2479 0.277001
      vertex -1.96068 2.32399 0.282725
      vertex -1.905 2.2882 0.240074
    endloop
  endfacet
  facet normal -0.70677 -0.430665 -0.561252
    outer loop
      vertex -1.96068 2.32399 0.282725
      vertex -1.96068 2.3635 0.252408
      vertex -1.905 2.2882 0.240074
    endloop
  endfacet
  facet normal -0.70677 -0.430665 -0.561252
    outer loop
      vertex -1.905 2.2882 0.240074
      vertex -1.96068 2.3635 0.252408
      vertex -1.905 2.33156 0.206799
    endloop
  endfacet
  facet normal -0.70677 -0.380109 -0.596652
    outer loop
      vertex -1.96068 2.3635 0.252408
      vertex -1.96068 2.4055 0.225649
      vertex -1.905 2.33156 0.206799
    endloop
  endfacet
  facet normal -0.70677 -0.380109 -0.596651
    outer loop
      vertex -1.905 2.33156 0.206799
      vertex -1.96068 2.4055 0.225649
      vertex -1.905 2.37766 0.177431
    endloop
  endfacet
  facet normal -0.70677 -0.326661 -0.62751
    outer loop
      vertex -1.96068 2.4055 0.225649
      vertex -1.96068 2.44968 0.202653
      vertex -1.905 2.37766 0.177431
    endloop
  endfacet
  facet normal -0.70677 -0.326661 -0.62751
    outer loop
      vertex -1.905 2.37766 0.177431
      vertex -1.96068 2.44968 0.202653
      vertex -1.905 2.42615 0.152192
    endloop
  endfacet
  facet normal -0.70677 -0.270727 -0.653592
    outer loop
      vertex -1.96068 2.44968 0.202653
      vertex -1.96068 2.49569 0.183595
      vertex -1.905 2.42615 0.152192
    endloop
  endfacet
  facet normal -0.70677 -0.270727 -0.653592
    outer loop
      vertex -1.905 2.42615 0.152192
      vertex -1.96068 2.49569 0.183595
      vertex -1.905 2.47664 0.131275
    endloop
  endfacet
  facet normal -0.70677 -0.212732 -0.674701
    outer loop
      vertex -1.96068 2.49569 0.183595
      vertex -1.96068 2.54318 0.168619
      vertex -1.905 2.47664 0.131275
    endloop
  endfacet
  facet normal -0.70677 -0.212732 -0.674701
    outer loop
      vertex -1.905 2.47664 0.131275
      vertex -1.96068 2.54318 0.168619
      vertex -1.905 2.52877 0.114839
    endloop
  endfacet
  facet normal -0.70677 -0.153119 -0.690674
    outer loop
      vertex -1.96068 2.54318 0.168619
      vertex -1.96068 2.59181 0.15784
      vertex -1.905 2.52877 0.114839
    endloop
  endfacet
  facet normal -0.70677 -0.153119 -0.690674
    outer loop
      vertex -1.905 2.52877 0.114839
      vertex -1.96068 2.59181 0.15784
      vertex -1.905 2.58214 0.103008
    endloop
  endfacet
  facet normal -0.70677 -0.09234 -0.701391
    outer loop
      vertex -1.96068 2.59181 0.15784
      vertex -1.96068 2.64118 0.15134
      vertex -1.905 2.58214 0.103008
    endloop
  endfacet
  facet normal -0.70677 -0.0923398 -0.701391
    outer loop
      vertex -1.905 2.58214 0.103008
      vertex -1.96068 2.64118 0.15134
      vertex -1.905 2.63633 0.095874
    endloop
  endfacet
  facet normal -0.70677 -0.0308582 -0.70677
    outer loop
      vertex -1.96068 2.64118 0.15134
      vertex -1.96068 2.69094 0.149168
      vertex -1.905 2.63633 0.095874
    endloop
  endfacet
  facet normal -0.70677 -0.0308582 -0.70677
    outer loop
      vertex -1.905 2.63633 0.095874
      vertex -1.96068 2.69094 0.149168
      vertex -1.905 2.69094 0.0934898
    endloop
  endfacet
  facet normal -0.70677 0.0308583 -0.70677
    outer loop
      vertex -1.96068 2.69094 0.149168
      vertex -1.96068 2.74069 0.15134
      vertex -1.905 2.69094 0.0934898
    endloop
  endfacet
  facet normal -0.70677 0.0308583 -0.70677
    outer loop
      vertex -1.905 2.69094 0.0934898
      vertex -1.96068 2.74069 0.15134
      vertex -1.905 2.74554 0.095874
    endloop
  endfacet
  facet normal -0.70677 0.0923401 -0.701391
    outer loop
      vertex -1.96068 2.74069 0.15134
      vertex -1.96068 2.79007 0.15784
      vertex -1.905 2.74554 0.095874
    endloop
  endfacet
  facet normal -0.70677 0.0923398 -0.701391
    outer loop
      vertex -1.905 2.74554 0.095874
      vertex -1.96068 2.79007 0.15784
      vertex -1.905 2.79973 0.103008
    endloop
  endfacet
  facet normal -0.70677 0.153118 -0.690674
    outer loop
      vertex -1.96068 2.79007 0.15784
      vertex -1.96068 2.83869 0.168619
      vertex -1.905 2.79973 0.103008
    endloop
  endfacet
  facet normal -0.70677 0.153119 -0.690674
    outer loop
      vertex -1.905 2.79973 0.103008
      vertex -1.96068 2.83869 0.168619
      vertex -1.905 2.8531 0.114839
    endloop
  endfacet
  facet normal -0.70677 0.212733 -0.6747
    outer loop
      vertex -1.96068 2.83869 0.168619
      vertex -1.96068 2.88618 0.183595
      vertex -1.905 2.8531 0.114839
    endloop
  endfacet
  facet normal -0.70677 0.212733 -0.6747
    outer loop
      vertex -1.905 2.8531 0.114839
      vertex -1.96068 2.88618 0.183595
      vertex -1.905 2.90523 0.131275
    endloop
  endfacet
  facet normal -0.70677 0.270727 -0.653592
    outer loop
      vertex -1.96068 2.88618 0.183595
      vertex -1.96068 2.93219 0.202653
      vertex -1.905 2.90523 0.131275
    endloop
  endfacet
  facet normal -0.706771 0.270726 -0.653592
    outer loop
      vertex -1.905 2.90523 0.131275
      vertex -1.96068 2.93219 0.202653
      vertex -1.905 2.95573 0.152192
    endloop
  endfacet
  facet normal -0.706771 0.32666 -0.62751
    outer loop
      vertex -1.96068 2.93219 0.202653
      vertex -1.96068 2.97637 0.225649
      vertex -1.905 2.95573 0.152192
    endloop
  endfacet
  facet normal -0.70677 0.326662 -0.62751
    outer loop
      vertex -1.905 2.95573 0.152192
      vertex -1.96068 2.97637 0.225649
      vertex -1.905 3.00421 0.177431
    endloop
  endfacet
  facet normal -0.70677 0.380109 -0.596652
    outer loop
      vertex -1.96068 2.97637 0.225649
      vertex -1.96068 3.01837 0.252408
      vertex -1.905 3.00421 0.177431
    endloop
  endfacet
  facet normal -0.70677 0.380108 -0.596652
    outer loop
      vertex -1.905 3.00421 0.177431
      vertex -1.96068 3.01837 0.252408
      vertex -1.905 3.05031 0.206799
    endloop
  endfacet
  facet normal -0.70677 0.430665 -0.561252
    outer loop
      vertex -1.96068 3.01837 0.252408
      vertex -1.96068 3.05788 0.282725
      vertex -1.905 3.05031 0.206799
    endloop
  endfacet
  facet normal -0.70677 0.430665 -0.561252
    outer loop
      vertex -1.905 3.05031 0.206799
      vertex -1.96068 3.05788 0.282725
      vertex -1.905 3.09367 0.240074
    endloop
  endfacet
  facet normal -0.70677 0.477943 -0.521581
    outer loop
      vertex -1.96068 3.05788 0.282725
      vertex -1.96068 3.0946 0.316371
      vertex -1.905 3.09367 0.240074
    endloop
  endfacet
  facet normal -0.70677 0.477942 -0.521581
    outer loop
      vertex -1.905 3.09367 0.240074
      vertex -1.96068 3.0946 0.316371
      vertex -1.905 3.13397 0.277001
    endloop
  endfacet
  facet normal -0.70677 0.52158 -0.477943
    outer loop
      vertex -1.96068 3.0946 0.316371
      vertex -1.96068 3.12825 0.353089
      vertex -1.905 3.13397 0.277001
    endloop
  endfacet
  facet normal -0.706769 0.521584 -0.477942
    outer loop
      vertex -1.905 3.13397 0.277001
      vertex -1.96068 3.12825 0.353089
      vertex -1.905 3.1709 0.3173
    endloop
  endfacet
  facet normal -0.706769 0.561253 -0.430665
    outer loop
      vertex -1.96068 3.12825 0.353089
      vertex -1.96068 3.15856 0.392599
      vertex -1.905 3.1709 0.3173
    endloop
  endfacet
  facet normal -0.70677 0.561252 -0.430666
    outer loop
      vertex -1.905 3.1709 0.3173
      vertex -1.96068 3.15856 0.392599
      vertex -1.905 3.20417 0.360664
    endloop
  endfacet
  facet normal -0.70677 0.596652 -0.380109
    outer loop
      vertex -1.96068 3.15856 0.392599
      vertex -1.96068 3.18532 0.434601
      vertex -1.905 3.20417 0.360664
    endloop
  endfacet
  facet normal -0.706769 0.596653 -0.380108
    outer loop
      vertex -1.905 3.20417 0.360664
      vertex -1.96068 3.18532 0.434601
      vertex -1.905 3.23354 0.406763
    endloop
  endfacet
  facet normal -0.706769 0.627511 -0.326661
    outer loop
      vertex -1.96068 3.18532 0.434601
      vertex -1.96068 3.20832 0.478776
      vertex -1.905 3.23354 0.406763
    endloop
  endfacet
  facet normal -0.706769 0.627511 -0.326661
    outer loop
      vertex -1.905 3.23354 0.406763
      vertex -1.96068 3.20832 0.478776
      vertex -1.905 3.25878 0.455246
    endloop
  endfacet
  facet normal -0.706769 0.653594 -0.270726
    outer loop
      vertex -1.96068 3.20832 0.478776
      vertex -1.96068 3.22738 0.524787
      vertex -1.905 3.25878 0.455246
    endloop
  endfacet
  facet normal -0.706771 0.65359 -0.270729
    outer loop
      vertex -1.905 3.25878 0.455246
      vertex -1.96068 3.22738 0.524787
      vertex -1.905 3.2797 0.505744
    endloop
  endfacet
  facet normal -0.706771 0.6747 -0.212732
    outer loop
      vertex -1.96068 3.22738 0.524787
      vertex -1.96068 3.24235 0.572284
      vertex -1.905 3.2797 0.505744
    endloop
  endfacet
  facet normal -0.70677 0.674701 -0.212731
    outer loop
      vertex -1.905 3.2797 0.505744
      vertex -1.96068 3.24235 0.572284
      vertex -1.905 3.29613 0.557873
    endloop
  endfacet
  facet normal -0.70677 0.690673 -0.153121
    outer loop
      vertex -1.96068 3.24235 0.572284
      vertex -1.96068 3.25313 0.620905
      vertex -1.905 3.29613 0.557873
    endloop
  endfacet
  facet normal -0.706769 0.690676 -0.153118
    outer loop
      vertex -1.905 3.29613 0.557873
      vertex -1.96068 3.25313 0.620905
      vertex -1.905 3.30796 0.611237
    endloop
  endfacet
  facet normal -0.706768 0.701393 -0.0923367
    outer loop
      vertex -1.96068 3.25313 0.620905
      vertex -1.96068 3.25963 0.670281
      vertex -1.905 3.30796 0.611237
    endloop
  endfacet
  facet normal -0.706771 0.701389 -0.0923425
    outer loop
      vertex -1.905 3.30796 0.611237
      vertex -1.96068 3.25963 0.670281
      vertex -1.905 3.3151 0.665428
    endloop
  endfacet
  facet normal -0.706772 0.706768 -0.0308593
    outer loop
      vertex -1.96068 3.25963 0.670281
      vertex -1.96068 3.2618 0.720035
      vertex -1.905 3.3151 0.665428
    endloop
  endfacet
  facet normal -0.706771 0.706769 -0.0308581
    outer loop
      vertex -1.905 3.3151 0.665428
      vertex -1.96068 3.2618 0.720035
      vertex -1.905 3.31748 0.720035
    endloop
  endfacet
  facet normal -0.706771 0.706769 0.0308593
    outer loop
      vertex -1.96068 3.2618 0.720035
      vertex -1.96068 3.25963 0.76979
      vertex -1.905 3.31748 0.720035
    endloop
  endfacet
  facet normal -0.706772 0.706769 0.0308581
    outer loop
      vertex -1.905 3.31748 0.720035
      vertex -1.96068 3.25963 0.76979
      vertex -1.905 3.3151 0.774642
    endloop
  endfacet
  facet normal -0.706772 0.70139 0.0923363
    outer loop
      vertex -1.96068 3.25963 0.76979
      vertex -1.96068 3.25313 0.819165
      vertex -1.905 3.3151 0.774642
    endloop
  endfacet
  facet normal -0.706769 0.701392 0.0923429
    outer loop
      vertex -1.905 3.3151 0.774642
      vertex -1.96068 3.25313 0.819165
      vertex -1.905 3.30796 0.828834
    endloop
  endfacet
  facet normal -0.706769 0.690675 0.153122
    outer loop
      vertex -1.96068 3.25313 0.819165
      vertex -1.96068 3.24235 0.867787
      vertex -1.905 3.30796 0.828834
    endloop
  endfacet
  facet normal -0.70677 0.690674 0.153118
    outer loop
      vertex -1.905 3.30796 0.828834
      vertex -1.96068 3.24235 0.867787
      vertex -1.905 3.29613 0.882197
    endloop
  endfacet
  facet normal -0.70677 0.6747 0.212732
    outer loop
      vertex -1.96068 3.24235 0.867787
      vertex -1.96068 3.22738 0.915284
      vertex -1.905 3.29613 0.882197
    endloop
  endfacet
  facet normal -0.706771 0.6747 0.21273
    outer loop
      vertex -1.905 3.29613 0.882197
      vertex -1.96068 3.22738 0.915284
      vertex -1.905 3.2797 0.934326
    endloop
  endfacet
  facet normal -0.706771 0.653592 0.270725
    outer loop
      vertex -1.96068 3.22738 0.915284
      vertex -1.96068 3.20832 0.961294
      vertex -1.905 3.2797 0.934326
    endloop
  endfacet
  facet normal -0.706769 0.653592 0.27073
    outer loop
      vertex -1.905 3.2797 0.934326
      vertex -1.96068 3.20832 0.961294
      vertex -1.905 3.25878 0.984825
    endloop
  endfacet
  facet normal -0.706769 0.627511 0.326661
    outer loop
      vertex -1.96068 3.20832 0.961294
      vertex -1.96068 3.18532 1.00547
      vertex -1.905 3.25878 0.984825
    endloop
  endfacet
  facet normal -0.706769 0.627511 0.326661
    outer loop
      vertex -1.905 3.25878 0.984825
      vertex -1.96068 3.18532 1.00547
      vertex -1.905 3.23354 1.03331
    endloop
  endfacet
  facet normal -0.706769 0.596653 0.380109
    outer loop
      vertex -1.96068 3.18532 1.00547
      vertex -1.96068 3.15856 1.04747
      vertex -1.905 3.23354 1.03331
    endloop
  endfacet
  facet normal -0.70677 0.596653 0.380108
    outer loop
      vertex -1.905 3.23354 1.03331
      vertex -1.96068 3.15856 1.04747
      vertex -1.905 3.20417 1.07941
    endloop
  endfacet
  facet normal -0.70677 0.561253 0.430664
    outer loop
      vertex -1.96068 3.15856 1.04747
      vertex -1.96068 3.12825 1.08698
      vertex -1.905 3.20417 1.07941
    endloop
  endfacet
  facet normal -0.706769 0.561253 0.430666
    outer loop
      vertex -1.905 3.20417 1.07941
      vertex -1.96068 3.12825 1.08698
      vertex -1.905 3.1709 1.12277
    endloop
  endfacet
  facet normal -0.706769 0.521581 0.477944
    outer loop
      vertex -1.96068 3.12825 1.08698
      vertex -1.96068 3.0946 1.1237
      vertex -1.905 3.1709 1.12277
    endloop
  endfacet
  facet normal -0.70677 0.521583 0.477941
    outer loop
      vertex -1.905 3.1709 1.12277
      vertex -1.96068 3.0946 1.1237
      vertex -1.905 3.13397 1.16307
    endloop
  endfacet
  facet normal -0.706771 0.477943 0.521581
    outer loop
      vertex -1.96068 3.0946 1.1237
      vertex -1.96068 3.05788 1.15735
      vertex -1.905 3.13397 1.16307
    endloop
  endfacet
  facet normal -0.70677 0.477942 0.521582
    outer loop
      vertex -1.905 3.13397 1.16307
      vertex -1.96068 3.05788 1.15735
      vertex -1.905 3.09367 1.2
    endloop
  endfacet
  facet normal -0.70677 0.430665 0.561252
    outer loop
      vertex -1.96068 3.05788 1.15735
      vertex -1.96068 3.01837 1.18766
      vertex -1.905 3.09367 1.2
    endloop
  endfacet
  facet normal -0.70677 0.430665 0.561251
    outer loop
      vertex -1.905 3.09367 1.2
      vertex -1.96068 3.01837 1.18766
      vertex -1.905 3.05031 1.23327
    endloop
  endfacet
  facet normal -0.70677 0.380109 0.596652
    outer loop
      vertex -1.96068 3.01837 1.18766
      vertex -1.96068 2.97637 1.21442
      vertex -1.905 3.05031 1.23327
    endloop
  endfacet
  facet normal -0.70677 0.380107 0.596653
    outer loop
      vertex -1.905 3.05031 1.23327
      vertex -1.96068 2.97637 1.21442
      vertex -1.905 3.00421 1.26264
    endloop
  endfacet
  facet normal -0.706769 0.326659 0.627511
    outer loop
      vertex -1.96068 2.97637 1.21442
      vertex -1.96068 2.93219 1.23742
      vertex -1.905 3.00421 1.26264
    endloop
  endfacet
  facet normal -0.706771 0.326662 0.627508
    outer loop
      vertex -1.905 3.00421 1.26264
      vertex -1.96068 2.93219 1.23742
      vertex -1.905 2.95573 1.28788
    endloop
  endfacet
  facet normal -0.706771 0.270727 0.653591
    outer loop
      vertex -1.96068 2.93219 1.23742
      vertex -1.96068 2.88618 1.25648
      vertex -1.905 2.95573 1.28788
    endloop
  endfacet
  facet normal -0.70677 0.270726 0.653593
    outer loop
      vertex -1.905 2.95573 1.28788
      vertex -1.96068 2.88618 1.25648
      vertex -1.905 2.90523 1.3088
    endloop
  endfacet
  facet normal -0.70677 0.212733 0.6747
    outer loop
      vertex -1.96068 2.88618 1.25648
      vertex -1.96068 2.83869 1.27145
      vertex -1.905 2.90523 1.3088
    endloop
  endfacet
  facet normal -0.70677 0.212733 0.6747
    outer loop
      vertex -1.905 2.90523 1.3088
      vertex -1.96068 2.83869 1.27145
      vertex -1.905 2.8531 1.32523
    endloop
  endfacet
  facet normal -0.70677 0.153119 0.690674
    outer loop
      vertex -1.96068 2.83869 1.27145
      vertex -1.96068 2.79007 1.28223
      vertex -1.905 2.8531 1.32523
    endloop
  endfacet
  facet normal -0.706771 0.153119 0.690674
    outer loop
      vertex -1.905 2.8531 1.32523
      vertex -1.96068 2.79007 1.28223
      vertex -1.905 2.79973 1.33706
    endloop
  endfacet
  facet normal -0.70677 0.0923406 0.701391
    outer loop
      vertex -1.96068 2.79007 1.28223
      vertex -1.96068 2.74069 1.28873
      vertex -1.905 2.79973 1.33706
    endloop
  endfacet
  facet normal -0.70677 0.0923389 0.701392
    outer loop
      vertex -1.905 2.79973 1.33706
      vertex -1.96068 2.74069 1.28873
      vertex -1.905 2.74554 1.3442
    endloop
  endfacet
  facet normal -0.70677 0.0308573 0.706771
    outer loop
      vertex -1.96068 2.74069 1.28873
      vertex -1.96068 2.69094 1.2909
      vertex -1.905 2.74554 1.3442
    endloop
  endfacet
  facet normal -0.70677 0.0308582 0.70677
    outer loop
      vertex -1.905 2.74554 1.3442
      vertex -1.96068 2.69094 1.2909
      vertex -1.905 2.69094 1.34658
    endloop
  endfacet
  facet normal -0.70677 -0.0308571 0.70677
    outer loop
      vertex -1.96068 2.69094 1.2909
      vertex -1.96068 2.64118 1.28873
      vertex -1.905 2.69094 1.34658
    endloop
  endfacet
  facet normal 0.70677 0.0923412 -0.701391
    outer loop
      vertex -1.9784 2.63964 1.30638
      vertex -1.92272 2.63478 1.36185
      vertex -1.9784 2.58873 1.29968
    endloop
  endfacet
  facet normal 0.70677 0.0923393 -0.701391
    outer loop
      vertex -1.92272 2.63478 1.36185
      vertex -1.92272 2.57906 1.35451
      vertex -1.9784 2.58873 1.29968
    endloop
  endfacet
  facet normal 0.706771 0.153118 -0.690674
    outer loop
      vertex -1.9784 2.58873 1.29968
      vertex -1.92272 2.57906 1.35451
      vertex -1.9784 2.5386 1.28857
    endloop
  endfacet
  facet normal 0.70677 0.153119 -0.690674
    outer loop
      vertex -1.92272 2.57906 1.35451
      vertex -1.92272 2.52419 1.34235
      vertex -1.9784 2.5386 1.28857
    endloop
  endfacet
  facet normal 0.70677 0.212731 -0.674701
    outer loop
      vertex -1.9784 2.5386 1.28857
      vertex -1.92272 2.52419 1.34235
      vertex -1.9784 2.48963 1.27313
    endloop
  endfacet
  facet normal 0.706769 0.212734 -0.674701
    outer loop
      vertex -1.92272 2.52419 1.34235
      vertex -1.92272 2.47058 1.32545
      vertex -1.9784 2.48963 1.27313
    endloop
  endfacet
  facet normal 0.706769 0.270729 -0.653593
    outer loop
      vertex -1.9784 2.48963 1.27313
      vertex -1.92272 2.47058 1.32545
      vertex -1.9784 2.44219 1.25348
    endloop
  endfacet
  facet normal 0.70677 0.270726 -0.653593
    outer loop
      vertex -1.92272 2.47058 1.32545
      vertex -1.92272 2.41866 1.30394
      vertex -1.9784 2.44219 1.25348
    endloop
  endfacet
  facet normal 0.70677 0.32666 -0.627511
    outer loop
      vertex -1.9784 2.44219 1.25348
      vertex -1.92272 2.41866 1.30394
      vertex -1.9784 2.39664 1.22977
    endloop
  endfacet
  facet normal 0.706769 0.326661 -0.627511
    outer loop
      vertex -1.92272 2.41866 1.30394
      vertex -1.92272 2.3688 1.27799
      vertex -1.9784 2.39664 1.22977
    endloop
  endfacet
  facet normal 0.706769 0.38011 -0.596652
    outer loop
      vertex -1.9784 2.39664 1.22977
      vertex -1.92272 2.3688 1.27799
      vertex -1.9784 2.35334 1.20218
    endloop
  endfacet
  facet normal 0.70677 0.380109 -0.596652
    outer loop
      vertex -1.92272 2.3688 1.27799
      vertex -1.92272 2.3214 1.24779
      vertex -1.9784 2.35334 1.20218
    endloop
  endfacet
  facet normal 0.70677 0.430665 -0.561252
    outer loop
      vertex -1.9784 2.35334 1.20218
      vertex -1.92272 2.3214 1.24779
      vertex -1.9784 2.3126 1.17092
    endloop
  endfacet
  facet normal 0.70677 0.430664 -0.561252
    outer loop
      vertex -1.92272 2.3214 1.24779
      vertex -1.92272 2.27681 1.21357
      vertex -1.9784 2.3126 1.17092
    endloop
  endfacet
  facet normal 0.70677 0.477942 -0.521581
    outer loop
      vertex -1.9784 2.3126 1.17092
      vertex -1.92272 2.27681 1.21357
      vertex -1.9784 2.27474 1.13623
    endloop
  endfacet
  facet normal 0.70677 0.477942 -0.521581
    outer loop
      vertex -1.92272 2.27681 1.21357
      vertex -1.92272 2.23537 1.1756
      vertex -1.9784 2.27474 1.13623
    endloop
  endfacet
  facet normal 0.706771 0.521581 -0.477942
    outer loop
      vertex -1.9784 2.27474 1.13623
      vertex -1.92272 2.23537 1.1756
      vertex -1.9784 2.24005 1.09837
    endloop
  endfacet
  facet normal 0.70677 0.521582 -0.477942
    outer loop
      vertex -1.92272 2.23537 1.1756
      vertex -1.92272 2.1974 1.13416
      vertex -1.9784 2.24005 1.09837
    endloop
  endfacet
  facet normal 0.70677 0.561253 -0.430663
    outer loop
      vertex -1.9784 2.24005 1.09837
      vertex -1.92272 2.1974 1.13416
      vertex -1.9784 2.20879 1.05764
    endloop
  endfacet
  facet normal 0.70677 0.561253 -0.430664
    outer loop
      vertex -1.92272 2.1974 1.13416
      vertex -1.92272 2.16318 1.08957
      vertex -1.9784 2.20879 1.05764
    endloop
  endfacet
  facet normal 0.70677 0.596651 -0.380109
    outer loop
      vertex -1.9784 2.20879 1.05764
      vertex -1.92272 2.16318 1.08957
      vertex -1.9784 2.1812 1.01433
    endloop
  endfacet
  facet normal 0.70677 0.596652 -0.380109
    outer loop
      vertex -1.92272 2.16318 1.08957
      vertex -1.92272 2.13299 1.04217
      vertex -1.9784 2.1812 1.01433
    endloop
  endfacet
  facet normal 0.70677 0.62751 -0.326661
    outer loop
      vertex -1.9784 2.1812 1.01433
      vertex -1.92272 2.13299 1.04217
      vertex -1.9784 2.15749 0.968783
    endloop
  endfacet
  facet normal 0.70677 0.62751 -0.32666
    outer loop
      vertex -1.92272 2.13299 1.04217
      vertex -1.92272 2.10703 0.992314
      vertex -1.9784 2.15749 0.968783
    endloop
  endfacet
  facet normal 0.70677 0.653593 -0.270727
    outer loop
      vertex -1.9784 2.15749 0.968783
      vertex -1.92272 2.10703 0.992314
      vertex -1.9784 2.13784 0.921344
    endloop
  endfacet
  facet normal 0.70677 0.653592 -0.270727
    outer loop
      vertex -1.92272 2.10703 0.992314
      vertex -1.92272 2.08552 0.940387
      vertex -1.9784 2.13784 0.921344
    endloop
  endfacet
  facet normal 0.70677 0.6747 -0.212733
    outer loop
      vertex -1.9784 2.13784 0.921344
      vertex -1.92272 2.08552 0.940387
      vertex -1.9784 2.1224 0.872373
    endloop
  endfacet
  facet normal 0.70677 0.6747 -0.212733
    outer loop
      vertex -1.92272 2.08552 0.940387
      vertex -1.92272 2.06862 0.886784
      vertex -1.9784 2.1224 0.872373
    endloop
  endfacet
  facet normal 0.70677 0.690674 -0.153119
    outer loop
      vertex -1.9784 2.1224 0.872373
      vertex -1.92272 2.06862 0.886784
      vertex -1.9784 2.11129 0.822242
    endloop
  endfacet
  facet normal 0.70677 0.690674 -0.153119
    outer loop
      vertex -1.92272 2.06862 0.886784
      vertex -1.92272 2.05646 0.831911
      vertex -1.9784 2.11129 0.822242
    endloop
  endfacet
  facet normal 0.70677 0.701391 -0.0923389
    outer loop
      vertex -1.9784 2.11129 0.822242
      vertex -1.92272 2.05646 0.831911
      vertex -1.9784 2.10459 0.771334
    endloop
  endfacet
  facet normal 0.706771 0.701391 -0.0923394
    outer loop
      vertex -1.92272 2.05646 0.831911
      vertex -1.92272 2.04912 0.776187
      vertex -1.9784 2.10459 0.771334
    endloop
  endfacet
  facet normal 0.706771 0.706769 -0.0308598
    outer loop
      vertex -1.9784 2.10459 0.771334
      vertex -1.92272 2.04912 0.776187
      vertex -1.9784 2.10235 0.720035
    endloop
  endfacet
  facet normal 0.70677 0.70677 -0.0308586
    outer loop
      vertex -1.92272 2.04912 0.776187
      vertex -1.92272 2.04667 0.720035
      vertex -1.9784 2.10235 0.720035
    endloop
  endfacet
  facet normal 0.70677 0.70677 0.0308598
    outer loop
      vertex -1.9784 2.10235 0.720035
      vertex -1.92272 2.04667 0.720035
      vertex -1.9784 2.10459 0.668736
    endloop
  endfacet
  facet normal 0.706771 0.706769 0.0308586
    outer loop
      vertex -1.92272 2.04667 0.720035
      vertex -1.92272 2.04912 0.663884
      vertex -1.9784 2.10459 0.668736
    endloop
  endfacet
  facet normal 0.706771 0.701391 0.0923388
    outer loop
      vertex -1.9784 2.10459 0.668736
      vertex -1.92272 2.04912 0.663884
      vertex -1.9784 2.11129 0.617828
    endloop
  endfacet
  facet normal 0.70677 0.701391 0.0923393
    outer loop
      vertex -1.92272 2.04912 0.663884
      vertex -1.92272 2.05646 0.60816
      vertex -1.9784 2.11129 0.617828
    endloop
  endfacet
  facet normal 0.70677 0.690674 0.153119
    outer loop
      vertex -1.9784 2.11129 0.617828
      vertex -1.92272 2.05646 0.60816
      vertex -1.9784 2.1224 0.567698
    endloop
  endfacet
  facet normal 0.70677 0.690674 0.153119
    outer loop
      vertex -1.92272 2.05646 0.60816
      vertex -1.92272 2.06862 0.553287
      vertex -1.9784 2.1224 0.567698
    endloop
  endfacet
  facet normal 0.70677 0.6747 0.212733
    outer loop
      vertex -1.9784 2.1224 0.567698
      vertex -1.92272 2.06862 0.553287
      vertex -1.9784 2.13784 0.518726
    endloop
  endfacet
  facet normal 0.70677 0.6747 0.212733
    outer loop
      vertex -1.92272 2.06862 0.553287
      vertex -1.92272 2.08552 0.499683
      vertex -1.9784 2.13784 0.518726
    endloop
  endfacet
  facet normal 0.70677 0.653592 0.270726
    outer loop
      vertex -1.9784 2.13784 0.518726
      vertex -1.92272 2.08552 0.499683
      vertex -1.9784 2.15749 0.471287
    endloop
  endfacet
  facet normal 0.70677 0.653592 0.270727
    outer loop
      vertex -1.92272 2.08552 0.499683
      vertex -1.92272 2.10703 0.447757
      vertex -1.9784 2.15749 0.471287
    endloop
  endfacet
  facet normal 0.70677 0.62751 0.326661
    outer loop
      vertex -1.9784 2.15749 0.471287
      vertex -1.92272 2.10703 0.447757
      vertex -1.9784 2.1812 0.425741
    endloop
  endfacet
  facet normal 0.70677 0.62751 0.326661
    outer loop
      vertex -1.92272 2.10703 0.447757
      vertex -1.92272 2.13299 0.397902
      vertex -1.9784 2.1812 0.425741
    endloop
  endfacet
  facet normal 0.70677 0.596651 0.38011
    outer loop
      vertex -1.9784 2.1812 0.425741
      vertex -1.92272 2.13299 0.397902
      vertex -1.9784 2.20879 0.382435
    endloop
  endfacet
  facet normal 0.70677 0.596651 0.380109
    outer loop
      vertex -1.92272 2.13299 0.397902
      vertex -1.92272 2.16318 0.3505
      vertex -1.9784 2.20879 0.382435
    endloop
  endfacet
  facet normal 0.70677 0.561253 0.430663
    outer loop
      vertex -1.9784 2.20879 0.382435
      vertex -1.92272 2.16318 0.3505
      vertex -1.9784 2.24005 0.341698
    endloop
  endfacet
  facet normal 0.70677 0.561253 0.430664
    outer loop
      vertex -1.92272 2.16318 0.3505
      vertex -1.92272 2.1974 0.305909
      vertex -1.9784 2.24005 0.341698
    endloop
  endfacet
  facet normal 0.70677 0.521581 0.477942
    outer loop
      vertex -1.9784 2.24005 0.341698
      vertex -1.92272 2.1974 0.305909
      vertex -1.9784 2.27474 0.303841
    endloop
  endfacet
  facet normal 0.70677 0.521581 0.477942
    outer loop
      vertex -1.92272 2.1974 0.305909
      vertex -1.92272 2.23537 0.264471
      vertex -1.9784 2.27474 0.303841
    endloop
  endfacet
  facet normal 0.70677 0.477942 0.521582
    outer loop
      vertex -1.9784 2.27474 0.303841
      vertex -1.92272 2.23537 0.264471
      vertex -1.9784 2.3126 0.269151
    endloop
  endfacet
  facet normal 0.706771 0.477942 0.521581
    outer loop
      vertex -1.92272 2.23537 0.264471
      vertex -1.92272 2.27681 0.226499
      vertex -1.9784 2.3126 0.269151
    endloop
  endfacet
  facet normal 0.70677 0.430665 0.561252
    outer loop
      vertex -1.9784 2.3126 0.269151
      vertex -1.92272 2.27681 0.226499
      vertex -1.9784 2.35334 0.237892
    endloop
  endfacet
  facet normal 0.70677 0.430664 0.561253
    outer loop
      vertex -1.92272 2.27681 0.226499
      vertex -1.92272 2.3214 0.192284
      vertex -1.9784 2.35334 0.237892
    endloop
  endfacet
  facet normal 0.70677 0.380109 0.596652
    outer loop
      vertex -1.9784 2.35334 0.237892
      vertex -1.92272 2.3214 0.192284
      vertex -1.9784 2.39664 0.210303
    endloop
  endfacet
  facet normal 0.70677 0.380109 0.596652
    outer loop
      vertex -1.92272 2.3214 0.192284
      vertex -1.92272 2.3688 0.162085
      vertex -1.9784 2.39664 0.210303
    endloop
  endfacet
  facet normal 0.70677 0.326661 0.62751
    outer loop
      vertex -1.9784 2.39664 0.210303
      vertex -1.92272 2.3688 0.162085
      vertex -1.9784 2.44219 0.186593
    endloop
  endfacet
  facet normal 0.70677 0.326661 0.62751
    outer loop
      vertex -1.92272 2.3688 0.162085
      vertex -1.92272 2.41866 0.136132
      vertex -1.9784 2.44219 0.186593
    endloop
  endfacet
  facet normal 0.70677 0.270727 0.653592
    outer loop
      vertex -1.9784 2.44219 0.186593
      vertex -1.92272 2.41866 0.136132
      vertex -1.9784 2.48963 0.166944
    endloop
  endfacet
  facet normal 0.70677 0.270726 0.653593
    outer loop
      vertex -1.92272 2.41866 0.136132
      vertex -1.92272 2.47058 0.114624
      vertex -1.9784 2.48963 0.166944
    endloop
  endfacet
  facet normal 0.70677 0.212733 0.674701
    outer loop
      vertex -1.9784 2.48963 0.166944
      vertex -1.92272 2.47058 0.114624
      vertex -1.9784 2.5386 0.151503
    endloop
  endfacet
  facet normal 0.70677 0.212733 0.674701
    outer loop
      vertex -1.92272 2.47058 0.114624
      vertex -1.92272 2.52419 0.0977224
      vertex -1.9784 2.5386 0.151503
    endloop
  endfacet
  facet normal 0.70677 0.153118 0.690674
    outer loop
      vertex -1.9784 2.5386 0.151503
      vertex -1.92272 2.52419 0.0977224
      vertex -1.9784 2.58873 0.140389
    endloop
  endfacet
  facet normal 0.70677 0.153119 0.690674
    outer loop
      vertex -1.92272 2.52419 0.0977224
      vertex -1.92272 2.57906 0.0855575
      vertex -1.9784 2.58873 0.140389
    endloop
  endfacet
  facet normal 0.70677 0.0923401 0.701391
    outer loop
      vertex -1.9784 2.58873 0.140389
      vertex -1.92272 2.57906 0.0855575
      vertex -1.9784 2.63964 0.133687
    endloop
  endfacet
  facet normal 0.70677 0.0923398 0.701391
    outer loop
      vertex -1.92272 2.57906 0.0855575
      vertex -1.92272 2.63478 0.0782212
      vertex -1.9784 2.63964 0.133687
    endloop
  endfacet
  facet normal 0.70677 0.0308582 0.70677
    outer loop
      vertex -1.9784 2.63964 0.133687
      vertex -1.92272 2.63478 0.0782212
      vertex -1.9784 2.69094 0.131447
    endloop
  endfacet
  facet normal 0.70677 0.0308581 0.70677
    outer loop
      vertex -1.92272 2.63478 0.0782212
      vertex -1.92272 2.69094 0.0757696
      vertex -1.9784 2.69094 0.131447
    endloop
  endfacet
  facet normal 0.70677 -0.0308583 0.70677
    outer loop
      vertex -1.9784 2.69094 0.131447
      vertex -1.92272 2.69094 0.0757696
      vertex -1.9784 2.74223 0.133687
    endloop
  endfacet
  facet normal 0.70677 -0.0308583 0.70677
    outer loop
      vertex -1.92272 2.69094 0.0757696
      vertex -1.92272 2.74709 0.0782212
      vertex -1.9784 2.74223 0.133687
    endloop
  endfacet
  facet normal 0.70677 -0.0923401 0.701391
    outer loop
      vertex -1.9784 2.74223 0.133687
      vertex -1.92272 2.74709 0.0782212
      vertex -1.9784 2.79314 0.140389
    endloop
  endfacet
  facet normal 0.70677 -0.0923397 0.701391
    outer loop
      vertex -1.92272 2.74709 0.0782212
      vertex -1.92272 2.80281 0.0855575
      vertex -1.9784 2.79314 0.140389
    endloop
  endfacet
  facet normal 0.70677 -0.153118 0.690674
    outer loop
      vertex -1.9784 2.79314 0.140389
      vertex -1.92272 2.80281 0.0855575
      vertex -1.9784 2.84327 0.151503
    endloop
  endfacet
  facet normal 0.70677 -0.153119 0.690674
    outer loop
      vertex -1.92272 2.80281 0.0855575
      vertex -1.92272 2.85768 0.0977224
      vertex -1.9784 2.84327 0.151503
    endloop
  endfacet
  facet normal 0.70677 -0.212732 0.674701
    outer loop
      vertex -1.9784 2.84327 0.151503
      vertex -1.92272 2.85768 0.0977224
      vertex -1.9784 2.89224 0.166944
    endloop
  endfacet
  facet normal 0.70677 -0.212732 0.674701
    outer loop
      vertex -1.92272 2.85768 0.0977224
      vertex -1.92272 2.91129 0.114624
      vertex -1.9784 2.89224 0.166944
    endloop
  endfacet
  facet normal 0.70677 -0.270727 0.653592
    outer loop
      vertex -1.9784 2.89224 0.166944
      vertex -1.92272 2.91129 0.114624
      vertex -1.9784 2.93968 0.186593
    endloop
  endfacet
  facet normal 0.70677 -0.270728 0.653592
    outer loop
      vertex -1.92272 2.91129 0.114624
      vertex -1.92272 2.96321 0.136132
      vertex -1.9784 2.93968 0.186593
    endloop
  endfacet
  facet normal 0.70677 -0.326661 0.62751
    outer loop
      vertex -1.9784 2.93968 0.186593
      vertex -1.92272 2.96321 0.136132
      vertex -1.9784 2.98523 0.210303
    endloop
  endfacet
  facet normal 0.70677 -0.326661 0.62751
    outer loop
      vertex -1.92272 2.96321 0.136132
      vertex -1.92272 3.01307 0.162085
      vertex -1.9784 2.98523 0.210303
    endloop
  endfacet
  facet normal 0.70677 -0.380108 0.596652
    outer loop
      vertex -1.9784 2.98523 0.210303
      vertex -1.92272 3.01307 0.162085
      vertex -1.9784 3.02854 0.237892
    endloop
  endfacet
  facet normal 0.70677 -0.380108 0.596653
    outer loop
      vertex -1.92272 3.01307 0.162085
      vertex -1.92272 3.06047 0.192284
      vertex -1.9784 3.02854 0.237892
    endloop
  endfacet
  facet normal 0.70677 -0.430665 0.561252
    outer loop
      vertex -1.9784 3.02854 0.237892
      vertex -1.92272 3.06047 0.192284
      vertex -1.9784 3.06927 0.269151
    endloop
  endfacet
  facet normal 0.70677 -0.430665 0.561252
    outer loop
      vertex -1.92272 3.06047 0.192284
      vertex -1.92272 3.10506 0.226499
      vertex -1.9784 3.06927 0.269151
    endloop
  endfacet
  facet normal 0.70677 -0.477942 0.521582
    outer loop
      vertex -1.9784 3.06927 0.269151
      vertex -1.92272 3.10506 0.226499
      vertex -1.9784 3.10713 0.303841
    endloop
  endfacet
  facet normal 0.70677 -0.477941 0.521582
    outer loop
      vertex -1.92272 3.10506 0.226499
      vertex -1.92272 3.1465 0.264471
      vertex -1.9784 3.10713 0.303841
    endloop
  endfacet
  facet normal 0.70677 -0.521581 0.477942
    outer loop
      vertex -1.9784 3.10713 0.303841
      vertex -1.92272 3.1465 0.264471
      vertex -1.9784 3.14182 0.341698
    endloop
  endfacet
  facet normal 0.706769 -0.521584 0.477941
    outer loop
      vertex -1.92272 3.1465 0.264471
      vertex -1.92272 3.18447 0.305909
      vertex -1.9784 3.14182 0.341698
    endloop
  endfacet
  facet normal 0.706769 -0.561254 0.430664
    outer loop
      vertex -1.9784 3.14182 0.341698
      vertex -1.92272 3.18447 0.305909
      vertex -1.9784 3.17308 0.382435
    endloop
  endfacet
  facet normal 0.70677 -0.561252 0.430665
    outer loop
      vertex -1.92272 3.18447 0.305909
      vertex -1.92272 3.21869 0.3505
      vertex -1.9784 3.17308 0.382435
    endloop
  endfacet
  facet normal 0.70677 -0.596652 0.38011
    outer loop
      vertex -1.9784 3.17308 0.382435
      vertex -1.92272 3.21869 0.3505
      vertex -1.9784 3.20067 0.425741
    endloop
  endfacet
  facet normal 0.706769 -0.596652 0.380109
    outer loop
      vertex -1.92272 3.21869 0.3505
      vertex -1.92272 3.24889 0.397902
      vertex -1.9784 3.20067 0.425741
    endloop
  endfacet
  facet normal 0.706769 -0.627512 0.32666
    outer loop
      vertex -1.9784 3.20067 0.425741
      vertex -1.92272 3.24889 0.397902
      vertex -1.9784 3.22438 0.471287
    endloop
  endfacet
  facet normal 0.706771 -0.627509 0.326662
    outer loop
      vertex -1.92272 3.24889 0.397902
      vertex -1.92272 3.27484 0.447757
      vertex -1.9784 3.22438 0.471287
    endloop
  endfacet
  facet normal 0.706771 -0.653592 0.270726
    outer loop
      vertex -1.9784 3.22438 0.471287
      vertex -1.92272 3.27484 0.447757
      vertex -1.9784 3.24403 0.518726
    endloop
  endfacet
  facet normal 0.706771 -0.653591 0.270727
    outer loop
      vertex -1.92272 3.27484 0.447757
      vertex -1.92272 3.29635 0.499683
      vertex -1.9784 3.24403 0.518726
    endloop
  endfacet
  facet normal 0.706771 -0.6747 0.212733
    outer loop
      vertex -1.9784 3.24403 0.518726
      vertex -1.92272 3.29635 0.499683
      vertex -1.9784 3.25947 0.567698
    endloop
  endfacet
  facet normal 0.70677 -0.674701 0.212731
    outer loop
      vertex -1.92272 3.29635 0.499683
      vertex -1.92272 3.31325 0.553287
      vertex -1.9784 3.25947 0.567698
    endloop
  endfacet
  facet normal 0.70677 -0.690674 0.153119
    outer loop
      vertex -1.9784 3.25947 0.567698
      vertex -1.92272 3.31325 0.553287
      vertex -1.9784 3.27058 0.617828
    endloop
  endfacet
  facet normal 0.70677 -0.690674 0.153119
    outer loop
      vertex -1.92272 3.31325 0.553287
      vertex -1.92272 3.32541 0.60816
      vertex -1.9784 3.27058 0.617828
    endloop
  endfacet
  facet normal 0.70677 -0.701391 0.0923408
    outer loop
      vertex -1.9784 3.27058 0.617828
      vertex -1.92272 3.32541 0.60816
      vertex -1.9784 3.27728 0.668736
    endloop
  endfacet
  facet normal 0.70677 -0.701392 0.0923394
    outer loop
      vertex -1.92272 3.32541 0.60816
      vertex -1.92272 3.33275 0.663884
      vertex -1.9784 3.27728 0.668736
    endloop
  endfacet
  facet normal 0.70677 -0.70677 0.0308598
    outer loop
      vertex -1.9784 3.27728 0.668736
      vertex -1.92272 3.33275 0.663884
      vertex -1.9784 3.27952 0.720035
    endloop
  endfacet
  facet normal 0.706769 -0.706771 0.0308586
    outer loop
      vertex -1.92272 3.33275 0.663884
      vertex -1.92272 3.3352 0.720035
      vertex -1.9784 3.27952 0.720035
    endloop
  endfacet
  facet normal 0.706769 -0.706771 -0.0308599
    outer loop
      vertex -1.9784 3.27952 0.720035
      vertex -1.92272 3.3352 0.720035
      vertex -1.9784 3.27728 0.771334
    endloop
  endfacet
  facet normal 0.70677 -0.70677 -0.0308586
    outer loop
      vertex -1.92272 3.3352 0.720035
      vertex -1.92272 3.33275 0.776187
      vertex -1.9784 3.27728 0.771334
    endloop
  endfacet
  facet normal 0.70677 -0.701391 -0.0923409
    outer loop
      vertex -1.9784 3.27728 0.771334
      vertex -1.92272 3.33275 0.776187
      vertex -1.9784 3.27058 0.822242
    endloop
  endfacet
  facet normal 0.70677 -0.701391 -0.0923394
    outer loop
      vertex -1.92272 3.33275 0.776187
      vertex -1.92272 3.32541 0.831911
      vertex -1.9784 3.27058 0.822242
    endloop
  endfacet
  facet normal 0.70677 -0.690674 -0.153119
    outer loop
      vertex -1.9784 3.27058 0.822242
      vertex -1.92272 3.32541 0.831911
      vertex -1.9784 3.25947 0.872373
    endloop
  endfacet
  facet normal 0.70677 -0.690674 -0.153119
    outer loop
      vertex -1.92272 3.32541 0.831911
      vertex -1.92272 3.31325 0.886784
      vertex -1.9784 3.25947 0.872373
    endloop
  endfacet
  facet normal 0.70677 -0.6747 -0.212733
    outer loop
      vertex -1.9784 3.25947 0.872373
      vertex -1.92272 3.31325 0.886784
      vertex -1.9784 3.24403 0.921344
    endloop
  endfacet
  facet normal 0.706771 -0.6747 -0.212731
    outer loop
      vertex -1.92272 3.31325 0.886784
      vertex -1.92272 3.29635 0.940387
      vertex -1.9784 3.24403 0.921344
    endloop
  endfacet
  facet normal 0.706771 -0.653592 -0.270726
    outer loop
      vertex -1.9784 3.24403 0.921344
      vertex -1.92272 3.29635 0.940387
      vertex -1.9784 3.22438 0.968783
    endloop
  endfacet
  facet normal 0.706771 -0.653592 -0.270727
    outer loop
      vertex -1.92272 3.29635 0.940387
      vertex -1.92272 3.27484 0.992314
      vertex -1.9784 3.22438 0.968783
    endloop
  endfacet
  facet normal 0.706771 -0.62751 -0.326659
    outer loop
      vertex -1.9784 3.22438 0.968783
      vertex -1.92272 3.27484 0.992314
      vertex -1.9784 3.20067 1.01433
    endloop
  endfacet
  facet normal 0.706769 -0.62751 -0.326662
    outer loop
      vertex -1.92272 3.27484 0.992314
      vertex -1.92272 3.24889 1.04217
      vertex -1.9784 3.20067 1.01433
    endloop
  endfacet
  facet normal 0.706769 -0.596652 -0.38011
    outer loop
      vertex -1.9784 3.20067 1.01433
      vertex -1.92272 3.24889 1.04217
      vertex -1.9784 3.17308 1.05764
    endloop
  endfacet
  facet normal 0.70677 -0.596652 -0.380109
    outer loop
      vertex -1.92272 3.24889 1.04217
      vertex -1.92272 3.21869 1.08957
      vertex -1.9784 3.17308 1.05764
    endloop
  endfacet
  facet normal 0.70677 -0.561253 -0.430664
    outer loop
      vertex -1.9784 3.17308 1.05764
      vertex -1.92272 3.21869 1.08957
      vertex -1.9784 3.14182 1.09837
    endloop
  endfacet
  facet normal 0.706769 -0.561253 -0.430666
    outer loop
      vertex -1.92272 3.21869 1.08957
      vertex -1.92272 3.18447 1.13416
      vertex -1.9784 3.14182 1.09837
    endloop
  endfacet
  facet normal 0.706769 -0.521582 -0.477944
    outer loop
      vertex -1.9784 3.14182 1.09837
      vertex -1.92272 3.18447 1.13416
      vertex -1.9784 3.10713 1.13623
    endloop
  endfacet
  facet normal 0.70677 -0.521583 -0.47794
    outer loop
      vertex -1.92272 3.18447 1.13416
      vertex -1.92272 3.1465 1.1756
      vertex -1.9784 3.10713 1.13623
    endloop
  endfacet
  facet normal 0.70677 -0.477942 -0.521581
    outer loop
      vertex -1.9784 3.10713 1.13623
      vertex -1.92272 3.1465 1.1756
      vertex -1.9784 3.06927 1.17092
    endloop
  endfacet
  facet normal 0.70677 -0.477941 -0.521583
    outer loop
      vertex -1.92272 3.1465 1.1756
      vertex -1.92272 3.10506 1.21357
      vertex -1.9784 3.06927 1.17092
    endloop
  endfacet
  facet normal 0.70677 -0.430665 -0.561252
    outer loop
      vertex -1.9784 3.06927 1.17092
      vertex -1.92272 3.10506 1.21357
      vertex -1.9784 3.02854 1.20218
    endloop
  endfacet
  facet normal 0.70677 -0.430665 -0.561252
    outer loop
      vertex -1.92272 3.10506 1.21357
      vertex -1.92272 3.06047 1.24779
      vertex -1.9784 3.02854 1.20218
    endloop
  endfacet
  facet normal 0.70677 -0.380109 -0.596652
    outer loop
      vertex -1.9784 3.02854 1.20218
      vertex -1.92272 3.06047 1.24779
      vertex -1.9784 2.98523 1.22977
    endloop
  endfacet
  facet normal 0.70677 -0.380108 -0.596653
    outer loop
      vertex -1.92272 3.06047 1.24779
      vertex -1.92272 3.01307 1.27799
      vertex -1.9784 2.98523 1.22977
    endloop
  endfacet
  facet normal 0.706769 -0.32666 -0.627511
    outer loop
      vertex -1.9784 2.98523 1.22977
      vertex -1.92272 3.01307 1.27799
      vertex -1.9784 2.93968 1.25348
    endloop
  endfacet
  facet normal 0.70677 -0.326661 -0.62751
    outer loop
      vertex -1.92272 3.01307 1.27799
      vertex -1.92272 2.96321 1.30394
      vertex -1.9784 2.93968 1.25348
    endloop
  endfacet
  facet normal 0.70677 -0.270728 -0.653592
    outer loop
      vertex -1.9784 2.93968 1.25348
      vertex -1.92272 2.96321 1.30394
      vertex -1.9784 2.89224 1.27313
    endloop
  endfacet
  facet normal 0.70677 -0.270728 -0.653593
    outer loop
      vertex -1.92272 2.96321 1.30394
      vertex -1.92272 2.91129 1.32545
      vertex -1.9784 2.89224 1.27313
    endloop
  endfacet
  facet normal 0.706769 -0.212731 -0.674702
    outer loop
      vertex -1.9784 2.89224 1.27313
      vertex -1.92272 2.91129 1.32545
      vertex -1.9784 2.84327 1.28857
    endloop
  endfacet
  facet normal 0.70677 -0.212733 -0.6747
    outer loop
      vertex -1.92272 2.91129 1.32545
      vertex -1.92272 2.85768 1.34235
      vertex -1.9784 2.84327 1.28857
    endloop
  endfacet
  facet normal 0.70677 -0.153118 -0.690674
    outer loop
      vertex -1.9784 2.84327 1.28857
      vertex -1.92272 2.85768 1.34235
      vertex -1.9784 2.79314 1.29968
    endloop
  endfacet
  facet normal 0.706771 -0.153119 -0.690674
    outer loop
      vertex -1.92272 2.85768 1.34235
      vertex -1.92272 2.80281 1.35451
      vertex -1.9784 2.79314 1.29968
    endloop
  endfacet
  facet normal 0.70677 -0.0923411 -0.70139
    outer loop
      vertex -1.9784 2.79314 1.29968
      vertex -1.92272 2.80281 1.35451
      vertex -1.9784 2.74223 1.30638
    endloop
  endfacet
  facet normal 0.70677 -0.0923394 -0.701392
    outer loop
      vertex -1.92272 2.80281 1.35451
      vertex -1.92272 2.74709 1.36185
      vertex -1.9784 2.74223 1.30638
    endloop
  endfacet
  facet normal 0.70677 -0.0308579 -0.70677
    outer loop
      vertex -1.9784 2.74223 1.30638
      vertex -1.92272 2.74709 1.36185
      vertex -1.9784 2.69094 1.30862
    endloop
  endfacet
  facet normal 0.70677 -0.0308587 -0.70677
    outer loop
      vertex -1.92272 2.74709 1.36185
      vertex -1.92272 2.69094 1.3643
      vertex -1.9784 2.69094 1.30862
    endloop
  endfacet
  facet normal 0.70677 0.0308577 -0.70677
    outer loop
      vertex -1.9784 2.69094 1.30862
      vertex -1.92272 2.69094 1.3643
      vertex -1.9784 2.63964 1.30638
    endloop
  endfacet
  facet normal 0.70677 0.0308585 -0.70677
    outer loop
      vertex -1.92272 2.69094 1.3643
      vertex -1.92272 2.63478 1.36185
      vertex -1.9784 2.63964 1.30638
    endloop
  endfacet
  facet normal 0 -0.0436187 0.999048
    outer loop
      vertex -1.63117 2.69094 1.44005
      vertex -1.97897 2.62818 1.43731
      vertex -1.63117 2.62818 1.43731
    endloop
  endfacet
  facet normal 0 -0.130527 0.991445
    outer loop
      vertex -1.97897 2.62818 1.43731
      vertex -1.97897 2.56591 1.42912
      vertex -1.63117 2.62818 1.43731
    endloop
  endfacet
  facet normal 0 -0.130527 0.991445
    outer loop
      vertex -1.63117 2.62818 1.43731
      vertex -1.97897 2.56591 1.42912
      vertex -1.63117 2.56591 1.42912
    endloop
  endfacet
  facet normal 0 -0.216439 0.976296
    outer loop
      vertex -1.97897 2.56591 1.42912
      vertex -1.97897 2.50458 1.41552
      vertex -1.63117 2.56591 1.42912
    endloop
  endfacet
  facet normal 0 -0.216439 0.976296
    outer loop
      vertex -1.63117 2.56591 1.42912
      vertex -1.97897 2.50458 1.41552
      vertex -1.63117 2.50458 1.41552
    endloop
  endfacet
  facet normal 0 -0.300705 0.953717
    outer loop
      vertex -1.97897 2.50458 1.41552
      vertex -1.97897 2.44467 1.39663
      vertex -1.63117 2.50458 1.41552
    endloop
  endfacet
  facet normal 0 -0.300705 0.953717
    outer loop
      vertex -1.63117 2.50458 1.41552
      vertex -1.97897 2.44467 1.39663
      vertex -1.63117 2.44467 1.39663
    endloop
  endfacet
  facet normal 0 -0.382685 0.923879
    outer loop
      vertex -1.97897 2.44467 1.39663
      vertex -1.97897 2.38664 1.37259
      vertex -1.63117 2.44467 1.39663
    endloop
  endfacet
  facet normal 0 -0.382685 0.923879
    outer loop
      vertex -1.63117 2.44467 1.39663
      vertex -1.97897 2.38664 1.37259
      vertex -1.63117 2.38664 1.37259
    endloop
  endfacet
  facet normal 0 -0.461747 0.887011
    outer loop
      vertex -1.97897 2.38664 1.37259
      vertex -1.97897 2.33093 1.34359
      vertex -1.63117 2.38664 1.37259
    endloop
  endfacet
  facet normal 0 -0.461747 0.887011
    outer loop
      vertex -1.63117 2.38664 1.37259
      vertex -1.97897 2.33093 1.34359
      vertex -1.63117 2.33093 1.34359
    endloop
  endfacet
  facet normal 0 -0.537299 0.843392
    outer loop
      vertex -1.97897 2.33093 1.34359
      vertex -1.97897 2.27795 1.30984
      vertex -1.63117 2.33093 1.34359
    endloop
  endfacet
  facet normal 0 -0.537299 0.843392
    outer loop
      vertex -1.63117 2.33093 1.34359
      vertex -1.97897 2.27795 1.30984
      vertex -1.63117 2.27795 1.30984
    endloop
  endfacet
  facet normal 0 -0.608762 0.793353
    outer loop
      vertex -1.97897 2.27795 1.30984
      vertex -1.97897 2.22812 1.2716
      vertex -1.63117 2.27795 1.30984
    endloop
  endfacet
  facet normal 0 -0.608762 0.793353
    outer loop
      vertex -1.63117 2.27795 1.30984
      vertex -1.97897 2.22812 1.2716
      vertex -1.63117 2.22812 1.2716
    endloop
  endfacet
  facet normal 0 -0.675589 0.737278
    outer loop
      vertex -1.97897 2.22812 1.2716
      vertex -1.97897 2.18181 1.22917
      vertex -1.63117 2.22812 1.2716
    endloop
  endfacet
  facet normal 0 -0.675589 0.737278
    outer loop
      vertex -1.63117 2.22812 1.2716
      vertex -1.97897 2.18181 1.22917
      vertex -1.63117 2.18181 1.22917
    endloop
  endfacet
  facet normal 0 -0.737278 0.67559
    outer loop
      vertex -1.97897 2.18181 1.22917
      vertex -1.97897 2.13937 1.18285
      vertex -1.63117 2.18181 1.22917
    endloop
  endfacet
  facet normal 0 -0.737278 0.67559
    outer loop
      vertex -1.63117 2.18181 1.22917
      vertex -1.97897 2.13937 1.18285
      vertex -1.63117 2.13937 1.18285
    endloop
  endfacet
  facet normal 0 -0.793353 0.608761
    outer loop
      vertex -1.97897 2.13937 1.18285
      vertex -1.97897 2.10113 1.13302
      vertex -1.63117 2.13937 1.18285
    endloop
  endfacet
  facet normal 0 -0.793353 0.608761
    outer loop
      vertex -1.63117 2.13937 1.18285
      vertex -1.97897 2.10113 1.13302
      vertex -1.63117 2.10113 1.13302
    endloop
  endfacet
  facet normal 0 -0.843392 0.537299
    outer loop
      vertex -1.97897 2.10113 1.13302
      vertex -1.97897 2.06738 1.08004
      vertex -1.63117 2.10113 1.13302
    endloop
  endfacet
  facet normal 0 -0.843392 0.537299
    outer loop
      vertex -1.63117 2.10113 1.13302
      vertex -1.97897 2.06738 1.08004
      vertex -1.63117 2.06738 1.08004
    endloop
  endfacet
  facet normal 0 -0.887011 0.461748
    outer loop
      vertex -1.97897 2.06738 1.08004
      vertex -1.97897 2.03838 1.02433
      vertex -1.63117 2.06738 1.08004
    endloop
  endfacet
  facet normal 0 -0.887011 0.461748
    outer loop
      vertex -1.63117 2.06738 1.08004
      vertex -1.97897 2.03838 1.02433
      vertex -1.63117 2.03838 1.02433
    endloop
  endfacet
  facet normal 0 -0.923879 0.382685
    outer loop
      vertex -1.97897 2.03838 1.02433
      vertex -1.97897 2.01434 0.966296
      vertex -1.63117 2.03838 1.02433
    endloop
  endfacet
  facet normal 0 -0.923879 0.382685
    outer loop
      vertex -1.63117 2.03838 1.02433
      vertex -1.97897 2.01434 0.966296
      vertex -1.63117 2.01434 0.966296
    endloop
  endfacet
  facet normal 0 -0.953717 0.300706
    outer loop
      vertex -1.97897 2.01434 0.966296
      vertex -1.97897 1.99545 0.90639
      vertex -1.63117 2.01434 0.966296
    endloop
  endfacet
  facet normal 0 -0.953717 0.300706
    outer loop
      vertex -1.63117 2.01434 0.966296
      vertex -1.97897 1.99545 0.90639
      vertex -1.63117 1.99545 0.90639
    endloop
  endfacet
  facet normal 0 -0.976296 0.216438
    outer loop
      vertex -1.97897 1.99545 0.90639
      vertex -1.97897 1.98186 0.845065
      vertex -1.63117 1.99545 0.90639
    endloop
  endfacet
  facet normal 0 -0.976296 0.216438
    outer loop
      vertex -1.63117 1.99545 0.90639
      vertex -1.97897 1.98186 0.845065
      vertex -1.63117 1.98186 0.845065
    endloop
  endfacet
  facet normal 0 -0.991445 0.130527
    outer loop
      vertex -1.97897 1.98186 0.845065
      vertex -1.97897 1.97366 0.782789
      vertex -1.63117 1.98186 0.845065
    endloop
  endfacet
  facet normal 0 -0.991445 0.130527
    outer loop
      vertex -1.63117 1.98186 0.845065
      vertex -1.97897 1.97366 0.782789
      vertex -1.63117 1.97366 0.782789
    endloop
  endfacet
  facet normal 0 -0.999048 0.0436188
    outer loop
      vertex -1.97897 1.97366 0.782789
      vertex -1.97897 1.97092 0.720035
      vertex -1.63117 1.97366 0.782789
    endloop
  endfacet
  facet normal 0 -0.999048 0.0436188
    outer loop
      vertex -1.63117 1.97366 0.782789
      vertex -1.97897 1.97092 0.720035
      vertex -1.63117 1.97092 0.720035
    endloop
  endfacet
  facet normal 0 -0.999048 -0.0436188
    outer loop
      vertex -1.97897 1.97092 0.720035
      vertex -1.97897 1.97366 0.657281
      vertex -1.63117 1.97092 0.720035
    endloop
  endfacet
  facet normal 0 -0.999048 -0.0436188
    outer loop
      vertex -1.63117 1.97092 0.720035
      vertex -1.97897 1.97366 0.657281
      vertex -1.63117 1.97366 0.657281
    endloop
  endfacet
  facet normal 0 -0.991445 -0.130527
    outer loop
      vertex -1.97897 1.97366 0.657281
      vertex -1.97897 1.98186 0.595005
      vertex -1.63117 1.97366 0.657281
    endloop
  endfacet
  facet normal 0 -0.991445 -0.130527
    outer loop
      vertex -1.63117 1.97366 0.657281
      vertex -1.97897 1.98186 0.595005
      vertex -1.63117 1.98186 0.595005
    endloop
  endfacet
  facet normal 0 -0.976296 -0.216438
    outer loop
      vertex -1.97897 1.98186 0.595005
      vertex -1.97897 1.99545 0.533681
      vertex -1.63117 1.98186 0.595005
    endloop
  endfacet
  facet normal 0 -0.976296 -0.216438
    outer loop
      vertex -1.63117 1.98186 0.595005
      vertex -1.97897 1.99545 0.533681
      vertex -1.63117 1.99545 0.533681
    endloop
  endfacet
  facet normal 0 -0.953717 -0.300706
    outer loop
      vertex -1.97897 1.99545 0.533681
      vertex -1.97897 2.01434 0.473774
      vertex -1.63117 1.99545 0.533681
    endloop
  endfacet
  facet normal 0 -0.953717 -0.300706
    outer loop
      vertex -1.63117 1.99545 0.533681
      vertex -1.97897 2.01434 0.473774
      vertex -1.63117 2.01434 0.473774
    endloop
  endfacet
  facet normal 0 -0.923879 -0.382685
    outer loop
      vertex -1.97897 2.01434 0.473774
      vertex -1.97897 2.03838 0.415742
      vertex -1.63117 2.01434 0.473774
    endloop
  endfacet
  facet normal 0 -0.923879 -0.382685
    outer loop
      vertex -1.63117 2.01434 0.473774
      vertex -1.97897 2.03838 0.415742
      vertex -1.63117 2.03838 0.415742
    endloop
  endfacet
  facet normal 0 -0.887011 -0.461748
    outer loop
      vertex -1.97897 2.03838 0.415742
      vertex -1.97897 2.06738 0.360026
      vertex -1.63117 2.03838 0.415742
    endloop
  endfacet
  facet normal 0 -0.887011 -0.461748
    outer loop
      vertex -1.63117 2.03838 0.415742
      vertex -1.97897 2.06738 0.360026
      vertex -1.63117 2.06738 0.360026
    endloop
  endfacet
  facet normal 0 -0.843392 -0.537299
    outer loop
      vertex -1.97897 2.06738 0.360026
      vertex -1.97897 2.10113 0.307049
      vertex -1.63117 2.06738 0.360026
    endloop
  endfacet
  facet normal 0 -0.843392 -0.537299
    outer loop
      vertex -1.63117 2.06738 0.360026
      vertex -1.97897 2.10113 0.307049
      vertex -1.63117 2.10113 0.307049
    endloop
  endfacet
  facet normal 0 -0.793353 -0.608762
    outer loop
      vertex -1.97897 2.10113 0.307049
      vertex -1.97897 2.13937 0.257216
      vertex -1.63117 2.10113 0.307049
    endloop
  endfacet
  facet normal 0 -0.793353 -0.608762
    outer loop
      vertex -1.63117 2.10113 0.307049
      vertex -1.97897 2.13937 0.257216
      vertex -1.63117 2.13937 0.257216
    endloop
  endfacet
  facet normal 0 -0.737278 -0.67559
    outer loop
      vertex -1.97897 2.13937 0.257216
      vertex -1.97897 2.18181 0.210905
      vertex -1.63117 2.13937 0.257216
    endloop
  endfacet
  facet normal 0 -0.737278 -0.67559
    outer loop
      vertex -1.63117 2.13937 0.257216
      vertex -1.97897 2.18181 0.210905
      vertex -1.63117 2.18181 0.210905
    endloop
  endfacet
  facet normal 0 -0.67559 -0.737278
    outer loop
      vertex -1.97897 2.18181 0.210905
      vertex -1.97897 2.22812 0.168469
      vertex -1.63117 2.18181 0.210905
    endloop
  endfacet
  facet normal 0 -0.67559 -0.737278
    outer loop
      vertex -1.63117 2.18181 0.210905
      vertex -1.97897 2.22812 0.168469
      vertex -1.63117 2.22812 0.168469
    endloop
  endfacet
  facet normal 0 -0.608762 -0.793353
    outer loop
      vertex -1.97897 2.22812 0.168469
      vertex -1.97897 2.27795 0.13023
      vertex -1.63117 2.22812 0.168469
    endloop
  endfacet
  facet normal 0 -0.608762 -0.793353
    outer loop
      vertex -1.63117 2.22812 0.168469
      vertex -1.97897 2.27795 0.13023
      vertex -1.63117 2.27795 0.13023
    endloop
  endfacet
  facet normal 0 -0.5373 -0.843391
    outer loop
      vertex -1.97897 2.27795 0.13023
      vertex -1.97897 2.33093 0.0964807
      vertex -1.63117 2.27795 0.13023
    endloop
  endfacet
  facet normal 0 -0.5373 -0.843391
    outer loop
      vertex -1.63117 2.27795 0.13023
      vertex -1.97897 2.33093 0.0964807
      vertex -1.63117 2.33093 0.0964807
    endloop
  endfacet
  facet normal 0 -0.461748 -0.887011
    outer loop
      vertex -1.97897 2.33093 0.0964807
      vertex -1.97897 2.38664 0.0674767
      vertex -1.63117 2.33093 0.0964807
    endloop
  endfacet
  facet normal 0 -0.461748 -0.887011
    outer loop
      vertex -1.63117 2.33093 0.0964807
      vertex -1.97897 2.38664 0.0674767
      vertex -1.63117 2.38664 0.0674767
    endloop
  endfacet
  facet normal 0 -0.382684 -0.923879
    outer loop
      vertex -1.97897 2.38664 0.0674767
      vertex -1.97897 2.44467 0.043439
      vertex -1.63117 2.38664 0.0674767
    endloop
  endfacet
  facet normal 0 -0.382684 -0.923879
    outer loop
      vertex -1.63117 2.38664 0.0674767
      vertex -1.97897 2.44467 0.043439
      vertex -1.63117 2.44467 0.043439
    endloop
  endfacet
  facet normal 0 -0.300705 -0.953717
    outer loop
      vertex -1.97897 2.44467 0.043439
      vertex -1.97897 2.50458 0.0245506
      vertex -1.63117 2.44467 0.043439
    endloop
  endfacet
  facet normal 0 -0.300705 -0.953717
    outer loop
      vertex -1.63117 2.44467 0.043439
      vertex -1.97897 2.50458 0.0245506
      vertex -1.63117 2.50458 0.0245506
    endloop
  endfacet
  facet normal 0 -0.21644 -0.976296
    outer loop
      vertex -1.97897 2.50458 0.0245506
      vertex -1.97897 2.56591 0.0109552
      vertex -1.63117 2.50458 0.0245506
    endloop
  endfacet
  facet normal 0 -0.21644 -0.976296
    outer loop
      vertex -1.63117 2.50458 0.0245506
      vertex -1.97897 2.56591 0.0109552
      vertex -1.63117 2.56591 0.0109552
    endloop
  endfacet
  facet normal 0 -0.130526 -0.991445
    outer loop
      vertex -1.97897 2.56591 0.0109552
      vertex -1.97897 2.62818 0.0027564
      vertex -1.63117 2.56591 0.0109552
    endloop
  endfacet
  facet normal 0 -0.130526 -0.991445
    outer loop
      vertex -1.63117 2.56591 0.0109552
      vertex -1.97897 2.62818 0.0027564
      vertex -1.63117 2.62818 0.0027564
    endloop
  endfacet
  facet normal 0 -0.0436193 -0.999048
    outer loop
      vertex -1.97897 2.62818 0.0027564
      vertex -1.97897 2.69094 1.65094e-5
      vertex -1.63117 2.62818 0.0027564
    endloop
  endfacet
  facet normal 0 -0.0436193 -0.999048
    outer loop
      vertex -1.63117 2.62818 0.0027564
      vertex -1.97897 2.69094 1.65094e-5
      vertex -1.63117 2.69094 1.65094e-5
    endloop
  endfacet
  facet normal 0 0.0436195 -0.999048
    outer loop
      vertex -1.97897 2.69094 1.65094e-5
      vertex -1.97897 2.75369 0.0027564
      vertex -1.63117 2.69094 1.65094e-5
    endloop
  endfacet
  facet normal 0 0.0436195 -0.999048
    outer loop
      vertex -1.63117 2.69094 1.65094e-5
      vertex -1.97897 2.75369 0.0027564
      vertex -1.63117 2.75369 0.0027564
    endloop
  endfacet
  facet normal 0 0.130526 -0.991445
    outer loop
      vertex -1.97897 2.75369 0.0027564
      vertex -1.97897 2.81597 0.0109552
      vertex -1.63117 2.75369 0.0027564
    endloop
  endfacet
  facet normal 0 0.130526 -0.991445
    outer loop
      vertex -1.63117 2.75369 0.0027564
      vertex -1.97897 2.81597 0.0109552
      vertex -1.63117 2.81597 0.0109552
    endloop
  endfacet
  facet normal 0 0.216439 -0.976296
    outer loop
      vertex -1.97897 2.81597 0.0109552
      vertex -1.97897 2.87729 0.0245506
      vertex -1.63117 2.81597 0.0109552
    endloop
  endfacet
  facet normal 0 0.216439 -0.976296
    outer loop
      vertex -1.63117 2.81597 0.0109552
      vertex -1.97897 2.87729 0.0245506
      vertex -1.63117 2.87729 0.0245506
    endloop
  endfacet
  facet normal 0 0.300707 -0.953717
    outer loop
      vertex -1.97897 2.87729 0.0245506
      vertex -1.97897 2.9372 0.043439
      vertex -1.63117 2.87729 0.0245506
    endloop
  endfacet
  facet normal 0 0.300707 -0.953717
    outer loop
      vertex -1.63117 2.87729 0.0245506
      vertex -1.97897 2.9372 0.043439
      vertex -1.63117 2.9372 0.043439
    endloop
  endfacet
  facet normal 0 0.382684 -0.923879
    outer loop
      vertex -1.97897 2.9372 0.043439
      vertex -1.97897 2.99523 0.0674767
      vertex -1.63117 2.9372 0.043439
    endloop
  endfacet
  facet normal 0 0.382684 -0.923879
    outer loop
      vertex -1.63117 2.9372 0.043439
      vertex -1.97897 2.99523 0.0674767
      vertex -1.63117 2.99523 0.0674767
    endloop
  endfacet
  facet normal 0 0.461749 -0.887011
    outer loop
      vertex -1.97897 2.99523 0.0674767
      vertex -1.97897 3.05094 0.0964807
      vertex -1.63117 2.99523 0.0674767
    endloop
  endfacet
  facet normal 0 0.461749 -0.887011
    outer loop
      vertex -1.63117 2.99523 0.0674767
      vertex -1.97897 3.05094 0.0964807
      vertex -1.63117 3.05094 0.0964807
    endloop
  endfacet
  facet normal 0 0.537299 -0.843392
    outer loop
      vertex -1.97897 3.05094 0.0964807
      vertex -1.97897 3.10392 0.13023
      vertex -1.63117 3.05094 0.0964807
    endloop
  endfacet
  facet normal 0 0.537299 -0.843392
    outer loop
      vertex -1.63117 3.05094 0.0964807
      vertex -1.97897 3.10392 0.13023
      vertex -1.63117 3.10392 0.13023
    endloop
  endfacet
  facet normal 0 0.608762 -0.793353
    outer loop
      vertex -1.97897 3.10392 0.13023
      vertex -1.97897 3.15375 0.168469
      vertex -1.63117 3.10392 0.13023
    endloop
  endfacet
  facet normal 0 0.608762 -0.793353
    outer loop
      vertex -1.63117 3.10392 0.13023
      vertex -1.97897 3.15375 0.168469
      vertex -1.63117 3.15375 0.168469
    endloop
  endfacet
  facet normal 0 0.675588 -0.737279
    outer loop
      vertex -1.97897 3.15375 0.168469
      vertex -1.97897 3.20007 0.210905
      vertex -1.63117 3.15375 0.168469
    endloop
  endfacet
  facet normal 0 0.675588 -0.737279
    outer loop
      vertex -1.63117 3.15375 0.168469
      vertex -1.97897 3.20007 0.210905
      vertex -1.63117 3.20007 0.210905
    endloop
  endfacet
  facet normal 0 0.737279 -0.675589
    outer loop
      vertex -1.97897 3.20007 0.210905
      vertex -1.97897 3.2425 0.257216
      vertex -1.63117 3.20007 0.210905
    endloop
  endfacet
  facet normal 0 0.737279 -0.675589
    outer loop
      vertex -1.63117 3.20007 0.210905
      vertex -1.97897 3.2425 0.257216
      vertex -1.63117 3.2425 0.257216
    endloop
  endfacet
  facet normal 0 0.793353 -0.608762
    outer loop
      vertex -1.97897 3.2425 0.257216
      vertex -1.97897 3.28074 0.307049
      vertex -1.63117 3.2425 0.257216
    endloop
  endfacet
  facet normal 0 0.793353 -0.608762
    outer loop
      vertex -1.63117 3.2425 0.257216
      vertex -1.97897 3.28074 0.307049
      vertex -1.63117 3.28074 0.307049
    endloop
  endfacet
  facet normal 0 0.843392 -0.537299
    outer loop
      vertex -1.97897 3.28074 0.307049
      vertex -1.97897 3.31449 0.360026
      vertex -1.63117 3.28074 0.307049
    endloop
  endfacet
  facet normal 0 0.843392 -0.537299
    outer loop
      vertex -1.63117 3.28074 0.307049
      vertex -1.97897 3.31449 0.360026
      vertex -1.63117 3.31449 0.360026
    endloop
  endfacet
  facet normal 0 0.88701 -0.46175
    outer loop
      vertex -1.97897 3.31449 0.360026
      vertex -1.97897 3.34349 0.415742
      vertex -1.63117 3.31449 0.360026
    endloop
  endfacet
  facet normal 0 0.88701 -0.46175
    outer loop
      vertex -1.63117 3.31449 0.360026
      vertex -1.97897 3.34349 0.415742
      vertex -1.63117 3.34349 0.415742
    endloop
  endfacet
  facet normal 0 0.923879 -0.382685
    outer loop
      vertex -1.97897 3.34349 0.415742
      vertex -1.97897 3.36753 0.473774
      vertex -1.63117 3.34349 0.415742
    endloop
  endfacet
  facet normal 0 0.923879 -0.382685
    outer loop
      vertex -1.63117 3.34349 0.415742
      vertex -1.97897 3.36753 0.473774
      vertex -1.63117 3.36753 0.473774
    endloop
  endfacet
  facet normal 0 0.953717 -0.300706
    outer loop
      vertex -1.97897 3.36753 0.473774
      vertex -1.97897 3.38642 0.533681
      vertex -1.63117 3.36753 0.473774
    endloop
  endfacet
  facet normal 0 0.953717 -0.300706
    outer loop
      vertex -1.63117 3.36753 0.473774
      vertex -1.97897 3.38642 0.533681
      vertex -1.63117 3.38642 0.533681
    endloop
  endfacet
  facet normal 0 0.976296 -0.216438
    outer loop
      vertex -1.97897 3.38642 0.533681
      vertex -1.97897 3.40002 0.595005
      vertex -1.63117 3.38642 0.533681
    endloop
  endfacet
  facet normal 0 0.976296 -0.216438
    outer loop
      vertex -1.63117 3.38642 0.533681
      vertex -1.97897 3.40002 0.595005
      vertex -1.63117 3.40002 0.595005
    endloop
  endfacet
  facet normal 0 0.991445 -0.130527
    outer loop
      vertex -1.97897 3.40002 0.595005
      vertex -1.97897 3.40821 0.657281
      vertex -1.63117 3.40002 0.595005
    endloop
  endfacet
  facet normal 0 0.991445 -0.130527
    outer loop
      vertex -1.63117 3.40002 0.595005
      vertex -1.97897 3.40821 0.657281
      vertex -1.63117 3.40821 0.657281
    endloop
  endfacet
  facet normal 0 0.999048 -0.0436164
    outer loop
      vertex -1.97897 3.40821 0.657281
      vertex -1.97897 3.41095 0.720035
      vertex -1.63117 3.40821 0.657281
    endloop
  endfacet
  facet normal 0 0.999048 -0.0436164
    outer loop
      vertex -1.63117 3.40821 0.657281
      vertex -1.97897 3.41095 0.720035
      vertex -1.63117 3.41095 0.720035
    endloop
  endfacet
  facet normal 0 0.999048 0.0436164
    outer loop
      vertex -1.97897 3.41095 0.720035
      vertex -1.97897 3.40821 0.782789
      vertex -1.63117 3.41095 0.720035
    endloop
  endfacet
  facet normal 0 0.999048 0.0436164
    outer loop
      vertex -1.63117 3.41095 0.720035
      vertex -1.97897 3.40821 0.782789
      vertex -1.63117 3.40821 0.782789
    endloop
  endfacet
  facet normal 0 0.991445 0.130527
    outer loop
      vertex -1.97897 3.40821 0.782789
      vertex -1.97897 3.40002 0.845065
      vertex -1.63117 3.40821 0.782789
    endloop
  endfacet
  facet normal 0 0.991445 0.130527
    outer loop
      vertex -1.63117 3.40821 0.782789
      vertex -1.97897 3.40002 0.845065
      vertex -1.63117 3.40002 0.845065
    endloop
  endfacet
  facet normal 0 0.976296 0.216438
    outer loop
      vertex -1.97897 3.40002 0.845065
      vertex -1.97897 3.38642 0.90639
      vertex -1.63117 3.40002 0.845065
    endloop
  endfacet
  facet normal 0 0.976296 0.216438
    outer loop
      vertex -1.63117 3.40002 0.845065
      vertex -1.97897 3.38642 0.90639
      vertex -1.63117 3.38642 0.90639
    endloop
  endfacet
  facet normal 0 0.953717 0.300706
    outer loop
      vertex -1.97897 3.38642 0.90639
      vertex -1.97897 3.36753 0.966296
      vertex -1.63117 3.38642 0.90639
    endloop
  endfacet
  facet normal 0 0.953717 0.300706
    outer loop
      vertex -1.63117 3.38642 0.90639
      vertex -1.97897 3.36753 0.966296
      vertex -1.63117 3.36753 0.966296
    endloop
  endfacet
  facet normal 0 0.923879 0.382685
    outer loop
      vertex -1.97897 3.36753 0.966296
      vertex -1.97897 3.34349 1.02433
      vertex -1.63117 3.36753 0.966296
    endloop
  endfacet
  facet normal 0 0.923879 0.382685
    outer loop
      vertex -1.63117 3.36753 0.966296
      vertex -1.97897 3.34349 1.02433
      vertex -1.63117 3.34349 1.02433
    endloop
  endfacet
  facet normal 0 0.88701 0.46175
    outer loop
      vertex -1.97897 3.34349 1.02433
      vertex -1.97897 3.31449 1.08004
      vertex -1.63117 3.34349 1.02433
    endloop
  endfacet
  facet normal 0 0.88701 0.46175
    outer loop
      vertex -1.63117 3.34349 1.02433
      vertex -1.97897 3.31449 1.08004
      vertex -1.63117 3.31449 1.08004
    endloop
  endfacet
  facet normal 0 0.843392 0.537299
    outer loop
      vertex -1.97897 3.31449 1.08004
      vertex -1.97897 3.28074 1.13302
      vertex -1.63117 3.31449 1.08004
    endloop
  endfacet
  facet normal 0 0.843392 0.537299
    outer loop
      vertex -1.63117 3.31449 1.08004
      vertex -1.97897 3.28074 1.13302
      vertex -1.63117 3.28074 1.13302
    endloop
  endfacet
  facet normal 0 0.793353 0.608761
    outer loop
      vertex -1.97897 3.28074 1.13302
      vertex -1.97897 3.2425 1.18285
      vertex -1.63117 3.28074 1.13302
    endloop
  endfacet
  facet normal 0 0.793353 0.608761
    outer loop
      vertex -1.63117 3.28074 1.13302
      vertex -1.97897 3.2425 1.18285
      vertex -1.63117 3.2425 1.18285
    endloop
  endfacet
  facet normal 0 0.737279 0.675589
    outer loop
      vertex -1.97897 3.2425 1.18285
      vertex -1.97897 3.20007 1.22917
      vertex -1.63117 3.2425 1.18285
    endloop
  endfacet
  facet normal 0 0.737279 0.675589
    outer loop
      vertex -1.63117 3.2425 1.18285
      vertex -1.97897 3.20007 1.22917
      vertex -1.63117 3.20007 1.22917
    endloop
  endfacet
  facet normal 0 0.675588 0.737279
    outer loop
      vertex -1.97897 3.20007 1.22917
      vertex -1.97897 3.15375 1.2716
      vertex -1.63117 3.20007 1.22917
    endloop
  endfacet
  facet normal 0 0.675588 0.737279
    outer loop
      vertex -1.63117 3.20007 1.22917
      vertex -1.97897 3.15375 1.2716
      vertex -1.63117 3.15375 1.2716
    endloop
  endfacet
  facet normal 0 0.608762 0.793353
    outer loop
      vertex -1.97897 3.15375 1.2716
      vertex -1.97897 3.10392 1.30984
      vertex -1.63117 3.15375 1.2716
    endloop
  endfacet
  facet normal 0 0.608762 0.793353
    outer loop
      vertex -1.63117 3.15375 1.2716
      vertex -1.97897 3.10392 1.30984
      vertex -1.63117 3.10392 1.30984
    endloop
  endfacet
  facet normal 0 0.537298 0.843392
    outer loop
      vertex -1.97897 3.10392 1.30984
      vertex -1.97897 3.05094 1.34359
      vertex -1.63117 3.10392 1.30984
    endloop
  endfacet
  facet normal 0 0.537298 0.843392
    outer loop
      vertex -1.63117 3.10392 1.30984
      vertex -1.97897 3.05094 1.34359
      vertex -1.63117 3.05094 1.34359
    endloop
  endfacet
  facet normal 0 0.461748 0.887011
    outer loop
      vertex -1.97897 3.05094 1.34359
      vertex -1.97897 2.99523 1.37259
      vertex -1.63117 3.05094 1.34359
    endloop
  endfacet
  facet normal 0 0.461748 0.887011
    outer loop
      vertex -1.63117 3.05094 1.34359
      vertex -1.97897 2.99523 1.37259
      vertex -1.63117 2.99523 1.37259
    endloop
  endfacet
  facet normal 0 0.382685 0.923879
    outer loop
      vertex -1.97897 2.99523 1.37259
      vertex -1.97897 2.9372 1.39663
      vertex -1.63117 2.99523 1.37259
    endloop
  endfacet
  facet normal 0 0.382685 0.923879
    outer loop
      vertex -1.63117 2.99523 1.37259
      vertex -1.97897 2.9372 1.39663
      vertex -1.63117 2.9372 1.39663
    endloop
  endfacet
  facet normal 0 0.300706 0.953717
    outer loop
      vertex -1.97897 2.9372 1.39663
      vertex -1.97897 2.87729 1.41552
      vertex -1.63117 2.9372 1.39663
    endloop
  endfacet
  facet normal 0 0.300706 0.953717
    outer loop
      vertex -1.63117 2.9372 1.39663
      vertex -1.97897 2.87729 1.41552
      vertex -1.63117 2.87729 1.41552
    endloop
  endfacet
  facet normal 0 0.216438 0.976296
    outer loop
      vertex -1.97897 2.87729 1.41552
      vertex -1.97897 2.81597 1.42912
      vertex -1.63117 2.87729 1.41552
    endloop
  endfacet
  facet normal 0 0.216438 0.976296
    outer loop
      vertex -1.63117 2.87729 1.41552
      vertex -1.97897 2.81597 1.42912
      vertex -1.63117 2.81597 1.42912
    endloop
  endfacet
  facet normal 0 0.130527 0.991445
    outer loop
      vertex -1.97897 2.81597 1.42912
      vertex -1.97897 2.75369 1.43731
      vertex -1.63117 2.81597 1.42912
    endloop
  endfacet
  facet normal 0 0.130527 0.991445
    outer loop
      vertex -1.63117 2.81597 1.42912
      vertex -1.97897 2.75369 1.43731
      vertex -1.63117 2.75369 1.43731
    endloop
  endfacet
  facet normal 0 0.0436189 0.999048
    outer loop
      vertex -1.97897 2.75369 1.43731
      vertex -1.97897 2.69094 1.44005
      vertex -1.63117 2.75369 1.43731
    endloop
  endfacet
  facet normal 0 0.0436189 0.999048
    outer loop
      vertex -1.63117 2.75369 1.43731
      vertex -1.97897 2.69094 1.44005
      vertex -1.63117 2.69094 1.44005
    endloop
  endfacet
  facet normal 0 -0.0436187 0.999048
    outer loop
      vertex -1.97897 2.69094 1.44005
      vertex -1.97897 2.62818 1.43731
      vertex -1.63117 2.69094 1.44005
    endloop
  endfacet
  facet normal -0.70677 -0.0308578 0.70677
    outer loop
      vertex -1.97897 2.69094 1.44005
      vertex -2.05771 2.63504 1.35887
      vertex -1.97897 2.62818 1.43731
    endloop
  endfacet
  facet normal -0.70677 -0.0923393 0.701391
    outer loop
      vertex -2.05771 2.63504 1.35887
      vertex -2.05771 2.57958 1.35157
      vertex -1.97897 2.62818 1.43731
    endloop
  endfacet
  facet normal -0.70677 -0.0923403 0.701391
    outer loop
      vertex -1.97897 2.62818 1.43731
      vertex -2.05771 2.57958 1.35157
      vertex -1.97897 2.56591 1.42912
    endloop
  endfacet
  facet normal -0.70677 -0.15312 0.690674
    outer loop
      vertex -2.05771 2.57958 1.35157
      vertex -2.05771 2.52496 1.33946
      vertex -1.97897 2.56591 1.42912
    endloop
  endfacet
  facet normal -0.70677 -0.153118 0.690674
    outer loop
      vertex -1.97897 2.56591 1.42912
      vertex -2.05771 2.52496 1.33946
      vertex -1.97897 2.50458 1.41552
    endloop
  endfacet
  facet normal -0.70677 -0.212731 0.674701
    outer loop
      vertex -2.05771 2.52496 1.33946
      vertex -2.05771 2.47161 1.32264
      vertex -1.97897 2.50458 1.41552
    endloop
  endfacet
  facet normal -0.70677 -0.212732 0.674701
    outer loop
      vertex -1.97897 2.50458 1.41552
      vertex -2.05771 2.47161 1.32264
      vertex -1.97897 2.44467 1.39663
    endloop
  endfacet
  facet normal -0.70677 -0.270727 0.653592
    outer loop
      vertex -2.05771 2.47161 1.32264
      vertex -2.05771 2.41992 1.30123
      vertex -1.97897 2.44467 1.39663
    endloop
  endfacet
  facet normal -0.70677 -0.270728 0.653592
    outer loop
      vertex -1.97897 2.44467 1.39663
      vertex -2.05771 2.41992 1.30123
      vertex -1.97897 2.38664 1.37259
    endloop
  endfacet
  facet normal -0.70677 -0.326662 0.62751
    outer loop
      vertex -2.05771 2.41992 1.30123
      vertex -2.05771 2.3703 1.2754
      vertex -1.97897 2.38664 1.37259
    endloop
  endfacet
  facet normal -0.70677 -0.32666 0.62751
    outer loop
      vertex -1.97897 2.38664 1.37259
      vertex -2.05771 2.3703 1.2754
      vertex -1.97897 2.33093 1.34359
    endloop
  endfacet
  facet normal -0.70677 -0.380108 0.596652
    outer loop
      vertex -2.05771 2.3703 1.2754
      vertex -2.05771 2.32311 1.24534
      vertex -1.97897 2.33093 1.34359
    endloop
  endfacet
  facet normal -0.70677 -0.380109 0.596652
    outer loop
      vertex -1.97897 2.33093 1.34359
      vertex -2.05771 2.32311 1.24534
      vertex -1.97897 2.27795 1.30984
    endloop
  endfacet
  facet normal -0.70677 -0.430664 0.561252
    outer loop
      vertex -2.05771 2.32311 1.24534
      vertex -2.05771 2.27873 1.21128
      vertex -1.97897 2.27795 1.30984
    endloop
  endfacet
  facet normal -0.70677 -0.430665 0.561252
    outer loop
      vertex -1.97897 2.27795 1.30984
      vertex -2.05771 2.27873 1.21128
      vertex -1.97897 2.22812 1.2716
    endloop
  endfacet
  facet normal -0.70677 -0.477941 0.521583
    outer loop
      vertex -2.05771 2.27873 1.21128
      vertex -2.05771 2.23748 1.17349
      vertex -1.97897 2.22812 1.2716
    endloop
  endfacet
  facet normal -0.70677 -0.477941 0.521583
    outer loop
      vertex -1.97897 2.22812 1.2716
      vertex -2.05771 2.23748 1.17349
      vertex -1.97897 2.18181 1.22917
    endloop
  endfacet
  facet normal -0.70677 -0.521582 0.477942
    outer loop
      vertex -2.05771 2.23748 1.17349
      vertex -2.05771 2.19969 1.13224
      vertex -1.97897 2.18181 1.22917
    endloop
  endfacet
  facet normal -0.70677 -0.521582 0.477942
    outer loop
      vertex -1.97897 2.18181 1.22917
      vertex -2.05771 2.19969 1.13224
      vertex -1.97897 2.13937 1.18285
    endloop
  endfacet
  facet normal -0.70677 -0.561253 0.430664
    outer loop
      vertex -2.05771 2.19969 1.13224
      vertex -2.05771 2.16563 1.08786
      vertex -1.97897 2.13937 1.18285
    endloop
  endfacet
  facet normal -0.70677 -0.561253 0.430664
    outer loop
      vertex -1.97897 2.13937 1.18285
      vertex -2.05771 2.16563 1.08786
      vertex -1.97897 2.10113 1.13302
    endloop
  endfacet
  facet normal -0.70677 -0.596652 0.380109
    outer loop
      vertex -2.05771 2.16563 1.08786
      vertex -2.05771 2.13557 1.04067
      vertex -1.97897 2.10113 1.13302
    endloop
  endfacet
  facet normal -0.70677 -0.596652 0.380109
    outer loop
      vertex -1.97897 2.10113 1.13302
      vertex -2.05771 2.13557 1.04067
      vertex -1.97897 2.06738 1.08004
    endloop
  endfacet
  facet normal -0.70677 -0.62751 0.326661
    outer loop
      vertex -2.05771 2.13557 1.04067
      vertex -2.05771 2.10974 0.991051
      vertex -1.97897 2.06738 1.08004
    endloop
  endfacet
  facet normal -0.70677 -0.62751 0.326661
    outer loop
      vertex -1.97897 2.06738 1.08004
      vertex -2.05771 2.10974 0.991051
      vertex -1.97897 2.03838 1.02433
    endloop
  endfacet
  facet normal -0.70677 -0.653593 0.270727
    outer loop
      vertex -2.05771 2.10974 0.991051
      vertex -2.05771 2.08833 0.939365
      vertex -1.97897 2.03838 1.02433
    endloop
  endfacet
  facet normal -0.70677 -0.653592 0.270728
    outer loop
      vertex -1.97897 2.03838 1.02433
      vertex -2.05771 2.08833 0.939365
      vertex -1.97897 2.01434 0.966296
    endloop
  endfacet
  facet normal -0.70677 -0.674701 0.212732
    outer loop
      vertex -2.05771 2.08833 0.939365
      vertex -2.05771 2.07151 0.88601
      vertex -1.97897 2.01434 0.966296
    endloop
  endfacet
  facet normal -0.70677 -0.6747 0.212732
    outer loop
      vertex -1.97897 2.01434 0.966296
      vertex -2.05771 2.07151 0.88601
      vertex -1.97897 1.99545 0.90639
    endloop
  endfacet
  facet normal -0.70677 -0.690674 0.15312
    outer loop
      vertex -2.05771 2.07151 0.88601
      vertex -2.05771 2.0594 0.831392
      vertex -1.97897 1.99545 0.90639
    endloop
  endfacet
  facet normal -0.70677 -0.690675 0.153118
    outer loop
      vertex -1.97897 1.99545 0.90639
      vertex -2.05771 2.0594 0.831392
      vertex -1.97897 1.98186 0.845065
    endloop
  endfacet
  facet normal -0.70677 -0.701392 0.0923393
    outer loop
      vertex -2.05771 2.0594 0.831392
      vertex -2.05771 2.0521 0.775926
      vertex -1.97897 1.98186 0.845065
    endloop
  endfacet
  facet normal -0.70677 -0.701391 0.0923405
    outer loop
      vertex -1.97897 1.98186 0.845065
      vertex -2.05771 2.0521 0.775926
      vertex -1.97897 1.97366 0.782789
    endloop
  endfacet
  facet normal -0.70677 -0.70677 0.0308577
    outer loop
      vertex -2.05771 2.0521 0.775926
      vertex -2.05771 2.04966 0.720035
      vertex -1.97897 1.97366 0.782789
    endloop
  endfacet
  facet normal -0.70677 -0.70677 0.0308578
    outer loop
      vertex -1.97897 1.97366 0.782789
      vertex -2.05771 2.04966 0.720035
      vertex -1.97897 1.97092 0.720035
    endloop
  endfacet
  facet normal -0.70677 -0.70677 -0.0308577
    outer loop
      vertex -2.05771 2.04966 0.720035
      vertex -2.05771 2.0521 0.664144
      vertex -1.97897 1.97092 0.720035
    endloop
  endfacet
  facet normal -0.70677 -0.70677 -0.0308578
    outer loop
      vertex -1.97897 1.97092 0.720035
      vertex -2.05771 2.0521 0.664144
      vertex -1.97897 1.97366 0.657281
    endloop
  endfacet
  facet normal -0.70677 -0.701391 -0.0923393
    outer loop
      vertex -2.05771 2.0521 0.664144
      vertex -2.05771 2.0594 0.608678
      vertex -1.97897 1.97366 0.657281
    endloop
  endfacet
  facet normal -0.70677 -0.701391 -0.0923405
    outer loop
      vertex -1.97897 1.97366 0.657281
      vertex -2.05771 2.0594 0.608678
      vertex -1.97897 1.98186 0.595005
    endloop
  endfacet
  facet normal -0.70677 -0.690674 -0.15312
    outer loop
      vertex -2.05771 2.0594 0.608678
      vertex -2.05771 2.07151 0.55406
      vertex -1.97897 1.98186 0.595005
    endloop
  endfacet
  facet normal -0.70677 -0.690674 -0.153118
    outer loop
      vertex -1.97897 1.98186 0.595005
      vertex -2.05771 2.07151 0.55406
      vertex -1.97897 1.99545 0.533681
    endloop
  endfacet
  facet normal -0.70677 -0.674701 -0.212732
    outer loop
      vertex -2.05771 2.07151 0.55406
      vertex -2.05771 2.08833 0.500705
      vertex -1.97897 1.99545 0.533681
    endloop
  endfacet
  facet normal -0.70677 -0.674701 -0.212732
    outer loop
      vertex -1.97897 1.99545 0.533681
      vertex -2.05771 2.08833 0.500705
      vertex -1.97897 2.01434 0.473774
    endloop
  endfacet
  facet normal -0.70677 -0.653592 -0.270727
    outer loop
      vertex -2.05771 2.08833 0.500705
      vertex -2.05771 2.10974 0.449019
      vertex -1.97897 2.01434 0.473774
    endloop
  endfacet
  facet normal -0.70677 -0.653592 -0.270728
    outer loop
      vertex -1.97897 2.01434 0.473774
      vertex -2.05771 2.10974 0.449019
      vertex -1.97897 2.03838 0.415742
    endloop
  endfacet
  facet normal -0.70677 -0.62751 -0.326661
    outer loop
      vertex -2.05771 2.10974 0.449019
      vertex -2.05771 2.13557 0.399396
      vertex -1.97897 2.03838 0.415742
    endloop
  endfacet
  facet normal -0.70677 -0.62751 -0.326661
    outer loop
      vertex -1.97897 2.03838 0.415742
      vertex -2.05771 2.13557 0.399396
      vertex -1.97897 2.06738 0.360026
    endloop
  endfacet
  facet normal -0.70677 -0.596652 -0.380109
    outer loop
      vertex -2.05771 2.13557 0.399396
      vertex -2.05771 2.16563 0.352213
      vertex -1.97897 2.06738 0.360026
    endloop
  endfacet
  facet normal -0.70677 -0.596652 -0.380109
    outer loop
      vertex -1.97897 2.06738 0.360026
      vertex -2.05771 2.16563 0.352213
      vertex -1.97897 2.10113 0.307049
    endloop
  endfacet
  facet normal -0.70677 -0.561252 -0.430664
    outer loop
      vertex -2.05771 2.16563 0.352213
      vertex -2.05771 2.19969 0.307829
      vertex -1.97897 2.10113 0.307049
    endloop
  endfacet
  facet normal -0.70677 -0.561252 -0.430665
    outer loop
      vertex -1.97897 2.10113 0.307049
      vertex -2.05771 2.19969 0.307829
      vertex -1.97897 2.13937 0.257216
    endloop
  endfacet
  facet normal -0.70677 -0.521582 -0.477942
    outer loop
      vertex -2.05771 2.19969 0.307829
      vertex -2.05771 2.23748 0.266583
      vertex -1.97897 2.13937 0.257216
    endloop
  endfacet
  facet normal -0.70677 -0.521582 -0.477942
    outer loop
      vertex -1.97897 2.13937 0.257216
      vertex -2.05771 2.23748 0.266583
      vertex -1.97897 2.18181 0.210905
    endloop
  endfacet
  facet normal -0.70677 -0.477941 -0.521582
    outer loop
      vertex -2.05771 2.23748 0.266583
      vertex -2.05771 2.27873 0.228787
      vertex -1.97897 2.18181 0.210905
    endloop
  endfacet
  facet normal -0.70677 -0.477941 -0.521582
    outer loop
      vertex -1.97897 2.18181 0.210905
      vertex -2.05771 2.27873 0.228787
      vertex -1.97897 2.22812 0.168469
    endloop
  endfacet
  facet normal -0.70677 -0.430664 -0.561252
    outer loop
      vertex -2.05771 2.27873 0.228787
      vertex -2.05771 2.32311 0.194731
      vertex -1.97897 2.22812 0.168469
    endloop
  endfacet
  facet normal -0.70677 -0.430665 -0.561252
    outer loop
      vertex -1.97897 2.22812 0.168469
      vertex -2.05771 2.32311 0.194731
      vertex -1.97897 2.27795 0.13023
    endloop
  endfacet
  facet normal -0.70677 -0.380109 -0.596652
    outer loop
      vertex -2.05771 2.32311 0.194731
      vertex -2.05771 2.3703 0.164672
      vertex -1.97897 2.27795 0.13023
    endloop
  endfacet
  facet normal -0.70677 -0.380109 -0.596652
    outer loop
      vertex -1.97897 2.27795 0.13023
      vertex -2.05771 2.3703 0.164672
      vertex -1.97897 2.33093 0.0964807
    endloop
  endfacet
  facet normal -0.70677 -0.326661 -0.62751
    outer loop
      vertex -2.05771 2.3703 0.164672
      vertex -2.05771 2.41992 0.138839
      vertex -1.97897 2.33093 0.0964807
    endloop
  endfacet
  facet normal -0.70677 -0.326661 -0.62751
    outer loop
      vertex -1.97897 2.33093 0.0964807
      vertex -2.05771 2.41992 0.138839
      vertex -1.97897 2.38664 0.0674767
    endloop
  endfacet
  facet normal -0.70677 -0.270727 -0.653592
    outer loop
      vertex -2.05771 2.41992 0.138839
      vertex -2.05771 2.47161 0.117431
      vertex -1.97897 2.38664 0.0674767
    endloop
  endfacet
  facet normal -0.70677 -0.270727 -0.653593
    outer loop
      vertex -1.97897 2.38664 0.0674767
      vertex -2.05771 2.47161 0.117431
      vertex -1.97897 2.44467 0.043439
    endloop
  endfacet
  facet normal -0.70677 -0.212732 -0.674701
    outer loop
      vertex -2.05771 2.47161 0.117431
      vertex -2.05771 2.52496 0.100608
      vertex -1.97897 2.44467 0.043439
    endloop
  endfacet
  facet normal -0.70677 -0.212732 -0.674701
    outer loop
      vertex -1.97897 2.44467 0.043439
      vertex -2.05771 2.52496 0.100608
      vertex -1.97897 2.50458 0.0245506
    endloop
  endfacet
  facet normal -0.70677 -0.153119 -0.690674
    outer loop
      vertex -2.05771 2.52496 0.100608
      vertex -2.05771 2.57958 0.0884991
      vertex -1.97897 2.50458 0.0245506
    endloop
  endfacet
  facet normal -0.70677 -0.153119 -0.690674
    outer loop
      vertex -1.97897 2.50458 0.0245506
      vertex -2.05771 2.57958 0.0884991
      vertex -1.97897 2.56591 0.0109552
    endloop
  endfacet
  facet normal -0.70677 -0.0923398 -0.701391
    outer loop
      vertex -2.05771 2.57958 0.0884991
      vertex -2.05771 2.63504 0.0811969
      vertex -1.97897 2.56591 0.0109552
    endloop
  endfacet
  facet normal -0.70677 -0.0923397 -0.701391
    outer loop
      vertex -1.97897 2.56591 0.0109552
      vertex -2.05771 2.63504 0.0811969
      vertex -1.97897 2.62818 0.0027564
    endloop
  endfacet
  facet normal -0.70677 -0.0308582 -0.70677
    outer loop
      vertex -2.05771 2.63504 0.0811969
      vertex -2.05771 2.69094 0.0787567
      vertex -1.97897 2.62818 0.0027564
    endloop
  endfacet
  facet normal -0.70677 -0.0308582 -0.70677
    outer loop
      vertex -1.97897 2.62818 0.0027564
      vertex -2.05771 2.69094 0.0787567
      vertex -1.97897 2.69094 1.65094e-5
    endloop
  endfacet
  facet normal -0.70677 0.0308582 -0.70677
    outer loop
      vertex -2.05771 2.69094 0.0787567
      vertex -2.05771 2.74683 0.0811969
      vertex -1.97897 2.69094 1.65094e-5
    endloop
  endfacet
  facet normal -0.70677 0.0308584 -0.70677
    outer loop
      vertex -1.97897 2.69094 1.65094e-5
      vertex -2.05771 2.74683 0.0811969
      vertex -1.97897 2.75369 0.0027564
    endloop
  endfacet
  facet normal -0.70677 0.0923399 -0.701391
    outer loop
      vertex -2.05771 2.74683 0.0811969
      vertex -2.05771 2.80229 0.0884991
      vertex -1.97897 2.75369 0.0027564
    endloop
  endfacet
  facet normal -0.70677 0.0923397 -0.701391
    outer loop
      vertex -1.97897 2.75369 0.0027564
      vertex -2.05771 2.80229 0.0884991
      vertex -1.97897 2.81597 0.0109552
    endloop
  endfacet
  facet normal -0.70677 0.153119 -0.690674
    outer loop
      vertex -2.05771 2.80229 0.0884991
      vertex -2.05771 2.85691 0.100608
      vertex -1.97897 2.81597 0.0109552
    endloop
  endfacet
  facet normal -0.70677 0.153118 -0.690674
    outer loop
      vertex -1.97897 2.81597 0.0109552
      vertex -2.05771 2.85691 0.100608
      vertex -1.97897 2.87729 0.0245506
    endloop
  endfacet
  facet normal -0.70677 0.212732 -0.674701
    outer loop
      vertex -2.05771 2.85691 0.100608
      vertex -2.05771 2.91027 0.117431
      vertex -1.97897 2.87729 0.0245506
    endloop
  endfacet
  facet normal -0.70677 0.212733 -0.674701
    outer loop
      vertex -1.97897 2.87729 0.0245506
      vertex -2.05771 2.91027 0.117431
      vertex -1.97897 2.9372 0.043439
    endloop
  endfacet
  facet normal -0.70677 0.270727 -0.653593
    outer loop
      vertex -2.05771 2.91027 0.117431
      vertex -2.05771 2.96195 0.138839
      vertex -1.97897 2.9372 0.043439
    endloop
  endfacet
  facet normal -0.70677 0.270727 -0.653593
    outer loop
      vertex -1.97897 2.9372 0.043439
      vertex -2.05771 2.96195 0.138839
      vertex -1.97897 2.99523 0.0674767
    endloop
  endfacet
  facet normal -0.70677 0.326661 -0.62751
    outer loop
      vertex -2.05771 2.96195 0.138839
      vertex -2.05771 3.01158 0.164672
      vertex -1.97897 2.99523 0.0674767
    endloop
  endfacet
  facet normal -0.70677 0.326661 -0.62751
    outer loop
      vertex -1.97897 2.99523 0.0674767
      vertex -2.05771 3.01158 0.164672
      vertex -1.97897 3.05094 0.0964807
    endloop
  endfacet
  facet normal -0.706769 0.380109 -0.596652
    outer loop
      vertex -2.05771 3.01158 0.164672
      vertex -2.05771 3.05876 0.194731
      vertex -1.97897 3.05094 0.0964807
    endloop
  endfacet
  facet normal -0.70677 0.380108 -0.596652
    outer loop
      vertex -1.97897 3.05094 0.0964807
      vertex -2.05771 3.05876 0.194731
      vertex -1.97897 3.10392 0.13023
    endloop
  endfacet
  facet normal -0.70677 0.430665 -0.561252
    outer loop
      vertex -2.05771 3.05876 0.194731
      vertex -2.05771 3.10314 0.228787
      vertex -1.97897 3.10392 0.13023
    endloop
  endfacet
  facet normal -0.70677 0.430665 -0.561252
    outer loop
      vertex -1.97897 3.10392 0.13023
      vertex -2.05771 3.10314 0.228787
      vertex -1.97897 3.15375 0.168469
    endloop
  endfacet
  facet normal -0.70677 0.477941 -0.521582
    outer loop
      vertex -2.05771 3.10314 0.228787
      vertex -2.05771 3.14439 0.266583
      vertex -1.97897 3.15375 0.168469
    endloop
  endfacet
  facet normal -0.70677 0.47794 -0.521583
    outer loop
      vertex -1.97897 3.15375 0.168469
      vertex -2.05771 3.14439 0.266583
      vertex -1.97897 3.20007 0.210905
    endloop
  endfacet
  facet normal -0.70677 0.521581 -0.477942
    outer loop
      vertex -2.05771 3.14439 0.266583
      vertex -2.05771 3.18218 0.307829
      vertex -1.97897 3.20007 0.210905
    endloop
  endfacet
  facet normal -0.706769 0.521583 -0.477941
    outer loop
      vertex -1.97897 3.20007 0.210905
      vertex -2.05771 3.18218 0.307829
      vertex -1.97897 3.2425 0.257216
    endloop
  endfacet
  facet normal -0.706769 0.561253 -0.430665
    outer loop
      vertex -2.05771 3.18218 0.307829
      vertex -2.05771 3.21624 0.352213
      vertex -1.97897 3.2425 0.257216
    endloop
  endfacet
  facet normal -0.706769 0.561253 -0.430665
    outer loop
      vertex -1.97897 3.2425 0.257216
      vertex -2.05771 3.21624 0.352213
      vertex -1.97897 3.28074 0.307049
    endloop
  endfacet
  facet normal -0.706769 0.596653 -0.380108
    outer loop
      vertex -2.05771 3.21624 0.352213
      vertex -2.05771 3.2463 0.399396
      vertex -1.97897 3.28074 0.307049
    endloop
  endfacet
  facet normal -0.70677 0.596652 -0.380109
    outer loop
      vertex -1.97897 3.28074 0.307049
      vertex -2.05771 3.2463 0.399396
      vertex -1.97897 3.31449 0.360026
    endloop
  endfacet
  facet normal -0.70677 0.627509 -0.326663
    outer loop
      vertex -2.05771 3.2463 0.399396
      vertex -2.05771 3.27213 0.449019
      vertex -1.97897 3.31449 0.360026
    endloop
  endfacet
  facet normal -0.70677 0.62751 -0.326662
    outer loop
      vertex -1.97897 3.31449 0.360026
      vertex -2.05771 3.27213 0.449019
      vertex -1.97897 3.34349 0.415742
    endloop
  endfacet
  facet normal -0.70677 0.653593 -0.270727
    outer loop
      vertex -2.05771 3.27213 0.449019
      vertex -2.05771 3.29354 0.500705
      vertex -1.97897 3.34349 0.415742
    endloop
  endfacet
  facet normal -0.70677 0.653592 -0.270728
    outer loop
      vertex -1.97897 3.34349 0.415742
      vertex -2.05771 3.29354 0.500705
      vertex -1.97897 3.36753 0.473774
    endloop
  endfacet
  facet normal -0.70677 0.674701 -0.212732
    outer loop
      vertex -2.05771 3.29354 0.500705
      vertex -2.05771 3.31036 0.55406
      vertex -1.97897 3.36753 0.473774
    endloop
  endfacet
  facet normal -0.70677 0.6747 -0.212732
    outer loop
      vertex -1.97897 3.36753 0.473774
      vertex -2.05771 3.31036 0.55406
      vertex -1.97897 3.38642 0.533681
    endloop
  endfacet
  facet normal -0.70677 0.690674 -0.15312
    outer loop
      vertex -2.05771 3.31036 0.55406
      vertex -2.05771 3.32247 0.608678
      vertex -1.97897 3.38642 0.533681
    endloop
  endfacet
  facet normal -0.70677 0.690675 -0.153118
    outer loop
      vertex -1.97897 3.38642 0.533681
      vertex -2.05771 3.32247 0.608678
      vertex -1.97897 3.40002 0.595005
    endloop
  endfacet
  facet normal -0.70677 0.701392 -0.0923393
    outer loop
      vertex -2.05771 3.32247 0.608678
      vertex -2.05771 3.32977 0.664144
      vertex -1.97897 3.40002 0.595005
    endloop
  endfacet
  facet normal -0.70677 0.701391 -0.0923404
    outer loop
      vertex -1.97897 3.40002 0.595005
      vertex -2.05771 3.32977 0.664144
      vertex -1.97897 3.40821 0.657281
    endloop
  endfacet
  facet normal -0.70677 0.70677 -0.0308577
    outer loop
      vertex -2.05771 3.32977 0.664144
      vertex -2.05771 3.33221 0.720035
      vertex -1.97897 3.40821 0.657281
    endloop
  endfacet
  facet normal -0.706769 0.706771 -0.0308562
    outer loop
      vertex -1.97897 3.40821 0.657281
      vertex -2.05771 3.33221 0.720035
      vertex -1.97897 3.41095 0.720035
    endloop
  endfacet
  facet normal -0.706769 0.706771 0.0308577
    outer loop
      vertex -2.05771 3.33221 0.720035
      vertex -2.05771 3.32977 0.775926
      vertex -1.97897 3.41095 0.720035
    endloop
  endfacet
  facet normal -0.70677 0.70677 0.0308562
    outer loop
      vertex -1.97897 3.41095 0.720035
      vertex -2.05771 3.32977 0.775926
      vertex -1.97897 3.40821 0.782789
    endloop
  endfacet
  facet normal -0.70677 0.701391 0.0923393
    outer loop
      vertex -2.05771 3.32977 0.775926
      vertex -2.05771 3.32247 0.831392
      vertex -1.97897 3.40821 0.782789
    endloop
  endfacet
  facet normal -0.70677 0.701391 0.0923406
    outer loop
      vertex -1.97897 3.40821 0.782789
      vertex -2.05771 3.32247 0.831392
      vertex -1.97897 3.40002 0.845065
    endloop
  endfacet
  facet normal -0.70677 0.690674 0.15312
    outer loop
      vertex -2.05771 3.32247 0.831392
      vertex -2.05771 3.31036 0.88601
      vertex -1.97897 3.40002 0.845065
    endloop
  endfacet
  facet normal -0.70677 0.690674 0.153118
    outer loop
      vertex -1.97897 3.40002 0.845065
      vertex -2.05771 3.31036 0.88601
      vertex -1.97897 3.38642 0.90639
    endloop
  endfacet
  facet normal -0.70677 0.674701 0.212732
    outer loop
      vertex -2.05771 3.31036 0.88601
      vertex -2.05771 3.29354 0.939365
      vertex -1.97897 3.38642 0.90639
    endloop
  endfacet
  facet normal -0.70677 0.674701 0.212732
    outer loop
      vertex -1.97897 3.38642 0.90639
      vertex -2.05771 3.29354 0.939365
      vertex -1.97897 3.36753 0.966296
    endloop
  endfacet
  facet normal -0.70677 0.653592 0.270727
    outer loop
      vertex -2.05771 3.29354 0.939365
      vertex -2.05771 3.27213 0.991051
      vertex -1.97897 3.36753 0.966296
    endloop
  endfacet
  facet normal -0.70677 0.653592 0.270728
    outer loop
      vertex -1.97897 3.36753 0.966296
      vertex -2.05771 3.27213 0.991051
      vertex -1.97897 3.34349 1.02433
    endloop
  endfacet
  facet normal -0.70677 0.627509 0.326663
    outer loop
      vertex -2.05771 3.27213 0.991051
      vertex -2.05771 3.2463 1.04067
      vertex -1.97897 3.34349 1.02433
    endloop
  endfacet
  facet normal -0.70677 0.627509 0.326662
    outer loop
      vertex -1.97897 3.34349 1.02433
      vertex -2.05771 3.2463 1.04067
      vertex -1.97897 3.31449 1.08004
    endloop
  endfacet
  facet normal -0.70677 0.596653 0.380107
    outer loop
      vertex -2.05771 3.2463 1.04067
      vertex -2.05771 3.21624 1.08786
      vertex -1.97897 3.31449 1.08004
    endloop
  endfacet
  facet normal -0.706769 0.596652 0.380109
    outer loop
      vertex -1.97897 3.31449 1.08004
      vertex -2.05771 3.21624 1.08786
      vertex -1.97897 3.28074 1.13302
    endloop
  endfacet
  facet normal -0.70677 0.561253 0.430664
    outer loop
      vertex -2.05771 3.21624 1.08786
      vertex -2.05771 3.18218 1.13224
      vertex -1.97897 3.28074 1.13302
    endloop
  endfacet
  facet normal -0.706769 0.561253 0.430665
    outer loop
      vertex -1.97897 3.28074 1.13302
      vertex -2.05771 3.18218 1.13224
      vertex -1.97897 3.2425 1.18285
    endloop
  endfacet
  facet normal -0.706769 0.521582 0.477943
    outer loop
      vertex -2.05771 3.18218 1.13224
      vertex -2.05771 3.14439 1.17349
      vertex -1.97897 3.2425 1.18285
    endloop
  endfacet
  facet normal -0.70677 0.521583 0.477941
    outer loop
      vertex -1.97897 3.2425 1.18285
      vertex -2.05771 3.14439 1.17349
      vertex -1.97897 3.20007 1.22917
    endloop
  endfacet
  facet normal -0.70677 0.477941 0.521582
    outer loop
      vertex -2.05771 3.14439 1.17349
      vertex -2.05771 3.10314 1.21128
      vertex -1.97897 3.20007 1.22917
    endloop
  endfacet
  facet normal -0.70677 0.47794 0.521583
    outer loop
      vertex -1.97897 3.20007 1.22917
      vertex -2.05771 3.10314 1.21128
      vertex -1.97897 3.15375 1.2716
    endloop
  endfacet
  facet normal -0.70677 0.430665 0.561252
    outer loop
      vertex -2.05771 3.10314 1.21128
      vertex -2.05771 3.05876 1.24534
      vertex -1.97897 3.15375 1.2716
    endloop
  endfacet
  facet normal -0.70677 0.430665 0.561252
    outer loop
      vertex -1.97897 3.15375 1.2716
      vertex -2.05771 3.05876 1.24534
      vertex -1.97897 3.10392 1.30984
    endloop
  endfacet
  facet normal -0.70677 0.380109 0.596652
    outer loop
      vertex -2.05771 3.05876 1.24534
      vertex -2.05771 3.01158 1.2754
      vertex -1.97897 3.10392 1.30984
    endloop
  endfacet
  facet normal -0.70677 0.380108 0.596653
    outer loop
      vertex -1.97897 3.10392 1.30984
      vertex -2.05771 3.01158 1.2754
      vertex -1.97897 3.05094 1.34359
    endloop
  endfacet
  facet normal -0.70677 0.326662 0.62751
    outer loop
      vertex -2.05771 3.01158 1.2754
      vertex -2.05771 2.96195 1.30123
      vertex -1.97897 3.05094 1.34359
    endloop
  endfacet
  facet normal -0.706769 0.326661 0.627511
    outer loop
      vertex -1.97897 3.05094 1.34359
      vertex -2.05771 2.96195 1.30123
      vertex -1.97897 2.99523 1.37259
    endloop
  endfacet
  facet normal -0.706769 0.270727 0.653593
    outer loop
      vertex -2.05771 2.96195 1.30123
      vertex -2.05771 2.91027 1.32264
      vertex -1.97897 2.99523 1.37259
    endloop
  endfacet
  facet normal -0.70677 0.270728 0.653592
    outer loop
      vertex -1.97897 2.99523 1.37259
      vertex -2.05771 2.91027 1.32264
      vertex -1.97897 2.9372 1.39663
    endloop
  endfacet
  facet normal -0.70677 0.212731 0.674701
    outer loop
      vertex -2.05771 2.91027 1.32264
      vertex -2.05771 2.85691 1.33946
      vertex -1.97897 2.9372 1.39663
    endloop
  endfacet
  facet normal -0.706771 0.212733 0.6747
    outer loop
      vertex -1.97897 2.9372 1.39663
      vertex -2.05771 2.85691 1.33946
      vertex -1.97897 2.87729 1.41552
    endloop
  endfacet
  facet normal -0.706771 0.15312 0.690673
    outer loop
      vertex -2.05771 2.85691 1.33946
      vertex -2.05771 2.80229 1.35157
      vertex -1.97897 2.87729 1.41552
    endloop
  endfacet
  facet normal -0.70677 0.153118 0.690675
    outer loop
      vertex -1.97897 2.87729 1.41552
      vertex -2.05771 2.80229 1.35157
      vertex -1.97897 2.81597 1.42912
    endloop
  endfacet
  facet normal -0.706769 0.0923393 0.701392
    outer loop
      vertex -2.05771 2.80229 1.35157
      vertex -2.05771 2.74683 1.35887
      vertex -1.97897 2.81597 1.42912
    endloop
  endfacet
  facet normal -0.70677 0.0923403 0.701391
    outer loop
      vertex -1.97897 2.81597 1.42912
      vertex -2.05771 2.74683 1.35887
      vertex -1.97897 2.75369 1.43731
    endloop
  endfacet
  facet normal -0.70677 0.0308577 0.70677
    outer loop
      vertex -2.05771 2.74683 1.35887
      vertex -2.05771 2.69094 1.36131
      vertex -1.97897 2.75369 1.43731
    endloop
  endfacet
  facet normal -0.70677 0.0308579 0.70677
    outer loop
      vertex -1.97897 2.75369 1.43731
      vertex -2.05771 2.69094 1.36131
      vertex -1.97897 2.69094 1.44005
    endloop
  endfacet
  facet normal -0.70677 -0.0308577 0.70677
    outer loop
      vertex -2.05771 2.69094 1.36131
      vertex -2.05771 2.63504 1.35887
      vertex -1.97897 2.69094 1.44005
    endloop
  endfacet
  facet normal -0.70677 0.0923399 0.701392
    outer loop
      vertex -1.905 2.63633 0.095874
      vertex -1.92272 2.63478 0.0782212
      vertex -1.905 2.58214 0.103008
    endloop
  endfacet
  facet normal -0.70677 0.0923398 0.701391
    outer loop
      vertex -1.92272 2.63478 0.0782212
      vertex -1.92272 2.57906 0.0855575
      vertex -1.905 2.58214 0.103008
    endloop
  endfacet
  facet normal -0.70677 0.15312 0.690674
    outer loop
      vertex -1.905 2.58214 0.103008
      vertex -1.92272 2.57906 0.0855575
      vertex -1.905 2.52877 0.114839
    endloop
  endfacet
  facet normal -0.70677 0.153119 0.690674
    outer loop
      vertex -1.92272 2.57906 0.0855575
      vertex -1.92272 2.52419 0.0977224
      vertex -1.905 2.52877 0.114839
    endloop
  endfacet
  facet normal -0.706771 0.212732 0.6747
    outer loop
      vertex -1.905 2.52877 0.114839
      vertex -1.92272 2.52419 0.0977224
      vertex -1.905 2.47664 0.131275
    endloop
  endfacet
  facet normal -0.706769 0.212733 0.674702
    outer loop
      vertex -1.92272 2.52419 0.0977224
      vertex -1.92272 2.47058 0.114624
      vertex -1.905 2.47664 0.131275
    endloop
  endfacet
  facet normal -0.706768 0.270728 0.653594
    outer loop
      vertex -1.905 2.47664 0.131275
      vertex -1.92272 2.47058 0.114624
      vertex -1.905 2.42615 0.152192
    endloop
  endfacet
  facet normal -0.70677 0.270726 0.653593
    outer loop
      vertex -1.92272 2.47058 0.114624
      vertex -1.92272 2.41866 0.136132
      vertex -1.905 2.42615 0.152192
    endloop
  endfacet
  facet normal -0.70677 0.326661 0.62751
    outer loop
      vertex -1.905 2.42615 0.152192
      vertex -1.92272 2.41866 0.136132
      vertex -1.905 2.37766 0.177431
    endloop
  endfacet
  facet normal -0.706769 0.326662 0.627511
    outer loop
      vertex -1.92272 2.41866 0.136132
      vertex -1.92272 2.3688 0.162085
      vertex -1.905 2.37766 0.177431
    endloop
  endfacet
  facet normal -0.706769 0.38011 0.596653
    outer loop
      vertex -1.905 2.37766 0.177431
      vertex -1.92272 2.3688 0.162085
      vertex -1.905 2.33156 0.206799
    endloop
  endfacet
  facet normal -0.70677 0.380109 0.596652
    outer loop
      vertex -1.92272 2.3688 0.162085
      vertex -1.92272 2.3214 0.192284
      vertex -1.905 2.33156 0.206799
    endloop
  endfacet
  facet normal -0.70677 0.430665 0.561252
    outer loop
      vertex -1.905 2.33156 0.206799
      vertex -1.92272 2.3214 0.192284
      vertex -1.905 2.2882 0.240074
    endloop
  endfacet
  facet normal -0.706771 0.430664 0.561252
    outer loop
      vertex -1.92272 2.3214 0.192284
      vertex -1.92272 2.27681 0.226499
      vertex -1.905 2.2882 0.240074
    endloop
  endfacet
  facet normal -0.706771 0.47794 0.521582
    outer loop
      vertex -1.905 2.2882 0.240074
      vertex -1.92272 2.27681 0.226499
      vertex -1.905 2.2479 0.277001
    endloop
  endfacet
  facet normal -0.706769 0.477943 0.521582
    outer loop
      vertex -1.92272 2.27681 0.226499
      vertex -1.92272 2.23537 0.264471
      vertex -1.905 2.2479 0.277001
    endloop
  endfacet
  facet normal -0.706769 0.521583 0.477942
    outer loop
      vertex -1.905 2.2479 0.277001
      vertex -1.92272 2.23537 0.264471
      vertex -1.905 2.21097 0.3173
    endloop
  endfacet
  facet normal -0.706772 0.52158 0.477941
    outer loop
      vertex -1.92272 2.23537 0.264471
      vertex -1.92272 2.1974 0.305909
      vertex -1.905 2.21097 0.3173
    endloop
  endfacet
  facet normal -0.706772 0.561251 0.430663
    outer loop
      vertex -1.905 2.21097 0.3173
      vertex -1.92272 2.1974 0.305909
      vertex -1.905 2.1777 0.360664
    endloop
  endfacet
  facet normal -0.70677 0.561253 0.430663
    outer loop
      vertex -1.92272 2.1974 0.305909
      vertex -1.92272 2.16318 0.3505
      vertex -1.905 2.1777 0.360664
    endloop
  endfacet
  facet normal -0.70677 0.596651 0.380109
    outer loop
      vertex -1.905 2.1777 0.360664
      vertex -1.92272 2.16318 0.3505
      vertex -1.905 2.14833 0.406763
    endloop
  endfacet
  facet normal -0.70677 0.596652 0.380109
    outer loop
      vertex -1.92272 2.16318 0.3505
      vertex -1.92272 2.13299 0.397902
      vertex -1.905 2.14833 0.406763
    endloop
  endfacet
  facet normal -0.70677 0.62751 0.326661
    outer loop
      vertex -1.905 2.14833 0.406763
      vertex -1.92272 2.13299 0.397902
      vertex -1.905 2.12309 0.455246
    endloop
  endfacet
  facet normal -0.70677 0.62751 0.326661
    outer loop
      vertex -1.92272 2.13299 0.397902
      vertex -1.92272 2.10703 0.447757
      vertex -1.905 2.12309 0.455246
    endloop
  endfacet
  facet normal -0.70677 0.653592 0.270728
    outer loop
      vertex -1.905 2.12309 0.455246
      vertex -1.92272 2.10703 0.447757
      vertex -1.905 2.10218 0.505744
    endloop
  endfacet
  facet normal -0.706768 0.653594 0.270728
    outer loop
      vertex -1.92272 2.10703 0.447757
      vertex -1.92272 2.08552 0.499683
      vertex -1.905 2.10218 0.505744
    endloop
  endfacet
  facet normal -0.706768 0.674702 0.212733
    outer loop
      vertex -1.905 2.10218 0.505744
      vertex -1.92272 2.08552 0.499683
      vertex -1.905 2.08574 0.557873
    endloop
  endfacet
  facet normal -0.70677 0.674701 0.212733
    outer loop
      vertex -1.92272 2.08552 0.499683
      vertex -1.92272 2.06862 0.553287
      vertex -1.905 2.08574 0.557873
    endloop
  endfacet
  facet normal -0.70677 0.690675 0.153118
    outer loop
      vertex -1.905 2.08574 0.557873
      vertex -1.92272 2.06862 0.553287
      vertex -1.905 2.07391 0.611237
    endloop
  endfacet
  facet normal -0.706772 0.690673 0.153119
    outer loop
      vertex -1.92272 2.06862 0.553287
      vertex -1.92272 2.05646 0.60816
      vertex -1.905 2.07391 0.611237
    endloop
  endfacet
  facet normal -0.706772 0.701389 0.0923407
    outer loop
      vertex -1.905 2.07391 0.611237
      vertex -1.92272 2.05646 0.60816
      vertex -1.905 2.06677 0.665428
    endloop
  endfacet
  facet normal -0.706769 0.701392 0.0923395
    outer loop
      vertex -1.92272 2.05646 0.60816
      vertex -1.92272 2.04912 0.663884
      vertex -1.905 2.06677 0.665428
    endloop
  endfacet
  facet normal -0.706769 0.706771 0.0308582
    outer loop
      vertex -1.905 2.06677 0.665428
      vertex -1.92272 2.04912 0.663884
      vertex -1.905 2.06439 0.720035
    endloop
  endfacet
  facet normal -0.70677 0.70677 0.0308586
    outer loop
      vertex -1.92272 2.04912 0.663884
      vertex -1.92272 2.04667 0.720035
      vertex -1.905 2.06439 0.720035
    endloop
  endfacet
  facet normal -0.70677 0.70677 -0.0308581
    outer loop
      vertex -1.905 2.06439 0.720035
      vertex -1.92272 2.04667 0.720035
      vertex -1.905 2.06677 0.774642
    endloop
  endfacet
  facet normal -0.706769 0.706771 -0.0308586
    outer loop
      vertex -1.92272 2.04667 0.720035
      vertex -1.92272 2.04912 0.776187
      vertex -1.905 2.06677 0.774642
    endloop
  endfacet
  facet normal -0.706769 0.701392 -0.092341
    outer loop
      vertex -1.905 2.06677 0.774642
      vertex -1.92272 2.04912 0.776187
      vertex -1.905 2.07391 0.828834
    endloop
  endfacet
  facet normal -0.706771 0.70139 -0.0923393
    outer loop
      vertex -1.92272 2.04912 0.776187
      vertex -1.92272 2.05646 0.831911
      vertex -1.905 2.07391 0.828834
    endloop
  endfacet
  facet normal -0.706771 0.690673 -0.153117
    outer loop
      vertex -1.905 2.07391 0.828834
      vertex -1.92272 2.05646 0.831911
      vertex -1.905 2.08574 0.882197
    endloop
  endfacet
  facet normal -0.70677 0.690674 -0.153119
    outer loop
      vertex -1.92272 2.05646 0.831911
      vertex -1.92272 2.06862 0.886784
      vertex -1.905 2.08574 0.882197
    endloop
  endfacet
  facet normal -0.70677 0.674701 -0.212732
    outer loop
      vertex -1.905 2.08574 0.882197
      vertex -1.92272 2.06862 0.886784
      vertex -1.905 2.10218 0.934326
    endloop
  endfacet
  facet normal -0.706768 0.674702 -0.212734
    outer loop
      vertex -1.92272 2.06862 0.886784
      vertex -1.92272 2.08552 0.940387
      vertex -1.905 2.10218 0.934326
    endloop
  endfacet
  facet normal -0.706768 0.653594 -0.270729
    outer loop
      vertex -1.905 2.10218 0.934326
      vertex -1.92272 2.08552 0.940387
      vertex -1.905 2.12309 0.984825
    endloop
  endfacet
  facet normal -0.70677 0.653593 -0.270727
    outer loop
      vertex -1.92272 2.08552 0.940387
      vertex -1.92272 2.10703 0.992314
      vertex -1.905 2.12309 0.984825
    endloop
  endfacet
  facet normal -0.70677 0.62751 -0.326661
    outer loop
      vertex -1.905 2.12309 0.984825
      vertex -1.92272 2.10703 0.992314
      vertex -1.905 2.14833 1.03331
    endloop
  endfacet
  facet normal -0.70677 0.62751 -0.32666
    outer loop
      vertex -1.92272 2.10703 0.992314
      vertex -1.92272 2.13299 1.04217
      vertex -1.905 2.14833 1.03331
    endloop
  endfacet
  facet normal -0.70677 0.596652 -0.380109
    outer loop
      vertex -1.905 2.14833 1.03331
      vertex -1.92272 2.13299 1.04217
      vertex -1.905 2.1777 1.07941
    endloop
  endfacet
  facet normal -0.70677 0.596651 -0.380109
    outer loop
      vertex -1.92272 2.13299 1.04217
      vertex -1.92272 2.16318 1.08957
      vertex -1.905 2.1777 1.07941
    endloop
  endfacet
  facet normal -0.70677 0.561252 -0.430664
    outer loop
      vertex -1.905 2.1777 1.07941
      vertex -1.92272 2.16318 1.08957
      vertex -1.905 2.21097 1.12277
    endloop
  endfacet
  facet normal -0.706771 0.561252 -0.430663
    outer loop
      vertex -1.92272 2.16318 1.08957
      vertex -1.92272 2.1974 1.13416
      vertex -1.905 2.21097 1.12277
    endloop
  endfacet
  facet normal -0.706771 0.521582 -0.47794
    outer loop
      vertex -1.905 2.21097 1.12277
      vertex -1.92272 2.1974 1.13416
      vertex -1.905 2.2479 1.16307
    endloop
  endfacet
  facet normal -0.706769 0.521583 -0.477943
    outer loop
      vertex -1.92272 2.1974 1.13416
      vertex -1.92272 2.23537 1.1756
      vertex -1.905 2.2479 1.16307
    endloop
  endfacet
  facet normal -0.706769 0.477942 -0.521584
    outer loop
      vertex -1.905 2.2479 1.16307
      vertex -1.92272 2.23537 1.1756
      vertex -1.905 2.2882 1.2
    endloop
  endfacet
  facet normal -0.706771 0.477941 -0.521581
    outer loop
      vertex -1.92272 2.23537 1.1756
      vertex -1.92272 2.27681 1.21357
      vertex -1.905 2.2882 1.2
    endloop
  endfacet
  facet normal -0.706771 0.430665 -0.561251
    outer loop
      vertex -1.905 2.2882 1.2
      vertex -1.92272 2.27681 1.21357
      vertex -1.905 2.33156 1.23327
    endloop
  endfacet
  facet normal -0.706768 0.430665 -0.561254
    outer loop
      vertex -1.92272 2.27681 1.21357
      vertex -1.92272 2.3214 1.24779
      vertex -1.905 2.33156 1.23327
    endloop
  endfacet
  facet normal -0.706768 0.380109 -0.596654
    outer loop
      vertex -1.905 2.33156 1.23327
      vertex -1.92272 2.3214 1.24779
      vertex -1.905 2.37766 1.26264
    endloop
  endfacet
  facet normal -0.706769 0.380109 -0.596653
    outer loop
      vertex -1.92272 2.3214 1.24779
      vertex -1.92272 2.3688 1.27799
      vertex -1.905 2.37766 1.26264
    endloop
  endfacet
  facet normal -0.706769 0.326662 -0.62751
    outer loop
      vertex -1.905 2.37766 1.26264
      vertex -1.92272 2.3688 1.27799
      vertex -1.905 2.42615 1.28788
    endloop
  endfacet
  facet normal -0.706767 0.326662 -0.627513
    outer loop
      vertex -1.92272 2.3688 1.27799
      vertex -1.92272 2.41866 1.30394
      vertex -1.905 2.42615 1.28788
    endloop
  endfacet
  facet normal -0.706767 0.270728 -0.653595
    outer loop
      vertex -1.905 2.42615 1.28788
      vertex -1.92272 2.41866 1.30394
      vertex -1.905 2.47664 1.3088
    endloop
  endfacet
  facet normal -0.706767 0.270728 -0.653595
    outer loop
      vertex -1.92272 2.41866 1.30394
      vertex -1.92272 2.47058 1.32545
      vertex -1.905 2.47664 1.3088
    endloop
  endfacet
  facet normal -0.706767 0.212733 -0.674704
    outer loop
      vertex -1.905 2.47664 1.3088
      vertex -1.92272 2.47058 1.32545
      vertex -1.905 2.52877 1.32523
    endloop
  endfacet
  facet normal -0.706771 0.212734 -0.6747
    outer loop
      vertex -1.92272 2.47058 1.32545
      vertex -1.92272 2.52419 1.34235
      vertex -1.905 2.52877 1.32523
    endloop
  endfacet
  facet normal -0.70677 0.15312 -0.690673
    outer loop
      vertex -1.905 2.52877 1.32523
      vertex -1.92272 2.52419 1.34235
      vertex -1.905 2.58214 1.33706
    endloop
  endfacet
  facet normal -0.706769 0.153119 -0.690676
    outer loop
      vertex -1.92272 2.52419 1.34235
      vertex -1.92272 2.57906 1.35451
      vertex -1.905 2.58214 1.33706
    endloop
  endfacet
  facet normal -0.706769 0.0923391 -0.701393
    outer loop
      vertex -1.905 2.58214 1.33706
      vertex -1.92272 2.57906 1.35451
      vertex -1.905 2.63633 1.3442
    endloop
  endfacet
  facet normal -0.706769 0.0923394 -0.701392
    outer loop
      vertex -1.92272 2.57906 1.35451
      vertex -1.92272 2.63478 1.36185
      vertex -1.905 2.63633 1.3442
    endloop
  endfacet
  facet normal -0.706769 0.0308581 -0.706771
    outer loop
      vertex -1.905 2.63633 1.3442
      vertex -1.92272 2.63478 1.36185
      vertex -1.905 2.69094 1.34658
    endloop
  endfacet
  facet normal -0.70677 0.0308585 -0.70677
    outer loop
      vertex -1.92272 2.63478 1.36185
      vertex -1.92272 2.69094 1.3643
      vertex -1.905 2.69094 1.34658
    endloop
  endfacet
  facet normal -0.70677 -0.0308582 -0.70677
    outer loop
      vertex -1.905 2.69094 1.34658
      vertex -1.92272 2.69094 1.3643
      vertex -1.905 2.74554 1.3442
    endloop
  endfacet
  facet normal -0.706769 -0.0308587 -0.706771
    outer loop
      vertex -1.92272 2.69094 1.3643
      vertex -1.92272 2.74709 1.36185
      vertex -1.905 2.74554 1.3442
    endloop
  endfacet
  facet normal -0.706769 -0.092339 -0.701392
    outer loop
      vertex -1.905 2.74554 1.3442
      vertex -1.92272 2.74709 1.36185
      vertex -1.905 2.79973 1.33706
    endloop
  endfacet
  facet normal -0.706769 -0.0923395 -0.701393
    outer loop
      vertex -1.92272 2.74709 1.36185
      vertex -1.92272 2.80281 1.35451
      vertex -1.905 2.79973 1.33706
    endloop
  endfacet
  facet normal -0.706768 -0.15312 -0.690676
    outer loop
      vertex -1.905 2.79973 1.33706
      vertex -1.92272 2.80281 1.35451
      vertex -1.905 2.8531 1.32523
    endloop
  endfacet
  facet normal -0.706769 -0.153119 -0.690675
    outer loop
      vertex -1.92272 2.80281 1.35451
      vertex -1.92272 2.85768 1.34235
      vertex -1.905 2.8531 1.32523
    endloop
  endfacet
  facet normal -0.706769 -0.212733 -0.674702
    outer loop
      vertex -1.905 2.8531 1.32523
      vertex -1.92272 2.85768 1.34235
      vertex -1.905 2.90523 1.3088
    endloop
  endfacet
  facet normal -0.706769 -0.212733 -0.674701
    outer loop
      vertex -1.92272 2.85768 1.34235
      vertex -1.92272 2.91129 1.32545
      vertex -1.905 2.90523 1.3088
    endloop
  endfacet
  facet normal -0.706769 -0.270726 -0.653594
    outer loop
      vertex -1.905 2.90523 1.3088
      vertex -1.92272 2.91129 1.32545
      vertex -1.905 2.95573 1.28788
    endloop
  endfacet
  facet normal -0.706766 -0.270729 -0.653596
    outer loop
      vertex -1.92272 2.91129 1.32545
      vertex -1.92272 2.96321 1.30394
      vertex -1.905 2.95573 1.28788
    endloop
  endfacet
  facet normal -0.706766 -0.326665 -0.627513
    outer loop
      vertex -1.905 2.95573 1.28788
      vertex -1.92272 2.96321 1.30394
      vertex -1.905 3.00421 1.26264
    endloop
  endfacet
  facet normal -0.706769 -0.326661 -0.627511
    outer loop
      vertex -1.92272 2.96321 1.30394
      vertex -1.92272 3.01307 1.27799
      vertex -1.905 3.00421 1.26264
    endloop
  endfacet
  facet normal -0.706769 -0.380108 -0.596654
    outer loop
      vertex -1.905 3.00421 1.26264
      vertex -1.92272 3.01307 1.27799
      vertex -1.905 3.05031 1.23327
    endloop
  endfacet
  facet normal -0.706768 -0.380109 -0.596654
    outer loop
      vertex -1.92272 3.01307 1.27799
      vertex -1.92272 3.06047 1.24779
      vertex -1.905 3.05031 1.23327
    endloop
  endfacet
  facet normal -0.706768 -0.430667 -0.561253
    outer loop
      vertex -1.905 3.05031 1.23327
      vertex -1.92272 3.06047 1.24779
      vertex -1.905 3.09367 1.2
    endloop
  endfacet
  facet normal -0.706769 -0.430666 -0.561253
    outer loop
      vertex -1.92272 3.06047 1.24779
      vertex -1.92272 3.10506 1.21357
      vertex -1.905 3.09367 1.2
    endloop
  endfacet
  facet normal -0.706769 -0.477943 -0.521583
    outer loop
      vertex -1.905 3.09367 1.2
      vertex -1.92272 3.10506 1.21357
      vertex -1.905 3.13397 1.16307
    endloop
  endfacet
  facet normal -0.706771 -0.477941 -0.521582
    outer loop
      vertex -1.92272 3.10506 1.21357
      vertex -1.92272 3.1465 1.1756
      vertex -1.905 3.13397 1.16307
    endloop
  endfacet
  facet normal -0.706771 -0.521582 -0.47794
    outer loop
      vertex -1.905 3.13397 1.16307
      vertex -1.92272 3.1465 1.1756
      vertex -1.905 3.1709 1.12277
    endloop
  endfacet
  facet normal -0.706769 -0.521584 -0.477941
    outer loop
      vertex -1.92272 3.1465 1.1756
      vertex -1.92272 3.18447 1.13416
      vertex -1.905 3.1709 1.12277
    endloop
  endfacet
  facet normal -0.706769 -0.561252 -0.430666
    outer loop
      vertex -1.905 3.1709 1.12277
      vertex -1.92272 3.18447 1.13416
      vertex -1.905 3.20417 1.07941
    endloop
  endfacet
  facet normal -0.706768 -0.561253 -0.430666
    outer loop
      vertex -1.92272 3.18447 1.13416
      vertex -1.92272 3.21869 1.08957
      vertex -1.905 3.20417 1.07941
    endloop
  endfacet
  facet normal -0.706768 -0.596654 -0.380109
    outer loop
      vertex -1.905 3.20417 1.07941
      vertex -1.92272 3.21869 1.08957
      vertex -1.905 3.23354 1.03331
    endloop
  endfacet
  facet normal -0.70677 -0.596652 -0.380109
    outer loop
      vertex -1.92272 3.21869 1.08957
      vertex -1.92272 3.24889 1.04217
      vertex -1.905 3.23354 1.03331
    endloop
  endfacet
  facet normal -0.70677 -0.62751 -0.326661
    outer loop
      vertex -1.905 3.23354 1.03331
      vertex -1.92272 3.24889 1.04217
      vertex -1.905 3.25878 0.984825
    endloop
  endfacet
  facet normal -0.706772 -0.627507 -0.326661
    outer loop
      vertex -1.92272 3.24889 1.04217
      vertex -1.92272 3.27484 0.992314
      vertex -1.905 3.25878 0.984825
    endloop
  endfacet
  facet normal -0.706773 -0.653589 -0.270729
    outer loop
      vertex -1.905 3.25878 0.984825
      vertex -1.92272 3.27484 0.992314
      vertex -1.905 3.2797 0.934326
    endloop
  endfacet
  facet normal -0.706768 -0.653594 -0.270728
    outer loop
      vertex -1.92272 3.27484 0.992314
      vertex -1.92272 3.29635 0.940387
      vertex -1.905 3.2797 0.934326
    endloop
  endfacet
  facet normal -0.706768 -0.674703 -0.212731
    outer loop
      vertex -1.905 3.2797 0.934326
      vertex -1.92272 3.29635 0.940387
      vertex -1.905 3.29613 0.882197
    endloop
  endfacet
  facet normal -0.70677 -0.674701 -0.212732
    outer loop
      vertex -1.92272 3.29635 0.940387
      vertex -1.92272 3.31325 0.886784
      vertex -1.905 3.29613 0.882197
    endloop
  endfacet
  facet normal -0.70677 -0.690675 -0.153118
    outer loop
      vertex -1.905 3.29613 0.882197
      vertex -1.92272 3.31325 0.886784
      vertex -1.905 3.30796 0.828834
    endloop
  endfacet
  facet normal -0.706771 -0.690673 -0.153118
    outer loop
      vertex -1.92272 3.31325 0.886784
      vertex -1.92272 3.32541 0.831911
      vertex -1.905 3.30796 0.828834
    endloop
  endfacet
  facet normal -0.706772 -0.701389 -0.0923425
    outer loop
      vertex -1.905 3.30796 0.828834
      vertex -1.92272 3.32541 0.831911
      vertex -1.905 3.3151 0.774642
    endloop
  endfacet
  facet normal -0.706766 -0.701395 -0.0923399
    outer loop
      vertex -1.92272 3.32541 0.831911
      vertex -1.92272 3.33275 0.776187
      vertex -1.905 3.3151 0.774642
    endloop
  endfacet
  facet normal -0.706766 -0.706774 -0.0308583
    outer loop
      vertex -1.905 3.3151 0.774642
      vertex -1.92272 3.33275 0.776187
      vertex -1.905 3.31748 0.720035
    endloop
  endfacet
  facet normal -0.706767 -0.706773 -0.0308587
    outer loop
      vertex -1.92272 3.33275 0.776187
      vertex -1.92272 3.3352 0.720035
      vertex -1.905 3.31748 0.720035
    endloop
  endfacet
  facet normal -0.706767 -0.706773 0.0308583
    outer loop
      vertex -1.905 3.31748 0.720035
      vertex -1.92272 3.3352 0.720035
      vertex -1.905 3.3151 0.665428
    endloop
  endfacet
  facet normal -0.706766 -0.706774 0.0308588
    outer loop
      vertex -1.92272 3.3352 0.720035
      vertex -1.92272 3.33275 0.663884
      vertex -1.905 3.3151 0.665428
    endloop
  endfacet
  facet normal -0.706766 -0.701394 0.0923432
    outer loop
      vertex -1.905 3.3151 0.665428
      vertex -1.92272 3.33275 0.663884
      vertex -1.905 3.30796 0.611237
    endloop
  endfacet
  facet normal -0.706772 -0.70139 0.0923392
    outer loop
      vertex -1.92272 3.33275 0.663884
      vertex -1.92272 3.32541 0.60816
      vertex -1.905 3.30796 0.611237
    endloop
  endfacet
  facet normal -0.706772 -0.690673 0.153117
    outer loop
      vertex -1.905 3.30796 0.611237
      vertex -1.92272 3.32541 0.60816
      vertex -1.905 3.29613 0.557873
    endloop
  endfacet
  facet normal -0.70677 -0.690674 0.153119
    outer loop
      vertex -1.92272 3.32541 0.60816
      vertex -1.92272 3.31325 0.553287
      vertex -1.905 3.29613 0.557873
    endloop
  endfacet
  facet normal -0.70677 -0.674702 0.212731
    outer loop
      vertex -1.905 3.29613 0.557873
      vertex -1.92272 3.31325 0.553287
      vertex -1.905 3.2797 0.505744
    endloop
  endfacet
  facet normal -0.706768 -0.674703 0.212732
    outer loop
      vertex -1.92272 3.31325 0.553287
      vertex -1.92272 3.29635 0.499683
      vertex -1.905 3.2797 0.505744
    endloop
  endfacet
  facet normal -0.706768 -0.653593 0.27073
    outer loop
      vertex -1.905 3.2797 0.505744
      vertex -1.92272 3.29635 0.499683
      vertex -1.905 3.25878 0.455246
    endloop
  endfacet
  facet normal -0.706773 -0.65359 0.270726
    outer loop
      vertex -1.92272 3.29635 0.499683
      vertex -1.92272 3.27484 0.447757
      vertex -1.905 3.25878 0.455246
    endloop
  endfacet
  facet normal -0.706772 -0.627508 0.32666
    outer loop
      vertex -1.905 3.25878 0.455246
      vertex -1.92272 3.27484 0.447757
      vertex -1.905 3.23354 0.406763
    endloop
  endfacet
  facet normal -0.70677 -0.627509 0.326662
    outer loop
      vertex -1.92272 3.27484 0.447757
      vertex -1.92272 3.24889 0.397902
      vertex -1.905 3.23354 0.406763
    endloop
  endfacet
  facet normal -0.70677 -0.596652 0.380108
    outer loop
      vertex -1.905 3.23354 0.406763
      vertex -1.92272 3.24889 0.397902
      vertex -1.905 3.20417 0.360664
    endloop
  endfacet
  facet normal -0.706768 -0.596653 0.38011
    outer loop
      vertex -1.92272 3.24889 0.397902
      vertex -1.92272 3.21869 0.3505
      vertex -1.905 3.20417 0.360664
    endloop
  endfacet
  facet normal -0.706768 -0.561253 0.430667
    outer loop
      vertex -1.905 3.20417 0.360664
      vertex -1.92272 3.21869 0.3505
      vertex -1.905 3.1709 0.3173
    endloop
  endfacet
  facet normal -0.706769 -0.561253 0.430665
    outer loop
      vertex -1.92272 3.21869 0.3505
      vertex -1.92272 3.18447 0.305909
      vertex -1.905 3.1709 0.3173
    endloop
  endfacet
  facet normal -0.70677 -0.521583 0.477941
    outer loop
      vertex -1.905 3.1709 0.3173
      vertex -1.92272 3.18447 0.305909
      vertex -1.905 3.13397 0.277001
    endloop
  endfacet
  facet normal -0.706771 -0.521583 0.477939
    outer loop
      vertex -1.92272 3.18447 0.305909
      vertex -1.92272 3.1465 0.264471
      vertex -1.905 3.13397 0.277001
    endloop
  endfacet
  facet normal -0.706771 -0.477941 0.521581
    outer loop
      vertex -1.905 3.13397 0.277001
      vertex -1.92272 3.1465 0.264471
      vertex -1.905 3.09367 0.240074
    endloop
  endfacet
  facet normal -0.706769 -0.477942 0.521583
    outer loop
      vertex -1.92272 3.1465 0.264471
      vertex -1.92272 3.10506 0.226499
      vertex -1.905 3.09367 0.240074
    endloop
  endfacet
  facet normal -0.706769 -0.430665 0.561253
    outer loop
      vertex -1.905 3.09367 0.240074
      vertex -1.92272 3.10506 0.226499
      vertex -1.905 3.05031 0.206799
    endloop
  endfacet
  facet normal -0.70677 -0.430665 0.561252
    outer loop
      vertex -1.92272 3.10506 0.226499
      vertex -1.92272 3.06047 0.192284
      vertex -1.905 3.05031 0.206799
    endloop
  endfacet
  facet normal -0.70677 -0.380108 0.596652
    outer loop
      vertex -1.905 3.05031 0.206799
      vertex -1.92272 3.06047 0.192284
      vertex -1.905 3.00421 0.177431
    endloop
  endfacet
  facet normal -0.706769 -0.380108 0.596654
    outer loop
      vertex -1.92272 3.06047 0.192284
      vertex -1.92272 3.01307 0.162085
      vertex -1.905 3.00421 0.177431
    endloop
  endfacet
  facet normal -0.706769 -0.326662 0.627511
    outer loop
      vertex -1.905 3.00421 0.177431
      vertex -1.92272 3.01307 0.162085
      vertex -1.905 2.95573 0.152192
    endloop
  endfacet
  facet normal -0.706768 -0.326662 0.627511
    outer loop
      vertex -1.92272 3.01307 0.162085
      vertex -1.92272 2.96321 0.136132
      vertex -1.905 2.95573 0.152192
    endloop
  endfacet
  facet normal -0.706769 -0.270727 0.653594
    outer loop
      vertex -1.905 2.95573 0.152192
      vertex -1.92272 2.96321 0.136132
      vertex -1.905 2.90523 0.131275
    endloop
  endfacet
  facet normal -0.706771 -0.270727 0.653592
    outer loop
      vertex -1.92272 2.96321 0.136132
      vertex -1.92272 2.91129 0.114624
      vertex -1.905 2.90523 0.131275
    endloop
  endfacet
  facet normal -0.70677 -0.212733 0.6747
    outer loop
      vertex -1.905 2.90523 0.131275
      vertex -1.92272 2.91129 0.114624
      vertex -1.905 2.8531 0.114839
    endloop
  endfacet
  facet normal -0.706769 -0.212732 0.674702
    outer loop
      vertex -1.92272 2.91129 0.114624
      vertex -1.92272 2.85768 0.0977224
      vertex -1.905 2.8531 0.114839
    endloop
  endfacet
  facet normal -0.706769 -0.153119 0.690675
    outer loop
      vertex -1.905 2.8531 0.114839
      vertex -1.92272 2.85768 0.0977224
      vertex -1.905 2.79973 0.103008
    endloop
  endfacet
  facet normal -0.70677 -0.153119 0.690675
    outer loop
      vertex -1.92272 2.85768 0.0977224
      vertex -1.92272 2.80281 0.0855575
      vertex -1.905 2.79973 0.103008
    endloop
  endfacet
  facet normal -0.70677 -0.0923399 0.701391
    outer loop
      vertex -1.905 2.79973 0.103008
      vertex -1.92272 2.80281 0.0855575
      vertex -1.905 2.74554 0.095874
    endloop
  endfacet
  facet normal -0.70677 -0.0923398 0.701392
    outer loop
      vertex -1.92272 2.80281 0.0855575
      vertex -1.92272 2.74709 0.0782212
      vertex -1.905 2.74554 0.095874
    endloop
  endfacet
  facet normal -0.70677 -0.0308583 0.70677
    outer loop
      vertex -1.905 2.74554 0.095874
      vertex -1.92272 2.74709 0.0782212
      vertex -1.905 2.69094 0.0934898
    endloop
  endfacet
  facet normal -0.70677 -0.0308583 0.70677
    outer loop
      vertex -1.92272 2.74709 0.0782212
      vertex -1.92272 2.69094 0.0757696
      vertex -1.905 2.69094 0.0934898
    endloop
  endfacet
  facet normal -0.70677 0.0308582 0.70677
    outer loop
      vertex -1.905 2.69094 0.0934898
      vertex -1.92272 2.69094 0.0757696
      vertex -1.905 2.63633 0.095874
    endloop
  endfacet
  facet normal -0.70677 0.0308581 0.70677
    outer loop
      vertex -1.92272 2.69094 0.0757696
      vertex -1.92272 2.63478 0.0782212
      vertex -1.905 2.63633 0.095874
    endloop
  endfacet
  facet normal -1 0 0
    outer loop
      vertex -2.05771 2.89224 1.27313
      vertex -2.05771 2.91027 1.32264
      vertex -2.05771 2.93968 1.25348
    endloop
  endfacet
  facet normal -1 0 0
    outer loop
      vertex -2.05771 2.91027 1.32264
      vertex -2.05771 2.96195 1.30123
      vertex -2.05771 2.93968 1.25348
    endloop
  endfacet
  facet normal -1 0 0
    outer loop
      vertex -2.05771 2.93968 1.25348
      vertex -2.05771 2.96195 1.30123
      vertex -2.05771 2.98523 1.22977
    endloop
  endfacet
  facet normal -1 0 0
    outer loop
      vertex -2.05771 2.96195 1.30123
      vertex -2.05771 3.01158 1.2754
      vertex -2.05771 2.98523 1.22977
    endloop
  endfacet
  facet normal -1 0 0
    outer loop
      vertex -2.05771 2.98523 1.22977
      vertex -2.05771 3.01158 1.2754
      vertex -2.05771 3.02854 1.20218
    endloop
  endfacet
  facet normal -1 0 0
    outer loop
      vertex -2.05771 3.01158 1.2754
      vertex -2.05771 3.05876 1.24534
      vertex -2.05771 3.02854 1.20218
    endloop
  endfacet
  facet normal -1 0 0
    outer loop
      vertex -2.05771 3.02854 1.20218
      vertex -2.05771 3.05876 1.24534
      vertex -2.05771 3.06927 1.17092
    endloop
  endfacet
  facet normal -1 0 0
    outer loop
      vertex -2.05771 3.05876 1.24534
      vertex -2.05771 3.10314 1.21128
      vertex -2.05771 3.06927 1.17092
    endloop
  endfacet
  facet normal -1 0 0
    outer loop
      vertex -2.05771 3.06927 1.17092
      vertex -2.05771 3.10314 1.21128
      vertex -2.05771 3.10713 1.13623
    endloop
  endfacet
  facet normal -1 0 0
    outer loop
      vertex -2.05771 3.10314 1.21128
      vertex -2.05771 3.14439 1.17349
      vertex -2.05771 3.10713 1.13623
    endloop
  endfacet
  facet normal -1 0 0
    outer loop
      vertex -2.05771 3.10713 1.13623
      vertex -2.05771 3.14439 1.17349
      vertex -2.05771 3.14182 1.09837
    endloop
  endfacet
  facet normal -1 0 0
    outer loop
      vertex -2.05771 3.14439 1.17349
      vertex -2.05771 3.18218 1.13224
      vertex -2.05771 3.14182 1.09837
    endloop
  endfacet
  facet normal -1 0 0
    outer loop
      vertex -2.05771 3.14182 1.09837
      vertex -2.05771 3.18218 1.13224
      vertex -2.05771 3.17308 1.05764
    endloop
  endfacet
  facet normal -1 0 0
    outer loop
      vertex -2.05771 3.18218 1.13224
      vertex -2.05771 3.21624 1.08786
      vertex -2.05771 3.17308 1.05764
    endloop
  endfacet
  facet normal -1 0 0
    outer loop
      vertex -2.05771 3.17308 1.05764
      vertex -2.05771 3.21624 1.08786
      vertex -2.05771 3.20067 1.01433
    endloop
  endfacet
  facet normal -1 0 0
    outer loop
      vertex -2.05771 3.21624 1.08786
      vertex -2.05771 3.2463 1.04067
      vertex -2.05771 3.20067 1.01433
    endloop
  endfacet
  facet normal -1 0 0
    outer loop
      vertex -2.05771 3.20067 1.01433
      vertex -2.05771 3.2463 1.04067
      vertex -2.05771 3.22438 0.968783
    endloop
  endfacet
  facet normal -1 0 0
    outer loop
      vertex -2.05771 3.2463 1.04067
      vertex -2.05771 3.27213 0.991051
      vertex -2.05771 3.22438 0.968783
    endloop
  endfacet
  facet normal -1 0 0
    outer loop
      vertex -2.05771 3.22438 0.968783
      vertex -2.05771 3.27213 0.991051
      vertex -2.05771 3.24403 0.921344
    endloop
  endfacet
  facet normal -1 0 0
    outer loop
      vertex -2.05771 3.27213 0.991051
      vertex -2.05771 3.29354 0.939365
      vertex -2.05771 3.24403 0.921344
    endloop
  endfacet
  facet normal -1 0 0
    outer loop
      vertex -2.05771 3.24403 0.921344
      vertex -2.05771 3.29354 0.939365
      vertex -2.05771 3.25947 0.872373
    endloop
  endfacet
  facet normal -1 0 0
    outer loop
      vertex -2.05771 3.29354 0.939365
      vertex -2.05771 3.31036 0.88601
      vertex -2.05771 3.25947 0.872373
    endloop
  endfacet
  facet normal -1 0 0
    outer loop
      vertex -2.05771 3.25947 0.872373
      vertex -2.05771 3.31036 0.88601
      vertex -2.05771 3.27058 0.822242
    endloop
  endfacet
  facet normal -1 0 0
    outer loop
      vertex -2.05771 3.31036 0.88601
      vertex -2.05771 3.32247 0.831392
      vertex -2.05771 3.27058 0.822242
    endloop
  endfacet
  facet normal -1 0 0
    outer loop
      vertex -2.05771 3.27058 0.822242
      vertex -2.05771 3.32247 0.831392
      vertex -2.05771 3.27728 0.771334
    endloop
  endfacet
  facet normal -1 0 0
    outer loop
      vertex -2.05771 3.32247 0.831392
      vertex -2.05771 3.32977 0.775926
      vertex -2.05771 3.27728 0.771334
    endloop
  endfacet
  facet normal -1 0 0
    outer loop
      vertex -2.05771 3.27728 0.771334
      vertex -2.05771 3.32977 0.775926
      vertex -2.05771 3.27952 0.720035
    endloop
  endfacet
  facet normal -1 0 0
    outer loop
      vertex -2.05771 3.32977 0.775926
      vertex -2.05771 3.33221 0.720035
      vertex -2.05771 3.27952 0.720035
    endloop
  endfacet
  facet normal -1 0 0
    outer loop
      vertex -2.05771 3.27952 0.720035
      vertex -2.05771 3.33221 0.720035
      vertex -2.05771 3.27728 0.668736
    endloop
  endfacet
  facet normal -1 0 0
    outer loop
      vertex -2.05771 3.33221 0.720035
      vertex -2.05771 3.32977 0.664144
      vertex -2.05771 3.27728 0.668736
    endloop
  endfacet
  facet normal -1 0 0
    outer loop
      vertex -2.05771 3.27728 0.668736
      vertex -2.05771 3.32977 0.664144
      vertex -2.05771 3.27058 0.617828
    endloop
  endfacet
  facet normal -1 0 0
    outer loop
      vertex -2.05771 3.32977 0.664144
      vertex -2.05771 3.32247 0.608678
      vertex -2.05771 3.27058 0.617828
    endloop
  endfacet
  facet normal -1 0 0
    outer loop
      vertex -2.05771 3.27058 0.617828
      vertex -2.05771 3.32247 0.608678
      vertex -2.05771 3.25947 0.567698
    endloop
  endfacet
  facet normal -1 0 0
    outer loop
      vertex -2.05771 3.32247 0.608678
      vertex -2.05771 3.31036 0.55406
      vertex -2.05771 3.25947 0.567698
    endloop
  endfacet
  facet normal -1 0 0
    outer loop
      vertex -2.05771 3.25947 0.567698
      vertex -2.05771 3.31036 0.55406
      vertex -2.05771 3.24403 0.518726
    endloop
  endfacet
  facet normal -1 0 0
    outer loop
      vertex -2.05771 3.31036 0.55406
      vertex -2.05771 3.29354 0.500705
      vertex -2.05771 3.24403 0.518726
    endloop
  endfacet
  facet normal -1 0 0
    outer loop
      vertex -2.05771 3.24403 0.518726
      vertex -2.05771 3.29354 0.500705
      vertex -2.05771 3.22438 0.471287
    endloop
  endfacet
  facet normal -1 0 0
    outer loop
      vertex -2.05771 3.29354 0.500705
      vertex -2.05771 3.27213 0.449019
      vertex -2.05771 3.22438 0.471287
    endloop
  endfacet
  facet normal -1 0 0
    outer loop
      vertex -2.05771 3.22438 0.471287
      vertex -2.05771 3.27213 0.449019
      vertex -2.05771 3.20067 0.425741
    endloop
  endfacet
  facet normal -1 0 0
    outer loop
      vertex -2.05771 3.27213 0.449019
      vertex -2.05771 3.2463 0.399396
      vertex -2.05771 3.20067 0.425741
    endloop
  endfacet
  facet normal -1 0 0
    outer loop
      vertex -2.05771 3.20067 0.425741
      vertex -2.05771 3.2463 0.399396
      vertex -2.05771 3.17308 0.382435
    endloop
  endfacet
  facet normal -1 0 0
    outer loop
      vertex -2.05771 3.2463 0.399396
      vertex -2.05771 3.21624 0.352213
      vertex -2.05771 3.17308 0.382435
    endloop
  endfacet
  facet normal -1 0 0
    outer loop
      vertex -2.05771 3.17308 0.382435
      vertex -2.05771 3.21624 0.352213
      vertex -2.05771 3.14182 0.341698
    endloop
  endfacet
  facet normal -1 0 0
    outer loop
      vertex -2.05771 3.21624 0.352213
      vertex -2.05771 3.18218 0.307829
      vertex -2.05771 3.14182 0.341698
    endloop
  endfacet
  facet normal -1 0 0
    outer loop
      vertex -2.05771 3.14182 0.341698
      vertex -2.05771 3.18218 0.307829
      vertex -2.05771 3.10713 0.303841
    endloop
  endfacet
  facet normal -1 0 0
    outer loop
      vertex -2.05771 3.18218 0.307829
      vertex -2.05771 3.14439 0.266583
      vertex -2.05771 3.10713 0.303841
    endloop
  endfacet
  facet normal -1 0 0
    outer loop
      vertex -2.05771 3.10713 0.303841
      vertex -2.05771 3.14439 0.266583
      vertex -2.05771 3.06927 0.269151
    endloop
  endfacet
  facet normal -1 0 0
    outer loop
      vertex -2.05771 3.14439 0.266583
      vertex -2.05771 3.10314 0.228787
      vertex -2.05771 3.06927 0.269151
    endloop
  endfacet
  facet normal -1 0 0
    outer loop
      vertex -2.05771 3.06927 0.269151
      vertex -2.05771 3.10314 0.228787
      vertex -2.05771 3.02854 0.237892
    endloop
  endfacet
  facet normal -1 0 0
    outer loop
      vertex -2.05771 3.10314 0.228787
      vertex -2.05771 3.05876 0.194731
      vertex -2.05771 3.02854 0.237892
    endloop
  endfacet
  facet normal -1 0 0
    outer loop
      vertex -2.05771 3.02854 0.237892
      vertex -2.05771 3.05876 0.194731
      vertex -2.05771 2.98523 0.210303
    endloop
  endfacet
  facet normal -1 0 0
    outer loop
      vertex -2.05771 3.05876 0.194731
      vertex -2.05771 3.01158 0.164672
      vertex -2.05771 2.98523 0.210303
    endloop
  endfacet
  facet normal -1 0 0
    outer loop
      vertex -2.05771 2.98523 0.210303
      vertex -2.05771 3.01158 0.164672
      vertex -2.05771 2.93968 0.186593
    endloop
  endfacet
  facet normal -1 0 0
    outer loop
      vertex -2.05771 3.01158 0.164672
      vertex -2.05771 2.96195 0.138839
      vertex -2.05771 2.93968 0.186593
    endloop
  endfacet
  facet normal -1 0 0
    outer loop
      vertex -2.05771 2.93968 0.186593
      vertex -2.05771 2.96195 0.138839
      vertex -2.05771 2.89224 0.166944
    endloop
  endfacet
  facet normal -1 0 0
    outer loop
      vertex -2.05771 2.96195 0.138839
      vertex -2.05771 2.91027 0.117431
      vertex -2.05771 2.89224 0.166944
    endloop
  endfacet
  facet normal -1 0 0
    outer loop
      vertex -2.05771 2.89224 0.166944
      vertex -2.05771 2.91027 0.117431
      vertex -2.05771 2.84327 0.151503
    endloop
  endfacet
  facet normal -1 0 0
    outer loop
      vertex -2.05771 2.91027 0.117431
      vertex -2.05771 2.85691 0.100608
      vertex -2.05771 2.84327 0.151503
    endloop
  endfacet
  facet normal -1 0 0
    outer loop
      vertex -2.05771 2.84327 0.151503
      vertex -2.05771 2.85691 0.100608
      vertex -2.05771 2.79314 0.140389
    endloop
  endfacet
  facet normal -1 0 0
    outer loop
      vertex -2.05771 2.85691 0.100608
      vertex -2.05771 2.80229 0.0884991
      vertex -2.05771 2.79314 0.140389
    endloop
  endfacet
  facet normal -1 0 0
    outer loop
      vertex -2.05771 2.79314 0.140389
      vertex -2.05771 2.80229 0.0884991
      vertex -2.05771 2.74223 0.133687
    endloop
  endfacet
  facet normal -1 0 0
    outer loop
      vertex -2.05771 2.80229 0.0884991
      vertex -2.05771 2.74683 0.0811969
      vertex -2.05771 2.74223 0.133687
    endloop
  endfacet
  facet normal -1 0 0
    outer loop
      vertex -2.05771 2.74223 0.133687
      vertex -2.05771 2.74683 0.0811969
      vertex -2.05771 2.69094 0.131447
    endloop
  endfacet
  facet normal -1 0 0
    outer loop
      vertex -2.05771 2.74683 0.0811969
      vertex -2.05771 2.69094 0.0787567
      vertex -2.05771 2.69094 0.131447
    endloop
  endfacet
  facet normal -1 0 0
    outer loop
      vertex -2.05771 2.69094 0.131447
      vertex -2.05771 2.69094 0.0787567
      vertex -2.05771 2.63964 0.133687
    endloop
  endfacet
  facet normal -1 0 0
    outer loop
      vertex -2.05771 2.69094 0.0787567
      vertex -2.05771 2.63504 0.0811969
      vertex -2.05771 2.63964 0.133687
    endloop
  endfacet
  facet normal -1 0 0
    outer loop
      vertex -2.05771 2.63964 0.133687
      vertex -2.05771 2.63504 0.0811969
      vertex -2.05771 2.58873 0.140389
    endloop
  endfacet
  facet normal -1 0 0
    outer loop
      vertex -2.05771 2.63504 0.0811969
      vertex -2.05771 2.57958 0.0884991
      vertex -2.05771 2.58873 0.140389
    endloop
  endfacet
  facet normal -1 0 0
    outer loop
      vertex -2.05771 2.58873 0.140389
      vertex -2.05771 2.57958 0.0884991
      vertex -2.05771 2.5386 0.151503
    endloop
  endfacet
  facet normal -1 0 0
    outer loop
      vertex -2.05771 2.57958 0.0884991
      vertex -2.05771 2.52496 0.100608
      vertex -2.05771 2.5386 0.151503
    endloop
  endfacet
  facet normal -1 0 0
    outer loop
      vertex -2.05771 2.5386 0.151503
      vertex -2.05771 2.52496 0.100608
      vertex -2.05771 2.48963 0.166944
    endloop
  endfacet
  facet normal -1 0 0
    outer loop
      vertex -2.05771 2.52496 0.100608
      vertex -2.05771 2.47161 0.117431
      vertex -2.05771 2.48963 0.166944
    endloop
  endfacet
  facet normal -1 0 0
    outer loop
      vertex -2.05771 2.48963 0.166944
      vertex -2.05771 2.47161 0.117431
      vertex -2.05771 2.44219 0.186593
    endloop
  endfacet
  facet normal -1 0 0
    outer loop
      vertex -2.05771 2.47161 0.117431
      vertex -2.05771 2.41992 0.138839
      vertex -2.05771 2.44219 0.186593
    endloop
  endfacet
  facet normal -1 0 0
    outer loop
      vertex -2.05771 2.44219 0.186593
      vertex -2.05771 2.41992 0.138839
      vertex -2.05771 2.39664 0.210303
    endloop
  endfacet
  facet normal -1 0 0
    outer loop
      vertex -2.05771 2.41992 0.138839
      vertex -2.05771 2.3703 0.164672
      vertex -2.05771 2.39664 0.210303
    endloop
  endfacet
  facet normal -1 0 0
    outer loop
      vertex -2.05771 2.39664 0.210303
      vertex -2.05771 2.3703 0.164672
      vertex -2.05771 2.35334 0.237892
    endloop
  endfacet
  facet normal -1 0 0
    outer loop
      vertex -2.05771 2.3703 0.164672
      vertex -2.05771 2.32311 0.194731
      vertex -2.05771 2.35334 0.237892
    endloop
  endfacet
  facet normal -1 0 0
    outer loop
      vertex -2.05771 2.35334 0.237892
      vertex -2.05771 2.32311 0.194731
      vertex -2.05771 2.3126 0.269151
    endloop
  endfacet
  facet normal -1 0 0
    outer loop
      vertex -2.05771 2.32311 0.194731
      vertex -2.05771 2.27873 0.228787
      vertex -2.05771 2.3126 0.269151
    endloop
  endfacet
  facet normal -1 0 0
    outer loop
      vertex -2.05771 2.3126 0.269151
      vertex -2.05771 2.27873 0.228787
      vertex -2.05771 2.27474 0.303841
    endloop
  endfacet
  facet normal -1 0 0
    outer loop
      vertex -2.05771 2.27873 0.228787
      vertex -2.05771 2.23748 0.266583
      vertex -2.05771 2.27474 0.303841
    endloop
  endfacet
  facet normal -1 0 0
    outer loop
      vertex -2.05771 2.27474 0.303841
      vertex -2.05771 2.23748 0.266583
      vertex -2.05771 2.24005 0.341698
    endloop
  endfacet
  facet normal -1 0 0
    outer loop
      vertex -2.05771 2.23748 0.266583
      vertex -2.05771 2.19969 0.307829
      vertex -2.05771 2.24005 0.341698
    endloop
  endfacet
  facet normal -1 0 0
    outer loop
      vertex -2.05771 2.24005 0.341698
      vertex -2.05771 2.19969 0.307829
      vertex -2.05771 2.20879 0.382435
    endloop
  endfacet
  facet normal -1 0 0
    outer loop
      vertex -2.05771 2.19969 0.307829
      vertex -2.05771 2.16563 0.352213
      vertex -2.05771 2.20879 0.382435
    endloop
  endfacet
  facet normal -1 0 0
    outer loop
      vertex -2.05771 2.20879 0.382435
      vertex -2.05771 2.16563 0.352213
      vertex -2.05771 2.1812 0.425741
    endloop
  endfacet
  facet normal -1 0 0
    outer loop
      vertex -2.05771 2.16563 0.352213
      vertex -2.05771 2.13557 0.399396
      vertex -2.05771 2.1812 0.425741
    endloop
  endfacet
  facet normal -1 0 0
    outer loop
      vertex -2.05771 2.1812 0.425741
      vertex -2.05771 2.13557 0.399396
      vertex -2.05771 2.15749 0.471287
    endloop
  endfacet
  facet normal -1 0 0
    outer loop
      vertex -2.05771 2.13557 0.399396
      vertex -2.05771 2.10974 0.449019
      vertex -2.05771 2.15749 0.471287
    endloop
  endfacet
  facet normal -1 0 0
    outer loop
      vertex -2.05771 2.15749 0.471287
      vertex -2.05771 2.10974 0.449019
      vertex -2.05771 2.13784 0.518726
    endloop
  endfacet
  facet normal -1 0 0
    outer loop
      vertex -2.05771 2.10974 0.449019
      vertex -2.05771 2.08833 0.500705
      vertex -2.05771 2.13784 0.518726
    endloop
  endfacet
  facet normal -1 0 0
    outer loop
      vertex -2.05771 2.13784 0.518726
      vertex -2.05771 2.08833 0.500705
      vertex -2.05771 2.1224 0.567698
    endloop
  endfacet
  facet normal -1 0 0
    outer loop
      vertex -2.05771 2.08833 0.500705
      vertex -2.05771 2.07151 0.55406
      vertex -2.05771 2.1224 0.567698
    endloop
  endfacet
  facet normal -1 0 0
    outer loop
      vertex -2.05771 2.1224 0.567698
      vertex -2.05771 2.07151 0.55406
      vertex -2.05771 2.11129 0.617828
    endloop
  endfacet
  facet normal -1 0 0
    outer loop
      vertex -2.05771 2.07151 0.55406
      vertex -2.05771 2.0594 0.608678
      vertex -2.05771 2.11129 0.617828
    endloop
  endfacet
  facet normal -1 0 0
    outer loop
      vertex -2.05771 2.11129 0.617828
      vertex -2.05771 2.0594 0.608678
      vertex -2.05771 2.10459 0.668736
    endloop
  endfacet
  facet normal -1 0 0
    outer loop
      vertex -2.05771 2.0594 0.608678
      vertex -2.05771 2.0521 0.664144
      vertex -2.05771 2.10459 0.668736
    endloop
  endfacet
  facet normal -1 0 0
    outer loop
      vertex -2.05771 2.10459 0.668736
      vertex -2.05771 2.0521 0.664144
      vertex -2.05771 2.10235 0.720035
    endloop
  endfacet
  facet normal -1 0 0
    outer loop
      vertex -2.05771 2.0521 0.664144
      vertex -2.05771 2.04966 0.720035
      vertex -2.05771 2.10235 0.720035
    endloop
  endfacet
  facet normal -1 0 0
    outer loop
      vertex -2.05771 2.10235 0.720035
      vertex -2.05771 2.04966 0.720035
      vertex -2.05771 2.10459 0.771334
    endloop
  endfacet
  facet normal -1 0 0
    outer loop
      vertex -2.05771 2.04966 0.720035
      vertex -2.05771 2.0521 0.775926
      vertex -2.05771 2.10459 0.771334
    endloop
  endfacet
  facet normal -1 0 0
    outer loop
      vertex -2.05771 2.10459 0.771334
      vertex -2.05771 2.0521 0.775926
      vertex -2.05771 2.11129 0.822242
    endloop
  endfacet
  facet normal -1 0 0
    outer loop
      vertex -2.05771 2.0521 0.775926
      vertex -2.05771 2.0594 0.831392
      vertex -2.05771 2.11129 0.822242
    endloop
  endfacet
  facet normal -1 0 0
    outer loop
      vertex -2.05771 2.11129 0.822242
      vertex -2.05771 2.0594 0.831392
      vertex -2.05771 2.1224 0.872373
    endloop
  endfacet
  facet normal -1 0 0
    outer loop
      vertex -2.05771 2.0594 0.831392
      vertex -2.05771 2.07151 0.88601
      vertex -2.05771 2.1224 0.872373
    endloop
  endfacet
  facet normal -1 0 0
    outer loop
      vertex -2.05771 2.1224 0.872373
      vertex -2.05771 2.07151 0.88601
      vertex -2.05771 2.13784 0.921344
    endloop
  endfacet
  facet normal -1 0 0
    outer loop
      vertex -2.05771 2.07151 0.88601
      vertex -2.05771 2.08833 0.939365
      vertex -2.05771 2.13784 0.921344
    endloop
  endfacet
  facet normal -1 0 0
    outer loop
      vertex -2.05771 2.13784 0.921344
      vertex -2.05771 2.08833 0.939365
      vertex -2.05771 2.15749 0.968783
    endloop
  endfacet
  facet normal -1 0 0
    outer loop
      vertex -2.05771 2.08833 0.939365
      vertex -2.05771 2.10974 0.991051
      vertex -2.05771 2.15749 0.968783
    endloop
  endfacet
  facet normal -1 0 0
    outer loop
      vertex -2.05771 2.15749 0.968783
      vertex -2.05771 2.10974 0.991051
      vertex -2.05771 2.1812 1.01433
    endloop
  endfacet
  facet normal -1 0 0
    outer loop
      vertex -2.05771 2.10974 0.991051
      vertex -2.05771 2.13557 1.04067
      vertex -2.05771 2.1812 1.01433
    endloop
  endfacet
  facet normal -1 0 0
    outer loop
      vertex -2.05771 2.1812 1.01433
      vertex -2.05771 2.13557 1.04067
      vertex -2.05771 2.20879 1.05764
    endloop
  endfacet
  facet normal -1 0 0
    outer loop
      vertex -2.05771 2.13557 1.04067
      vertex -2.05771 2.16563 1.08786
      vertex -2.05771 2.20879 1.05764
    endloop
  endfacet
  facet normal -1 0 0
    outer loop
      vertex -2.05771 2.20879 1.05764
      vertex -2.05771 2.16563 1.08786
      vertex -2.05771 2.24005 1.09837
    endloop
  endfacet
  facet normal -1 0 0
    outer loop
      vertex -2.05771 2.16563 1.08786
      vertex -2.05771 2.19969 1.13224
      vertex -2.05771 2.24005 1.09837
    endloop
  endfacet
  facet normal -1 0 0
    outer loop
      vertex -2.05771 2.24005 1.09837
      vertex -2.05771 2.19969 1.13224
      vertex -2.05771 2.27474 1.13623
    endloop
  endfacet
  facet normal -1 0 0
    outer loop
      vertex -2.05771 2.19969 1.13224
      vertex -2.05771 2.23748 1.17349
      vertex -2.05771 2.27474 1.13623
    endloop
  endfacet
  facet normal -1 0 0
    outer loop
      vertex -2.05771 2.27474 1.13623
      vertex -2.05771 2.23748 1.17349
      vertex -2.05771 2.3126 1.17092
    endloop
  endfacet
  facet normal -1 0 0
    outer loop
      vertex -2.05771 2.23748 1.17349
      vertex -2.05771 2.27873 1.21128
      vertex -2.05771 2.3126 1.17092
    endloop
  endfacet
  facet normal -1 0 0
    outer loop
      vertex -2.05771 2.3126 1.17092
      vertex -2.05771 2.27873 1.21128
      vertex -2.05771 2.35334 1.20218
    endloop
  endfacet
  facet normal -1 0 0
    outer loop
      vertex -2.05771 2.27873 1.21128
      vertex -2.05771 2.32311 1.24534
      vertex -2.05771 2.35334 1.20218
    endloop
  endfacet
  facet normal -1 0 0
    outer loop
      vertex -2.05771 2.35334 1.20218
      vertex -2.05771 2.32311 1.24534
      vertex -2.05771 2.39664 1.22977
    endloop
  endfacet
  facet normal -1 0 0
    outer loop
      vertex -2.05771 2.32311 1.24534
      vertex -2.05771 2.3703 1.2754
      vertex -2.05771 2.39664 1.22977
    endloop
  endfacet
  facet normal -1 0 0
    outer loop
      vertex -2.05771 2.39664 1.22977
      vertex -2.05771 2.3703 1.2754
      vertex -2.05771 2.44219 1.25348
    endloop
  endfacet
  facet normal -1 0 0
    outer loop
      vertex -2.05771 2.3703 1.2754
      vertex -2.05771 2.41992 1.30123
      vertex -2.05771 2.44219 1.25348
    endloop
  endfacet
  facet normal -1 0 0
    outer loop
      vertex -2.05771 2.44219 1.25348
      vertex -2.05771 2.41992 1.30123
      vertex -2.05771 2.48963 1.27313
    endloop
  endfacet
  facet normal -1 0 0
    outer loop
      vertex -2.05771 2.41992 1.30123
      vertex -2.05771 2.47161 1.32264
      vertex -2.05771 2.48963 1.27313
    endloop
  endfacet
  facet normal -1 0 0
    outer loop
      vertex -2.05771 2.48963 1.27313
      vertex -2.05771 2.47161 1.32264
      vertex -2.05771 2.5386 1.28857
    endloop
  endfacet
  facet normal -1 0 0
    outer loop
      vertex -2.05771 2.47161 1.32264
      vertex -2.05771 2.52496 1.33946
      vertex -2.05771 2.5386 1.28857
    endloop
  endfacet
  facet normal -1 0 0
    outer loop
      vertex -2.05771 2.5386 1.28857
      vertex -2.05771 2.52496 1.33946
      vertex -2.05771 2.58873 1.29968
    endloop
  endfacet
  facet normal -1 0 0
    outer loop
      vertex -2.05771 2.52496 1.33946
      vertex -2.05771 2.57958 1.35157
      vertex -2.05771 2.58873 1.29968
    endloop
  endfacet
  facet normal -1 0 0
    outer loop
      vertex -2.05771 2.58873 1.29968
      vertex -2.05771 2.57958 1.35157
      vertex -2.05771 2.63964 1.30638
    endloop
  endfacet
  facet normal -1 0 0
    outer loop
      vertex -2.05771 2.57958 1.35157
      vertex -2.05771 2.63504 1.35887
      vertex -2.05771 2.63964 1.30638
    endloop
  endfacet
  facet normal -1 0 0
    outer loop
      vertex -2.05771 2.63964 1.30638
      vertex -2.05771 2.63504 1.35887
      vertex -2.05771 2.69094 1.30862
    endloop
  endfacet
  facet normal -1 0 0
    outer loop
      vertex -2.05771 2.63504 1.35887
      vertex -2.05771 2.69094 1.36131
      vertex -2.05771 2.69094 1.30862
    endloop
  endfacet
  facet normal -1 0 0
    outer loop
      vertex -2.05771 2.69094 1.30862
      vertex -2.05771 2.69094 1.36131
      vertex -2.05771 2.74223 1.30638
    endloop
  endfacet
  facet normal -1 0 0
    outer loop
      vertex -2.05771 2.69094 1.36131
      vertex -2.05771 2.74683 1.35887
      vertex -2.05771 2.74223 1.30638
    endloop
  endfacet
  facet normal -1 0 0
    outer loop
      vertex -2.05771 2.74223 1.30638
      vertex -2.05771 2.74683 1.35887
      vertex -2.05771 2.79314 1.29968
    endloop
  endfacet
  facet normal -1 0 0
    outer loop
      vertex -2.05771 2.74683 1.35887
      vertex -2.05771 2.80229 1.35157
      vertex -2.05771 2.79314 1.29968
    endloop
  endfacet
  facet normal -1 0 0
    outer loop
      vertex -2.05771 2.79314 1.29968
      vertex -2.05771 2.80229 1.35157
      vertex -2.05771 2.84327 1.28857
    endloop
  endfacet
  facet normal -1 0 0
    outer loop
      vertex -2.05771 2.80229 1.35157
      vertex -2.05771 2.85691 1.33946
      vertex -2.05771 2.84327 1.28857
    endloop
  endfacet
  facet normal -1 0 0
    outer loop
      vertex -2.05771 2.84327 1.28857
      vertex -2.05771 2.85691 1.33946
      vertex -2.05771 2.89224 1.27313
    endloop
  endfacet
  facet normal -1 0 0
    outer loop
      vertex -2.05771 2.85691 1.33946
      vertex -2.05771 2.91027 1.32264
      vertex -2.05771 2.89224 1.27313
    endloop
  endfacet
  facet normal 1 0 0
    outer loop
      vertex -1.55243 2.57958 0.0884991
      vertex -1.55243 2.63504 0.0811969
      vertex -1.55243 2.69094 0.720035
    endloop
  endfacet
  facet normal 1 0 0
    outer loop
      vertex -1.55243 2.63504 0.0811969
      vertex -1.55243 2.69094 0.0787567
      vertex -1.55243 2.69094 0.720035
    endloop
  endfacet
  facet normal 1 0 0
    outer loop
      vertex -1.55243 2.69094 0.720035
      vertex -1.55243 2.69094 0.0787567
      vertex -1.55243 2.74683 0.0811969
    endloop
  endfacet
  facet normal 1 0 0
    outer loop
      vertex -1.55243 2.41992 0.138839
      vertex -1.55243 2.47161 0.117431
      vertex -1.55243 2.69094 0.720035
    endloop
  endfacet
  facet normal 1 0 0
    outer loop
      vertex -1.55243 2.47161 0.117431
      vertex -1.55243 2.52496 0.100608
      vertex -1.55243 2.69094 0.720035
    endloop
  endfacet
  facet normal 1 0 0
    outer loop
      vertex -1.55243 2.69094 0.720035
      vertex -1.55243 2.52496 0.100608
      vertex -1.55243 2.57958 0.0884991
    endloop
  endfacet
  facet normal 1 0 0
    outer loop
      vertex -1.55243 2.27873 0.228787
      vertex -1.55243 2.32311 0.194731
      vertex -1.55243 2.69094 0.720035
    endloop
  endfacet
  facet normal 1 0 0
    outer loop
      vertex -1.55243 2.32311 0.194731
      vertex -1.55243 2.3703 0.164672
      vertex -1.55243 2.69094 0.720035
    endloop
  endfacet
  facet normal 1 0 0
    outer loop
      vertex -1.55243 2.69094 0.720035
      vertex -1.55243 2.3703 0.164672
      vertex -1.55243 2.41992 0.138839
    endloop
  endfacet
  facet normal 1 0 0
    outer loop
      vertex -1.55243 2.16563 0.352213
      vertex -1.55243 2.19969 0.307829
      vertex -1.55243 2.69094 0.720035
    endloop
  endfacet
  facet normal 1 0 0
    outer loop
      vertex -1.55243 2.19969 0.307829
      vertex -1.55243 2.23748 0.266583
      vertex -1.55243 2.69094 0.720035
    endloop
  endfacet
  facet normal 1 0 0
    outer loop
      vertex -1.55243 2.69094 0.720035
      vertex -1.55243 2.23748 0.266583
      vertex -1.55243 2.27873 0.228787
    endloop
  endfacet
  facet normal 1 0 0
    outer loop
      vertex -1.55243 2.08833 0.500705
      vertex -1.55243 2.10974 0.449019
      vertex -1.55243 2.69094 0.720035
    endloop
  endfacet
  facet normal 1 0 0
    outer loop
      vertex -1.55243 2.10974 0.449019
      vertex -1.55243 2.13557 0.399396
      vertex -1.55243 2.69094 0.720035
    endloop
  endfacet
  facet normal 1 0 0
    outer loop
      vertex -1.55243 2.69094 0.720035
      vertex -1.55243 2.13557 0.399396
      vertex -1.55243 2.16563 0.352213
    endloop
  endfacet
  facet normal 1 0 0
    outer loop
      vertex -1.55243 2.0521 0.664144
      vertex -1.55243 2.0594 0.608678
      vertex -1.55243 2.69094 0.720035
    endloop
  endfacet
  facet normal 1 0 0
    outer loop
      vertex -1.55243 2.0594 0.608678
      vertex -1.55243 2.07151 0.55406
      vertex -1.55243 2.69094 0.720035
    endloop
  endfacet
  facet normal 1 0 0
    outer loop
      vertex -1.55243 2.69094 0.720035
      vertex -1.55243 2.07151 0.55406
      vertex -1.55243 2.08833 0.500705
    endloop
  endfacet
  facet normal 1 0 0
    outer loop
      vertex -1.55243 2.0594 0.831392
      vertex -1.55243 2.0521 0.775926
      vertex -1.55243 2.69094 0.720035
    endloop
  endfacet
  facet normal 1 0 0
    outer loop
      vertex -1.55243 2.0521 0.775926
      vertex -1.55243 2.04966 0.720035
      vertex -1.55243 2.69094 0.720035
    endloop
  endfacet
  facet normal 1 0 0
    outer loop
      vertex -1.55243 2.69094 0.720035
      vertex -1.55243 2.04966 0.720035
      vertex -1.55243 2.0521 0.664144
    endloop
  endfacet
  facet normal 1 0 0
    outer loop
      vertex -1.55243 2.10974 0.991051
      vertex -1.55243 2.08833 0.939365
      vertex -1.55243 2.69094 0.720035
    endloop
  endfacet
  facet normal 1 0 0
    outer loop
      vertex -1.55243 2.08833 0.939365
      vertex -1.55243 2.07151 0.88601
      vertex -1.55243 2.69094 0.720035
    endloop
  endfacet
  facet normal 1 0 0
    outer loop
      vertex -1.55243 2.69094 0.720035
      vertex -1.55243 2.07151 0.88601
      vertex -1.55243 2.0594 0.831392
    endloop
  endfacet
  facet normal 1 0 0
    outer loop
      vertex -1.55243 2.19969 1.13224
      vertex -1.55243 2.16563 1.08786
      vertex -1.55243 2.69094 0.720035
    endloop
  endfacet
  facet normal 1 0 0
    outer loop
      vertex -1.55243 2.16563 1.08786
      vertex -1.55243 2.13557 1.04067
      vertex -1.55243 2.69094 0.720035
    endloop
  endfacet
  facet normal 1 0 0
    outer loop
      vertex -1.55243 2.69094 0.720035
      vertex -1.55243 2.13557 1.04067
      vertex -1.55243 2.10974 0.991051
    endloop
  endfacet
  facet normal 1 0 0
    outer loop
      vertex -1.55243 2.32311 1.24534
      vertex -1.55243 2.27873 1.21128
      vertex -1.55243 2.69094 0.720035
    endloop
  endfacet
  facet normal 1 0 0
    outer loop
      vertex -1.55243 2.27873 1.21128
      vertex -1.55243 2.23748 1.17349
      vertex -1.55243 2.69094 0.720035
    endloop
  endfacet
  facet normal 1 0 0
    outer loop
      vertex -1.55243 2.69094 0.720035
      vertex -1.55243 2.23748 1.17349
      vertex -1.55243 2.19969 1.13224
    endloop
  endfacet
  facet normal 1 0 0
    outer loop
      vertex -1.55243 2.47161 1.32264
      vertex -1.55243 2.41992 1.30123
      vertex -1.55243 2.69094 0.720035
    endloop
  endfacet
  facet normal 1 0 0
    outer loop
      vertex -1.55243 2.41992 1.30123
      vertex -1.55243 2.3703 1.2754
      vertex -1.55243 2.69094 0.720035
    endloop
  endfacet
  facet normal 1 0 0
    outer loop
      vertex -1.55243 2.69094 0.720035
      vertex -1.55243 2.3703 1.2754
      vertex -1.55243 2.32311 1.24534
    endloop
  endfacet
  facet normal 1 0 0
    outer loop
      vertex -1.55243 2.63504 1.35887
      vertex -1.55243 2.57958 1.35157
      vertex -1.55243 2.69094 0.720035
    endloop
  endfacet
  facet normal 1 0 0
    outer loop
      vertex -1.55243 2.57958 1.35157
      vertex -1.55243 2.52496 1.33946
      vertex -1.55243 2.69094 0.720035
    endloop
  endfacet
  facet normal 1 0 0
    outer loop
      vertex -1.55243 2.69094 0.720035
      vertex -1.55243 2.52496 1.33946
      vertex -1.55243 2.47161 1.32264
    endloop
  endfacet
  facet normal 1 0 0
    outer loop
      vertex -1.55243 2.80229 1.35157
      vertex -1.55243 2.74683 1.35887
      vertex -1.55243 2.69094 0.720035
    endloop
  endfacet
  facet normal 1 0 0
    outer loop
      vertex -1.55243 2.74683 1.35887
      vertex -1.55243 2.69094 1.36131
      vertex -1.55243 2.69094 0.720035
    endloop
  endfacet
  facet normal 1 0 0
    outer loop
      vertex -1.55243 2.69094 0.720035
      vertex -1.55243 2.69094 1.36131
      vertex -1.55243 2.63504 1.35887
    endloop
  endfacet
  facet normal 1 0 0
    outer loop
      vertex -1.55243 2.96195 1.30123
      vertex -1.55243 2.91027 1.32264
      vertex -1.55243 2.69094 0.720035
    endloop
  endfacet
  facet normal 1 0 0
    outer loop
      vertex -1.55243 2.91027 1.32264
      vertex -1.55243 2.85691 1.33946
      vertex -1.55243 2.69094 0.720035
    endloop
  endfacet
  facet normal 1 0 0
    outer loop
      vertex -1.55243 2.69094 0.720035
      vertex -1.55243 2.85691 1.33946
      vertex -1.55243 2.80229 1.35157
    endloop
  endfacet
  facet normal 1 0 0
    outer loop
      vertex -1.55243 3.10314 1.21128
      vertex -1.55243 3.05876 1.24534
      vertex -1.55243 2.69094 0.720035
    endloop
  endfacet
  facet normal 1 0 0
    outer loop
      vertex -1.55243 3.05876 1.24534
      vertex -1.55243 3.01158 1.2754
      vertex -1.55243 2.69094 0.720035
    endloop
  endfacet
  facet normal 1 0 0
    outer loop
      vertex -1.55243 2.69094 0.720035
      vertex -1.55243 3.01158 1.2754
      vertex -1.55243 2.96195 1.30123
    endloop
  endfacet
  facet normal 1 0 0
    outer loop
      vertex -1.55243 3.21624 1.08786
      vertex -1.55243 3.18218 1.13224
      vertex -1.55243 2.69094 0.720035
    endloop
  endfacet
  facet normal 1 0 0
    outer loop
      vertex -1.55243 3.18218 1.13224
      vertex -1.55243 3.14439 1.17349
      vertex -1.55243 2.69094 0.720035
    endloop
  endfacet
  facet normal 1 0 0
    outer loop
      vertex -1.55243 2.69094 0.720035
      vertex -1.55243 3.14439 1.17349
      vertex -1.55243 3.10314 1.21128
    endloop
  endfacet
  facet normal 1 0 0
    outer loop
      vertex -1.55243 3.29354 0.939365
      vertex -1.55243 3.27213 0.991051
      vertex -1.55243 2.69094 0.720035
    endloop
  endfacet
  facet normal 1 0 0
    outer loop
      vertex -1.55243 3.27213 0.991051
      vertex -1.55243 3.2463 1.04067
      vertex -1.55243 2.69094 0.720035
    endloop
  endfacet
  facet normal 1 0 0
    outer loop
      vertex -1.55243 2.69094 0.720035
      vertex -1.55243 3.2463 1.04067
      vertex -1.55243 3.21624 1.08786
    endloop
  endfacet
  facet normal 1 0 0
    outer loop
      vertex -1.55243 3.32977 0.775926
      vertex -1.55243 3.32247 0.831392
      vertex -1.55243 2.69094 0.720035
    endloop
  endfacet
  facet normal 1 0 0
    outer loop
      vertex -1.55243 3.32247 0.831392
      vertex -1.55243 3.31036 0.88601
      vertex -1.55243 2.69094 0.720035
    endloop
  endfacet
  facet normal 1 0 0
    outer loop
      vertex -1.55243 2.69094 0.720035
      vertex -1.55243 3.31036 0.88601
      vertex -1.55243 3.29354 0.939365
    endloop
  endfacet
  facet normal 1 0 0
    outer loop
      vertex -1.55243 3.32247 0.608678
      vertex -1.55243 3.32977 0.664144
      vertex -1.55243 2.69094 0.720035
    endloop
  endfacet
  facet normal 1 0 0
    outer loop
      vertex -1.55243 3.32977 0.664144
      vertex -1.55243 3.33221 0.720035
      vertex -1.55243 2.69094 0.720035
    endloop
  endfacet
  facet normal 1 0 0
    outer loop
      vertex -1.55243 2.69094 0.720035
      vertex -1.55243 3.33221 0.720035
      vertex -1.55243 3.32977 0.775926
    endloop
  endfacet
  facet normal 1 0 0
    outer loop
      vertex -1.55243 3.27213 0.449019
      vertex -1.55243 3.29354 0.500705
      vertex -1.55243 2.69094 0.720035
    endloop
  endfacet
  facet normal 1 0 0
    outer loop
      vertex -1.55243 3.29354 0.500705
      vertex -1.55243 3.31036 0.55406
      vertex -1.55243 2.69094 0.720035
    endloop
  endfacet
  facet normal 1 0 0
    outer loop
      vertex -1.55243 2.69094 0.720035
      vertex -1.55243 3.31036 0.55406
      vertex -1.55243 3.32247 0.608678
    endloop
  endfacet
  facet normal 1 0 0
    outer loop
      vertex -1.55243 3.18218 0.307829
      vertex -1.55243 3.21624 0.352213
      vertex -1.55243 2.69094 0.720035
    endloop
  endfacet
  facet normal 1 0 0
    outer loop
      vertex -1.55243 3.21624 0.352213
      vertex -1.55243 3.2463 0.399396
      vertex -1.55243 2.69094 0.720035
    endloop
  endfacet
  facet normal 1 0 0
    outer loop
      vertex -1.55243 2.69094 0.720035
      vertex -1.55243 3.2463 0.399396
      vertex -1.55243 3.27213 0.449019
    endloop
  endfacet
  facet normal 1 0 0
    outer loop
      vertex -1.55243 3.05876 0.194731
      vertex -1.55243 3.10314 0.228787
      vertex -1.55243 2.69094 0.720035
    endloop
  endfacet
  facet normal 1 0 0
    outer loop
      vertex -1.55243 3.10314 0.228787
      vertex -1.55243 3.14439 0.266583
      vertex -1.55243 2.69094 0.720035
    endloop
  endfacet
  facet normal 1 0 0
    outer loop
      vertex -1.55243 2.69094 0.720035
      vertex -1.55243 3.14439 0.266583
      vertex -1.55243 3.18218 0.307829
    endloop
  endfacet
  facet normal 1 0 0
    outer loop
      vertex -1.55243 2.91027 0.117431
      vertex -1.55243 2.96195 0.138839
      vertex -1.55243 2.69094 0.720035
    endloop
  endfacet
  facet normal 1 0 0
    outer loop
      vertex -1.55243 2.96195 0.138839
      vertex -1.55243 3.01158 0.164672
      vertex -1.55243 2.69094 0.720035
    endloop
  endfacet
  facet normal 1 0 0
    outer loop
      vertex -1.55243 2.69094 0.720035
      vertex -1.55243 3.01158 0.164672
      vertex -1.55243 3.05876 0.194731
    endloop
  endfacet
  facet normal 1 0 0
    outer loop
      vertex -1.55243 2.74683 0.0811969
      vertex -1.55243 2.80229 0.0884991
      vertex -1.55243 2.69094 0.720035
    endloop
  endfacet
  facet normal 1 0 0
    outer loop
      vertex -1.55243 2.80229 0.0884991
      vertex -1.55243 2.85691 0.100608
      vertex -1.55243 2.69094 0.720035
    endloop
  endfacet
  facet normal 1 0 0
    outer loop
      vertex -1.55243 2.69094 0.720035
      vertex -1.55243 2.85691 0.100608
      vertex -1.55243 2.91027 0.117431
    endloop
  endfacet
  facet normal -0.70677 0.0923406 0.701391
    outer loop
      vertex -1.82149 2.65331 0.290004
      vertex -1.96068 2.64118 0.15134
      vertex -1.82149 2.61598 0.29492
    endloop
  endfacet
  facet normal -0.70677 0.0923401 0.701391
    outer loop
      vertex -1.96068 2.64118 0.15134
      vertex -1.96068 2.59181 0.15784
      vertex -1.82149 2.61598 0.29492
    endloop
  endfacet
  facet normal -0.70677 0.153118 0.690674
    outer loop
      vertex -1.82149 2.61598 0.29492
      vertex -1.96068 2.59181 0.15784
      vertex -1.82149 2.57921 0.303071
    endloop
  endfacet
  facet normal -0.70677 0.153119 0.690674
    outer loop
      vertex -1.96068 2.59181 0.15784
      vertex -1.96068 2.54318 0.168619
      vertex -1.82149 2.57921 0.303071
    endloop
  endfacet
  facet normal -0.70677 0.212733 0.674701
    outer loop
      vertex -1.82149 2.57921 0.303071
      vertex -1.96068 2.54318 0.168619
      vertex -1.82149 2.54329 0.314395
    endloop
  endfacet
  facet normal -0.70677 0.212732 0.674701
    outer loop
      vertex -1.96068 2.54318 0.168619
      vertex -1.96068 2.49569 0.183595
      vertex -1.82149 2.54329 0.314395
    endloop
  endfacet
  facet normal -0.70677 0.270727 0.653593
    outer loop
      vertex -1.82149 2.54329 0.314395
      vertex -1.96068 2.49569 0.183595
      vertex -1.82149 2.5085 0.328806
    endloop
  endfacet
  facet normal -0.70677 0.270727 0.653593
    outer loop
      vertex -1.96068 2.49569 0.183595
      vertex -1.96068 2.44968 0.202653
      vertex -1.82149 2.5085 0.328806
    endloop
  endfacet
  facet normal -0.70677 0.326662 0.62751
    outer loop
      vertex -1.82149 2.5085 0.328806
      vertex -1.96068 2.44968 0.202653
      vertex -1.82149 2.4751 0.346195
    endloop
  endfacet
  facet normal -0.70677 0.326661 0.62751
    outer loop
      vertex -1.96068 2.44968 0.202653
      vertex -1.96068 2.4055 0.225649
      vertex -1.82149 2.4751 0.346195
    endloop
  endfacet
  facet normal -0.70677 0.380109 0.596652
    outer loop
      vertex -1.82149 2.4751 0.346195
      vertex -1.96068 2.4055 0.225649
      vertex -1.82149 2.44334 0.366429
    endloop
  endfacet
  facet normal -0.70677 0.380109 0.596652
    outer loop
      vertex -1.96068 2.4055 0.225649
      vertex -1.96068 2.3635 0.252408
      vertex -1.82149 2.44334 0.366429
    endloop
  endfacet
  facet normal -0.70677 0.430665 0.561252
    outer loop
      vertex -1.82149 2.44334 0.366429
      vertex -1.96068 2.3635 0.252408
      vertex -1.82149 2.41346 0.389354
    endloop
  endfacet
  facet normal -0.70677 0.430665 0.561252
    outer loop
      vertex -1.96068 2.3635 0.252408
      vertex -1.96068 2.32399 0.282725
      vertex -1.82149 2.41346 0.389354
    endloop
  endfacet
  facet normal -0.70677 0.477941 0.521583
    outer loop
      vertex -1.82149 2.41346 0.389354
      vertex -1.96068 2.32399 0.282725
      vertex -1.82149 2.3857 0.414796
    endloop
  endfacet
  facet normal -0.70677 0.477942 0.521582
    outer loop
      vertex -1.96068 2.32399 0.282725
      vertex -1.96068 2.28727 0.316371
      vertex -1.82149 2.3857 0.414796
    endloop
  endfacet
  facet normal -0.70677 0.521582 0.477942
    outer loop
      vertex -1.82149 2.3857 0.414796
      vertex -1.96068 2.28727 0.316371
      vertex -1.82149 2.36025 0.442561
    endloop
  endfacet
  facet normal -0.70677 0.521582 0.477942
    outer loop
      vertex -1.96068 2.28727 0.316371
      vertex -1.96068 2.25363 0.353089
      vertex -1.82149 2.36025 0.442561
    endloop
  endfacet
  facet normal -0.70677 0.561253 0.430663
    outer loop
      vertex -1.82149 2.36025 0.442561
      vertex -1.96068 2.25363 0.353089
      vertex -1.82149 2.33733 0.472438
    endloop
  endfacet
  facet normal -0.70677 0.561253 0.430664
    outer loop
      vertex -1.96068 2.25363 0.353089
      vertex -1.96068 2.22331 0.392599
      vertex -1.82149 2.33733 0.472438
    endloop
  endfacet
  facet normal -0.70677 0.596651 0.38011
    outer loop
      vertex -1.82149 2.33733 0.472438
      vertex -1.96068 2.22331 0.392599
      vertex -1.82149 2.3171 0.504198
    endloop
  endfacet
  facet normal -0.70677 0.596652 0.380109
    outer loop
      vertex -1.96068 2.22331 0.392599
      vertex -1.96068 2.19655 0.434601
      vertex -1.82149 2.3171 0.504198
    endloop
  endfacet
  facet normal -0.70677 0.627511 0.32666
    outer loop
      vertex -1.82149 2.3171 0.504198
      vertex -1.96068 2.19655 0.434601
      vertex -1.82149 2.29971 0.537602
    endloop
  endfacet
  facet normal -0.70677 0.62751 0.326661
    outer loop
      vertex -1.96068 2.19655 0.434601
      vertex -1.96068 2.17355 0.478776
      vertex -1.82149 2.29971 0.537602
    endloop
  endfacet
  facet normal -0.70677 0.653592 0.270728
    outer loop
      vertex -1.82149 2.29971 0.537602
      vertex -1.96068 2.17355 0.478776
      vertex -1.82149 2.2853 0.572394
    endloop
  endfacet
  facet normal -0.70677 0.653592 0.270727
    outer loop
      vertex -1.96068 2.17355 0.478776
      vertex -1.96068 2.1545 0.524787
      vertex -1.82149 2.2853 0.572394
    endloop
  endfacet
  facet normal -0.70677 0.674701 0.212732
    outer loop
      vertex -1.82149 2.2853 0.572394
      vertex -1.96068 2.1545 0.524787
      vertex -1.82149 2.27397 0.60831
    endloop
  endfacet
  facet normal -0.70677 0.674701 0.212732
    outer loop
      vertex -1.96068 2.1545 0.524787
      vertex -1.96068 2.13952 0.572284
      vertex -1.82149 2.27397 0.60831
    endloop
  endfacet
  facet normal -0.70677 0.690675 0.153117
    outer loop
      vertex -1.82149 2.27397 0.60831
      vertex -1.96068 2.13952 0.572284
      vertex -1.82149 2.26582 0.645076
    endloop
  endfacet
  facet normal -0.70677 0.690674 0.15312
    outer loop
      vertex -1.96068 2.13952 0.572284
      vertex -1.96068 2.12874 0.620905
      vertex -1.82149 2.26582 0.645076
    endloop
  endfacet
  facet normal -0.70677 0.701391 0.0923405
    outer loop
      vertex -1.82149 2.26582 0.645076
      vertex -1.96068 2.12874 0.620905
      vertex -1.82149 2.2609 0.682412
    endloop
  endfacet
  facet normal -0.70677 0.701391 0.0923385
    outer loop
      vertex -1.96068 2.12874 0.620905
      vertex -1.96068 2.12224 0.670281
      vertex -1.82149 2.2609 0.682412
    endloop
  endfacet
  facet normal -0.70677 0.70677 0.0308583
    outer loop
      vertex -1.82149 2.2609 0.682412
      vertex -1.96068 2.12224 0.670281
      vertex -1.82149 2.25926 0.720035
    endloop
  endfacet
  facet normal -0.70677 0.70677 0.0308593
    outer loop
      vertex -1.96068 2.12224 0.670281
      vertex -1.96068 2.12007 0.720035
      vertex -1.82149 2.25926 0.720035
    endloop
  endfacet
  facet normal -0.70677 0.70677 -0.0308583
    outer loop
      vertex -1.82149 2.25926 0.720035
      vertex -1.96068 2.12007 0.720035
      vertex -1.82149 2.2609 0.757658
    endloop
  endfacet
  facet normal -0.70677 0.70677 -0.0308593
    outer loop
      vertex -1.96068 2.12007 0.720035
      vertex -1.96068 2.12224 0.76979
      vertex -1.82149 2.2609 0.757658
    endloop
  endfacet
  facet normal -0.70677 0.701391 -0.0923405
    outer loop
      vertex -1.82149 2.2609 0.757658
      vertex -1.96068 2.12224 0.76979
      vertex -1.82149 2.26582 0.794995
    endloop
  endfacet
  facet normal -0.70677 0.701391 -0.0923385
    outer loop
      vertex -1.96068 2.12224 0.76979
      vertex -1.96068 2.12874 0.819165
      vertex -1.82149 2.26582 0.794995
    endloop
  endfacet
  facet normal -0.70677 0.690674 -0.153117
    outer loop
      vertex -1.82149 2.26582 0.794995
      vertex -1.96068 2.12874 0.819165
      vertex -1.82149 2.27397 0.831761
    endloop
  endfacet
  facet normal -0.70677 0.690674 -0.153119
    outer loop
      vertex -1.96068 2.12874 0.819165
      vertex -1.96068 2.13952 0.867787
      vertex -1.82149 2.27397 0.831761
    endloop
  endfacet
  facet normal -0.70677 0.674701 -0.212732
    outer loop
      vertex -1.82149 2.27397 0.831761
      vertex -1.96068 2.13952 0.867787
      vertex -1.82149 2.2853 0.867676
    endloop
  endfacet
  facet normal -0.70677 0.674701 -0.212732
    outer loop
      vertex -1.96068 2.13952 0.867787
      vertex -1.96068 2.1545 0.915284
      vertex -1.82149 2.2853 0.867676
    endloop
  endfacet
  facet normal -0.70677 0.653592 -0.270728
    outer loop
      vertex -1.82149 2.2853 0.867676
      vertex -1.96068 2.1545 0.915284
      vertex -1.82149 2.29971 0.902468
    endloop
  endfacet
  facet normal -0.70677 0.653592 -0.270728
    outer loop
      vertex -1.96068 2.1545 0.915284
      vertex -1.96068 2.17355 0.961294
      vertex -1.82149 2.29971 0.902468
    endloop
  endfacet
  facet normal -0.70677 0.627511 -0.32666
    outer loop
      vertex -1.82149 2.29971 0.902468
      vertex -1.96068 2.17355 0.961294
      vertex -1.82149 2.3171 0.935872
    endloop
  endfacet
  facet normal -0.70677 0.62751 -0.326661
    outer loop
      vertex -1.96068 2.17355 0.961294
      vertex -1.96068 2.19655 1.00547
      vertex -1.82149 2.3171 0.935872
    endloop
  endfacet
  facet normal -0.70677 0.596652 -0.38011
    outer loop
      vertex -1.82149 2.3171 0.935872
      vertex -1.96068 2.19655 1.00547
      vertex -1.82149 2.33733 0.967633
    endloop
  endfacet
  facet normal -0.70677 0.596652 -0.380108
    outer loop
      vertex -1.96068 2.19655 1.00547
      vertex -1.96068 2.22331 1.04747
      vertex -1.82149 2.33733 0.967633
    endloop
  endfacet
  facet normal -0.70677 0.561253 -0.430663
    outer loop
      vertex -1.82149 2.33733 0.967633
      vertex -1.96068 2.22331 1.04747
      vertex -1.82149 2.36025 0.99751
    endloop
  endfacet
  facet normal -0.70677 0.561253 -0.430664
    outer loop
      vertex -1.96068 2.22331 1.04747
      vertex -1.96068 2.25363 1.08698
      vertex -1.82149 2.36025 0.99751
    endloop
  endfacet
  facet normal -0.70677 0.521582 -0.477942
    outer loop
      vertex -1.82149 2.36025 0.99751
      vertex -1.96068 2.25363 1.08698
      vertex -1.82149 2.3857 1.02527
    endloop
  endfacet
  facet normal -0.70677 0.521582 -0.477943
    outer loop
      vertex -1.96068 2.25363 1.08698
      vertex -1.96068 2.28727 1.1237
      vertex -1.82149 2.3857 1.02527
    endloop
  endfacet
  facet normal -0.70677 0.477941 -0.521583
    outer loop
      vertex -1.82149 2.3857 1.02527
      vertex -1.96068 2.28727 1.1237
      vertex -1.82149 2.41346 1.05072
    endloop
  endfacet
  facet normal -0.70677 0.477942 -0.521582
    outer loop
      vertex -1.96068 2.28727 1.1237
      vertex -1.96068 2.32399 1.15735
      vertex -1.82149 2.41346 1.05072
    endloop
  endfacet
  facet normal -0.70677 0.430666 -0.561251
    outer loop
      vertex -1.82149 2.41346 1.05072
      vertex -1.96068 2.32399 1.15735
      vertex -1.82149 2.44334 1.07364
    endloop
  endfacet
  facet normal -0.70677 0.430665 -0.561252
    outer loop
      vertex -1.96068 2.32399 1.15735
      vertex -1.96068 2.3635 1.18766
      vertex -1.82149 2.44334 1.07364
    endloop
  endfacet
  facet normal -0.70677 0.380109 -0.596652
    outer loop
      vertex -1.82149 2.44334 1.07364
      vertex -1.96068 2.3635 1.18766
      vertex -1.82149 2.4751 1.09388
    endloop
  endfacet
  facet normal -0.70677 0.380109 -0.596652
    outer loop
      vertex -1.96068 2.3635 1.18766
      vertex -1.96068 2.4055 1.21442
      vertex -1.82149 2.4751 1.09388
    endloop
  endfacet
  facet normal -0.70677 0.326662 -0.62751
    outer loop
      vertex -1.82149 2.4751 1.09388
      vertex -1.96068 2.4055 1.21442
      vertex -1.82149 2.5085 1.11126
    endloop
  endfacet
  facet normal -0.70677 0.32666 -0.627511
    outer loop
      vertex -1.96068 2.4055 1.21442
      vertex -1.96068 2.44968 1.23742
      vertex -1.82149 2.5085 1.11126
    endloop
  endfacet
  facet normal -0.70677 0.270727 -0.653593
    outer loop
      vertex -1.82149 2.5085 1.11126
      vertex -1.96068 2.44968 1.23742
      vertex -1.82149 2.54329 1.12568
    endloop
  endfacet
  facet normal -0.70677 0.270728 -0.653592
    outer loop
      vertex -1.96068 2.44968 1.23742
      vertex -1.96068 2.49569 1.25648
      vertex -1.82149 2.54329 1.12568
    endloop
  endfacet
  facet normal -0.70677 0.212732 -0.674701
    outer loop
      vertex -1.82149 2.54329 1.12568
      vertex -1.96068 2.49569 1.25648
      vertex -1.82149 2.57921 1.137
    endloop
  endfacet
  facet normal -0.70677 0.212732 -0.674701
    outer loop
      vertex -1.96068 2.49569 1.25648
      vertex -1.96068 2.54318 1.27145
      vertex -1.82149 2.57921 1.137
    endloop
  endfacet
  facet normal -0.70677 0.153118 -0.690675
    outer loop
      vertex -1.82149 2.57921 1.137
      vertex -1.96068 2.54318 1.27145
      vertex -1.82149 2.61598 1.14515
    endloop
  endfacet
  facet normal -0.70677 0.15312 -0.690674
    outer loop
      vertex -1.96068 2.54318 1.27145
      vertex -1.96068 2.59181 1.28223
      vertex -1.82149 2.61598 1.14515
    endloop
  endfacet
  facet normal -0.70677 0.0923412 -0.701391
    outer loop
      vertex -1.82149 2.61598 1.14515
      vertex -1.96068 2.59181 1.28223
      vertex -1.82149 2.65331 1.15007
    endloop
  endfacet
  facet normal -0.70677 0.0923407 -0.701391
    outer loop
      vertex -1.96068 2.59181 1.28223
      vertex -1.96068 2.64118 1.28873
      vertex -1.82149 2.65331 1.15007
    endloop
  endfacet
  facet normal -0.70677 0.030858 -0.70677
    outer loop
      vertex -1.82149 2.65331 1.15007
      vertex -1.96068 2.64118 1.28873
      vertex -1.82149 2.69094 1.15171
    endloop
  endfacet
  facet normal -0.70677 0.0308571 -0.70677
    outer loop
      vertex -1.96068 2.64118 1.28873
      vertex -1.96068 2.69094 1.2909
      vertex -1.82149 2.69094 1.15171
    endloop
  endfacet
  facet normal -0.70677 -0.0308583 -0.70677
    outer loop
      vertex -1.82149 2.69094 1.15171
      vertex -1.96068 2.69094 1.2909
      vertex -1.82149 2.72856 1.15007
    endloop
  endfacet
  facet normal -0.70677 -0.0308573 -0.70677
    outer loop
      vertex -1.96068 2.69094 1.2909
      vertex -1.96068 2.74069 1.28873
      vertex -1.82149 2.72856 1.15007
    endloop
  endfacet
  facet normal -0.70677 -0.0923405 -0.701391
    outer loop
      vertex -1.82149 2.72856 1.15007
      vertex -1.96068 2.74069 1.28873
      vertex -1.82149 2.7659 1.14515
    endloop
  endfacet
  facet normal -0.70677 -0.0923407 -0.701391
    outer loop
      vertex -1.96068 2.74069 1.28873
      vertex -1.96068 2.79007 1.28223
      vertex -1.82149 2.7659 1.14515
    endloop
  endfacet
  facet normal -0.70677 -0.153119 -0.690674
    outer loop
      vertex -1.82149 2.7659 1.14515
      vertex -1.96068 2.79007 1.28223
      vertex -1.82149 2.80266 1.137
    endloop
  endfacet
  facet normal -0.70677 -0.153119 -0.690674
    outer loop
      vertex -1.96068 2.79007 1.28223
      vertex -1.96068 2.83869 1.27145
      vertex -1.82149 2.80266 1.137
    endloop
  endfacet
  facet normal -0.70677 -0.212732 -0.674701
    outer loop
      vertex -1.82149 2.80266 1.137
      vertex -1.96068 2.83869 1.27145
      vertex -1.82149 2.83858 1.12568
    endloop
  endfacet
  facet normal -0.70677 -0.212733 -0.674701
    outer loop
      vertex -1.96068 2.83869 1.27145
      vertex -1.96068 2.88618 1.25648
      vertex -1.82149 2.83858 1.12568
    endloop
  endfacet
  facet normal -0.70677 -0.270727 -0.653593
    outer loop
      vertex -1.82149 2.83858 1.12568
      vertex -1.96068 2.88618 1.25648
      vertex -1.82149 2.87337 1.11126
    endloop
  endfacet
  facet normal -0.70677 -0.270728 -0.653593
    outer loop
      vertex -1.96068 2.88618 1.25648
      vertex -1.96068 2.93219 1.23742
      vertex -1.82149 2.87337 1.11126
    endloop
  endfacet
  facet normal -0.70677 -0.326662 -0.62751
    outer loop
      vertex -1.82149 2.87337 1.11126
      vertex -1.96068 2.93219 1.23742
      vertex -1.82149 2.90677 1.09388
    endloop
  endfacet
  facet normal -0.70677 -0.326659 -0.627511
    outer loop
      vertex -1.96068 2.93219 1.23742
      vertex -1.96068 2.97637 1.21442
      vertex -1.82149 2.90677 1.09388
    endloop
  endfacet
  facet normal -0.70677 -0.380107 -0.596653
    outer loop
      vertex -1.82149 2.90677 1.09388
      vertex -1.96068 2.97637 1.21442
      vertex -1.82149 2.93853 1.07364
    endloop
  endfacet
  facet normal -0.70677 -0.380109 -0.596652
    outer loop
      vertex -1.96068 2.97637 1.21442
      vertex -1.96068 3.01837 1.18766
      vertex -1.82149 2.93853 1.07364
    endloop
  endfacet
  facet normal -0.70677 -0.430666 -0.561252
    outer loop
      vertex -1.82149 2.93853 1.07364
      vertex -1.96068 3.01837 1.18766
      vertex -1.82149 2.96841 1.05072
    endloop
  endfacet
  facet normal -0.70677 -0.430665 -0.561252
    outer loop
      vertex -1.96068 3.01837 1.18766
      vertex -1.96068 3.05788 1.15735
      vertex -1.82149 2.96841 1.05072
    endloop
  endfacet
  facet normal -0.70677 -0.477942 -0.521582
    outer loop
      vertex -1.82149 2.96841 1.05072
      vertex -1.96068 3.05788 1.15735
      vertex -1.82149 2.99618 1.02527
    endloop
  endfacet
  facet normal -0.70677 -0.477943 -0.521581
    outer loop
      vertex -1.96068 3.05788 1.15735
      vertex -1.96068 3.0946 1.1237
      vertex -1.82149 2.99618 1.02527
    endloop
  endfacet
  facet normal -0.70677 -0.521583 -0.477941
    outer loop
      vertex -1.82149 2.99618 1.02527
      vertex -1.96068 3.0946 1.1237
      vertex -1.82149 3.02162 0.99751
    endloop
  endfacet
  facet normal -0.70677 -0.52158 -0.477943
    outer loop
      vertex -1.96068 3.0946 1.1237
      vertex -1.96068 3.12825 1.08698
      vertex -1.82149 3.02162 0.99751
    endloop
  endfacet
  facet normal -0.706771 -0.561251 -0.430665
    outer loop
      vertex -1.82149 3.02162 0.99751
      vertex -1.96068 3.12825 1.08698
      vertex -1.82149 3.04454 0.967633
    endloop
  endfacet
  facet normal -0.70677 -0.561252 -0.430664
    outer loop
      vertex -1.96068 3.12825 1.08698
      vertex -1.96068 3.15856 1.04747
      vertex -1.82149 3.04454 0.967633
    endloop
  endfacet
  facet normal -0.70677 -0.59665 -0.380111
    outer loop
      vertex -1.82149 3.04454 0.967633
      vertex -1.96068 3.15856 1.04747
      vertex -1.82149 3.06478 0.935872
    endloop
  endfacet
  facet normal -0.70677 -0.596652 -0.380109
    outer loop
      vertex -1.96068 3.15856 1.04747
      vertex -1.96068 3.18532 1.00547
      vertex -1.82149 3.06478 0.935872
    endloop
  endfacet
  facet normal -0.70677 -0.627512 -0.326658
    outer loop
      vertex -1.82149 3.06478 0.935872
      vertex -1.96068 3.18532 1.00547
      vertex -1.82149 3.08216 0.902468
    endloop
  endfacet
  facet normal -0.70677 -0.62751 -0.326661
    outer loop
      vertex -1.96068 3.18532 1.00547
      vertex -1.96068 3.20832 0.961294
      vertex -1.82149 3.08216 0.902468
    endloop
  endfacet
  facet normal -0.70677 -0.653591 -0.270731
    outer loop
      vertex -1.82149 3.08216 0.902468
      vertex -1.96068 3.20832 0.961294
      vertex -1.82149 3.09658 0.867676
    endloop
  endfacet
  facet normal -0.70677 -0.653593 -0.270726
    outer loop
      vertex -1.96068 3.20832 0.961294
      vertex -1.96068 3.22738 0.915284
      vertex -1.82149 3.09658 0.867676
    endloop
  endfacet
  facet normal -0.706769 -0.674702 -0.21273
    outer loop
      vertex -1.82149 3.09658 0.867676
      vertex -1.96068 3.22738 0.915284
      vertex -1.82149 3.1079 0.831761
    endloop
  endfacet
  facet normal -0.70677 -0.674701 -0.212732
    outer loop
      vertex -1.96068 3.22738 0.915284
      vertex -1.96068 3.24235 0.867787
      vertex -1.82149 3.1079 0.831761
    endloop
  endfacet
  facet normal -0.70677 -0.690675 -0.153117
    outer loop
      vertex -1.82149 3.1079 0.831761
      vertex -1.96068 3.24235 0.867787
      vertex -1.82149 3.11605 0.794995
    endloop
  endfacet
  facet normal -0.70677 -0.690673 -0.153121
    outer loop
      vertex -1.96068 3.24235 0.867787
      vertex -1.96068 3.25313 0.819165
      vertex -1.82149 3.11605 0.794995
    endloop
  endfacet
  facet normal -0.706771 -0.70139 -0.0923431
    outer loop
      vertex -1.82149 3.11605 0.794995
      vertex -1.96068 3.25313 0.819165
      vertex -1.82149 3.12097 0.757658
    endloop
  endfacet
  facet normal -0.70677 -0.701392 -0.0923365
    outer loop
      vertex -1.96068 3.25313 0.819165
      vertex -1.96068 3.25963 0.76979
      vertex -1.82149 3.12097 0.757658
    endloop
  endfacet
  facet normal -0.706769 -0.706771 -0.0308583
    outer loop
      vertex -1.82149 3.12097 0.757658
      vertex -1.96068 3.25963 0.76979
      vertex -1.82149 3.12261 0.720035
    endloop
  endfacet
  facet normal -0.70677 -0.70677 -0.0308594
    outer loop
      vertex -1.96068 3.25963 0.76979
      vertex -1.96068 3.2618 0.720035
      vertex -1.82149 3.12261 0.720035
    endloop
  endfacet
  facet normal -0.70677 -0.70677 0.0308583
    outer loop
      vertex -1.82149 3.12261 0.720035
      vertex -1.96068 3.2618 0.720035
      vertex -1.82149 3.12097 0.682412
    endloop
  endfacet
  facet normal -0.706769 -0.706771 0.0308594
    outer loop
      vertex -1.96068 3.2618 0.720035
      vertex -1.96068 3.25963 0.670281
      vertex -1.82149 3.12097 0.682412
    endloop
  endfacet
  facet normal -0.706769 -0.701391 0.0923433
    outer loop
      vertex -1.82149 3.12097 0.682412
      vertex -1.96068 3.25963 0.670281
      vertex -1.82149 3.11605 0.645076
    endloop
  endfacet
  facet normal -0.70677 -0.701391 0.0923364
    outer loop
      vertex -1.96068 3.25963 0.670281
      vertex -1.96068 3.25313 0.620905
      vertex -1.82149 3.11605 0.645076
    endloop
  endfacet
  facet normal -0.706771 -0.690674 0.153117
    outer loop
      vertex -1.82149 3.11605 0.645076
      vertex -1.96068 3.25313 0.620905
      vertex -1.82149 3.1079 0.60831
    endloop
  endfacet
  facet normal -0.70677 -0.690674 0.153122
    outer loop
      vertex -1.96068 3.25313 0.620905
      vertex -1.96068 3.24235 0.572284
      vertex -1.82149 3.1079 0.60831
    endloop
  endfacet
  facet normal -0.70677 -0.674702 0.212729
    outer loop
      vertex -1.82149 3.1079 0.60831
      vertex -1.96068 3.24235 0.572284
      vertex -1.82149 3.09658 0.572394
    endloop
  endfacet
  facet normal -0.706769 -0.674701 0.212732
    outer loop
      vertex -1.96068 3.24235 0.572284
      vertex -1.96068 3.22738 0.524787
      vertex -1.82149 3.09658 0.572394
    endloop
  endfacet
  facet normal -0.706769 -0.653591 0.270731
    outer loop
      vertex -1.82149 3.09658 0.572394
      vertex -1.96068 3.22738 0.524787
      vertex -1.82149 3.08216 0.537602
    endloop
  endfacet
  facet normal -0.70677 -0.653593 0.270726
    outer loop
      vertex -1.96068 3.22738 0.524787
      vertex -1.96068 3.20832 0.478776
      vertex -1.82149 3.08216 0.537602
    endloop
  endfacet
  facet normal -0.70677 -0.627511 0.326657
    outer loop
      vertex -1.82149 3.08216 0.537602
      vertex -1.96068 3.20832 0.478776
      vertex -1.82149 3.06478 0.504198
    endloop
  endfacet
  facet normal -0.70677 -0.62751 0.326661
    outer loop
      vertex -1.96068 3.20832 0.478776
      vertex -1.96068 3.18532 0.434601
      vertex -1.82149 3.06478 0.504198
    endloop
  endfacet
  facet normal -0.70677 -0.59665 0.380112
    outer loop
      vertex -1.82149 3.06478 0.504198
      vertex -1.96068 3.18532 0.434601
      vertex -1.82149 3.04454 0.472438
    endloop
  endfacet
  facet normal -0.70677 -0.596652 0.380108
    outer loop
      vertex -1.96068 3.18532 0.434601
      vertex -1.96068 3.15856 0.392599
      vertex -1.82149 3.04454 0.472438
    endloop
  endfacet
  facet normal -0.70677 -0.561252 0.430665
    outer loop
      vertex -1.82149 3.04454 0.472438
      vertex -1.96068 3.15856 0.392599
      vertex -1.82149 3.02162 0.442561
    endloop
  endfacet
  facet normal -0.70677 -0.561252 0.430664
    outer loop
      vertex -1.96068 3.15856 0.392599
      vertex -1.96068 3.12825 0.353089
      vertex -1.82149 3.02162 0.442561
    endloop
  endfacet
  facet normal -0.70677 -0.521583 0.47794
    outer loop
      vertex -1.82149 3.02162 0.442561
      vertex -1.96068 3.12825 0.353089
      vertex -1.82149 2.99618 0.414796
    endloop
  endfacet
  facet normal -0.70677 -0.521581 0.477943
    outer loop
      vertex -1.96068 3.12825 0.353089
      vertex -1.96068 3.0946 0.316371
      vertex -1.82149 2.99618 0.414796
    endloop
  endfacet
  facet normal -0.70677 -0.477942 0.521582
    outer loop
      vertex -1.82149 2.99618 0.414796
      vertex -1.96068 3.0946 0.316371
      vertex -1.82149 2.96841 0.389354
    endloop
  endfacet
  facet normal -0.70677 -0.477943 0.521581
    outer loop
      vertex -1.96068 3.0946 0.316371
      vertex -1.96068 3.05788 0.282725
      vertex -1.82149 2.96841 0.389354
    endloop
  endfacet
  facet normal -0.70677 -0.430665 0.561252
    outer loop
      vertex -1.82149 2.96841 0.389354
      vertex -1.96068 3.05788 0.282725
      vertex -1.82149 2.93853 0.366429
    endloop
  endfacet
  facet normal -0.70677 -0.430665 0.561252
    outer loop
      vertex -1.96068 3.05788 0.282725
      vertex -1.96068 3.01837 0.252408
      vertex -1.82149 2.93853 0.366429
    endloop
  endfacet
  facet normal -0.70677 -0.380107 0.596653
    outer loop
      vertex -1.82149 2.93853 0.366429
      vertex -1.96068 3.01837 0.252408
      vertex -1.82149 2.90677 0.346195
    endloop
  endfacet
  facet normal -0.70677 -0.380109 0.596652
    outer loop
      vertex -1.96068 3.01837 0.252408
      vertex -1.96068 2.97637 0.225649
      vertex -1.82149 2.90677 0.346195
    endloop
  endfacet
  facet normal -0.70677 -0.326662 0.62751
    outer loop
      vertex -1.82149 2.90677 0.346195
      vertex -1.96068 2.97637 0.225649
      vertex -1.82149 2.87337 0.328806
    endloop
  endfacet
  facet normal -0.70677 -0.32666 0.627511
    outer loop
      vertex -1.96068 2.97637 0.225649
      vertex -1.96068 2.93219 0.202653
      vertex -1.82149 2.87337 0.328806
    endloop
  endfacet
  facet normal -0.70677 -0.270727 0.653593
    outer loop
      vertex -1.82149 2.87337 0.328806
      vertex -1.96068 2.93219 0.202653
      vertex -1.82149 2.83858 0.314395
    endloop
  endfacet
  facet normal -0.70677 -0.270727 0.653593
    outer loop
      vertex -1.96068 2.93219 0.202653
      vertex -1.96068 2.88618 0.183595
      vertex -1.82149 2.83858 0.314395
    endloop
  endfacet
  facet normal -0.70677 -0.212733 0.674701
    outer loop
      vertex -1.82149 2.83858 0.314395
      vertex -1.96068 2.88618 0.183595
      vertex -1.82149 2.80266 0.303071
    endloop
  endfacet
  facet normal -0.70677 -0.212733 0.674701
    outer loop
      vertex -1.96068 2.88618 0.183595
      vertex -1.96068 2.83869 0.168619
      vertex -1.82149 2.80266 0.303071
    endloop
  endfacet
  facet normal -0.70677 -0.153119 0.690674
    outer loop
      vertex -1.82149 2.80266 0.303071
      vertex -1.96068 2.83869 0.168619
      vertex -1.82149 2.7659 0.29492
    endloop
  endfacet
  facet normal -0.70677 -0.153118 0.690674
    outer loop
      vertex -1.96068 2.83869 0.168619
      vertex -1.96068 2.79007 0.15784
      vertex -1.82149 2.7659 0.29492
    endloop
  endfacet
  facet normal -0.70677 -0.0923398 0.701391
    outer loop
      vertex -1.82149 2.7659 0.29492
      vertex -1.96068 2.79007 0.15784
      vertex -1.82149 2.72856 0.290004
    endloop
  endfacet
  facet normal -0.70677 -0.0923401 0.701391
    outer loop
      vertex -1.96068 2.79007 0.15784
      vertex -1.96068 2.74069 0.15134
      vertex -1.82149 2.72856 0.290004
    endloop
  endfacet
  facet normal -0.70677 -0.0308583 0.70677
    outer loop
      vertex -1.82149 2.72856 0.290004
      vertex -1.96068 2.74069 0.15134
      vertex -1.82149 2.69094 0.288362
    endloop
  endfacet
  facet normal -0.70677 -0.0308584 0.70677
    outer loop
      vertex -1.96068 2.74069 0.15134
      vertex -1.96068 2.69094 0.149168
      vertex -1.82149 2.69094 0.288362
    endloop
  endfacet
  facet normal -0.70677 0.030858 0.70677
    outer loop
      vertex -1.82149 2.69094 0.288362
      vertex -1.96068 2.69094 0.149168
      vertex -1.82149 2.65331 0.290004
    endloop
  endfacet
  facet normal -0.70677 0.0308582 0.70677
    outer loop
      vertex -1.96068 2.69094 0.149168
      vertex -1.96068 2.64118 0.15134
      vertex -1.82149 2.65331 0.290004
    endloop
  endfacet
  facet normal 0 0.0436193 0.999048
    outer loop
      vertex -1.9784 2.69094 0.131447
      vertex -2.05771 2.69094 0.131447
      vertex -1.9784 2.63964 0.133687
    endloop
  endfacet
  facet normal 0 0.0436193 0.999048
    outer loop
      vertex -2.05771 2.69094 0.131447
      vertex -2.05771 2.63964 0.133687
      vertex -1.9784 2.63964 0.133687
    endloop
  endfacet
  facet normal 0 0.130527 0.991445
    outer loop
      vertex -1.9784 2.63964 0.133687
      vertex -2.05771 2.63964 0.133687
      vertex -1.9784 2.58873 0.140389
    endloop
  endfacet
  facet normal 0 0.130527 0.991445
    outer loop
      vertex -2.05771 2.63964 0.133687
      vertex -2.05771 2.58873 0.140389
      vertex -1.9784 2.58873 0.140389
    endloop
  endfacet
  facet normal 0 0.216439 0.976296
    outer loop
      vertex -1.9784 2.58873 0.140389
      vertex -2.05771 2.58873 0.140389
      vertex -1.9784 2.5386 0.151503
    endloop
  endfacet
  facet normal 0 0.216439 0.976296
    outer loop
      vertex -2.05771 2.58873 0.140389
      vertex -2.05771 2.5386 0.151503
      vertex -1.9784 2.5386 0.151503
    endloop
  endfacet
  facet normal 0 0.300706 0.953717
    outer loop
      vertex -1.9784 2.5386 0.151503
      vertex -2.05771 2.5386 0.151503
      vertex -1.9784 2.48963 0.166944
    endloop
  endfacet
  facet normal 0 0.300706 0.953717
    outer loop
      vertex -2.05771 2.5386 0.151503
      vertex -2.05771 2.48963 0.166944
      vertex -1.9784 2.48963 0.166944
    endloop
  endfacet
  facet normal 0 0.382684 0.923879
    outer loop
      vertex -1.9784 2.48963 0.166944
      vertex -2.05771 2.48963 0.166944
      vertex -1.9784 2.44219 0.186593
    endloop
  endfacet
  facet normal 0 0.382684 0.923879
    outer loop
      vertex -2.05771 2.48963 0.166944
      vertex -2.05771 2.44219 0.186593
      vertex -1.9784 2.44219 0.186593
    endloop
  endfacet
  facet normal 0 0.461749 0.887011
    outer loop
      vertex -1.9784 2.44219 0.186593
      vertex -2.05771 2.44219 0.186593
      vertex -1.9784 2.39664 0.210303
    endloop
  endfacet
  facet normal 0 0.461749 0.887011
    outer loop
      vertex -2.05771 2.44219 0.186593
      vertex -2.05771 2.39664 0.210303
      vertex -1.9784 2.39664 0.210303
    endloop
  endfacet
  facet normal 0 0.5373 0.843391
    outer loop
      vertex -1.9784 2.39664 0.210303
      vertex -2.05771 2.39664 0.210303
      vertex -1.9784 2.35334 0.237892
    endloop
  endfacet
  facet normal 0 0.5373 0.843391
    outer loop
      vertex -2.05771 2.39664 0.210303
      vertex -2.05771 2.35334 0.237892
      vertex -1.9784 2.35334 0.237892
    endloop
  endfacet
  facet normal 0 0.608762 0.793353
    outer loop
      vertex -1.9784 2.35334 0.237892
      vertex -2.05771 2.35334 0.237892
      vertex -1.9784 2.3126 0.269151
    endloop
  endfacet
  facet normal 0 0.608762 0.793353
    outer loop
      vertex -2.05771 2.35334 0.237892
      vertex -2.05771 2.3126 0.269151
      vertex -1.9784 2.3126 0.269151
    endloop
  endfacet
  facet normal 0 0.67559 0.737277
    outer loop
      vertex -1.9784 2.3126 0.269151
      vertex -2.05771 2.3126 0.269151
      vertex -1.9784 2.27474 0.303841
    endloop
  endfacet
  facet normal 0 0.67559 0.737277
    outer loop
      vertex -2.05771 2.3126 0.269151
      vertex -2.05771 2.27474 0.303841
      vertex -1.9784 2.27474 0.303841
    endloop
  endfacet
  facet normal 0 0.737277 0.675591
    outer loop
      vertex -1.9784 2.27474 0.303841
      vertex -2.05771 2.27474 0.303841
      vertex -1.9784 2.24005 0.341698
    endloop
  endfacet
  facet normal 0 0.737277 0.675591
    outer loop
      vertex -2.05771 2.27474 0.303841
      vertex -2.05771 2.24005 0.341698
      vertex -1.9784 2.24005 0.341698
    endloop
  endfacet
  facet normal 0 0.793354 0.60876
    outer loop
      vertex -1.9784 2.24005 0.341698
      vertex -2.05771 2.24005 0.341698
      vertex -1.9784 2.20879 0.382435
    endloop
  endfacet
  facet normal 0 0.793354 0.60876
    outer loop
      vertex -2.05771 2.24005 0.341698
      vertex -2.05771 2.20879 0.382435
      vertex -1.9784 2.20879 0.382435
    endloop
  endfacet
  facet normal 0 0.843391 0.5373
    outer loop
      vertex -1.9784 2.20879 0.382435
      vertex -2.05771 2.20879 0.382435
      vertex -1.9784 2.1812 0.425741
    endloop
  endfacet
  facet normal 0 0.843391 0.5373
    outer loop
      vertex -2.05771 2.20879 0.382435
      vertex -2.05771 2.1812 0.425741
      vertex -1.9784 2.1812 0.425741
    endloop
  endfacet
  facet normal 0 0.887011 0.461748
    outer loop
      vertex -1.9784 2.1812 0.425741
      vertex -2.05771 2.1812 0.425741
      vertex -1.9784 2.15749 0.471287
    endloop
  endfacet
  facet normal 0 0.887011 0.461748
    outer loop
      vertex -2.05771 2.1812 0.425741
      vertex -2.05771 2.15749 0.471287
      vertex -1.9784 2.15749 0.471287
    endloop
  endfacet
  facet normal 0 0.92388 0.382683
    outer loop
      vertex -1.9784 2.15749 0.471287
      vertex -2.05771 2.15749 0.471287
      vertex -1.9784 2.13784 0.518726
    endloop
  endfacet
  facet normal 0 0.92388 0.382683
    outer loop
      vertex -2.05771 2.15749 0.471287
      vertex -2.05771 2.13784 0.518726
      vertex -1.9784 2.13784 0.518726
    endloop
  endfacet
  facet normal 0 0.953717 0.300707
    outer loop
      vertex -1.9784 2.13784 0.518726
      vertex -2.05771 2.13784 0.518726
      vertex -1.9784 2.1224 0.567698
    endloop
  endfacet
  facet normal 0 0.953717 0.300707
    outer loop
      vertex -2.05771 2.13784 0.518726
      vertex -2.05771 2.1224 0.567698
      vertex -1.9784 2.1224 0.567698
    endloop
  endfacet
  facet normal 0 0.976296 0.21644
    outer loop
      vertex -1.9784 2.1224 0.567698
      vertex -2.05771 2.1224 0.567698
      vertex -1.9784 2.11129 0.617828
    endloop
  endfacet
  facet normal 0 0.976296 0.21644
    outer loop
      vertex -2.05771 2.1224 0.567698
      vertex -2.05771 2.11129 0.617828
      vertex -1.9784 2.11129 0.617828
    endloop
  endfacet
  facet normal 0 0.991445 0.130525
    outer loop
      vertex -1.9784 2.11129 0.617828
      vertex -2.05771 2.11129 0.617828
      vertex -1.9784 2.10459 0.668736
    endloop
  endfacet
  facet normal 0 0.991445 0.130525
    outer loop
      vertex -2.05771 2.11129 0.617828
      vertex -2.05771 2.10459 0.668736
      vertex -1.9784 2.10459 0.668736
    endloop
  endfacet
  facet normal 0 0.999048 0.0436216
    outer loop
      vertex -1.9784 2.10459 0.668736
      vertex -2.05771 2.10459 0.668736
      vertex -1.9784 2.10235 0.720035
    endloop
  endfacet
  facet normal 0 0.999048 0.0436216
    outer loop
      vertex -2.05771 2.10459 0.668736
      vertex -2.05771 2.10235 0.720035
      vertex -1.9784 2.10235 0.720035
    endloop
  endfacet
  facet normal 0 0.999048 -0.0436216
    outer loop
      vertex -1.9784 2.10235 0.720035
      vertex -2.05771 2.10235 0.720035
      vertex -1.9784 2.10459 0.771334
    endloop
  endfacet
  facet normal 0 0.999048 -0.0436216
    outer loop
      vertex -2.05771 2.10235 0.720035
      vertex -2.05771 2.10459 0.771334
      vertex -1.9784 2.10459 0.771334
    endloop
  endfacet
  facet normal 0 0.991445 -0.130525
    outer loop
      vertex -1.9784 2.10459 0.771334
      vertex -2.05771 2.10459 0.771334
      vertex -1.9784 2.11129 0.822242
    endloop
  endfacet
  facet normal 0 0.991445 -0.130525
    outer loop
      vertex -2.05771 2.10459 0.771334
      vertex -2.05771 2.11129 0.822242
      vertex -1.9784 2.11129 0.822242
    endloop
  endfacet
  facet normal 0 0.976296 -0.21644
    outer loop
      vertex -1.9784 2.11129 0.822242
      vertex -2.05771 2.11129 0.822242
      vertex -1.9784 2.1224 0.872373
    endloop
  endfacet
  facet normal 0 0.976296 -0.21644
    outer loop
      vertex -2.05771 2.11129 0.822242
      vertex -2.05771 2.1224 0.872373
      vertex -1.9784 2.1224 0.872373
    endloop
  endfacet
  facet normal 0 0.953717 -0.300707
    outer loop
      vertex -1.9784 2.1224 0.872373
      vertex -2.05771 2.1224 0.872373
      vertex -1.9784 2.13784 0.921344
    endloop
  endfacet
  facet normal 0 0.953717 -0.300707
    outer loop
      vertex -2.05771 2.1224 0.872373
      vertex -2.05771 2.13784 0.921344
      vertex -1.9784 2.13784 0.921344
    endloop
  endfacet
  facet normal 0 0.92388 -0.382683
    outer loop
      vertex -1.9784 2.13784 0.921344
      vertex -2.05771 2.13784 0.921344
      vertex -1.9784 2.15749 0.968783
    endloop
  endfacet
  facet normal 0 0.92388 -0.382683
    outer loop
      vertex -2.05771 2.13784 0.921344
      vertex -2.05771 2.15749 0.968783
      vertex -1.9784 2.15749 0.968783
    endloop
  endfacet
  facet normal 0 0.887011 -0.461748
    outer loop
      vertex -1.9784 2.15749 0.968783
      vertex -2.05771 2.15749 0.968783
      vertex -1.9784 2.1812 1.01433
    endloop
  endfacet
  facet normal 0 0.887011 -0.461748
    outer loop
      vertex -2.05771 2.15749 0.968783
      vertex -2.05771 2.1812 1.01433
      vertex -1.9784 2.1812 1.01433
    endloop
  endfacet
  facet normal 0 0.843391 -0.5373
    outer loop
      vertex -1.9784 2.1812 1.01433
      vertex -2.05771 2.1812 1.01433
      vertex -1.9784 2.20879 1.05764
    endloop
  endfacet
  facet normal 0 0.843391 -0.5373
    outer loop
      vertex -2.05771 2.1812 1.01433
      vertex -2.05771 2.20879 1.05764
      vertex -1.9784 2.20879 1.05764
    endloop
  endfacet
  facet normal 0 0.793354 -0.60876
    outer loop
      vertex -1.9784 2.20879 1.05764
      vertex -2.05771 2.20879 1.05764
      vertex -1.9784 2.24005 1.09837
    endloop
  endfacet
  facet normal 0 0.793354 -0.60876
    outer loop
      vertex -2.05771 2.20879 1.05764
      vertex -2.05771 2.24005 1.09837
      vertex -1.9784 2.24005 1.09837
    endloop
  endfacet
  facet normal 0 0.737276 -0.675591
    outer loop
      vertex -1.9784 2.24005 1.09837
      vertex -2.05771 2.24005 1.09837
      vertex -1.9784 2.27474 1.13623
    endloop
  endfacet
  facet normal 0 0.737276 -0.675591
    outer loop
      vertex -2.05771 2.24005 1.09837
      vertex -2.05771 2.27474 1.13623
      vertex -1.9784 2.27474 1.13623
    endloop
  endfacet
  facet normal 0 0.675591 -0.737277
    outer loop
      vertex -1.9784 2.27474 1.13623
      vertex -2.05771 2.27474 1.13623
      vertex -1.9784 2.3126 1.17092
    endloop
  endfacet
  facet normal 0 0.675591 -0.737277
    outer loop
      vertex -2.05771 2.27474 1.13623
      vertex -2.05771 2.3126 1.17092
      vertex -1.9784 2.3126 1.17092
    endloop
  endfacet
  facet normal 0 0.608762 -0.793353
    outer loop
      vertex -1.9784 2.3126 1.17092
      vertex -2.05771 2.3126 1.17092
      vertex -1.9784 2.35334 1.20218
    endloop
  endfacet
  facet normal 0 0.608762 -0.793353
    outer loop
      vertex -2.05771 2.3126 1.17092
      vertex -2.05771 2.35334 1.20218
      vertex -1.9784 2.35334 1.20218
    endloop
  endfacet
  facet normal 0 0.5373 -0.843391
    outer loop
      vertex -1.9784 2.35334 1.20218
      vertex -2.05771 2.35334 1.20218
      vertex -1.9784 2.39664 1.22977
    endloop
  endfacet
  facet normal 0 0.5373 -0.843391
    outer loop
      vertex -2.05771 2.35334 1.20218
      vertex -2.05771 2.39664 1.22977
      vertex -1.9784 2.39664 1.22977
    endloop
  endfacet
  facet normal 0 0.461748 -0.887011
    outer loop
      vertex -1.9784 2.39664 1.22977
      vertex -2.05771 2.39664 1.22977
      vertex -1.9784 2.44219 1.25348
    endloop
  endfacet
  facet normal 0 0.461748 -0.887011
    outer loop
      vertex -2.05771 2.39664 1.22977
      vertex -2.05771 2.44219 1.25348
      vertex -1.9784 2.44219 1.25348
    endloop
  endfacet
  facet normal 0 0.382685 -0.923879
    outer loop
      vertex -1.9784 2.44219 1.25348
      vertex -2.05771 2.44219 1.25348
      vertex -1.9784 2.48963 1.27313
    endloop
  endfacet
  facet normal 0 0.382685 -0.923879
    outer loop
      vertex -2.05771 2.44219 1.25348
      vertex -2.05771 2.48963 1.27313
      vertex -1.9784 2.48963 1.27313
    endloop
  endfacet
  facet normal 0 0.300704 -0.953717
    outer loop
      vertex -1.9784 2.48963 1.27313
      vertex -2.05771 2.48963 1.27313
      vertex -1.9784 2.5386 1.28857
    endloop
  endfacet
  facet normal 0 0.300704 -0.953717
    outer loop
      vertex -2.05771 2.48963 1.27313
      vertex -2.05771 2.5386 1.28857
      vertex -1.9784 2.5386 1.28857
    endloop
  endfacet
  facet normal 0 0.216439 -0.976296
    outer loop
      vertex -1.9784 2.5386 1.28857
      vertex -2.05771 2.5386 1.28857
      vertex -1.9784 2.58873 1.29968
    endloop
  endfacet
  facet normal 0 0.216439 -0.976296
    outer loop
      vertex -2.05771 2.5386 1.28857
      vertex -2.05771 2.58873 1.29968
      vertex -1.9784 2.58873 1.29968
    endloop
  endfacet
  facet normal 0 0.130528 -0.991445
    outer loop
      vertex -1.9784 2.58873 1.29968
      vertex -2.05771 2.58873 1.29968
      vertex -1.9784 2.63964 1.30638
    endloop
  endfacet
  facet normal 0 0.130528 -0.991445
    outer loop
      vertex -2.05771 2.58873 1.29968
      vertex -2.05771 2.63964 1.30638
      vertex -1.9784 2.63964 1.30638
    endloop
  endfacet
  facet normal 0 0.0436186 -0.999048
    outer loop
      vertex -1.9784 2.63964 1.30638
      vertex -2.05771 2.63964 1.30638
      vertex -1.9784 2.69094 1.30862
    endloop
  endfacet
  facet normal 0 0.0436186 -0.999048
    outer loop
      vertex -2.05771 2.63964 1.30638
      vertex -2.05771 2.69094 1.30862
      vertex -1.9784 2.69094 1.30862
    endloop
  endfacet
  facet normal 0 -0.0436188 -0.999048
    outer loop
      vertex -1.9784 2.69094 1.30862
      vertex -2.05771 2.69094 1.30862
      vertex -1.9784 2.74223 1.30638
    endloop
  endfacet
  facet normal 0 -0.0436188 -0.999048
    outer loop
      vertex -2.05771 2.69094 1.30862
      vertex -2.05771 2.74223 1.30638
      vertex -1.9784 2.74223 1.30638
    endloop
  endfacet
  facet normal 0 -0.130528 -0.991445
    outer loop
      vertex -1.9784 2.74223 1.30638
      vertex -2.05771 2.74223 1.30638
      vertex -1.9784 2.79314 1.29968
    endloop
  endfacet
  facet normal 0 -0.130528 -0.991445
    outer loop
      vertex -2.05771 2.74223 1.30638
      vertex -2.05771 2.79314 1.29968
      vertex -1.9784 2.79314 1.29968
    endloop
  endfacet
  facet normal 0 -0.216439 -0.976296
    outer loop
      vertex -1.9784 2.79314 1.29968
      vertex -2.05771 2.79314 1.29968
      vertex -1.9784 2.84327 1.28857
    endloop
  endfacet
  facet normal 0 -0.216439 -0.976296
    outer loop
      vertex -2.05771 2.79314 1.29968
      vertex -2.05771 2.84327 1.28857
      vertex -1.9784 2.84327 1.28857
    endloop
  endfacet
  facet normal 0 -0.300704 -0.953717
    outer loop
      vertex -1.9784 2.84327 1.28857
      vertex -2.05771 2.84327 1.28857
      vertex -1.9784 2.89224 1.27313
    endloop
  endfacet
  facet normal 0 -0.300704 -0.953717
    outer loop
      vertex -2.05771 2.84327 1.28857
      vertex -2.05771 2.89224 1.27313
      vertex -1.9784 2.89224 1.27313
    endloop
  endfacet
  facet normal 0 -0.382685 -0.923879
    outer loop
      vertex -1.9784 2.89224 1.27313
      vertex -2.05771 2.89224 1.27313
      vertex -1.9784 2.93968 1.25348
    endloop
  endfacet
  facet normal 0 -0.382685 -0.923879
    outer loop
      vertex -2.05771 2.89224 1.27313
      vertex -2.05771 2.93968 1.25348
      vertex -1.9784 2.93968 1.25348
    endloop
  endfacet
  facet normal 0 -0.461748 -0.887011
    outer loop
      vertex -1.9784 2.93968 1.25348
      vertex -2.05771 2.93968 1.25348
      vertex -1.9784 2.98523 1.22977
    endloop
  endfacet
  facet normal 0 -0.461748 -0.887011
    outer loop
      vertex -2.05771 2.93968 1.25348
      vertex -2.05771 2.98523 1.22977
      vertex -1.9784 2.98523 1.22977
    endloop
  endfacet
  facet normal 0 -0.537299 -0.843392
    outer loop
      vertex -1.9784 2.98523 1.22977
      vertex -2.05771 2.98523 1.22977
      vertex -1.9784 3.02854 1.20218
    endloop
  endfacet
  facet normal 0 -0.537299 -0.843392
    outer loop
      vertex -2.05771 2.98523 1.22977
      vertex -2.05771 3.02854 1.20218
      vertex -1.9784 3.02854 1.20218
    endloop
  endfacet
  facet normal 0 -0.608762 -0.793353
    outer loop
      vertex -1.9784 3.02854 1.20218
      vertex -2.05771 3.02854 1.20218
      vertex -1.9784 3.06927 1.17092
    endloop
  endfacet
  facet normal 0 -0.608762 -0.793353
    outer loop
      vertex -2.05771 3.02854 1.20218
      vertex -2.05771 3.06927 1.17092
      vertex -1.9784 3.06927 1.17092
    endloop
  endfacet
  facet normal 0 -0.675591 -0.737277
    outer loop
      vertex -1.9784 3.06927 1.17092
      vertex -2.05771 3.06927 1.17092
      vertex -1.9784 3.10713 1.13623
    endloop
  endfacet
  facet normal 0 -0.675591 -0.737277
    outer loop
      vertex -2.05771 3.06927 1.17092
      vertex -2.05771 3.10713 1.13623
      vertex -1.9784 3.10713 1.13623
    endloop
  endfacet
  facet normal 0 -0.737276 -0.675591
    outer loop
      vertex -1.9784 3.10713 1.13623
      vertex -2.05771 3.10713 1.13623
      vertex -1.9784 3.14182 1.09837
    endloop
  endfacet
  facet normal 0 -0.737276 -0.675591
    outer loop
      vertex -2.05771 3.10713 1.13623
      vertex -2.05771 3.14182 1.09837
      vertex -1.9784 3.14182 1.09837
    endloop
  endfacet
  facet normal 0 -0.793354 -0.60876
    outer loop
      vertex -1.9784 3.14182 1.09837
      vertex -2.05771 3.14182 1.09837
      vertex -1.9784 3.17308 1.05764
    endloop
  endfacet
  facet normal 0 -0.793354 -0.60876
    outer loop
      vertex -2.05771 3.14182 1.09837
      vertex -2.05771 3.17308 1.05764
      vertex -1.9784 3.17308 1.05764
    endloop
  endfacet
  facet normal 0 -0.843391 -0.5373
    outer loop
      vertex -1.9784 3.17308 1.05764
      vertex -2.05771 3.17308 1.05764
      vertex -1.9784 3.20067 1.01433
    endloop
  endfacet
  facet normal 0 -0.843391 -0.5373
    outer loop
      vertex -2.05771 3.17308 1.05764
      vertex -2.05771 3.20067 1.01433
      vertex -1.9784 3.20067 1.01433
    endloop
  endfacet
  facet normal 0 -0.887012 -0.461746
    outer loop
      vertex -1.9784 3.20067 1.01433
      vertex -2.05771 3.20067 1.01433
      vertex -1.9784 3.22438 0.968783
    endloop
  endfacet
  facet normal 0 -0.887012 -0.461746
    outer loop
      vertex -2.05771 3.20067 1.01433
      vertex -2.05771 3.22438 0.968783
      vertex -1.9784 3.22438 0.968783
    endloop
  endfacet
  facet normal 0 -0.92388 -0.382683
    outer loop
      vertex -1.9784 3.22438 0.968783
      vertex -2.05771 3.22438 0.968783
      vertex -1.9784 3.24403 0.921344
    endloop
  endfacet
  facet normal 0 -0.92388 -0.382683
    outer loop
      vertex -2.05771 3.22438 0.968783
      vertex -2.05771 3.24403 0.921344
      vertex -1.9784 3.24403 0.921344
    endloop
  endfacet
  facet normal 0 -0.953717 -0.300707
    outer loop
      vertex -1.9784 3.24403 0.921344
      vertex -2.05771 3.24403 0.921344
      vertex -1.9784 3.25947 0.872373
    endloop
  endfacet
  facet normal 0 -0.953717 -0.300707
    outer loop
      vertex -2.05771 3.24403 0.921344
      vertex -2.05771 3.25947 0.872373
      vertex -1.9784 3.25947 0.872373
    endloop
  endfacet
  facet normal 0 -0.976296 -0.21644
    outer loop
      vertex -1.9784 3.25947 0.872373
      vertex -2.05771 3.25947 0.872373
      vertex -1.9784 3.27058 0.822242
    endloop
  endfacet
  facet normal 0 -0.976296 -0.21644
    outer loop
      vertex -2.05771 3.25947 0.872373
      vertex -2.05771 3.27058 0.822242
      vertex -1.9784 3.27058 0.822242
    endloop
  endfacet
  facet normal 0 -0.991445 -0.130528
    outer loop
      vertex -1.9784 3.27058 0.822242
      vertex -2.05771 3.27058 0.822242
      vertex -1.9784 3.27728 0.771334
    endloop
  endfacet
  facet normal 0 -0.991445 -0.130528
    outer loop
      vertex -2.05771 3.27058 0.822242
      vertex -2.05771 3.27728 0.771334
      vertex -1.9784 3.27728 0.771334
    endloop
  endfacet
  facet normal 0 -0.999048 -0.0436216
    outer loop
      vertex -1.9784 3.27728 0.771334
      vertex -2.05771 3.27728 0.771334
      vertex -1.9784 3.27952 0.720035
    endloop
  endfacet
  facet normal 0 -0.999048 -0.0436216
    outer loop
      vertex -2.05771 3.27728 0.771334
      vertex -2.05771 3.27952 0.720035
      vertex -1.9784 3.27952 0.720035
    endloop
  endfacet
  facet normal 0 -0.999048 0.0436216
    outer loop
      vertex -1.9784 3.27952 0.720035
      vertex -2.05771 3.27952 0.720035
      vertex -1.9784 3.27728 0.668736
    endloop
  endfacet
  facet normal 0 -0.999048 0.0436216
    outer loop
      vertex -2.05771 3.27952 0.720035
      vertex -2.05771 3.27728 0.668736
      vertex -1.9784 3.27728 0.668736
    endloop
  endfacet
  facet normal 0 -0.991445 0.130528
    outer loop
      vertex -1.9784 3.27728 0.668736
      vertex -2.05771 3.27728 0.668736
      vertex -1.9784 3.27058 0.617828
    endloop
  endfacet
  facet normal 0 -0.991445 0.130528
    outer loop
      vertex -2.05771 3.27728 0.668736
      vertex -2.05771 3.27058 0.617828
      vertex -1.9784 3.27058 0.617828
    endloop
  endfacet
  facet normal 0 -0.976296 0.21644
    outer loop
      vertex -1.9784 3.27058 0.617828
      vertex -2.05771 3.27058 0.617828
      vertex -1.9784 3.25947 0.567698
    endloop
  endfacet
  facet normal 0 -0.976296 0.21644
    outer loop
      vertex -2.05771 3.27058 0.617828
      vertex -2.05771 3.25947 0.567698
      vertex -1.9784 3.25947 0.567698
    endloop
  endfacet
  facet normal 0 -0.953717 0.300707
    outer loop
      vertex -1.9784 3.25947 0.567698
      vertex -2.05771 3.25947 0.567698
      vertex -1.9784 3.24403 0.518726
    endloop
  endfacet
  facet normal 0 -0.953717 0.300707
    outer loop
      vertex -2.05771 3.25947 0.567698
      vertex -2.05771 3.24403 0.518726
      vertex -1.9784 3.24403 0.518726
    endloop
  endfacet
  facet normal 0 -0.92388 0.382683
    outer loop
      vertex -1.9784 3.24403 0.518726
      vertex -2.05771 3.24403 0.518726
      vertex -1.9784 3.22438 0.471287
    endloop
  endfacet
  facet normal 0 -0.92388 0.382683
    outer loop
      vertex -2.05771 3.24403 0.518726
      vertex -2.05771 3.22438 0.471287
      vertex -1.9784 3.22438 0.471287
    endloop
  endfacet
  facet normal 0 -0.887012 0.461746
    outer loop
      vertex -1.9784 3.22438 0.471287
      vertex -2.05771 3.22438 0.471287
      vertex -1.9784 3.20067 0.425741
    endloop
  endfacet
  facet normal 0 -0.887012 0.461746
    outer loop
      vertex -2.05771 3.22438 0.471287
      vertex -2.05771 3.20067 0.425741
      vertex -1.9784 3.20067 0.425741
    endloop
  endfacet
  facet normal 0 -0.843391 0.5373
    outer loop
      vertex -1.9784 3.20067 0.425741
      vertex -2.05771 3.20067 0.425741
      vertex -1.9784 3.17308 0.382435
    endloop
  endfacet
  facet normal 0 -0.843391 0.5373
    outer loop
      vertex -2.05771 3.20067 0.425741
      vertex -2.05771 3.17308 0.382435
      vertex -1.9784 3.17308 0.382435
    endloop
  endfacet
  facet normal 0 -0.793354 0.60876
    outer loop
      vertex -1.9784 3.17308 0.382435
      vertex -2.05771 3.17308 0.382435
      vertex -1.9784 3.14182 0.341698
    endloop
  endfacet
  facet normal 0 -0.793354 0.60876
    outer loop
      vertex -2.05771 3.17308 0.382435
      vertex -2.05771 3.14182 0.341698
      vertex -1.9784 3.14182 0.341698
    endloop
  endfacet
  facet normal 0 -0.737277 0.675591
    outer loop
      vertex -1.9784 3.14182 0.341698
      vertex -2.05771 3.14182 0.341698
      vertex -1.9784 3.10713 0.303841
    endloop
  endfacet
  facet normal 0 -0.737277 0.675591
    outer loop
      vertex -2.05771 3.14182 0.341698
      vertex -2.05771 3.10713 0.303841
      vertex -1.9784 3.10713 0.303841
    endloop
  endfacet
  facet normal 0 -0.67559 0.737277
    outer loop
      vertex -1.9784 3.10713 0.303841
      vertex -2.05771 3.10713 0.303841
      vertex -1.9784 3.06927 0.269151
    endloop
  endfacet
  facet normal 0 -0.67559 0.737277
    outer loop
      vertex -2.05771 3.10713 0.303841
      vertex -2.05771 3.06927 0.269151
      vertex -1.9784 3.06927 0.269151
    endloop
  endfacet
  facet normal 0 -0.608762 0.793353
    outer loop
      vertex -1.9784 3.06927 0.269151
      vertex -2.05771 3.06927 0.269151
      vertex -1.9784 3.02854 0.237892
    endloop
  endfacet
  facet normal 0 -0.608762 0.793353
    outer loop
      vertex -2.05771 3.06927 0.269151
      vertex -2.05771 3.02854 0.237892
      vertex -1.9784 3.02854 0.237892
    endloop
  endfacet
  facet normal 0 -0.537298 0.843392
    outer loop
      vertex -1.9784 3.02854 0.237892
      vertex -2.05771 3.02854 0.237892
      vertex -1.9784 2.98523 0.210303
    endloop
  endfacet
  facet normal 0 -0.537298 0.843392
    outer loop
      vertex -2.05771 3.02854 0.237892
      vertex -2.05771 2.98523 0.210303
      vertex -1.9784 2.98523 0.210303
    endloop
  endfacet
  facet normal 0 -0.461749 0.887011
    outer loop
      vertex -1.9784 2.98523 0.210303
      vertex -2.05771 2.98523 0.210303
      vertex -1.9784 2.93968 0.186593
    endloop
  endfacet
  facet normal 0 -0.461749 0.887011
    outer loop
      vertex -2.05771 2.98523 0.210303
      vertex -2.05771 2.93968 0.186593
      vertex -1.9784 2.93968 0.186593
    endloop
  endfacet
  facet normal 0 -0.382684 0.923879
    outer loop
      vertex -1.9784 2.93968 0.186593
      vertex -2.05771 2.93968 0.186593
      vertex -1.9784 2.89224 0.166944
    endloop
  endfacet
  facet normal 0 -0.382684 0.923879
    outer loop
      vertex -2.05771 2.93968 0.186593
      vertex -2.05771 2.89224 0.166944
      vertex -1.9784 2.89224 0.166944
    endloop
  endfacet
  facet normal 0 -0.300706 0.953717
    outer loop
      vertex -1.9784 2.89224 0.166944
      vertex -2.05771 2.89224 0.166944
      vertex -1.9784 2.84327 0.151503
    endloop
  endfacet
  facet normal 0 -0.300706 0.953717
    outer loop
      vertex -2.05771 2.89224 0.166944
      vertex -2.05771 2.84327 0.151503
      vertex -1.9784 2.84327 0.151503
    endloop
  endfacet
  facet normal 0 -0.216439 0.976296
    outer loop
      vertex -1.9784 2.84327 0.151503
      vertex -2.05771 2.84327 0.151503
      vertex -1.9784 2.79314 0.140389
    endloop
  endfacet
  facet normal 0 -0.216439 0.976296
    outer loop
      vertex -2.05771 2.84327 0.151503
      vertex -2.05771 2.79314 0.140389
      vertex -1.9784 2.79314 0.140389
    endloop
  endfacet
  facet normal 0 -0.130527 0.991445
    outer loop
      vertex -1.9784 2.79314 0.140389
      vertex -2.05771 2.79314 0.140389
      vertex -1.9784 2.74223 0.133687
    endloop
  endfacet
  facet normal 0 -0.130527 0.991445
    outer loop
      vertex -2.05771 2.79314 0.140389
      vertex -2.05771 2.74223 0.133687
      vertex -1.9784 2.74223 0.133687
    endloop
  endfacet
  facet normal 0 -0.0436195 0.999048
    outer loop
      vertex -1.9784 2.74223 0.133687
      vertex -2.05771 2.74223 0.133687
      vertex -1.9784 2.69094 0.131447
    endloop
  endfacet
  facet normal 0 -0.0436195 0.999048
    outer loop
      vertex -2.05771 2.74223 0.133687
      vertex -2.05771 2.69094 0.131447
      vertex -1.9784 2.69094 0.131447
    endloop
  endfacet
  facet normal 0.70677 -0.0308582 -0.70677
    outer loop
      vertex -1.63117 2.69094 1.65094e-5
      vertex -1.55243 2.63504 0.0811969
      vertex -1.63117 2.62818 0.0027564
    endloop
  endfacet
  facet normal 0.70677 -0.0923398 -0.701391
    outer loop
      vertex -1.55243 2.63504 0.0811969
      vertex -1.55243 2.57958 0.0884991
      vertex -1.63117 2.62818 0.0027564
    endloop
  endfacet
  facet normal 0.70677 -0.0923397 -0.701391
    outer loop
      vertex -1.63117 2.62818 0.0027564
      vertex -1.55243 2.57958 0.0884991
      vertex -1.63117 2.56591 0.0109552
    endloop
  endfacet
  facet normal 0.70677 -0.153119 -0.690674
    outer loop
      vertex -1.55243 2.57958 0.0884991
      vertex -1.55243 2.52496 0.100608
      vertex -1.63117 2.56591 0.0109552
    endloop
  endfacet
  facet normal 0.70677 -0.153119 -0.690674
    outer loop
      vertex -1.63117 2.56591 0.0109552
      vertex -1.55243 2.52496 0.100608
      vertex -1.63117 2.50458 0.0245506
    endloop
  endfacet
  facet normal 0.70677 -0.212732 -0.674701
    outer loop
      vertex -1.55243 2.52496 0.100608
      vertex -1.55243 2.47161 0.117431
      vertex -1.63117 2.50458 0.0245506
    endloop
  endfacet
  facet normal 0.70677 -0.212732 -0.674701
    outer loop
      vertex -1.63117 2.50458 0.0245506
      vertex -1.55243 2.47161 0.117431
      vertex -1.63117 2.44467 0.043439
    endloop
  endfacet
  facet normal 0.70677 -0.270727 -0.653592
    outer loop
      vertex -1.55243 2.47161 0.117431
      vertex -1.55243 2.41992 0.138839
      vertex -1.63117 2.44467 0.043439
    endloop
  endfacet
  facet normal 0.70677 -0.270727 -0.653592
    outer loop
      vertex -1.63117 2.44467 0.043439
      vertex -1.55243 2.41992 0.138839
      vertex -1.63117 2.38664 0.0674767
    endloop
  endfacet
  facet normal 0.70677 -0.326661 -0.62751
    outer loop
      vertex -1.55243 2.41992 0.138839
      vertex -1.55243 2.3703 0.164672
      vertex -1.63117 2.38664 0.0674767
    endloop
  endfacet
  facet normal 0.70677 -0.32666 -0.62751
    outer loop
      vertex -1.63117 2.38664 0.0674767
      vertex -1.55243 2.3703 0.164672
      vertex -1.63117 2.33093 0.0964807
    endloop
  endfacet
  facet normal 0.70677 -0.380109 -0.596652
    outer loop
      vertex -1.55243 2.3703 0.164672
      vertex -1.55243 2.32311 0.194731
      vertex -1.63117 2.33093 0.0964807
    endloop
  endfacet
  facet normal 0.70677 -0.380109 -0.596652
    outer loop
      vertex -1.63117 2.33093 0.0964807
      vertex -1.55243 2.32311 0.194731
      vertex -1.63117 2.27795 0.13023
    endloop
  endfacet
  facet normal 0.70677 -0.430664 -0.561252
    outer loop
      vertex -1.55243 2.32311 0.194731
      vertex -1.55243 2.27873 0.228787
      vertex -1.63117 2.27795 0.13023
    endloop
  endfacet
  facet normal 0.70677 -0.430665 -0.561252
    outer loop
      vertex -1.63117 2.27795 0.13023
      vertex -1.55243 2.27873 0.228787
      vertex -1.63117 2.22812 0.168469
    endloop
  endfacet
  facet normal 0.70677 -0.477941 -0.521582
    outer loop
      vertex -1.55243 2.27873 0.228787
      vertex -1.55243 2.23748 0.266583
      vertex -1.63117 2.22812 0.168469
    endloop
  endfacet
  facet normal 0.70677 -0.477941 -0.521582
    outer loop
      vertex -1.63117 2.22812 0.168469
      vertex -1.55243 2.23748 0.266583
      vertex -1.63117 2.18181 0.210905
    endloop
  endfacet
  facet normal 0.70677 -0.521582 -0.477942
    outer loop
      vertex -1.55243 2.23748 0.266583
      vertex -1.55243 2.19969 0.307829
      vertex -1.63117 2.18181 0.210905
    endloop
  endfacet
  facet normal 0.70677 -0.521582 -0.477942
    outer loop
      vertex -1.63117 2.18181 0.210905
      vertex -1.55243 2.19969 0.307829
      vertex -1.63117 2.13937 0.257216
    endloop
  endfacet
  facet normal 0.70677 -0.561253 -0.430664
    outer loop
      vertex -1.55243 2.19969 0.307829
      vertex -1.55243 2.16563 0.352213
      vertex -1.63117 2.13937 0.257216
    endloop
  endfacet
  facet normal 0.70677 -0.561252 -0.430664
    outer loop
      vertex -1.63117 2.13937 0.257216
      vertex -1.55243 2.16563 0.352213
      vertex -1.63117 2.10113 0.307049
    endloop
  endfacet
  facet normal 0.70677 -0.596652 -0.380109
    outer loop
      vertex -1.55243 2.16563 0.352213
      vertex -1.55243 2.13557 0.399396
      vertex -1.63117 2.10113 0.307049
    endloop
  endfacet
  facet normal 0.70677 -0.596652 -0.380109
    outer loop
      vertex -1.63117 2.10113 0.307049
      vertex -1.55243 2.13557 0.399396
      vertex -1.63117 2.06738 0.360026
    endloop
  endfacet
  facet normal 0.70677 -0.62751 -0.326661
    outer loop
      vertex -1.55243 2.13557 0.399396
      vertex -1.55243 2.10974 0.449019
      vertex -1.63117 2.06738 0.360026
    endloop
  endfacet
  facet normal 0.70677 -0.62751 -0.326661
    outer loop
      vertex -1.63117 2.06738 0.360026
      vertex -1.55243 2.10974 0.449019
      vertex -1.63117 2.03838 0.415742
    endloop
  endfacet
  facet normal 0.70677 -0.653593 -0.270727
    outer loop
      vertex -1.55243 2.10974 0.449019
      vertex -1.55243 2.08833 0.500705
      vertex -1.63117 2.03838 0.415742
    endloop
  endfacet
  facet normal 0.70677 -0.653592 -0.270728
    outer loop
      vertex -1.63117 2.03838 0.415742
      vertex -1.55243 2.08833 0.500705
      vertex -1.63117 2.01434 0.473774
    endloop
  endfacet
  facet normal 0.70677 -0.674701 -0.212732
    outer loop
      vertex -1.55243 2.08833 0.500705
      vertex -1.55243 2.07151 0.55406
      vertex -1.63117 2.01434 0.473774
    endloop
  endfacet
  facet normal 0.70677 -0.6747 -0.212732
    outer loop
      vertex -1.63117 2.01434 0.473774
      vertex -1.55243 2.07151 0.55406
      vertex -1.63117 1.99545 0.533681
    endloop
  endfacet
  facet normal 0.70677 -0.690674 -0.15312
    outer loop
      vertex -1.55243 2.07151 0.55406
      vertex -1.55243 2.0594 0.608678
      vertex -1.63117 1.99545 0.533681
    endloop
  endfacet
  facet normal 0.70677 -0.690675 -0.153118
    outer loop
      vertex -1.63117 1.99545 0.533681
      vertex -1.55243 2.0594 0.608678
      vertex -1.63117 1.98186 0.595005
    endloop
  endfacet
  facet normal 0.70677 -0.701392 -0.0923393
    outer loop
      vertex -1.55243 2.0594 0.608678
      vertex -1.55243 2.0521 0.664144
      vertex -1.63117 1.98186 0.595005
    endloop
  endfacet
  facet normal 0.70677 -0.701391 -0.0923404
    outer loop
      vertex -1.63117 1.98186 0.595005
      vertex -1.55243 2.0521 0.664144
      vertex -1.63117 1.97366 0.657281
    endloop
  endfacet
  facet normal 0.70677 -0.70677 -0.0308577
    outer loop
      vertex -1.55243 2.0521 0.664144
      vertex -1.55243 2.04966 0.720035
      vertex -1.63117 1.97366 0.657281
    endloop
  endfacet
  facet normal 0.70677 -0.70677 -0.0308578
    outer loop
      vertex -1.63117 1.97366 0.657281
      vertex -1.55243 2.04966 0.720035
      vertex -1.63117 1.97092 0.720035
    endloop
  endfacet
  facet normal 0.70677 -0.70677 0.0308577
    outer loop
      vertex -1.55243 2.04966 0.720035
      vertex -1.55243 2.0521 0.775926
      vertex -1.63117 1.97092 0.720035
    endloop
  endfacet
  facet normal 0.70677 -0.70677 0.0308578
    outer loop
      vertex -1.63117 1.97092 0.720035
      vertex -1.55243 2.0521 0.775926
      vertex -1.63117 1.97366 0.782789
    endloop
  endfacet
  facet normal 0.70677 -0.701391 0.0923393
    outer loop
      vertex -1.55243 2.0521 0.775926
      vertex -1.55243 2.0594 0.831392
      vertex -1.63117 1.97366 0.782789
    endloop
  endfacet
  facet normal 0.70677 -0.701391 0.0923406
    outer loop
      vertex -1.63117 1.97366 0.782789
      vertex -1.55243 2.0594 0.831392
      vertex -1.63117 1.98186 0.845065
    endloop
  endfacet
  facet normal 0.70677 -0.690674 0.15312
    outer loop
      vertex -1.55243 2.0594 0.831392
      vertex -1.55243 2.07151 0.88601
      vertex -1.63117 1.98186 0.845065
    endloop
  endfacet
  facet normal 0.70677 -0.690674 0.153118
    outer loop
      vertex -1.63117 1.98186 0.845065
      vertex -1.55243 2.07151 0.88601
      vertex -1.63117 1.99545 0.90639
    endloop
  endfacet
  facet normal 0.70677 -0.674701 0.212732
    outer loop
      vertex -1.55243 2.07151 0.88601
      vertex -1.55243 2.08833 0.939365
      vertex -1.63117 1.99545 0.90639
    endloop
  endfacet
  facet normal 0.70677 -0.674701 0.212732
    outer loop
      vertex -1.63117 1.99545 0.90639
      vertex -1.55243 2.08833 0.939365
      vertex -1.63117 2.01434 0.966296
    endloop
  endfacet
  facet normal 0.70677 -0.653592 0.270727
    outer loop
      vertex -1.55243 2.08833 0.939365
      vertex -1.55243 2.10974 0.991051
      vertex -1.63117 2.01434 0.966296
    endloop
  endfacet
  facet normal 0.70677 -0.653592 0.270728
    outer loop
      vertex -1.63117 2.01434 0.966296
      vertex -1.55243 2.10974 0.991051
      vertex -1.63117 2.03838 1.02433
    endloop
  endfacet
  facet normal 0.70677 -0.62751 0.326661
    outer loop
      vertex -1.55243 2.10974 0.991051
      vertex -1.55243 2.13557 1.04067
      vertex -1.63117 2.03838 1.02433
    endloop
  endfacet
  facet normal 0.70677 -0.62751 0.326661
    outer loop
      vertex -1.63117 2.03838 1.02433
      vertex -1.55243 2.13557 1.04067
      vertex -1.63117 2.06738 1.08004
    endloop
  endfacet
  facet normal 0.70677 -0.596652 0.380109
    outer loop
      vertex -1.55243 2.13557 1.04067
      vertex -1.55243 2.16563 1.08786
      vertex -1.63117 2.06738 1.08004
    endloop
  endfacet
  facet normal 0.70677 -0.596652 0.380109
    outer loop
      vertex -1.63117 2.06738 1.08004
      vertex -1.55243 2.16563 1.08786
      vertex -1.63117 2.10113 1.13302
    endloop
  endfacet
  facet normal 0.70677 -0.561253 0.430664
    outer loop
      vertex -1.55243 2.16563 1.08786
      vertex -1.55243 2.19969 1.13224
      vertex -1.63117 2.10113 1.13302
    endloop
  endfacet
  facet normal 0.70677 -0.561253 0.430664
    outer loop
      vertex -1.63117 2.10113 1.13302
      vertex -1.55243 2.19969 1.13224
      vertex -1.63117 2.13937 1.18285
    endloop
  endfacet
  facet normal 0.70677 -0.521582 0.477941
    outer loop
      vertex -1.55243 2.19969 1.13224
      vertex -1.55243 2.23748 1.17349
      vertex -1.63117 2.13937 1.18285
    endloop
  endfacet
  facet normal 0.70677 -0.521582 0.477942
    outer loop
      vertex -1.63117 2.13937 1.18285
      vertex -1.55243 2.23748 1.17349
      vertex -1.63117 2.18181 1.22917
    endloop
  endfacet
  facet normal 0.70677 -0.477941 0.521583
    outer loop
      vertex -1.55243 2.23748 1.17349
      vertex -1.55243 2.27873 1.21128
      vertex -1.63117 2.18181 1.22917
    endloop
  endfacet
  facet normal 0.70677 -0.477941 0.521583
    outer loop
      vertex -1.63117 2.18181 1.22917
      vertex -1.55243 2.27873 1.21128
      vertex -1.63117 2.22812 1.2716
    endloop
  endfacet
  facet normal 0.70677 -0.430665 0.561252
    outer loop
      vertex -1.55243 2.27873 1.21128
      vertex -1.55243 2.32311 1.24534
      vertex -1.63117 2.22812 1.2716
    endloop
  endfacet
  facet normal 0.70677 -0.430665 0.561252
    outer loop
      vertex -1.63117 2.22812 1.2716
      vertex -1.55243 2.32311 1.24534
      vertex -1.63117 2.27795 1.30984
    endloop
  endfacet
  facet normal 0.70677 -0.380109 0.596652
    outer loop
      vertex -1.55243 2.32311 1.24534
      vertex -1.55243 2.3703 1.2754
      vertex -1.63117 2.27795 1.30984
    endloop
  endfacet
  facet normal 0.70677 -0.380109 0.596652
    outer loop
      vertex -1.63117 2.27795 1.30984
      vertex -1.55243 2.3703 1.2754
      vertex -1.63117 2.33093 1.34359
    endloop
  endfacet
  facet normal 0.70677 -0.326661 0.62751
    outer loop
      vertex -1.55243 2.3703 1.2754
      vertex -1.55243 2.41992 1.30123
      vertex -1.63117 2.33093 1.34359
    endloop
  endfacet
  facet normal 0.70677 -0.32666 0.627511
    outer loop
      vertex -1.63117 2.33093 1.34359
      vertex -1.55243 2.41992 1.30123
      vertex -1.63117 2.38664 1.37259
    endloop
  endfacet
  facet normal 0.70677 -0.270727 0.653593
    outer loop
      vertex -1.55243 2.41992 1.30123
      vertex -1.55243 2.47161 1.32264
      vertex -1.63117 2.38664 1.37259
    endloop
  endfacet
  facet normal 0.70677 -0.270728 0.653592
    outer loop
      vertex -1.63117 2.38664 1.37259
      vertex -1.55243 2.47161 1.32264
      vertex -1.63117 2.44467 1.39663
    endloop
  endfacet
  facet normal 0.70677 -0.212731 0.674701
    outer loop
      vertex -1.55243 2.47161 1.32264
      vertex -1.55243 2.52496 1.33946
      vertex -1.63117 2.44467 1.39663
    endloop
  endfacet
  facet normal 0.70677 -0.212732 0.674701
    outer loop
      vertex -1.63117 2.44467 1.39663
      vertex -1.55243 2.52496 1.33946
      vertex -1.63117 2.50458 1.41552
    endloop
  endfacet
  facet normal 0.70677 -0.15312 0.690674
    outer loop
      vertex -1.55243 2.52496 1.33946
      vertex -1.55243 2.57958 1.35157
      vertex -1.63117 2.50458 1.41552
    endloop
  endfacet
  facet normal 0.70677 -0.153118 0.690674
    outer loop
      vertex -1.63117 2.50458 1.41552
      vertex -1.55243 2.57958 1.35157
      vertex -1.63117 2.56591 1.42912
    endloop
  endfacet
  facet normal 0.70677 -0.0923393 0.701392
    outer loop
      vertex -1.55243 2.57958 1.35157
      vertex -1.55243 2.63504 1.35887
      vertex -1.63117 2.56591 1.42912
    endloop
  endfacet
  facet normal 0.70677 -0.0923403 0.701391
    outer loop
      vertex -1.63117 2.56591 1.42912
      vertex -1.55243 2.63504 1.35887
      vertex -1.63117 2.62818 1.43731
    endloop
  endfacet
  facet normal 0.70677 -0.0308577 0.70677
    outer loop
      vertex -1.55243 2.63504 1.35887
      vertex -1.55243 2.69094 1.36131
      vertex -1.63117 2.62818 1.43731
    endloop
  endfacet
  facet normal 0.70677 -0.0308578 0.70677
    outer loop
      vertex -1.63117 2.62818 1.43731
      vertex -1.55243 2.69094 1.36131
      vertex -1.63117 2.69094 1.44005
    endloop
  endfacet
  facet normal 0.70677 0.0308577 0.70677
    outer loop
      vertex -1.55243 2.69094 1.36131
      vertex -1.55243 2.74683 1.35887
      vertex -1.63117 2.69094 1.44005
    endloop
  endfacet
  facet normal 0.70677 0.0308579 0.70677
    outer loop
      vertex -1.63117 2.69094 1.44005
      vertex -1.55243 2.74683 1.35887
      vertex -1.63117 2.75369 1.43731
    endloop
  endfacet
  facet normal 0.70677 0.0923393 0.701391
    outer loop
      vertex -1.55243 2.74683 1.35887
      vertex -1.55243 2.80229 1.35157
      vertex -1.63117 2.75369 1.43731
    endloop
  endfacet
  facet normal 0.70677 0.0923404 0.701392
    outer loop
      vertex -1.63117 2.75369 1.43731
      vertex -1.55243 2.80229 1.35157
      vertex -1.63117 2.81597 1.42912
    endloop
  endfacet
  facet normal 0.706769 0.153121 0.690674
    outer loop
      vertex -1.55243 2.80229 1.35157
      vertex -1.55243 2.85691 1.33946
      vertex -1.63117 2.81597 1.42912
    endloop
  endfacet
  facet normal 0.706771 0.153117 0.690674
    outer loop
      vertex -1.63117 2.81597 1.42912
      vertex -1.55243 2.85691 1.33946
      vertex -1.63117 2.87729 1.41552
    endloop
  endfacet
  facet normal 0.706771 0.212731 0.6747
    outer loop
      vertex -1.55243 2.85691 1.33946
      vertex -1.55243 2.91027 1.32264
      vertex -1.63117 2.87729 1.41552
    endloop
  endfacet
  facet normal 0.70677 0.212733 0.674701
    outer loop
      vertex -1.63117 2.87729 1.41552
      vertex -1.55243 2.91027 1.32264
      vertex -1.63117 2.9372 1.39663
    endloop
  endfacet
  facet normal 0.70677 0.270727 0.653593
    outer loop
      vertex -1.55243 2.91027 1.32264
      vertex -1.55243 2.96195 1.30123
      vertex -1.63117 2.9372 1.39663
    endloop
  endfacet
  facet normal 0.706769 0.270728 0.653593
    outer loop
      vertex -1.63117 2.9372 1.39663
      vertex -1.55243 2.96195 1.30123
      vertex -1.63117 2.99523 1.37259
    endloop
  endfacet
  facet normal 0.706769 0.326662 0.62751
    outer loop
      vertex -1.55243 2.96195 1.30123
      vertex -1.55243 3.01158 1.2754
      vertex -1.63117 2.99523 1.37259
    endloop
  endfacet
  facet normal 0.70677 0.326661 0.62751
    outer loop
      vertex -1.63117 2.99523 1.37259
      vertex -1.55243 3.01158 1.2754
      vertex -1.63117 3.05094 1.34359
    endloop
  endfacet
  facet normal 0.70677 0.380109 0.596652
    outer loop
      vertex -1.55243 3.01158 1.2754
      vertex -1.55243 3.05876 1.24534
      vertex -1.63117 3.05094 1.34359
    endloop
  endfacet
  facet normal 0.70677 0.380108 0.596653
    outer loop
      vertex -1.63117 3.05094 1.34359
      vertex -1.55243 3.05876 1.24534
      vertex -1.63117 3.10392 1.30984
    endloop
  endfacet
  facet normal 0.70677 0.430666 0.561252
    outer loop
      vertex -1.55243 3.05876 1.24534
      vertex -1.55243 3.10314 1.21128
      vertex -1.63117 3.10392 1.30984
    endloop
  endfacet
  facet normal 0.70677 0.430665 0.561252
    outer loop
      vertex -1.63117 3.10392 1.30984
      vertex -1.55243 3.10314 1.21128
      vertex -1.63117 3.15375 1.2716
    endloop
  endfacet
  facet normal 0.70677 0.477941 0.521583
    outer loop
      vertex -1.55243 3.10314 1.21128
      vertex -1.55243 3.14439 1.17349
      vertex -1.63117 3.15375 1.2716
    endloop
  endfacet
  facet normal 0.70677 0.47794 0.521583
    outer loop
      vertex -1.63117 3.15375 1.2716
      vertex -1.55243 3.14439 1.17349
      vertex -1.63117 3.20007 1.22917
    endloop
  endfacet
  facet normal 0.70677 0.521581 0.477942
    outer loop
      vertex -1.55243 3.14439 1.17349
      vertex -1.55243 3.18218 1.13224
      vertex -1.63117 3.20007 1.22917
    endloop
  endfacet
  facet normal 0.70677 0.521583 0.477941
    outer loop
      vertex -1.63117 3.20007 1.22917
      vertex -1.55243 3.18218 1.13224
      vertex -1.63117 3.2425 1.18285
    endloop
  endfacet
  facet normal 0.706769 0.561253 0.430664
    outer loop
      vertex -1.55243 3.18218 1.13224
      vertex -1.55243 3.21624 1.08786
      vertex -1.63117 3.2425 1.18285
    endloop
  endfacet
  facet normal 0.70677 0.561253 0.430664
    outer loop
      vertex -1.63117 3.2425 1.18285
      vertex -1.55243 3.21624 1.08786
      vertex -1.63117 3.28074 1.13302
    endloop
  endfacet
  facet normal 0.706769 0.596653 0.380108
    outer loop
      vertex -1.55243 3.21624 1.08786
      vertex -1.55243 3.2463 1.04067
      vertex -1.63117 3.28074 1.13302
    endloop
  endfacet
  facet normal 0.70677 0.596652 0.380109
    outer loop
      vertex -1.63117 3.28074 1.13302
      vertex -1.55243 3.2463 1.04067
      vertex -1.63117 3.31449 1.08004
    endloop
  endfacet
  facet normal 0.70677 0.627509 0.326663
    outer loop
      vertex -1.55243 3.2463 1.04067
      vertex -1.55243 3.27213 0.991051
      vertex -1.63117 3.31449 1.08004
    endloop
  endfacet
  facet normal 0.70677 0.62751 0.326662
    outer loop
      vertex -1.63117 3.31449 1.08004
      vertex -1.55243 3.27213 0.991051
      vertex -1.63117 3.34349 1.02433
    endloop
  endfacet
  facet normal 0.70677 0.653593 0.270727
    outer loop
      vertex -1.55243 3.27213 0.991051
      vertex -1.55243 3.29354 0.939365
      vertex -1.63117 3.34349 1.02433
    endloop
  endfacet
  facet normal 0.70677 0.653592 0.270728
    outer loop
      vertex -1.63117 3.34349 1.02433
      vertex -1.55243 3.29354 0.939365
      vertex -1.63117 3.36753 0.966296
    endloop
  endfacet
  facet normal 0.70677 0.674701 0.212732
    outer loop
      vertex -1.55243 3.29354 0.939365
      vertex -1.55243 3.31036 0.88601
      vertex -1.63117 3.36753 0.966296
    endloop
  endfacet
  facet normal 0.70677 0.6747 0.212732
    outer loop
      vertex -1.63117 3.36753 0.966296
      vertex -1.55243 3.31036 0.88601
      vertex -1.63117 3.38642 0.90639
    endloop
  endfacet
  facet normal 0.70677 0.690674 0.15312
    outer loop
      vertex -1.55243 3.31036 0.88601
      vertex -1.55243 3.32247 0.831392
      vertex -1.63117 3.38642 0.90639
    endloop
  endfacet
  facet normal 0.70677 0.690675 0.153118
    outer loop
      vertex -1.63117 3.38642 0.90639
      vertex -1.55243 3.32247 0.831392
      vertex -1.63117 3.40002 0.845065
    endloop
  endfacet
  facet normal 0.70677 0.701392 0.0923393
    outer loop
      vertex -1.55243 3.32247 0.831392
      vertex -1.55243 3.32977 0.775926
      vertex -1.63117 3.40002 0.845065
    endloop
  endfacet
  facet normal 0.70677 0.701391 0.0923405
    outer loop
      vertex -1.63117 3.40002 0.845065
      vertex -1.55243 3.32977 0.775926
      vertex -1.63117 3.40821 0.782789
    endloop
  endfacet
  facet normal 0.70677 0.70677 0.0308577
    outer loop
      vertex -1.55243 3.32977 0.775926
      vertex -1.55243 3.33221 0.720035
      vertex -1.63117 3.40821 0.782789
    endloop
  endfacet
  facet normal 0.706769 0.706771 0.0308562
    outer loop
      vertex -1.63117 3.40821 0.782789
      vertex -1.55243 3.33221 0.720035
      vertex -1.63117 3.41095 0.720035
    endloop
  endfacet
  facet normal 0.706769 0.706771 -0.0308577
    outer loop
      vertex -1.55243 3.33221 0.720035
      vertex -1.55243 3.32977 0.664144
      vertex -1.63117 3.41095 0.720035
    endloop
  endfacet
  facet normal 0.70677 0.70677 -0.0308562
    outer loop
      vertex -1.63117 3.41095 0.720035
      vertex -1.55243 3.32977 0.664144
      vertex -1.63117 3.40821 0.657281
    endloop
  endfacet
  facet normal 0.70677 0.701391 -0.0923393
    outer loop
      vertex -1.55243 3.32977 0.664144
      vertex -1.55243 3.32247 0.608678
      vertex -1.63117 3.40821 0.657281
    endloop
  endfacet
  facet normal 0.70677 0.701391 -0.0923405
    outer loop
      vertex -1.63117 3.40821 0.657281
      vertex -1.55243 3.32247 0.608678
      vertex -1.63117 3.40002 0.595005
    endloop
  endfacet
  facet normal 0.70677 0.690674 -0.15312
    outer loop
      vertex -1.55243 3.32247 0.608678
      vertex -1.55243 3.31036 0.55406
      vertex -1.63117 3.40002 0.595005
    endloop
  endfacet
  facet normal 0.70677 0.690674 -0.153118
    outer loop
      vertex -1.63117 3.40002 0.595005
      vertex -1.55243 3.31036 0.55406
      vertex -1.63117 3.38642 0.533681
    endloop
  endfacet
  facet normal 0.70677 0.674701 -0.212732
    outer loop
      vertex -1.55243 3.31036 0.55406
      vertex -1.55243 3.29354 0.500705
      vertex -1.63117 3.38642 0.533681
    endloop
  endfacet
  facet normal 0.70677 0.674701 -0.212732
    outer loop
      vertex -1.63117 3.38642 0.533681
      vertex -1.55243 3.29354 0.500705
      vertex -1.63117 3.36753 0.473774
    endloop
  endfacet
  facet normal 0.70677 0.653592 -0.270727
    outer loop
      vertex -1.55243 3.29354 0.500705
      vertex -1.55243 3.27213 0.449019
      vertex -1.63117 3.36753 0.473774
    endloop
  endfacet
  facet normal 0.70677 0.653592 -0.270728
    outer loop
      vertex -1.63117 3.36753 0.473774
      vertex -1.55243 3.27213 0.449019
      vertex -1.63117 3.34349 0.415742
    endloop
  endfacet
  facet normal 0.70677 0.627509 -0.326663
    outer loop
      vertex -1.55243 3.27213 0.449019
      vertex -1.55243 3.2463 0.399396
      vertex -1.63117 3.34349 0.415742
    endloop
  endfacet
  facet normal 0.70677 0.627509 -0.326662
    outer loop
      vertex -1.63117 3.34349 0.415742
      vertex -1.55243 3.2463 0.399396
      vertex -1.63117 3.31449 0.360026
    endloop
  endfacet
  facet normal 0.70677 0.596653 -0.380107
    outer loop
      vertex -1.55243 3.2463 0.399396
      vertex -1.55243 3.21624 0.352213
      vertex -1.63117 3.31449 0.360026
    endloop
  endfacet
  facet normal 0.706769 0.596652 -0.380109
    outer loop
      vertex -1.63117 3.31449 0.360026
      vertex -1.55243 3.21624 0.352213
      vertex -1.63117 3.28074 0.307049
    endloop
  endfacet
  facet normal 0.70677 0.561253 -0.430665
    outer loop
      vertex -1.55243 3.21624 0.352213
      vertex -1.55243 3.18218 0.307829
      vertex -1.63117 3.28074 0.307049
    endloop
  endfacet
  facet normal 0.706769 0.561253 -0.430665
    outer loop
      vertex -1.63117 3.28074 0.307049
      vertex -1.55243 3.18218 0.307829
      vertex -1.63117 3.2425 0.257216
    endloop
  endfacet
  facet normal 0.706769 0.521582 -0.477943
    outer loop
      vertex -1.55243 3.18218 0.307829
      vertex -1.55243 3.14439 0.266583
      vertex -1.63117 3.2425 0.257216
    endloop
  endfacet
  facet normal 0.70677 0.521583 -0.47794
    outer loop
      vertex -1.63117 3.2425 0.257216
      vertex -1.55243 3.14439 0.266583
      vertex -1.63117 3.20007 0.210905
    endloop
  endfacet
  facet normal 0.70677 0.477941 -0.521582
    outer loop
      vertex -1.55243 3.14439 0.266583
      vertex -1.55243 3.10314 0.228787
      vertex -1.63117 3.20007 0.210905
    endloop
  endfacet
  facet normal 0.70677 0.477941 -0.521583
    outer loop
      vertex -1.63117 3.20007 0.210905
      vertex -1.55243 3.10314 0.228787
      vertex -1.63117 3.15375 0.168469
    endloop
  endfacet
  facet normal 0.70677 0.430665 -0.561252
    outer loop
      vertex -1.55243 3.10314 0.228787
      vertex -1.55243 3.05876 0.194731
      vertex -1.63117 3.15375 0.168469
    endloop
  endfacet
  facet normal 0.70677 0.430665 -0.561252
    outer loop
      vertex -1.63117 3.15375 0.168469
      vertex -1.55243 3.05876 0.194731
      vertex -1.63117 3.10392 0.13023
    endloop
  endfacet
  facet normal 0.70677 0.380109 -0.596652
    outer loop
      vertex -1.55243 3.05876 0.194731
      vertex -1.55243 3.01158 0.164672
      vertex -1.63117 3.10392 0.13023
    endloop
  endfacet
  facet normal 0.706769 0.380109 -0.596653
    outer loop
      vertex -1.63117 3.10392 0.13023
      vertex -1.55243 3.01158 0.164672
      vertex -1.63117 3.05094 0.0964807
    endloop
  endfacet
  facet normal 0.70677 0.326661 -0.62751
    outer loop
      vertex -1.55243 3.01158 0.164672
      vertex -1.55243 2.96195 0.138839
      vertex -1.63117 3.05094 0.0964807
    endloop
  endfacet
  facet normal 0.70677 0.326661 -0.62751
    outer loop
      vertex -1.63117 3.05094 0.0964807
      vertex -1.55243 2.96195 0.138839
      vertex -1.63117 2.99523 0.0674767
    endloop
  endfacet
  facet normal 0.70677 0.270727 -0.653593
    outer loop
      vertex -1.55243 2.96195 0.138839
      vertex -1.55243 2.91027 0.117431
      vertex -1.63117 2.99523 0.0674767
    endloop
  endfacet
  facet normal 0.70677 0.270727 -0.653593
    outer loop
      vertex -1.63117 2.99523 0.0674767
      vertex -1.55243 2.91027 0.117431
      vertex -1.63117 2.9372 0.043439
    endloop
  endfacet
  facet normal 0.70677 0.212732 -0.674701
    outer loop
      vertex -1.55243 2.91027 0.117431
      vertex -1.55243 2.85691 0.100608
      vertex -1.63117 2.9372 0.043439
    endloop
  endfacet
  facet normal 0.70677 0.212733 -0.6747
    outer loop
      vertex -1.63117 2.9372 0.043439
      vertex -1.55243 2.85691 0.100608
      vertex -1.63117 2.87729 0.0245506
    endloop
  endfacet
  facet normal 0.70677 0.153119 -0.690674
    outer loop
      vertex -1.55243 2.85691 0.100608
      vertex -1.55243 2.80229 0.0884991
      vertex -1.63117 2.87729 0.0245506
    endloop
  endfacet
  facet normal 0.70677 0.153119 -0.690674
    outer loop
      vertex -1.63117 2.87729 0.0245506
      vertex -1.55243 2.80229 0.0884991
      vertex -1.63117 2.81597 0.0109552
    endloop
  endfacet
  facet normal 0.70677 0.0923399 -0.701391
    outer loop
      vertex -1.55243 2.80229 0.0884991
      vertex -1.55243 2.74683 0.0811969
      vertex -1.63117 2.81597 0.0109552
    endloop
  endfacet
  facet normal 0.70677 0.0923397 -0.701391
    outer loop
      vertex -1.63117 2.81597 0.0109552
      vertex -1.55243 2.74683 0.0811969
      vertex -1.63117 2.75369 0.0027564
    endloop
  endfacet
  facet normal 0.70677 0.0308583 -0.70677
    outer loop
      vertex -1.55243 2.74683 0.0811969
      vertex -1.55243 2.69094 0.0787567
      vertex -1.63117 2.75369 0.0027564
    endloop
  endfacet
  facet normal 0.70677 0.0308584 -0.70677
    outer loop
      vertex -1.63117 2.75369 0.0027564
      vertex -1.55243 2.69094 0.0787567
      vertex -1.63117 2.69094 1.65094e-5
    endloop
  endfacet
  facet normal 0.70677 -0.0308582 -0.70677
    outer loop
      vertex -1.55243 2.69094 0.0787567
      vertex -1.55243 2.63504 0.0811969
      vertex -1.63117 2.69094 1.65094e-5
    endloop
  endfacet
endsolid Mesh
