solid Mesh
  facet normal -0.70677 0.0308583 -0.70677
    outer loop
      vertex 1.63117 -2.37097 -0.0164306
      vertex 1.55243 -2.31364 0.0648124
      vertex 1.63117 -2.30678 -0.0136281
    endloop
  endfacet
  facet normal -0.70677 0.09234 -0.701391
    outer loop
      vertex 1.55243 -2.31364 0.0648124
      vertex 1.55243 -2.25676 0.0723019
      vertex 1.63117 -2.30678 -0.0136281
    endloop
  endfacet
  facet normal -0.70677 0.09234 -0.701391
    outer loop
      vertex 1.63117 -2.30678 -0.0136281
      vertex 1.55243 -2.25676 0.0723019
      vertex 1.63117 -2.24308 -0.00524201
    endloop
  endfacet
  facet normal -0.70677 0.153119 -0.690674
    outer loop
      vertex 1.55243 -2.25676 0.0723019
      vertex 1.55243 -2.20074 0.084721
      vertex 1.63117 -2.24308 -0.00524201
    endloop
  endfacet
  facet normal -0.70677 0.153119 -0.690674
    outer loop
      vertex 1.63117 -2.24308 -0.00524201
      vertex 1.55243 -2.20074 0.084721
      vertex 1.63117 -2.18036 0.00866388
    endloop
  endfacet
  facet normal -0.70677 0.212732 -0.674701
    outer loop
      vertex 1.55243 -2.20074 0.084721
      vertex 1.55243 -2.14601 0.101975
      vertex 1.63117 -2.18036 0.00866388
    endloop
  endfacet
  facet normal -0.70677 0.212732 -0.674701
    outer loop
      vertex 1.63117 -2.18036 0.00866388
      vertex 1.55243 -2.14601 0.101975
      vertex 1.63117 -2.11908 0.0279837
    endloop
  endfacet
  facet normal -0.70677 0.270727 -0.653592
    outer loop
      vertex 1.55243 -2.14601 0.101975
      vertex 1.55243 -2.093 0.123933
      vertex 1.63117 -2.11908 0.0279837
    endloop
  endfacet
  facet normal -0.70677 0.270727 -0.653592
    outer loop
      vertex 1.63117 -2.11908 0.0279837
      vertex 1.55243 -2.093 0.123933
      vertex 1.63117 -2.05973 0.0525705
    endloop
  endfacet
  facet normal -0.70677 0.326661 -0.62751
    outer loop
      vertex 1.55243 -2.093 0.123933
      vertex 1.55243 -2.04211 0.150428
      vertex 1.63117 -2.05973 0.0525705
    endloop
  endfacet
  facet normal -0.70677 0.326661 -0.62751
    outer loop
      vertex 1.63117 -2.05973 0.0525705
      vertex 1.55243 -2.04211 0.150428
      vertex 1.63117 -2.00274 0.0822371
    endloop
  endfacet
  facet normal -0.70677 0.380109 -0.596652
    outer loop
      vertex 1.55243 -2.04211 0.150428
      vertex 1.55243 -1.99371 0.181258
      vertex 1.63117 -2.00274 0.0822371
    endloop
  endfacet
  facet normal -0.70677 0.380109 -0.596652
    outer loop
      vertex 1.63117 -2.00274 0.0822371
      vertex 1.55243 -1.99371 0.181258
      vertex 1.63117 -1.94855 0.116758
    endloop
  endfacet
  facet normal -0.70677 0.430664 -0.561253
    outer loop
      vertex 1.55243 -1.99371 0.181258
      vertex 1.55243 -1.94819 0.216188
      vertex 1.63117 -1.94855 0.116758
    endloop
  endfacet
  facet normal -0.70677 0.430664 -0.561253
    outer loop
      vertex 1.63117 -1.94855 0.116758
      vertex 1.55243 -1.94819 0.216188
      vertex 1.63117 -1.89758 0.15587
    endloop
  endfacet
  facet normal -0.70677 0.477942 -0.521582
    outer loop
      vertex 1.55243 -1.94819 0.216188
      vertex 1.55243 -1.90589 0.254953
      vertex 1.63117 -1.89758 0.15587
    endloop
  endfacet
  facet normal -0.70677 0.477942 -0.521582
    outer loop
      vertex 1.63117 -1.89758 0.15587
      vertex 1.55243 -1.90589 0.254953
      vertex 1.63117 -1.85021 0.199275
    endloop
  endfacet
  facet normal -0.70677 0.521582 -0.477942
    outer loop
      vertex 1.55243 -1.90589 0.254953
      vertex 1.55243 -1.86712 0.297257
      vertex 1.63117 -1.85021 0.199275
    endloop
  endfacet
  facet normal -0.70677 0.521582 -0.477942
    outer loop
      vertex 1.63117 -1.85021 0.199275
      vertex 1.55243 -1.86712 0.297257
      vertex 1.63117 -1.8068 0.246644
    endloop
  endfacet
  facet normal -0.70677 0.561253 -0.430664
    outer loop
      vertex 1.55243 -1.86712 0.297257
      vertex 1.55243 -1.83219 0.342779
      vertex 1.63117 -1.8068 0.246644
    endloop
  endfacet
  facet normal -0.70677 0.561253 -0.430664
    outer loop
      vertex 1.63117 -1.8068 0.246644
      vertex 1.55243 -1.83219 0.342779
      vertex 1.63117 -1.76769 0.297616
    endloop
  endfacet
  facet normal -0.70677 0.596652 -0.380109
    outer loop
      vertex 1.55243 -1.83219 0.342779
      vertex 1.55243 -1.80136 0.391172
      vertex 1.63117 -1.76769 0.297616
    endloop
  endfacet
  facet normal -0.70677 0.596653 -0.380109
    outer loop
      vertex 1.63117 -1.76769 0.297616
      vertex 1.55243 -1.80136 0.391172
      vertex 1.63117 -1.73317 0.351802
    endloop
  endfacet
  facet normal -0.706769 0.62751 -0.326661
    outer loop
      vertex 1.55243 -1.80136 0.391172
      vertex 1.55243 -1.77487 0.442068
      vertex 1.63117 -1.73317 0.351802
    endloop
  endfacet
  facet normal -0.70677 0.62751 -0.326662
    outer loop
      vertex 1.63117 -1.73317 0.351802
      vertex 1.55243 -1.77487 0.442068
      vertex 1.63117 -1.7035 0.408791
    endloop
  endfacet
  facet normal -0.70677 0.653593 -0.270727
    outer loop
      vertex 1.55243 -1.77487 0.442068
      vertex 1.55243 -1.75291 0.49508
      vertex 1.63117 -1.7035 0.408791
    endloop
  endfacet
  facet normal -0.70677 0.653593 -0.270727
    outer loop
      vertex 1.63117 -1.7035 0.408791
      vertex 1.55243 -1.75291 0.49508
      vertex 1.63117 -1.67892 0.468149
    endloop
  endfacet
  facet normal -0.70677 0.674701 -0.212733
    outer loop
      vertex 1.55243 -1.75291 0.49508
      vertex 1.55243 -1.73565 0.549803
      vertex 1.63117 -1.67892 0.468149
    endloop
  endfacet
  facet normal -0.70677 0.674701 -0.212733
    outer loop
      vertex 1.63117 -1.67892 0.468149
      vertex 1.55243 -1.73565 0.549803
      vertex 1.63117 -1.6596 0.529424
    endloop
  endfacet
  facet normal -0.70677 0.690675 -0.153117
    outer loop
      vertex 1.55243 -1.73565 0.549803
      vertex 1.55243 -1.72324 0.605822
      vertex 1.63117 -1.6596 0.529424
    endloop
  endfacet
  facet normal -0.70677 0.690674 -0.153119
    outer loop
      vertex 1.63117 -1.6596 0.529424
      vertex 1.55243 -1.72324 0.605822
      vertex 1.63117 -1.64569 0.592149
    endloop
  endfacet
  facet normal -0.70677 0.701391 -0.0923412
    outer loop
      vertex 1.55243 -1.72324 0.605822
      vertex 1.55243 -1.71575 0.662711
      vertex 1.63117 -1.64569 0.592149
    endloop
  endfacet
  facet normal -0.70677 0.701391 -0.0923406
    outer loop
      vertex 1.63117 -1.64569 0.592149
      vertex 1.55243 -1.71575 0.662711
      vertex 1.63117 -1.63731 0.655848
    endloop
  endfacet
  facet normal -0.70677 0.70677 -0.0308581
    outer loop
      vertex 1.55243 -1.71575 0.662711
      vertex 1.55243 -1.71324 0.720035
      vertex 1.63117 -1.63731 0.655848
    endloop
  endfacet
  facet normal -0.70677 0.70677 -0.0308582
    outer loop
      vertex 1.63117 -1.63731 0.655848
      vertex 1.55243 -1.71324 0.720035
      vertex 1.63117 -1.6345 0.720035
    endloop
  endfacet
  facet normal -0.70677 0.70677 0.0308581
    outer loop
      vertex 1.55243 -1.71324 0.720035
      vertex 1.55243 -1.71575 0.77736
      vertex 1.63117 -1.6345 0.720035
    endloop
  endfacet
  facet normal -0.70677 0.70677 0.0308583
    outer loop
      vertex 1.63117 -1.6345 0.720035
      vertex 1.55243 -1.71575 0.77736
      vertex 1.63117 -1.63731 0.784222
    endloop
  endfacet
  facet normal -0.70677 0.701391 0.0923413
    outer loop
      vertex 1.55243 -1.71575 0.77736
      vertex 1.55243 -1.72324 0.834248
      vertex 1.63117 -1.63731 0.784222
    endloop
  endfacet
  facet normal -0.70677 0.701391 0.0923405
    outer loop
      vertex 1.63117 -1.63731 0.784222
      vertex 1.55243 -1.72324 0.834248
      vertex 1.63117 -1.64569 0.847921
    endloop
  endfacet
  facet normal -0.70677 0.690674 0.153117
    outer loop
      vertex 1.55243 -1.72324 0.834248
      vertex 1.55243 -1.73565 0.890267
      vertex 1.63117 -1.64569 0.847921
    endloop
  endfacet
  facet normal -0.70677 0.690674 0.153119
    outer loop
      vertex 1.63117 -1.64569 0.847921
      vertex 1.55243 -1.73565 0.890267
      vertex 1.63117 -1.6596 0.910647
    endloop
  endfacet
  facet normal -0.70677 0.674701 0.212732
    outer loop
      vertex 1.55243 -1.73565 0.890267
      vertex 1.55243 -1.75291 0.944991
      vertex 1.63117 -1.6596 0.910647
    endloop
  endfacet
  facet normal -0.70677 0.674701 0.212733
    outer loop
      vertex 1.63117 -1.6596 0.910647
      vertex 1.55243 -1.75291 0.944991
      vertex 1.63117 -1.67892 0.971921
    endloop
  endfacet
  facet normal -0.70677 0.653593 0.270727
    outer loop
      vertex 1.55243 -1.75291 0.944991
      vertex 1.55243 -1.77487 0.998002
      vertex 1.63117 -1.67892 0.971921
    endloop
  endfacet
  facet normal -0.70677 0.653593 0.270727
    outer loop
      vertex 1.63117 -1.67892 0.971921
      vertex 1.55243 -1.77487 0.998002
      vertex 1.63117 -1.7035 1.03128
    endloop
  endfacet
  facet normal -0.70677 0.62751 0.326661
    outer loop
      vertex 1.55243 -1.77487 0.998002
      vertex 1.55243 -1.80136 1.0489
      vertex 1.63117 -1.7035 1.03128
    endloop
  endfacet
  facet normal -0.70677 0.62751 0.326662
    outer loop
      vertex 1.63117 -1.7035 1.03128
      vertex 1.55243 -1.80136 1.0489
      vertex 1.63117 -1.73317 1.08827
    endloop
  endfacet
  facet normal -0.70677 0.596652 0.38011
    outer loop
      vertex 1.55243 -1.80136 1.0489
      vertex 1.55243 -1.83219 1.09729
      vertex 1.63117 -1.73317 1.08827
    endloop
  endfacet
  facet normal -0.70677 0.596652 0.380108
    outer loop
      vertex 1.63117 -1.73317 1.08827
      vertex 1.55243 -1.83219 1.09729
      vertex 1.63117 -1.76769 1.14245
    endloop
  endfacet
  facet normal -0.70677 0.561253 0.430664
    outer loop
      vertex 1.55243 -1.83219 1.09729
      vertex 1.55243 -1.86712 1.14281
      vertex 1.63117 -1.76769 1.14245
    endloop
  endfacet
  facet normal -0.70677 0.561253 0.430664
    outer loop
      vertex 1.63117 -1.76769 1.14245
      vertex 1.55243 -1.86712 1.14281
      vertex 1.63117 -1.8068 1.19343
    endloop
  endfacet
  facet normal -0.70677 0.521581 0.477942
    outer loop
      vertex 1.55243 -1.86712 1.14281
      vertex 1.55243 -1.90589 1.18512
      vertex 1.63117 -1.8068 1.19343
    endloop
  endfacet
  facet normal -0.70677 0.521581 0.477943
    outer loop
      vertex 1.63117 -1.8068 1.19343
      vertex 1.55243 -1.90589 1.18512
      vertex 1.63117 -1.85021 1.2408
    endloop
  endfacet
  facet normal -0.70677 0.477942 0.521581
    outer loop
      vertex 1.55243 -1.90589 1.18512
      vertex 1.55243 -1.94819 1.22388
      vertex 1.63117 -1.85021 1.2408
    endloop
  endfacet
  facet normal -0.70677 0.477943 0.521581
    outer loop
      vertex 1.63117 -1.85021 1.2408
      vertex 1.55243 -1.94819 1.22388
      vertex 1.63117 -1.89758 1.2842
    endloop
  endfacet
  facet normal -0.70677 0.430663 0.561253
    outer loop
      vertex 1.55243 -1.94819 1.22388
      vertex 1.55243 -1.99371 1.25881
      vertex 1.63117 -1.89758 1.2842
    endloop
  endfacet
  facet normal -0.70677 0.430664 0.561253
    outer loop
      vertex 1.63117 -1.89758 1.2842
      vertex 1.55243 -1.99371 1.25881
      vertex 1.63117 -1.94855 1.32331
    endloop
  endfacet
  facet normal -0.70677 0.380109 0.596651
    outer loop
      vertex 1.55243 -1.99371 1.25881
      vertex 1.55243 -2.04211 1.28964
      vertex 1.63117 -1.94855 1.32331
    endloop
  endfacet
  facet normal -0.70677 0.380109 0.596651
    outer loop
      vertex 1.63117 -1.94855 1.32331
      vertex 1.55243 -2.04211 1.28964
      vertex 1.63117 -2.00274 1.35783
    endloop
  endfacet
  facet normal -0.70677 0.326661 0.62751
    outer loop
      vertex 1.55243 -2.04211 1.28964
      vertex 1.55243 -2.093 1.31614
      vertex 1.63117 -2.00274 1.35783
    endloop
  endfacet
  facet normal -0.70677 0.32666 0.62751
    outer loop
      vertex 1.63117 -2.00274 1.35783
      vertex 1.55243 -2.093 1.31614
      vertex 1.63117 -2.05973 1.3875
    endloop
  endfacet
  facet normal -0.70677 0.270727 0.653592
    outer loop
      vertex 1.55243 -2.093 1.31614
      vertex 1.55243 -2.14601 1.3381
      vertex 1.63117 -2.05973 1.3875
    endloop
  endfacet
  facet normal -0.70677 0.270727 0.653593
    outer loop
      vertex 1.63117 -2.05973 1.3875
      vertex 1.55243 -2.14601 1.3381
      vertex 1.63117 -2.11908 1.41209
    endloop
  endfacet
  facet normal -0.70677 0.212732 0.674701
    outer loop
      vertex 1.55243 -2.14601 1.3381
      vertex 1.55243 -2.20074 1.35535
      vertex 1.63117 -2.11908 1.41209
    endloop
  endfacet
  facet normal -0.70677 0.212733 0.674701
    outer loop
      vertex 1.63117 -2.11908 1.41209
      vertex 1.55243 -2.20074 1.35535
      vertex 1.63117 -2.18036 1.43141
    endloop
  endfacet
  facet normal -0.70677 0.153119 0.690674
    outer loop
      vertex 1.55243 -2.20074 1.35535
      vertex 1.55243 -2.25676 1.36777
      vertex 1.63117 -2.18036 1.43141
    endloop
  endfacet
  facet normal -0.706769 0.153119 0.690675
    outer loop
      vertex 1.63117 -2.18036 1.43141
      vertex 1.55243 -2.25676 1.36777
      vertex 1.63117 -2.24308 1.44531
    endloop
  endfacet
  facet normal -0.706769 0.0923395 0.701392
    outer loop
      vertex 1.55243 -2.25676 1.36777
      vertex 1.55243 -2.31364 1.37526
      vertex 1.63117 -2.24308 1.44531
    endloop
  endfacet
  facet normal -0.70677 0.0923407 0.701391
    outer loop
      vertex 1.63117 -2.24308 1.44531
      vertex 1.55243 -2.31364 1.37526
      vertex 1.63117 -2.30678 1.4537
    endloop
  endfacet
  facet normal -0.70677 0.0308582 0.70677
    outer loop
      vertex 1.55243 -2.31364 1.37526
      vertex 1.55243 -2.37097 1.37776
      vertex 1.63117 -2.30678 1.4537
    endloop
  endfacet
  facet normal -0.70677 0.0308583 0.70677
    outer loop
      vertex 1.63117 -2.30678 1.4537
      vertex 1.55243 -2.37097 1.37776
      vertex 1.63117 -2.37097 1.4565
    endloop
  endfacet
  facet normal -0.70677 -0.0308581 0.70677
    outer loop
      vertex 1.55243 -2.37097 1.37776
      vertex 1.55243 -2.42829 1.37526
      vertex 1.63117 -2.37097 1.4565
    endloop
  endfacet
  facet normal -0.70677 -0.0308582 0.70677
    outer loop
      vertex 1.63117 -2.37097 1.4565
      vertex 1.55243 -2.42829 1.37526
      vertex 1.63117 -2.43516 1.4537
    endloop
  endfacet
  facet normal -0.70677 -0.0923392 0.701391
    outer loop
      vertex 1.55243 -2.42829 1.37526
      vertex 1.55243 -2.48518 1.36777
      vertex 1.63117 -2.43516 1.4537
    endloop
  endfacet
  facet normal -0.70677 -0.0923407 0.701391
    outer loop
      vertex 1.63117 -2.43516 1.4537
      vertex 1.55243 -2.48518 1.36777
      vertex 1.63117 -2.49886 1.44531
    endloop
  endfacet
  facet normal -0.706769 -0.153119 0.690675
    outer loop
      vertex 1.55243 -2.48518 1.36777
      vertex 1.55243 -2.5412 1.35535
      vertex 1.63117 -2.49886 1.44531
    endloop
  endfacet
  facet normal -0.70677 -0.153119 0.690675
    outer loop
      vertex 1.63117 -2.49886 1.44531
      vertex 1.55243 -2.5412 1.35535
      vertex 1.63117 -2.56158 1.43141
    endloop
  endfacet
  facet normal -0.70677 -0.212732 0.674701
    outer loop
      vertex 1.55243 -2.5412 1.35535
      vertex 1.55243 -2.59592 1.3381
      vertex 1.63117 -2.56158 1.43141
    endloop
  endfacet
  facet normal -0.706769 -0.212732 0.674701
    outer loop
      vertex 1.63117 -2.56158 1.43141
      vertex 1.55243 -2.59592 1.3381
      vertex 1.63117 -2.62286 1.41209
    endloop
  endfacet
  facet normal -0.706769 -0.270729 0.653592
    outer loop
      vertex 1.55243 -2.59592 1.3381
      vertex 1.55243 -2.64894 1.31614
      vertex 1.63117 -2.62286 1.41209
    endloop
  endfacet
  facet normal -0.70677 -0.270727 0.653592
    outer loop
      vertex 1.63117 -2.62286 1.41209
      vertex 1.55243 -2.64894 1.31614
      vertex 1.63117 -2.68221 1.3875
    endloop
  endfacet
  facet normal -0.70677 -0.326661 0.62751
    outer loop
      vertex 1.55243 -2.64894 1.31614
      vertex 1.55243 -2.69983 1.28964
      vertex 1.63117 -2.68221 1.3875
    endloop
  endfacet
  facet normal -0.70677 -0.32666 0.62751
    outer loop
      vertex 1.63117 -2.68221 1.3875
      vertex 1.55243 -2.69983 1.28964
      vertex 1.63117 -2.7392 1.35783
    endloop
  endfacet
  facet normal -0.70677 -0.380108 0.596652
    outer loop
      vertex 1.55243 -2.69983 1.28964
      vertex 1.55243 -2.74823 1.25881
      vertex 1.63117 -2.7392 1.35783
    endloop
  endfacet
  facet normal -0.70677 -0.380109 0.596652
    outer loop
      vertex 1.63117 -2.7392 1.35783
      vertex 1.55243 -2.74823 1.25881
      vertex 1.63117 -2.79339 1.32331
    endloop
  endfacet
  facet normal -0.70677 -0.430664 0.561253
    outer loop
      vertex 1.55243 -2.74823 1.25881
      vertex 1.55243 -2.79375 1.22388
      vertex 1.63117 -2.79339 1.32331
    endloop
  endfacet
  facet normal -0.70677 -0.430664 0.561253
    outer loop
      vertex 1.63117 -2.79339 1.32331
      vertex 1.55243 -2.79375 1.22388
      vertex 1.63117 -2.84436 1.2842
    endloop
  endfacet
  facet normal -0.70677 -0.477942 0.521581
    outer loop
      vertex 1.55243 -2.79375 1.22388
      vertex 1.55243 -2.83605 1.18512
      vertex 1.63117 -2.84436 1.2842
    endloop
  endfacet
  facet normal -0.70677 -0.477941 0.521582
    outer loop
      vertex 1.63117 -2.84436 1.2842
      vertex 1.55243 -2.83605 1.18512
      vertex 1.63117 -2.89173 1.2408
    endloop
  endfacet
  facet normal -0.70677 -0.52158 0.477943
    outer loop
      vertex 1.55243 -2.83605 1.18512
      vertex 1.55243 -2.87482 1.14281
      vertex 1.63117 -2.89173 1.2408
    endloop
  endfacet
  facet normal -0.70677 -0.521583 0.477942
    outer loop
      vertex 1.63117 -2.89173 1.2408
      vertex 1.55243 -2.87482 1.14281
      vertex 1.63117 -2.93513 1.19343
    endloop
  endfacet
  facet normal -0.706769 -0.561254 0.430663
    outer loop
      vertex 1.55243 -2.87482 1.14281
      vertex 1.55243 -2.90975 1.09729
      vertex 1.63117 -2.93513 1.19343
    endloop
  endfacet
  facet normal -0.706771 -0.561252 0.430665
    outer loop
      vertex 1.63117 -2.93513 1.19343
      vertex 1.55243 -2.90975 1.09729
      vertex 1.63117 -2.97425 1.14245
    endloop
  endfacet
  facet normal -0.706771 -0.596651 0.380109
    outer loop
      vertex 1.55243 -2.90975 1.09729
      vertex 1.55243 -2.94058 1.0489
      vertex 1.63117 -2.97425 1.14245
    endloop
  endfacet
  facet normal -0.70677 -0.596652 0.380108
    outer loop
      vertex 1.63117 -2.97425 1.14245
      vertex 1.55243 -2.94058 1.0489
      vertex 1.63117 -3.00877 1.08827
    endloop
  endfacet
  facet normal -0.70677 -0.62751 0.326661
    outer loop
      vertex 1.55243 -2.94058 1.0489
      vertex 1.55243 -2.96707 0.998002
      vertex 1.63117 -3.00877 1.08827
    endloop
  endfacet
  facet normal -0.70677 -0.627511 0.32666
    outer loop
      vertex 1.63117 -3.00877 1.08827
      vertex 1.55243 -2.96707 0.998002
      vertex 1.63117 -3.03843 1.03128
    endloop
  endfacet
  facet normal -0.70677 -0.653593 0.270727
    outer loop
      vertex 1.55243 -2.96707 0.998002
      vertex 1.55243 -2.98903 0.944991
      vertex 1.63117 -3.03843 1.03128
    endloop
  endfacet
  facet normal -0.70677 -0.653592 0.270728
    outer loop
      vertex 1.63117 -3.03843 1.03128
      vertex 1.55243 -2.98903 0.944991
      vertex 1.63117 -3.06302 0.971921
    endloop
  endfacet
  facet normal -0.70677 -0.6747 0.212732
    outer loop
      vertex 1.55243 -2.98903 0.944991
      vertex 1.55243 -3.00628 0.890267
      vertex 1.63117 -3.06302 0.971921
    endloop
  endfacet
  facet normal -0.70677 -0.6747 0.212732
    outer loop
      vertex 1.63117 -3.06302 0.971921
      vertex 1.55243 -3.00628 0.890267
      vertex 1.63117 -3.08234 0.910647
    endloop
  endfacet
  facet normal -0.70677 -0.690673 0.153121
    outer loop
      vertex 1.55243 -3.00628 0.890267
      vertex 1.55243 -3.0187 0.834248
      vertex 1.63117 -3.08234 0.910647
    endloop
  endfacet
  facet normal -0.70677 -0.690675 0.153119
    outer loop
      vertex 1.63117 -3.08234 0.910647
      vertex 1.55243 -3.0187 0.834248
      vertex 1.63117 -3.09625 0.847921
    endloop
  endfacet
  facet normal -0.70677 -0.701392 0.0923378
    outer loop
      vertex 1.55243 -3.0187 0.834248
      vertex 1.55243 -3.02619 0.77736
      vertex 1.63117 -3.09625 0.847921
    endloop
  endfacet
  facet normal -0.70677 -0.701391 0.092339
    outer loop
      vertex 1.63117 -3.09625 0.847921
      vertex 1.55243 -3.02619 0.77736
      vertex 1.63117 -3.10463 0.784222
    endloop
  endfacet
  facet normal -0.70677 -0.70677 0.03086
    outer loop
      vertex 1.55243 -3.02619 0.77736
      vertex 1.55243 -3.0287 0.720035
      vertex 1.63117 -3.10463 0.784222
    endloop
  endfacet
  facet normal -0.706769 -0.706771 0.0308583
    outer loop
      vertex 1.63117 -3.10463 0.784222
      vertex 1.55243 -3.0287 0.720035
      vertex 1.63117 -3.10744 0.720035
    endloop
  endfacet
  facet normal -0.706769 -0.706771 -0.03086
    outer loop
      vertex 1.55243 -3.0287 0.720035
      vertex 1.55243 -3.02619 0.662711
      vertex 1.63117 -3.10744 0.720035
    endloop
  endfacet
  facet normal -0.70677 -0.70677 -0.0308582
    outer loop
      vertex 1.63117 -3.10744 0.720035
      vertex 1.55243 -3.02619 0.662711
      vertex 1.63117 -3.10463 0.655848
    endloop
  endfacet
  facet normal -0.70677 -0.701391 -0.0923377
    outer loop
      vertex 1.55243 -3.02619 0.662711
      vertex 1.55243 -3.0187 0.605822
      vertex 1.63117 -3.10463 0.655848
    endloop
  endfacet
  facet normal -0.70677 -0.701392 -0.0923391
    outer loop
      vertex 1.63117 -3.10463 0.655848
      vertex 1.55243 -3.0187 0.605822
      vertex 1.63117 -3.09625 0.592149
    endloop
  endfacet
  facet normal -0.70677 -0.690674 -0.153121
    outer loop
      vertex 1.55243 -3.0187 0.605822
      vertex 1.55243 -3.00628 0.549803
      vertex 1.63117 -3.09625 0.592149
    endloop
  endfacet
  facet normal -0.70677 -0.690674 -0.153119
    outer loop
      vertex 1.63117 -3.09625 0.592149
      vertex 1.55243 -3.00628 0.549803
      vertex 1.63117 -3.08234 0.529424
    endloop
  endfacet
  facet normal -0.70677 -0.6747 -0.212732
    outer loop
      vertex 1.55243 -3.00628 0.549803
      vertex 1.55243 -2.98903 0.49508
      vertex 1.63117 -3.08234 0.529424
    endloop
  endfacet
  facet normal -0.70677 -0.6747 -0.212732
    outer loop
      vertex 1.63117 -3.08234 0.529424
      vertex 1.55243 -2.98903 0.49508
      vertex 1.63117 -3.06302 0.468149
    endloop
  endfacet
  facet normal -0.70677 -0.653592 -0.270727
    outer loop
      vertex 1.55243 -2.98903 0.49508
      vertex 1.55243 -2.96707 0.442068
      vertex 1.63117 -3.06302 0.468149
    endloop
  endfacet
  facet normal -0.70677 -0.653592 -0.270728
    outer loop
      vertex 1.63117 -3.06302 0.468149
      vertex 1.55243 -2.96707 0.442068
      vertex 1.63117 -3.03843 0.408791
    endloop
  endfacet
  facet normal -0.70677 -0.62751 -0.326661
    outer loop
      vertex 1.55243 -2.96707 0.442068
      vertex 1.55243 -2.94058 0.391172
      vertex 1.63117 -3.03843 0.408791
    endloop
  endfacet
  facet normal -0.70677 -0.62751 -0.32666
    outer loop
      vertex 1.63117 -3.03843 0.408791
      vertex 1.55243 -2.94058 0.391172
      vertex 1.63117 -3.00877 0.351802
    endloop
  endfacet
  facet normal -0.70677 -0.596651 -0.380109
    outer loop
      vertex 1.55243 -2.94058 0.391172
      vertex 1.55243 -2.90975 0.342779
      vertex 1.63117 -3.00877 0.351802
    endloop
  endfacet
  facet normal -0.706771 -0.596652 -0.380108
    outer loop
      vertex 1.63117 -3.00877 0.351802
      vertex 1.55243 -2.90975 0.342779
      vertex 1.63117 -2.97425 0.297616
    endloop
  endfacet
  facet normal -0.706771 -0.561253 -0.430662
    outer loop
      vertex 1.55243 -2.90975 0.342779
      vertex 1.55243 -2.87482 0.297257
      vertex 1.63117 -2.97425 0.297616
    endloop
  endfacet
  facet normal -0.706769 -0.561253 -0.430665
    outer loop
      vertex 1.63117 -2.97425 0.297616
      vertex 1.55243 -2.87482 0.297257
      vertex 1.63117 -2.93513 0.246644
    endloop
  endfacet
  facet normal -0.706769 -0.521581 -0.477944
    outer loop
      vertex 1.55243 -2.87482 0.297257
      vertex 1.55243 -2.83605 0.254953
      vertex 1.63117 -2.93513 0.246644
    endloop
  endfacet
  facet normal -0.70677 -0.521582 -0.477941
    outer loop
      vertex 1.63117 -2.93513 0.246644
      vertex 1.55243 -2.83605 0.254953
      vertex 1.63117 -2.89173 0.199275
    endloop
  endfacet
  facet normal -0.70677 -0.477942 -0.521582
    outer loop
      vertex 1.55243 -2.83605 0.254953
      vertex 1.55243 -2.79375 0.216188
      vertex 1.63117 -2.89173 0.199275
    endloop
  endfacet
  facet normal -0.70677 -0.477941 -0.521582
    outer loop
      vertex 1.63117 -2.89173 0.199275
      vertex 1.55243 -2.79375 0.216188
      vertex 1.63117 -2.84436 0.15587
    endloop
  endfacet
  facet normal -0.70677 -0.430665 -0.561252
    outer loop
      vertex 1.55243 -2.79375 0.216188
      vertex 1.55243 -2.74823 0.181258
      vertex 1.63117 -2.84436 0.15587
    endloop
  endfacet
  facet normal -0.70677 -0.430664 -0.561253
    outer loop
      vertex 1.63117 -2.84436 0.15587
      vertex 1.55243 -2.74823 0.181258
      vertex 1.63117 -2.79339 0.116758
    endloop
  endfacet
  facet normal -0.70677 -0.380108 -0.596652
    outer loop
      vertex 1.55243 -2.74823 0.181258
      vertex 1.55243 -2.69983 0.150428
      vertex 1.63117 -2.79339 0.116758
    endloop
  endfacet
  facet normal -0.70677 -0.380109 -0.596652
    outer loop
      vertex 1.63117 -2.79339 0.116758
      vertex 1.55243 -2.69983 0.150428
      vertex 1.63117 -2.7392 0.0822371
    endloop
  endfacet
  facet normal -0.70677 -0.326661 -0.62751
    outer loop
      vertex 1.55243 -2.69983 0.150428
      vertex 1.55243 -2.64894 0.123933
      vertex 1.63117 -2.7392 0.0822371
    endloop
  endfacet
  facet normal -0.70677 -0.326661 -0.62751
    outer loop
      vertex 1.63117 -2.7392 0.0822371
      vertex 1.55243 -2.64894 0.123933
      vertex 1.63117 -2.68221 0.0525705
    endloop
  endfacet
  facet normal -0.70677 -0.270728 -0.653592
    outer loop
      vertex 1.55243 -2.64894 0.123933
      vertex 1.55243 -2.59592 0.101975
      vertex 1.63117 -2.68221 0.0525705
    endloop
  endfacet
  facet normal -0.70677 -0.270727 -0.653593
    outer loop
      vertex 1.63117 -2.68221 0.0525705
      vertex 1.55243 -2.59592 0.101975
      vertex 1.63117 -2.62286 0.0279837
    endloop
  endfacet
  facet normal -0.70677 -0.212732 -0.674701
    outer loop
      vertex 1.55243 -2.59592 0.101975
      vertex 1.55243 -2.5412 0.084721
      vertex 1.63117 -2.62286 0.0279837
    endloop
  endfacet
  facet normal -0.70677 -0.212732 -0.674701
    outer loop
      vertex 1.63117 -2.62286 0.0279837
      vertex 1.55243 -2.5412 0.084721
      vertex 1.63117 -2.56158 0.00866388
    endloop
  endfacet
  facet normal -0.70677 -0.153119 -0.690674
    outer loop
      vertex 1.55243 -2.5412 0.084721
      vertex 1.55243 -2.48518 0.0723019
      vertex 1.63117 -2.56158 0.00866388
    endloop
  endfacet
  facet normal -0.70677 -0.153119 -0.690674
    outer loop
      vertex 1.63117 -2.56158 0.00866388
      vertex 1.55243 -2.48518 0.0723019
      vertex 1.63117 -2.49886 -0.00524201
    endloop
  endfacet
  facet normal -0.70677 -0.0923397 -0.701391
    outer loop
      vertex 1.55243 -2.48518 0.0723019
      vertex 1.55243 -2.42829 0.0648124
      vertex 1.63117 -2.49886 -0.00524201
    endloop
  endfacet
  facet normal -0.70677 -0.09234 -0.701391
    outer loop
      vertex 1.63117 -2.49886 -0.00524201
      vertex 1.55243 -2.42829 0.0648124
      vertex 1.63117 -2.43516 -0.0136281
    endloop
  endfacet
  facet normal -0.70677 -0.0308582 -0.70677
    outer loop
      vertex 1.55243 -2.42829 0.0648124
      vertex 1.55243 -2.37097 0.0623096
      vertex 1.63117 -2.43516 -0.0136281
    endloop
  endfacet
  facet normal -0.70677 -0.0308582 -0.70677
    outer loop
      vertex 1.63117 -2.43516 -0.0136281
      vertex 1.55243 -2.37097 0.0623096
      vertex 1.63117 -2.37097 -0.0164306
    endloop
  endfacet
  facet normal -0.70677 0.0308582 -0.70677
    outer loop
      vertex 1.55243 -2.37097 0.0623096
      vertex 1.55243 -2.31364 0.0648124
      vertex 1.63117 -2.37097 -0.0164306
    endloop
  endfacet
  facet normal 0.70677 0.0308583 0.70677
    outer loop
      vertex 1.97897 -2.37097 1.4565
      vertex 2.05771 -2.31364 1.37526
      vertex 1.97897 -2.30678 1.4537
    endloop
  endfacet
  facet normal 0.70677 0.0923395 0.701391
    outer loop
      vertex 2.05771 -2.31364 1.37526
      vertex 2.05771 -2.25676 1.36777
      vertex 1.97897 -2.30678 1.4537
    endloop
  endfacet
  facet normal 0.70677 0.0923407 0.701391
    outer loop
      vertex 1.97897 -2.30678 1.4537
      vertex 2.05771 -2.25676 1.36777
      vertex 1.97897 -2.24308 1.44531
    endloop
  endfacet
  facet normal 0.706769 0.153119 0.690675
    outer loop
      vertex 2.05771 -2.25676 1.36777
      vertex 2.05771 -2.20074 1.35535
      vertex 1.97897 -2.24308 1.44531
    endloop
  endfacet
  facet normal 0.70677 0.153119 0.690674
    outer loop
      vertex 1.97897 -2.24308 1.44531
      vertex 2.05771 -2.20074 1.35535
      vertex 1.97897 -2.18036 1.43141
    endloop
  endfacet
  facet normal 0.70677 0.212732 0.674701
    outer loop
      vertex 2.05771 -2.20074 1.35535
      vertex 2.05771 -2.14601 1.3381
      vertex 1.97897 -2.18036 1.43141
    endloop
  endfacet
  facet normal 0.70677 0.212733 0.674701
    outer loop
      vertex 1.97897 -2.18036 1.43141
      vertex 2.05771 -2.14601 1.3381
      vertex 1.97897 -2.11908 1.41209
    endloop
  endfacet
  facet normal 0.70677 0.270727 0.653593
    outer loop
      vertex 2.05771 -2.14601 1.3381
      vertex 2.05771 -2.093 1.31614
      vertex 1.97897 -2.11908 1.41209
    endloop
  endfacet
  facet normal 0.70677 0.270727 0.653593
    outer loop
      vertex 1.97897 -2.11908 1.41209
      vertex 2.05771 -2.093 1.31614
      vertex 1.97897 -2.05973 1.3875
    endloop
  endfacet
  facet normal 0.70677 0.326661 0.62751
    outer loop
      vertex 2.05771 -2.093 1.31614
      vertex 2.05771 -2.04211 1.28964
      vertex 1.97897 -2.05973 1.3875
    endloop
  endfacet
  facet normal 0.70677 0.32666 0.62751
    outer loop
      vertex 1.97897 -2.05973 1.3875
      vertex 2.05771 -2.04211 1.28964
      vertex 1.97897 -2.00274 1.35783
    endloop
  endfacet
  facet normal 0.70677 0.380109 0.596651
    outer loop
      vertex 2.05771 -2.04211 1.28964
      vertex 2.05771 -1.99371 1.25881
      vertex 1.97897 -2.00274 1.35783
    endloop
  endfacet
  facet normal 0.70677 0.380109 0.596651
    outer loop
      vertex 1.97897 -2.00274 1.35783
      vertex 2.05771 -1.99371 1.25881
      vertex 1.97897 -1.94855 1.32331
    endloop
  endfacet
  facet normal 0.70677 0.430663 0.561253
    outer loop
      vertex 2.05771 -1.99371 1.25881
      vertex 2.05771 -1.94819 1.22388
      vertex 1.97897 -1.94855 1.32331
    endloop
  endfacet
  facet normal 0.70677 0.430664 0.561253
    outer loop
      vertex 1.97897 -1.94855 1.32331
      vertex 2.05771 -1.94819 1.22388
      vertex 1.97897 -1.89758 1.2842
    endloop
  endfacet
  facet normal 0.70677 0.477942 0.521581
    outer loop
      vertex 2.05771 -1.94819 1.22388
      vertex 2.05771 -1.90589 1.18512
      vertex 1.97897 -1.89758 1.2842
    endloop
  endfacet
  facet normal 0.70677 0.477943 0.521581
    outer loop
      vertex 1.97897 -1.89758 1.2842
      vertex 2.05771 -1.90589 1.18512
      vertex 1.97897 -1.85021 1.2408
    endloop
  endfacet
  facet normal 0.70677 0.521581 0.477942
    outer loop
      vertex 2.05771 -1.90589 1.18512
      vertex 2.05771 -1.86712 1.14281
      vertex 1.97897 -1.85021 1.2408
    endloop
  endfacet
  facet normal 0.70677 0.521581 0.477943
    outer loop
      vertex 1.97897 -1.85021 1.2408
      vertex 2.05771 -1.86712 1.14281
      vertex 1.97897 -1.8068 1.19343
    endloop
  endfacet
  facet normal 0.70677 0.561253 0.430664
    outer loop
      vertex 2.05771 -1.86712 1.14281
      vertex 2.05771 -1.83219 1.09729
      vertex 1.97897 -1.8068 1.19343
    endloop
  endfacet
  facet normal 0.70677 0.561253 0.430664
    outer loop
      vertex 1.97897 -1.8068 1.19343
      vertex 2.05771 -1.83219 1.09729
      vertex 1.97897 -1.76769 1.14245
    endloop
  endfacet
  facet normal 0.70677 0.596652 0.380109
    outer loop
      vertex 2.05771 -1.83219 1.09729
      vertex 2.05771 -1.80136 1.0489
      vertex 1.97897 -1.76769 1.14245
    endloop
  endfacet
  facet normal 0.70677 0.596653 0.380108
    outer loop
      vertex 1.97897 -1.76769 1.14245
      vertex 2.05771 -1.80136 1.0489
      vertex 1.97897 -1.73317 1.08827
    endloop
  endfacet
  facet normal 0.706769 0.627511 0.326661
    outer loop
      vertex 2.05771 -1.80136 1.0489
      vertex 2.05771 -1.77487 0.998002
      vertex 1.97897 -1.73317 1.08827
    endloop
  endfacet
  facet normal 0.70677 0.62751 0.326662
    outer loop
      vertex 1.97897 -1.73317 1.08827
      vertex 2.05771 -1.77487 0.998002
      vertex 1.97897 -1.7035 1.03128
    endloop
  endfacet
  facet normal 0.70677 0.653593 0.270727
    outer loop
      vertex 2.05771 -1.77487 0.998002
      vertex 2.05771 -1.75291 0.944991
      vertex 1.97897 -1.7035 1.03128
    endloop
  endfacet
  facet normal 0.70677 0.653593 0.270727
    outer loop
      vertex 1.97897 -1.7035 1.03128
      vertex 2.05771 -1.75291 0.944991
      vertex 1.97897 -1.67892 0.971921
    endloop
  endfacet
  facet normal 0.70677 0.674701 0.212732
    outer loop
      vertex 2.05771 -1.75291 0.944991
      vertex 2.05771 -1.73565 0.890267
      vertex 1.97897 -1.67892 0.971921
    endloop
  endfacet
  facet normal 0.70677 0.674701 0.212733
    outer loop
      vertex 1.97897 -1.67892 0.971921
      vertex 2.05771 -1.73565 0.890267
      vertex 1.97897 -1.6596 0.910647
    endloop
  endfacet
  facet normal 0.70677 0.690675 0.153117
    outer loop
      vertex 2.05771 -1.73565 0.890267
      vertex 2.05771 -1.72324 0.834248
      vertex 1.97897 -1.6596 0.910647
    endloop
  endfacet
  facet normal 0.70677 0.690674 0.153119
    outer loop
      vertex 1.97897 -1.6596 0.910647
      vertex 2.05771 -1.72324 0.834248
      vertex 1.97897 -1.64569 0.847921
    endloop
  endfacet
  facet normal 0.70677 0.701391 0.0923412
    outer loop
      vertex 2.05771 -1.72324 0.834248
      vertex 2.05771 -1.71575 0.77736
      vertex 1.97897 -1.64569 0.847921
    endloop
  endfacet
  facet normal 0.70677 0.701391 0.0923406
    outer loop
      vertex 1.97897 -1.64569 0.847921
      vertex 2.05771 -1.71575 0.77736
      vertex 1.97897 -1.63731 0.784222
    endloop
  endfacet
  facet normal 0.70677 0.70677 0.0308582
    outer loop
      vertex 2.05771 -1.71575 0.77736
      vertex 2.05771 -1.71324 0.720035
      vertex 1.97897 -1.63731 0.784222
    endloop
  endfacet
  facet normal 0.70677 0.70677 0.0308583
    outer loop
      vertex 1.97897 -1.63731 0.784222
      vertex 2.05771 -1.71324 0.720035
      vertex 1.97897 -1.6345 0.720035
    endloop
  endfacet
  facet normal 0.70677 0.70677 -0.0308581
    outer loop
      vertex 2.05771 -1.71324 0.720035
      vertex 2.05771 -1.71575 0.662711
      vertex 1.97897 -1.6345 0.720035
    endloop
  endfacet
  facet normal 0.70677 0.70677 -0.0308582
    outer loop
      vertex 1.97897 -1.6345 0.720035
      vertex 2.05771 -1.71575 0.662711
      vertex 1.97897 -1.63731 0.655848
    endloop
  endfacet
  facet normal 0.70677 0.701391 -0.0923412
    outer loop
      vertex 2.05771 -1.71575 0.662711
      vertex 2.05771 -1.72324 0.605822
      vertex 1.97897 -1.63731 0.655848
    endloop
  endfacet
  facet normal 0.70677 0.701391 -0.0923406
    outer loop
      vertex 1.97897 -1.63731 0.655848
      vertex 2.05771 -1.72324 0.605822
      vertex 1.97897 -1.64569 0.592149
    endloop
  endfacet
  facet normal 0.70677 0.690674 -0.153117
    outer loop
      vertex 2.05771 -1.72324 0.605822
      vertex 2.05771 -1.73565 0.549803
      vertex 1.97897 -1.64569 0.592149
    endloop
  endfacet
  facet normal 0.70677 0.690675 -0.153119
    outer loop
      vertex 1.97897 -1.64569 0.592149
      vertex 2.05771 -1.73565 0.549803
      vertex 1.97897 -1.6596 0.529424
    endloop
  endfacet
  facet normal 0.70677 0.674701 -0.212732
    outer loop
      vertex 2.05771 -1.73565 0.549803
      vertex 2.05771 -1.75291 0.49508
      vertex 1.97897 -1.6596 0.529424
    endloop
  endfacet
  facet normal 0.70677 0.674701 -0.212733
    outer loop
      vertex 1.97897 -1.6596 0.529424
      vertex 2.05771 -1.75291 0.49508
      vertex 1.97897 -1.67892 0.468149
    endloop
  endfacet
  facet normal 0.70677 0.653593 -0.270727
    outer loop
      vertex 2.05771 -1.75291 0.49508
      vertex 2.05771 -1.77487 0.442068
      vertex 1.97897 -1.67892 0.468149
    endloop
  endfacet
  facet normal 0.70677 0.653593 -0.270727
    outer loop
      vertex 1.97897 -1.67892 0.468149
      vertex 2.05771 -1.77487 0.442068
      vertex 1.97897 -1.7035 0.408791
    endloop
  endfacet
  facet normal 0.70677 0.62751 -0.326661
    outer loop
      vertex 2.05771 -1.77487 0.442068
      vertex 2.05771 -1.80136 0.391172
      vertex 1.97897 -1.7035 0.408791
    endloop
  endfacet
  facet normal 0.70677 0.62751 -0.326662
    outer loop
      vertex 1.97897 -1.7035 0.408791
      vertex 2.05771 -1.80136 0.391172
      vertex 1.97897 -1.73317 0.351802
    endloop
  endfacet
  facet normal 0.70677 0.596652 -0.38011
    outer loop
      vertex 2.05771 -1.80136 0.391172
      vertex 2.05771 -1.83219 0.342779
      vertex 1.97897 -1.73317 0.351802
    endloop
  endfacet
  facet normal 0.70677 0.596652 -0.380108
    outer loop
      vertex 1.97897 -1.73317 0.351802
      vertex 2.05771 -1.83219 0.342779
      vertex 1.97897 -1.76769 0.297616
    endloop
  endfacet
  facet normal 0.70677 0.561253 -0.430664
    outer loop
      vertex 2.05771 -1.83219 0.342779
      vertex 2.05771 -1.86712 0.297257
      vertex 1.97897 -1.76769 0.297616
    endloop
  endfacet
  facet normal 0.70677 0.561253 -0.430664
    outer loop
      vertex 1.97897 -1.76769 0.297616
      vertex 2.05771 -1.86712 0.297257
      vertex 1.97897 -1.8068 0.246644
    endloop
  endfacet
  facet normal 0.70677 0.521582 -0.477942
    outer loop
      vertex 2.05771 -1.86712 0.297257
      vertex 2.05771 -1.90589 0.254953
      vertex 1.97897 -1.8068 0.246644
    endloop
  endfacet
  facet normal 0.70677 0.521582 -0.477942
    outer loop
      vertex 1.97897 -1.8068 0.246644
      vertex 2.05771 -1.90589 0.254953
      vertex 1.97897 -1.85021 0.199275
    endloop
  endfacet
  facet normal 0.70677 0.477942 -0.521582
    outer loop
      vertex 2.05771 -1.90589 0.254953
      vertex 2.05771 -1.94819 0.216188
      vertex 1.97897 -1.85021 0.199275
    endloop
  endfacet
  facet normal 0.70677 0.477942 -0.521582
    outer loop
      vertex 1.97897 -1.85021 0.199275
      vertex 2.05771 -1.94819 0.216188
      vertex 1.97897 -1.89758 0.15587
    endloop
  endfacet
  facet normal 0.70677 0.430664 -0.561253
    outer loop
      vertex 2.05771 -1.94819 0.216188
      vertex 2.05771 -1.99371 0.181258
      vertex 1.97897 -1.89758 0.15587
    endloop
  endfacet
  facet normal 0.70677 0.430664 -0.561252
    outer loop
      vertex 1.97897 -1.89758 0.15587
      vertex 2.05771 -1.99371 0.181258
      vertex 1.97897 -1.94855 0.116758
    endloop
  endfacet
  facet normal 0.70677 0.380109 -0.596652
    outer loop
      vertex 2.05771 -1.99371 0.181258
      vertex 2.05771 -2.04211 0.150428
      vertex 1.97897 -1.94855 0.116758
    endloop
  endfacet
  facet normal 0.70677 0.380109 -0.596652
    outer loop
      vertex 1.97897 -1.94855 0.116758
      vertex 2.05771 -2.04211 0.150428
      vertex 1.97897 -2.00274 0.0822371
    endloop
  endfacet
  facet normal 0.70677 0.326661 -0.62751
    outer loop
      vertex 2.05771 -2.04211 0.150428
      vertex 2.05771 -2.093 0.123933
      vertex 1.97897 -2.00274 0.0822371
    endloop
  endfacet
  facet normal 0.70677 0.326661 -0.62751
    outer loop
      vertex 1.97897 -2.00274 0.0822371
      vertex 2.05771 -2.093 0.123933
      vertex 1.97897 -2.05973 0.0525705
    endloop
  endfacet
  facet normal 0.70677 0.270727 -0.653592
    outer loop
      vertex 2.05771 -2.093 0.123933
      vertex 2.05771 -2.14601 0.101975
      vertex 1.97897 -2.05973 0.0525705
    endloop
  endfacet
  facet normal 0.70677 0.270727 -0.653593
    outer loop
      vertex 1.97897 -2.05973 0.0525705
      vertex 2.05771 -2.14601 0.101975
      vertex 1.97897 -2.11908 0.0279837
    endloop
  endfacet
  facet normal 0.70677 0.212732 -0.674701
    outer loop
      vertex 2.05771 -2.14601 0.101975
      vertex 2.05771 -2.20074 0.084721
      vertex 1.97897 -2.11908 0.0279837
    endloop
  endfacet
  facet normal 0.70677 0.212732 -0.674701
    outer loop
      vertex 1.97897 -2.11908 0.0279837
      vertex 2.05771 -2.20074 0.084721
      vertex 1.97897 -2.18036 0.00866388
    endloop
  endfacet
  facet normal 0.70677 0.153119 -0.690674
    outer loop
      vertex 2.05771 -2.20074 0.084721
      vertex 2.05771 -2.25676 0.0723019
      vertex 1.97897 -2.18036 0.00866388
    endloop
  endfacet
  facet normal 0.70677 0.153119 -0.690674
    outer loop
      vertex 1.97897 -2.18036 0.00866388
      vertex 2.05771 -2.25676 0.0723019
      vertex 1.97897 -2.24308 -0.00524201
    endloop
  endfacet
  facet normal 0.70677 0.09234 -0.701391
    outer loop
      vertex 2.05771 -2.25676 0.0723019
      vertex 2.05771 -2.31364 0.0648124
      vertex 1.97897 -2.24308 -0.00524201
    endloop
  endfacet
  facet normal 0.70677 0.09234 -0.701391
    outer loop
      vertex 1.97897 -2.24308 -0.00524201
      vertex 2.05771 -2.31364 0.0648124
      vertex 1.97897 -2.30678 -0.0136281
    endloop
  endfacet
  facet normal 0.70677 0.0308582 -0.70677
    outer loop
      vertex 2.05771 -2.31364 0.0648124
      vertex 2.05771 -2.37097 0.0623096
      vertex 1.97897 -2.30678 -0.0136281
    endloop
  endfacet
  facet normal 0.70677 0.0308583 -0.70677
    outer loop
      vertex 1.97897 -2.30678 -0.0136281
      vertex 2.05771 -2.37097 0.0623096
      vertex 1.97897 -2.37097 -0.0164306
    endloop
  endfacet
  facet normal 0.70677 -0.0308582 -0.70677
    outer loop
      vertex 2.05771 -2.37097 0.0623096
      vertex 2.05771 -2.42829 0.0648124
      vertex 1.97897 -2.37097 -0.0164306
    endloop
  endfacet
  facet normal 0.70677 -0.0308582 -0.70677
    outer loop
      vertex 1.97897 -2.37097 -0.0164306
      vertex 2.05771 -2.42829 0.0648124
      vertex 1.97897 -2.43516 -0.0136281
    endloop
  endfacet
  facet normal 0.70677 -0.0923397 -0.701391
    outer loop
      vertex 2.05771 -2.42829 0.0648124
      vertex 2.05771 -2.48518 0.0723019
      vertex 1.97897 -2.43516 -0.0136281
    endloop
  endfacet
  facet normal 0.70677 -0.09234 -0.701391
    outer loop
      vertex 1.97897 -2.43516 -0.0136281
      vertex 2.05771 -2.48518 0.0723019
      vertex 1.97897 -2.49886 -0.00524201
    endloop
  endfacet
  facet normal 0.70677 -0.153119 -0.690674
    outer loop
      vertex 2.05771 -2.48518 0.0723019
      vertex 2.05771 -2.5412 0.084721
      vertex 1.97897 -2.49886 -0.00524201
    endloop
  endfacet
  facet normal 0.70677 -0.153119 -0.690674
    outer loop
      vertex 1.97897 -2.49886 -0.00524201
      vertex 2.05771 -2.5412 0.084721
      vertex 1.97897 -2.56158 0.00866388
    endloop
  endfacet
  facet normal 0.70677 -0.212732 -0.674701
    outer loop
      vertex 2.05771 -2.5412 0.084721
      vertex 2.05771 -2.59592 0.101975
      vertex 1.97897 -2.56158 0.00866388
    endloop
  endfacet
  facet normal 0.70677 -0.212732 -0.674701
    outer loop
      vertex 1.97897 -2.56158 0.00866388
      vertex 2.05771 -2.59592 0.101975
      vertex 1.97897 -2.62286 0.0279837
    endloop
  endfacet
  facet normal 0.70677 -0.270728 -0.653592
    outer loop
      vertex 2.05771 -2.59592 0.101975
      vertex 2.05771 -2.64894 0.123933
      vertex 1.97897 -2.62286 0.0279837
    endloop
  endfacet
  facet normal 0.70677 -0.270727 -0.653592
    outer loop
      vertex 1.97897 -2.62286 0.0279837
      vertex 2.05771 -2.64894 0.123933
      vertex 1.97897 -2.68221 0.0525705
    endloop
  endfacet
  facet normal 0.70677 -0.326661 -0.62751
    outer loop
      vertex 2.05771 -2.64894 0.123933
      vertex 2.05771 -2.69983 0.150428
      vertex 1.97897 -2.68221 0.0525705
    endloop
  endfacet
  facet normal 0.70677 -0.326661 -0.62751
    outer loop
      vertex 1.97897 -2.68221 0.0525705
      vertex 2.05771 -2.69983 0.150428
      vertex 1.97897 -2.7392 0.0822371
    endloop
  endfacet
  facet normal 0.70677 -0.380108 -0.596652
    outer loop
      vertex 2.05771 -2.69983 0.150428
      vertex 2.05771 -2.74823 0.181258
      vertex 1.97897 -2.7392 0.0822371
    endloop
  endfacet
  facet normal 0.70677 -0.380109 -0.596652
    outer loop
      vertex 1.97897 -2.7392 0.0822371
      vertex 2.05771 -2.74823 0.181258
      vertex 1.97897 -2.79339 0.116758
    endloop
  endfacet
  facet normal 0.70677 -0.430665 -0.561252
    outer loop
      vertex 2.05771 -2.74823 0.181258
      vertex 2.05771 -2.79375 0.216188
      vertex 1.97897 -2.79339 0.116758
    endloop
  endfacet
  facet normal 0.70677 -0.430664 -0.561253
    outer loop
      vertex 1.97897 -2.79339 0.116758
      vertex 2.05771 -2.79375 0.216188
      vertex 1.97897 -2.84436 0.15587
    endloop
  endfacet
  facet normal 0.70677 -0.477942 -0.521582
    outer loop
      vertex 2.05771 -2.79375 0.216188
      vertex 2.05771 -2.83605 0.254953
      vertex 1.97897 -2.84436 0.15587
    endloop
  endfacet
  facet normal 0.70677 -0.477941 -0.521582
    outer loop
      vertex 1.97897 -2.84436 0.15587
      vertex 2.05771 -2.83605 0.254953
      vertex 1.97897 -2.89173 0.199275
    endloop
  endfacet
  facet normal 0.70677 -0.52158 -0.477943
    outer loop
      vertex 2.05771 -2.83605 0.254953
      vertex 2.05771 -2.87482 0.297257
      vertex 1.97897 -2.89173 0.199275
    endloop
  endfacet
  facet normal 0.70677 -0.521583 -0.477942
    outer loop
      vertex 1.97897 -2.89173 0.199275
      vertex 2.05771 -2.87482 0.297257
      vertex 1.97897 -2.93513 0.246644
    endloop
  endfacet
  facet normal 0.706769 -0.561254 -0.430663
    outer loop
      vertex 2.05771 -2.87482 0.297257
      vertex 2.05771 -2.90975 0.342779
      vertex 1.97897 -2.93513 0.246644
    endloop
  endfacet
  facet normal 0.70677 -0.561252 -0.430665
    outer loop
      vertex 1.97897 -2.93513 0.246644
      vertex 2.05771 -2.90975 0.342779
      vertex 1.97897 -2.97425 0.297616
    endloop
  endfacet
  facet normal 0.706771 -0.596651 -0.380109
    outer loop
      vertex 2.05771 -2.90975 0.342779
      vertex 2.05771 -2.94058 0.391172
      vertex 1.97897 -2.97425 0.297616
    endloop
  endfacet
  facet normal 0.70677 -0.596652 -0.380108
    outer loop
      vertex 1.97897 -2.97425 0.297616
      vertex 2.05771 -2.94058 0.391172
      vertex 1.97897 -3.00877 0.351802
    endloop
  endfacet
  facet normal 0.70677 -0.62751 -0.326661
    outer loop
      vertex 2.05771 -2.94058 0.391172
      vertex 2.05771 -2.96707 0.442068
      vertex 1.97897 -3.00877 0.351802
    endloop
  endfacet
  facet normal 0.70677 -0.627511 -0.32666
    outer loop
      vertex 1.97897 -3.00877 0.351802
      vertex 2.05771 -2.96707 0.442068
      vertex 1.97897 -3.03843 0.408791
    endloop
  endfacet
  facet normal 0.70677 -0.653593 -0.270727
    outer loop
      vertex 2.05771 -2.96707 0.442068
      vertex 2.05771 -2.98903 0.49508
      vertex 1.97897 -3.03843 0.408791
    endloop
  endfacet
  facet normal 0.70677 -0.653592 -0.270728
    outer loop
      vertex 1.97897 -3.03843 0.408791
      vertex 2.05771 -2.98903 0.49508
      vertex 1.97897 -3.06302 0.468149
    endloop
  endfacet
  facet normal 0.70677 -0.674701 -0.212732
    outer loop
      vertex 2.05771 -2.98903 0.49508
      vertex 2.05771 -3.00628 0.549803
      vertex 1.97897 -3.06302 0.468149
    endloop
  endfacet
  facet normal 0.70677 -0.6747 -0.212732
    outer loop
      vertex 1.97897 -3.06302 0.468149
      vertex 2.05771 -3.00628 0.549803
      vertex 1.97897 -3.08234 0.529424
    endloop
  endfacet
  facet normal 0.70677 -0.690673 -0.153121
    outer loop
      vertex 2.05771 -3.00628 0.549803
      vertex 2.05771 -3.0187 0.605822
      vertex 1.97897 -3.08234 0.529424
    endloop
  endfacet
  facet normal 0.70677 -0.690675 -0.153119
    outer loop
      vertex 1.97897 -3.08234 0.529424
      vertex 2.05771 -3.0187 0.605822
      vertex 1.97897 -3.09625 0.592149
    endloop
  endfacet
  facet normal 0.70677 -0.701392 -0.0923378
    outer loop
      vertex 2.05771 -3.0187 0.605822
      vertex 2.05771 -3.02619 0.662711
      vertex 1.97897 -3.09625 0.592149
    endloop
  endfacet
  facet normal 0.70677 -0.701391 -0.092339
    outer loop
      vertex 1.97897 -3.09625 0.592149
      vertex 2.05771 -3.02619 0.662711
      vertex 1.97897 -3.10463 0.655848
    endloop
  endfacet
  facet normal 0.70677 -0.70677 -0.03086
    outer loop
      vertex 2.05771 -3.02619 0.662711
      vertex 2.05771 -3.0287 0.720035
      vertex 1.97897 -3.10463 0.655848
    endloop
  endfacet
  facet normal 0.706769 -0.706771 -0.0308583
    outer loop
      vertex 1.97897 -3.10463 0.655848
      vertex 2.05771 -3.0287 0.720035
      vertex 1.97897 -3.10744 0.720035
    endloop
  endfacet
  facet normal 0.706769 -0.706771 0.03086
    outer loop
      vertex 2.05771 -3.0287 0.720035
      vertex 2.05771 -3.02619 0.77736
      vertex 1.97897 -3.10744 0.720035
    endloop
  endfacet
  facet normal 0.70677 -0.70677 0.0308583
    outer loop
      vertex 1.97897 -3.10744 0.720035
      vertex 2.05771 -3.02619 0.77736
      vertex 1.97897 -3.10463 0.784222
    endloop
  endfacet
  facet normal 0.70677 -0.701391 0.0923377
    outer loop
      vertex 2.05771 -3.02619 0.77736
      vertex 2.05771 -3.0187 0.834248
      vertex 1.97897 -3.10463 0.784222
    endloop
  endfacet
  facet normal 0.70677 -0.701392 0.092339
    outer loop
      vertex 1.97897 -3.10463 0.784222
      vertex 2.05771 -3.0187 0.834248
      vertex 1.97897 -3.09625 0.847921
    endloop
  endfacet
  facet normal 0.70677 -0.690674 0.153121
    outer loop
      vertex 2.05771 -3.0187 0.834248
      vertex 2.05771 -3.00628 0.890267
      vertex 1.97897 -3.09625 0.847921
    endloop
  endfacet
  facet normal 0.70677 -0.690674 0.153119
    outer loop
      vertex 1.97897 -3.09625 0.847921
      vertex 2.05771 -3.00628 0.890267
      vertex 1.97897 -3.08234 0.910647
    endloop
  endfacet
  facet normal 0.70677 -0.6747 0.212732
    outer loop
      vertex 2.05771 -3.00628 0.890267
      vertex 2.05771 -2.98903 0.944991
      vertex 1.97897 -3.08234 0.910647
    endloop
  endfacet
  facet normal 0.70677 -0.6747 0.212732
    outer loop
      vertex 1.97897 -3.08234 0.910647
      vertex 2.05771 -2.98903 0.944991
      vertex 1.97897 -3.06302 0.971921
    endloop
  endfacet
  facet normal 0.70677 -0.653592 0.270727
    outer loop
      vertex 2.05771 -2.98903 0.944991
      vertex 2.05771 -2.96707 0.998002
      vertex 1.97897 -3.06302 0.971921
    endloop
  endfacet
  facet normal 0.70677 -0.653592 0.270728
    outer loop
      vertex 1.97897 -3.06302 0.971921
      vertex 2.05771 -2.96707 0.998002
      vertex 1.97897 -3.03843 1.03128
    endloop
  endfacet
  facet normal 0.70677 -0.62751 0.326661
    outer loop
      vertex 2.05771 -2.96707 0.998002
      vertex 2.05771 -2.94058 1.0489
      vertex 1.97897 -3.03843 1.03128
    endloop
  endfacet
  facet normal 0.70677 -0.62751 0.32666
    outer loop
      vertex 1.97897 -3.03843 1.03128
      vertex 2.05771 -2.94058 1.0489
      vertex 1.97897 -3.00877 1.08827
    endloop
  endfacet
  facet normal 0.70677 -0.596651 0.380109
    outer loop
      vertex 2.05771 -2.94058 1.0489
      vertex 2.05771 -2.90975 1.09729
      vertex 1.97897 -3.00877 1.08827
    endloop
  endfacet
  facet normal 0.706771 -0.596652 0.380108
    outer loop
      vertex 1.97897 -3.00877 1.08827
      vertex 2.05771 -2.90975 1.09729
      vertex 1.97897 -2.97425 1.14245
    endloop
  endfacet
  facet normal 0.706771 -0.561253 0.430662
    outer loop
      vertex 2.05771 -2.90975 1.09729
      vertex 2.05771 -2.87482 1.14281
      vertex 1.97897 -2.97425 1.14245
    endloop
  endfacet
  facet normal 0.706769 -0.561252 0.430665
    outer loop
      vertex 1.97897 -2.97425 1.14245
      vertex 2.05771 -2.87482 1.14281
      vertex 1.97897 -2.93513 1.19343
    endloop
  endfacet
  facet normal 0.706769 -0.521581 0.477944
    outer loop
      vertex 2.05771 -2.87482 1.14281
      vertex 2.05771 -2.83605 1.18512
      vertex 1.97897 -2.93513 1.19343
    endloop
  endfacet
  facet normal 0.70677 -0.521582 0.477941
    outer loop
      vertex 1.97897 -2.93513 1.19343
      vertex 2.05771 -2.83605 1.18512
      vertex 1.97897 -2.89173 1.2408
    endloop
  endfacet
  facet normal 0.70677 -0.477942 0.521581
    outer loop
      vertex 2.05771 -2.83605 1.18512
      vertex 2.05771 -2.79375 1.22388
      vertex 1.97897 -2.89173 1.2408
    endloop
  endfacet
  facet normal 0.70677 -0.477942 0.521582
    outer loop
      vertex 1.97897 -2.89173 1.2408
      vertex 2.05771 -2.79375 1.22388
      vertex 1.97897 -2.84436 1.2842
    endloop
  endfacet
  facet normal 0.70677 -0.430664 0.561253
    outer loop
      vertex 2.05771 -2.79375 1.22388
      vertex 2.05771 -2.74823 1.25881
      vertex 1.97897 -2.84436 1.2842
    endloop
  endfacet
  facet normal 0.70677 -0.430664 0.561253
    outer loop
      vertex 1.97897 -2.84436 1.2842
      vertex 2.05771 -2.74823 1.25881
      vertex 1.97897 -2.79339 1.32331
    endloop
  endfacet
  facet normal 0.70677 -0.380109 0.596652
    outer loop
      vertex 2.05771 -2.74823 1.25881
      vertex 2.05771 -2.69983 1.28964
      vertex 1.97897 -2.79339 1.32331
    endloop
  endfacet
  facet normal 0.70677 -0.380109 0.596651
    outer loop
      vertex 1.97897 -2.79339 1.32331
      vertex 2.05771 -2.69983 1.28964
      vertex 1.97897 -2.7392 1.35783
    endloop
  endfacet
  facet normal 0.70677 -0.326661 0.62751
    outer loop
      vertex 2.05771 -2.69983 1.28964
      vertex 2.05771 -2.64894 1.31614
      vertex 1.97897 -2.7392 1.35783
    endloop
  endfacet
  facet normal 0.70677 -0.32666 0.62751
    outer loop
      vertex 1.97897 -2.7392 1.35783
      vertex 2.05771 -2.64894 1.31614
      vertex 1.97897 -2.68221 1.3875
    endloop
  endfacet
  facet normal 0.70677 -0.270728 0.653592
    outer loop
      vertex 2.05771 -2.64894 1.31614
      vertex 2.05771 -2.59592 1.3381
      vertex 1.97897 -2.68221 1.3875
    endloop
  endfacet
  facet normal 0.706769 -0.270727 0.653593
    outer loop
      vertex 1.97897 -2.68221 1.3875
      vertex 2.05771 -2.59592 1.3381
      vertex 1.97897 -2.62286 1.41209
    endloop
  endfacet
  facet normal 0.706769 -0.212732 0.674701
    outer loop
      vertex 2.05771 -2.59592 1.3381
      vertex 2.05771 -2.5412 1.35535
      vertex 1.97897 -2.62286 1.41209
    endloop
  endfacet
  facet normal 0.70677 -0.212732 0.674701
    outer loop
      vertex 1.97897 -2.62286 1.41209
      vertex 2.05771 -2.5412 1.35535
      vertex 1.97897 -2.56158 1.43141
    endloop
  endfacet
  facet normal 0.70677 -0.153119 0.690674
    outer loop
      vertex 2.05771 -2.5412 1.35535
      vertex 2.05771 -2.48518 1.36777
      vertex 1.97897 -2.56158 1.43141
    endloop
  endfacet
  facet normal 0.706769 -0.153119 0.690675
    outer loop
      vertex 1.97897 -2.56158 1.43141
      vertex 2.05771 -2.48518 1.36777
      vertex 1.97897 -2.49886 1.44531
    endloop
  endfacet
  facet normal 0.706769 -0.0923393 0.701392
    outer loop
      vertex 2.05771 -2.48518 1.36777
      vertex 2.05771 -2.42829 1.37526
      vertex 1.97897 -2.49886 1.44531
    endloop
  endfacet
  facet normal 0.70677 -0.0923406 0.701391
    outer loop
      vertex 1.97897 -2.49886 1.44531
      vertex 2.05771 -2.42829 1.37526
      vertex 1.97897 -2.43516 1.4537
    endloop
  endfacet
  facet normal 0.70677 -0.0308581 0.70677
    outer loop
      vertex 2.05771 -2.42829 1.37526
      vertex 2.05771 -2.37097 1.37776
      vertex 1.97897 -2.43516 1.4537
    endloop
  endfacet
  facet normal 0.70677 -0.0308582 0.70677
    outer loop
      vertex 1.97897 -2.43516 1.4537
      vertex 2.05771 -2.37097 1.37776
      vertex 1.97897 -2.37097 1.4565
    endloop
  endfacet
  facet normal 0.70677 0.0308581 0.70677
    outer loop
      vertex 2.05771 -2.37097 1.37776
      vertex 2.05771 -2.31364 1.37526
      vertex 1.97897 -2.37097 1.4565
    endloop
  endfacet
  facet normal 1 0 0
    outer loop
      vertex 1.86086 -1.97527 1.11573
      vertex 1.86086 -1.96075 1.13026
      vertex 1.86086 -2.01127 1.14871
    endloop
  endfacet
  facet normal 1 0 0
    outer loop
      vertex 1.86086 -1.96075 1.13026
      vertex 1.86086 -1.99806 1.16445
      vertex 1.86086 -2.01127 1.14871
    endloop
  endfacet
  facet normal 1 0 0
    outer loop
      vertex 1.86086 -2.01127 1.14871
      vertex 1.86086 -1.99806 1.16445
      vertex 1.86086 -2.05 1.17843
    endloop
  endfacet
  facet normal 1 0 0
    outer loop
      vertex 1.86086 -1.99806 1.16445
      vertex 1.86086 -2.03822 1.19526
      vertex 1.86086 -2.05 1.17843
    endloop
  endfacet
  facet normal 1 0 0
    outer loop
      vertex 1.86086 -2.05 1.17843
      vertex 1.86086 -2.03822 1.19526
      vertex 1.86086 -2.09117 1.20466
    endloop
  endfacet
  facet normal 1 0 0
    outer loop
      vertex 1.86086 -2.03822 1.19526
      vertex 1.86086 -2.0809 1.22245
      vertex 1.86086 -2.09117 1.20466
    endloop
  endfacet
  facet normal 1 0 0
    outer loop
      vertex 1.86086 -2.09117 1.20466
      vertex 1.86086 -2.0809 1.22245
      vertex 1.86086 -2.13447 1.2272
    endloop
  endfacet
  facet normal 1 0 0
    outer loop
      vertex 1.86086 -2.0809 1.22245
      vertex 1.86086 -2.12579 1.24582
      vertex 1.86086 -2.13447 1.2272
    endloop
  endfacet
  facet normal 1 0 0
    outer loop
      vertex 1.86086 -2.13447 1.2272
      vertex 1.86086 -2.12579 1.24582
      vertex 1.86086 -2.17958 1.24589
    endloop
  endfacet
  facet normal 1 0 0
    outer loop
      vertex 1.86086 -2.12579 1.24582
      vertex 1.86086 -2.17255 1.26519
      vertex 1.86086 -2.17958 1.24589
    endloop
  endfacet
  facet normal 1 0 0
    outer loop
      vertex 1.86086 -2.17958 1.24589
      vertex 1.86086 -2.17255 1.26519
      vertex 1.86086 -2.22613 1.26057
    endloop
  endfacet
  facet normal 1 0 0
    outer loop
      vertex 1.86086 -2.17255 1.26519
      vertex 1.86086 -2.22082 1.28041
      vertex 1.86086 -2.22613 1.26057
    endloop
  endfacet
  facet normal 1 0 0
    outer loop
      vertex 1.86086 -2.22613 1.26057
      vertex 1.86086 -2.22082 1.28041
      vertex 1.86086 -2.2738 1.27113
    endloop
  endfacet
  facet normal 1 0 0
    outer loop
      vertex 1.86086 -2.22082 1.28041
      vertex 1.86086 -2.27023 1.29136
      vertex 1.86086 -2.2738 1.27113
    endloop
  endfacet
  facet normal 1 0 0
    outer loop
      vertex 1.86086 -2.2738 1.27113
      vertex 1.86086 -2.27023 1.29136
      vertex 1.86086 -2.3222 1.2775
    endloop
  endfacet
  facet normal 1 0 0
    outer loop
      vertex 1.86086 -2.27023 1.29136
      vertex 1.86086 -2.32041 1.29797
      vertex 1.86086 -2.3222 1.2775
    endloop
  endfacet
  facet normal 1 0 0
    outer loop
      vertex 1.86086 -2.3222 1.2775
      vertex 1.86086 -2.32041 1.29797
      vertex 1.86086 -2.37097 1.27963
    endloop
  endfacet
  facet normal 1 0 0
    outer loop
      vertex 1.86086 -2.32041 1.29797
      vertex 1.86086 -2.37097 1.30017
      vertex 1.86086 -2.37097 1.27963
    endloop
  endfacet
  facet normal 1 0 0
    outer loop
      vertex 1.86086 -2.37097 1.27963
      vertex 1.86086 -2.37097 1.30017
      vertex 1.86086 -2.41974 1.2775
    endloop
  endfacet
  facet normal 1 0 0
    outer loop
      vertex 1.86086 -2.37097 1.30017
      vertex 1.86086 -2.42153 1.29797
      vertex 1.86086 -2.41974 1.2775
    endloop
  endfacet
  facet normal 1 0 0
    outer loop
      vertex 1.86086 -2.41974 1.2775
      vertex 1.86086 -2.42153 1.29797
      vertex 1.86086 -2.46814 1.27113
    endloop
  endfacet
  facet normal 1 0 0
    outer loop
      vertex 1.86086 -2.42153 1.29797
      vertex 1.86086 -2.47171 1.29136
      vertex 1.86086 -2.46814 1.27113
    endloop
  endfacet
  facet normal 1 0 0
    outer loop
      vertex 1.86086 -2.46814 1.27113
      vertex 1.86086 -2.47171 1.29136
      vertex 1.86086 -2.5158 1.26057
    endloop
  endfacet
  facet normal 1 0 0
    outer loop
      vertex 1.86086 -2.47171 1.29136
      vertex 1.86086 -2.52112 1.28041
      vertex 1.86086 -2.5158 1.26057
    endloop
  endfacet
  facet normal 1 0 0
    outer loop
      vertex 1.86086 -2.5158 1.26057
      vertex 1.86086 -2.52112 1.28041
      vertex 1.86086 -2.56236 1.24589
    endloop
  endfacet
  facet normal 1 0 0
    outer loop
      vertex 1.86086 -2.52112 1.28041
      vertex 1.86086 -2.56939 1.26519
      vertex 1.86086 -2.56236 1.24589
    endloop
  endfacet
  facet normal 1 0 0
    outer loop
      vertex 1.86086 -2.56236 1.24589
      vertex 1.86086 -2.56939 1.26519
      vertex 1.86086 -2.60747 1.2272
    endloop
  endfacet
  facet normal 1 0 0
    outer loop
      vertex 1.86086 -2.56939 1.26519
      vertex 1.86086 -2.61615 1.24582
      vertex 1.86086 -2.60747 1.2272
    endloop
  endfacet
  facet normal 1 0 0
    outer loop
      vertex 1.86086 -2.60747 1.2272
      vertex 1.86086 -2.61615 1.24582
      vertex 1.86086 -2.65077 1.20466
    endloop
  endfacet
  facet normal 1 0 0
    outer loop
      vertex 1.86086 -2.61615 1.24582
      vertex 1.86086 -2.66104 1.22245
      vertex 1.86086 -2.65077 1.20466
    endloop
  endfacet
  facet normal 1 0 0
    outer loop
      vertex 1.86086 -2.65077 1.20466
      vertex 1.86086 -2.66104 1.22245
      vertex 1.86086 -2.69194 1.17843
    endloop
  endfacet
  facet normal 1 0 0
    outer loop
      vertex 1.86086 -2.66104 1.22245
      vertex 1.86086 -2.70372 1.19526
      vertex 1.86086 -2.69194 1.17843
    endloop
  endfacet
  facet normal 1 0 0
    outer loop
      vertex 1.86086 -2.69194 1.17843
      vertex 1.86086 -2.70372 1.19526
      vertex 1.86086 -2.73067 1.14871
    endloop
  endfacet
  facet normal 1 0 0
    outer loop
      vertex 1.86086 -2.70372 1.19526
      vertex 1.86086 -2.74388 1.16445
      vertex 1.86086 -2.73067 1.14871
    endloop
  endfacet
  facet normal 1 0 0
    outer loop
      vertex 1.86086 -2.73067 1.14871
      vertex 1.86086 -2.74388 1.16445
      vertex 1.86086 -2.76667 1.11573
    endloop
  endfacet
  facet normal 1 0 0
    outer loop
      vertex 1.86086 -2.74388 1.16445
      vertex 1.86086 -2.78119 1.13026
      vertex 1.86086 -2.76667 1.11573
    endloop
  endfacet
  facet normal 1 0 0
    outer loop
      vertex 1.86086 -2.76667 1.11573
      vertex 1.86086 -2.78119 1.13026
      vertex 1.86086 -2.79965 1.07974
    endloop
  endfacet
  facet normal 1 0 0
    outer loop
      vertex 1.86086 -2.78119 1.13026
      vertex 1.86086 -2.81538 1.09294
      vertex 1.86086 -2.79965 1.07974
    endloop
  endfacet
  facet normal 1 0 0
    outer loop
      vertex 1.86086 -2.79965 1.07974
      vertex 1.86086 -2.81538 1.09294
      vertex 1.86086 -2.82937 1.04101
    endloop
  endfacet
  facet normal 1 0 0
    outer loop
      vertex 1.86086 -2.81538 1.09294
      vertex 1.86086 -2.84619 1.05279
      vertex 1.86086 -2.82937 1.04101
    endloop
  endfacet
  facet normal 1 0 0
    outer loop
      vertex 1.86086 -2.82937 1.04101
      vertex 1.86086 -2.84619 1.05279
      vertex 1.86086 -2.8556 0.999835
    endloop
  endfacet
  facet normal 1 0 0
    outer loop
      vertex 1.86086 -2.84619 1.05279
      vertex 1.86086 -2.87338 1.0101
      vertex 1.86086 -2.8556 0.999835
    endloop
  endfacet
  facet normal 1 0 0
    outer loop
      vertex 1.86086 -2.8556 0.999835
      vertex 1.86086 -2.87338 1.0101
      vertex 1.86086 -2.87814 0.956532
    endloop
  endfacet
  facet normal 1 0 0
    outer loop
      vertex 1.86086 -2.87338 1.0101
      vertex 1.86086 -2.89675 0.965213
      vertex 1.86086 -2.87814 0.956532
    endloop
  endfacet
  facet normal 1 0 0
    outer loop
      vertex 1.86086 -2.87814 0.956532
      vertex 1.86086 -2.89675 0.965213
      vertex 1.86086 -2.89682 0.911429
    endloop
  endfacet
  facet normal 1 0 0
    outer loop
      vertex 1.86086 -2.89675 0.965213
      vertex 1.86086 -2.91612 0.918455
      vertex 1.86086 -2.89682 0.911429
    endloop
  endfacet
  facet normal 1 0 0
    outer loop
      vertex 1.86086 -2.89682 0.911429
      vertex 1.86086 -2.91612 0.918455
      vertex 1.86086 -2.9115 0.86487
    endloop
  endfacet
  facet normal 1 0 0
    outer loop
      vertex 1.86086 -2.91612 0.918455
      vertex 1.86086 -2.93134 0.870186
      vertex 1.86086 -2.9115 0.86487
    endloop
  endfacet
  facet normal 1 0 0
    outer loop
      vertex 1.86086 -2.9115 0.86487
      vertex 1.86086 -2.93134 0.870186
      vertex 1.86086 -2.92207 0.817208
    endloop
  endfacet
  facet normal 1 0 0
    outer loop
      vertex 1.86086 -2.93134 0.870186
      vertex 1.86086 -2.94229 0.820775
      vertex 1.86086 -2.92207 0.817208
    endloop
  endfacet
  facet normal 1 0 0
    outer loop
      vertex 1.86086 -2.92207 0.817208
      vertex 1.86086 -2.94229 0.820775
      vertex 1.86086 -2.92844 0.768807
    endloop
  endfacet
  facet normal 1 0 0
    outer loop
      vertex 1.86086 -2.94229 0.820775
      vertex 1.86086 -2.9489 0.770598
      vertex 1.86086 -2.92844 0.768807
    endloop
  endfacet
  facet normal 1 0 0
    outer loop
      vertex 1.86086 -2.92844 0.768807
      vertex 1.86086 -2.9489 0.770598
      vertex 1.86086 -2.93057 0.720035
    endloop
  endfacet
  facet normal 1 0 0
    outer loop
      vertex 1.86086 -2.9489 0.770598
      vertex 1.86086 -2.95111 0.720035
      vertex 1.86086 -2.93057 0.720035
    endloop
  endfacet
  facet normal 1 0 0
    outer loop
      vertex 1.86086 -2.93057 0.720035
      vertex 1.86086 -2.95111 0.720035
      vertex 1.86086 -2.92844 0.671263
    endloop
  endfacet
  facet normal 1 0 0
    outer loop
      vertex 1.86086 -2.95111 0.720035
      vertex 1.86086 -2.9489 0.669473
      vertex 1.86086 -2.92844 0.671263
    endloop
  endfacet
  facet normal 1 0 0
    outer loop
      vertex 1.86086 -2.92844 0.671263
      vertex 1.86086 -2.9489 0.669473
      vertex 1.86086 -2.92207 0.622862
    endloop
  endfacet
  facet normal 1 0 0
    outer loop
      vertex 1.86086 -2.9489 0.669473
      vertex 1.86086 -2.94229 0.619295
      vertex 1.86086 -2.92207 0.622862
    endloop
  endfacet
  facet normal 1 0 0
    outer loop
      vertex 1.86086 -2.92207 0.622862
      vertex 1.86086 -2.94229 0.619295
      vertex 1.86086 -2.9115 0.5752
    endloop
  endfacet
  facet normal 1 0 0
    outer loop
      vertex 1.86086 -2.94229 0.619295
      vertex 1.86086 -2.93134 0.569884
      vertex 1.86086 -2.9115 0.5752
    endloop
  endfacet
  facet normal 1 0 0
    outer loop
      vertex 1.86086 -2.9115 0.5752
      vertex 1.86086 -2.93134 0.569884
      vertex 1.86086 -2.89682 0.528641
    endloop
  endfacet
  facet normal 1 0 0
    outer loop
      vertex 1.86086 -2.93134 0.569884
      vertex 1.86086 -2.91612 0.521616
      vertex 1.86086 -2.89682 0.528641
    endloop
  endfacet
  facet normal 1 0 0
    outer loop
      vertex 1.86086 -2.89682 0.528641
      vertex 1.86086 -2.91612 0.521616
      vertex 1.86086 -2.87814 0.483539
    endloop
  endfacet
  facet normal 1 0 0
    outer loop
      vertex 1.86086 -2.91612 0.521616
      vertex 1.86086 -2.89675 0.474858
      vertex 1.86086 -2.87814 0.483539
    endloop
  endfacet
  facet normal 1 0 0
    outer loop
      vertex 1.86086 -2.87814 0.483539
      vertex 1.86086 -2.89675 0.474858
      vertex 1.86086 -2.8556 0.440236
    endloop
  endfacet
  facet normal 1 0 0
    outer loop
      vertex 1.86086 -2.89675 0.474858
      vertex 1.86086 -2.87338 0.429966
      vertex 1.86086 -2.8556 0.440236
    endloop
  endfacet
  facet normal 1 0 0
    outer loop
      vertex 1.86086 -2.8556 0.440236
      vertex 1.86086 -2.87338 0.429966
      vertex 1.86086 -2.82937 0.399063
    endloop
  endfacet
  facet normal 1 0 0
    outer loop
      vertex 1.86086 -2.87338 0.429966
      vertex 1.86086 -2.84619 0.387281
      vertex 1.86086 -2.82937 0.399063
    endloop
  endfacet
  facet normal 1 0 0
    outer loop
      vertex 1.86086 -2.82937 0.399063
      vertex 1.86086 -2.84619 0.387281
      vertex 1.86086 -2.79965 0.360332
    endloop
  endfacet
  facet normal 1 0 0
    outer loop
      vertex 1.86086 -2.84619 0.387281
      vertex 1.86086 -2.81538 0.347129
      vertex 1.86086 -2.79965 0.360332
    endloop
  endfacet
  facet normal 1 0 0
    outer loop
      vertex 1.86086 -2.79965 0.360332
      vertex 1.86086 -2.81538 0.347129
      vertex 1.86086 -2.76667 0.324339
    endloop
  endfacet
  facet normal 1 0 0
    outer loop
      vertex 1.86086 -2.81538 0.347129
      vertex 1.86086 -2.78119 0.309815
      vertex 1.86086 -2.76667 0.324339
    endloop
  endfacet
  facet normal 1 0 0
    outer loop
      vertex 1.86086 -2.76667 0.324339
      vertex 1.86086 -2.78119 0.309815
      vertex 1.86086 -2.73067 0.291358
    endloop
  endfacet
  facet normal 1 0 0
    outer loop
      vertex 1.86086 -2.78119 0.309815
      vertex 1.86086 -2.74388 0.275623
      vertex 1.86086 -2.73067 0.291358
    endloop
  endfacet
  facet normal 1 0 0
    outer loop
      vertex 1.86086 -2.73067 0.291358
      vertex 1.86086 -2.74388 0.275623
      vertex 1.86086 -2.69194 0.261639
    endloop
  endfacet
  facet normal 1 0 0
    outer loop
      vertex 1.86086 -2.74388 0.275623
      vertex 1.86086 -2.70372 0.244813
      vertex 1.86086 -2.69194 0.261639
    endloop
  endfacet
  facet normal 1 0 0
    outer loop
      vertex 1.86086 -2.69194 0.261639
      vertex 1.86086 -2.70372 0.244813
      vertex 1.86086 -2.65077 0.235409
    endloop
  endfacet
  facet normal 1 0 0
    outer loop
      vertex 1.86086 -2.70372 0.244813
      vertex 1.86086 -2.66104 0.21762
      vertex 1.86086 -2.65077 0.235409
    endloop
  endfacet
  facet normal 1 0 0
    outer loop
      vertex 1.86086 -2.65077 0.235409
      vertex 1.86086 -2.66104 0.21762
      vertex 1.86086 -2.60747 0.212867
    endloop
  endfacet
  facet normal 1 0 0
    outer loop
      vertex 1.86086 -2.66104 0.21762
      vertex 1.86086 -2.61615 0.194251
      vertex 1.86086 -2.60747 0.212867
    endloop
  endfacet
  facet normal 1 0 0
    outer loop
      vertex 1.86086 -2.60747 0.212867
      vertex 1.86086 -2.61615 0.194251
      vertex 1.86086 -2.56236 0.194185
    endloop
  endfacet
  facet normal 1 0 0
    outer loop
      vertex 1.86086 -2.61615 0.194251
      vertex 1.86086 -2.56939 0.174883
      vertex 1.86086 -2.56236 0.194185
    endloop
  endfacet
  facet normal 1 0 0
    outer loop
      vertex 1.86086 -2.56236 0.194185
      vertex 1.86086 -2.56939 0.174883
      vertex 1.86086 -2.5158 0.179505
    endloop
  endfacet
  facet normal 1 0 0
    outer loop
      vertex 1.86086 -2.56939 0.174883
      vertex 1.86086 -2.52112 0.159664
      vertex 1.86086 -2.5158 0.179505
    endloop
  endfacet
  facet normal 1 0 0
    outer loop
      vertex 1.86086 -2.5158 0.179505
      vertex 1.86086 -2.52112 0.159664
      vertex 1.86086 -2.46814 0.168938
    endloop
  endfacet
  facet normal 1 0 0
    outer loop
      vertex 1.86086 -2.52112 0.159664
      vertex 1.86086 -2.47171 0.14871
      vertex 1.86086 -2.46814 0.168938
    endloop
  endfacet
  facet normal 1 0 0
    outer loop
      vertex 1.86086 -2.46814 0.168938
      vertex 1.86086 -2.47171 0.14871
      vertex 1.86086 -2.41974 0.162566
    endloop
  endfacet
  facet normal 1 0 0
    outer loop
      vertex 1.86086 -2.47171 0.14871
      vertex 1.86086 -2.42153 0.142104
      vertex 1.86086 -2.41974 0.162566
    endloop
  endfacet
  facet normal 1 0 0
    outer loop
      vertex 1.86086 -2.41974 0.162566
      vertex 1.86086 -2.42153 0.142104
      vertex 1.86086 -2.37097 0.160437
    endloop
  endfacet
  facet normal 1 0 0
    outer loop
      vertex 1.86086 -2.42153 0.142104
      vertex 1.86086 -2.37097 0.139896
      vertex 1.86086 -2.37097 0.160437
    endloop
  endfacet
  facet normal 1 0 0
    outer loop
      vertex 1.86086 -2.37097 0.160437
      vertex 1.86086 -2.37097 0.139896
      vertex 1.86086 -2.3222 0.162566
    endloop
  endfacet
  facet normal 1 0 0
    outer loop
      vertex 1.86086 -2.37097 0.139896
      vertex 1.86086 -2.32041 0.142104
      vertex 1.86086 -2.3222 0.162566
    endloop
  endfacet
  facet normal 1 0 0
    outer loop
      vertex 1.86086 -2.3222 0.162566
      vertex 1.86086 -2.32041 0.142104
      vertex 1.86086 -2.2738 0.168938
    endloop
  endfacet
  facet normal 1 0 0
    outer loop
      vertex 1.86086 -2.32041 0.142104
      vertex 1.86086 -2.27023 0.14871
      vertex 1.86086 -2.2738 0.168938
    endloop
  endfacet
  facet normal 1 0 0
    outer loop
      vertex 1.86086 -2.2738 0.168938
      vertex 1.86086 -2.27023 0.14871
      vertex 1.86086 -2.22613 0.179505
    endloop
  endfacet
  facet normal 1 0 0
    outer loop
      vertex 1.86086 -2.27023 0.14871
      vertex 1.86086 -2.22082 0.159664
      vertex 1.86086 -2.22613 0.179505
    endloop
  endfacet
  facet normal 1 0 0
    outer loop
      vertex 1.86086 -2.22613 0.179505
      vertex 1.86086 -2.22082 0.159664
      vertex 1.86086 -2.17958 0.194185
    endloop
  endfacet
  facet normal 1 0 0
    outer loop
      vertex 1.86086 -2.22082 0.159664
      vertex 1.86086 -2.17255 0.174883
      vertex 1.86086 -2.17958 0.194185
    endloop
  endfacet
  facet normal 1 0 0
    outer loop
      vertex 1.86086 -2.17958 0.194185
      vertex 1.86086 -2.17255 0.174883
      vertex 1.86086 -2.13447 0.212867
    endloop
  endfacet
  facet normal 1 0 0
    outer loop
      vertex 1.86086 -2.17255 0.174883
      vertex 1.86086 -2.12579 0.194251
      vertex 1.86086 -2.13447 0.212867
    endloop
  endfacet
  facet normal 1 0 0
    outer loop
      vertex 1.86086 -2.13447 0.212867
      vertex 1.86086 -2.12579 0.194251
      vertex 1.86086 -2.09117 0.235409
    endloop
  endfacet
  facet normal 1 0 0
    outer loop
      vertex 1.86086 -2.12579 0.194251
      vertex 1.86086 -2.0809 0.21762
      vertex 1.86086 -2.09117 0.235409
    endloop
  endfacet
  facet normal 1 0 0
    outer loop
      vertex 1.86086 -2.09117 0.235409
      vertex 1.86086 -2.0809 0.21762
      vertex 1.86086 -2.05 0.261639
    endloop
  endfacet
  facet normal 1 0 0
    outer loop
      vertex 1.86086 -2.0809 0.21762
      vertex 1.86086 -2.03822 0.244813
      vertex 1.86086 -2.05 0.261639
    endloop
  endfacet
  facet normal 1 0 0
    outer loop
      vertex 1.86086 -2.05 0.261639
      vertex 1.86086 -2.03822 0.244813
      vertex 1.86086 -2.01127 0.291358
    endloop
  endfacet
  facet normal 1 0 0
    outer loop
      vertex 1.86086 -2.03822 0.244813
      vertex 1.86086 -1.99806 0.275623
      vertex 1.86086 -2.01127 0.291358
    endloop
  endfacet
  facet normal 1 0 0
    outer loop
      vertex 1.86086 -2.01127 0.291358
      vertex 1.86086 -1.99806 0.275623
      vertex 1.86086 -1.97527 0.324339
    endloop
  endfacet
  facet normal 1 0 0
    outer loop
      vertex 1.86086 -1.99806 0.275623
      vertex 1.86086 -1.96075 0.309815
      vertex 1.86086 -1.97527 0.324339
    endloop
  endfacet
  facet normal 1 0 0
    outer loop
      vertex 1.86086 -1.97527 0.324339
      vertex 1.86086 -1.96075 0.309815
      vertex 1.86086 -1.94229 0.360332
    endloop
  endfacet
  facet normal 1 0 0
    outer loop
      vertex 1.86086 -1.96075 0.309815
      vertex 1.86086 -1.92656 0.347129
      vertex 1.86086 -1.94229 0.360332
    endloop
  endfacet
  facet normal 1 0 0
    outer loop
      vertex 1.86086 -1.94229 0.360332
      vertex 1.86086 -1.92656 0.347129
      vertex 1.86086 -1.91257 0.399063
    endloop
  endfacet
  facet normal 1 0 0
    outer loop
      vertex 1.86086 -1.92656 0.347129
      vertex 1.86086 -1.89575 0.387281
      vertex 1.86086 -1.91257 0.399063
    endloop
  endfacet
  facet normal 1 0 0
    outer loop
      vertex 1.86086 -1.91257 0.399063
      vertex 1.86086 -1.89575 0.387281
      vertex 1.86086 -1.88634 0.440236
    endloop
  endfacet
  facet normal 1 0 0
    outer loop
      vertex 1.86086 -1.89575 0.387281
      vertex 1.86086 -1.86855 0.429966
      vertex 1.86086 -1.88634 0.440236
    endloop
  endfacet
  facet normal 1 0 0
    outer loop
      vertex 1.86086 -1.88634 0.440236
      vertex 1.86086 -1.86855 0.429966
      vertex 1.86086 -1.8638 0.483539
    endloop
  endfacet
  facet normal 1 0 0
    outer loop
      vertex 1.86086 -1.86855 0.429966
      vertex 1.86086 -1.84518 0.474858
      vertex 1.86086 -1.8638 0.483539
    endloop
  endfacet
  facet normal 1 0 0
    outer loop
      vertex 1.86086 -1.8638 0.483539
      vertex 1.86086 -1.84518 0.474858
      vertex 1.86086 -1.84512 0.528641
    endloop
  endfacet
  facet normal 1 0 0
    outer loop
      vertex 1.86086 -1.84518 0.474858
      vertex 1.86086 -1.82582 0.521616
      vertex 1.86086 -1.84512 0.528641
    endloop
  endfacet
  facet normal 1 0 0
    outer loop
      vertex 1.86086 -1.84512 0.528641
      vertex 1.86086 -1.82582 0.521616
      vertex 1.86086 -1.83044 0.5752
    endloop
  endfacet
  facet normal 1 0 0
    outer loop
      vertex 1.86086 -1.82582 0.521616
      vertex 1.86086 -1.8106 0.569884
      vertex 1.86086 -1.83044 0.5752
    endloop
  endfacet
  facet normal 1 0 0
    outer loop
      vertex 1.86086 -1.83044 0.5752
      vertex 1.86086 -1.8106 0.569884
      vertex 1.86086 -1.81987 0.622862
    endloop
  endfacet
  facet normal 1 0 0
    outer loop
      vertex 1.86086 -1.8106 0.569884
      vertex 1.86086 -1.79964 0.619295
      vertex 1.86086 -1.81987 0.622862
    endloop
  endfacet
  facet normal 1 0 0
    outer loop
      vertex 1.86086 -1.81987 0.622862
      vertex 1.86086 -1.79964 0.619295
      vertex 1.86086 -1.8135 0.671263
    endloop
  endfacet
  facet normal 1 0 0
    outer loop
      vertex 1.86086 -1.79964 0.619295
      vertex 1.86086 -1.79304 0.669473
      vertex 1.86086 -1.8135 0.671263
    endloop
  endfacet
  facet normal 1 0 0
    outer loop
      vertex 1.86086 -1.8135 0.671263
      vertex 1.86086 -1.79304 0.669473
      vertex 1.86086 -1.81137 0.720035
    endloop
  endfacet
  facet normal 1 0 0
    outer loop
      vertex 1.86086 -1.79304 0.669473
      vertex 1.86086 -1.79083 0.720035
      vertex 1.86086 -1.81137 0.720035
    endloop
  endfacet
  facet normal 1 0 0
    outer loop
      vertex 1.86086 -1.81137 0.720035
      vertex 1.86086 -1.79083 0.720035
      vertex 1.86086 -1.8135 0.768807
    endloop
  endfacet
  facet normal 1 0 0
    outer loop
      vertex 1.86086 -1.79083 0.720035
      vertex 1.86086 -1.79304 0.770598
      vertex 1.86086 -1.8135 0.768807
    endloop
  endfacet
  facet normal 1 0 0
    outer loop
      vertex 1.86086 -1.8135 0.768807
      vertex 1.86086 -1.79304 0.770598
      vertex 1.86086 -1.81987 0.817208
    endloop
  endfacet
  facet normal 1 0 0
    outer loop
      vertex 1.86086 -1.79304 0.770598
      vertex 1.86086 -1.79964 0.820775
      vertex 1.86086 -1.81987 0.817208
    endloop
  endfacet
  facet normal 1 0 0
    outer loop
      vertex 1.86086 -1.81987 0.817208
      vertex 1.86086 -1.79964 0.820775
      vertex 1.86086 -1.83044 0.86487
    endloop
  endfacet
  facet normal 1 0 0
    outer loop
      vertex 1.86086 -1.79964 0.820775
      vertex 1.86086 -1.8106 0.870186
      vertex 1.86086 -1.83044 0.86487
    endloop
  endfacet
  facet normal 1 0 0
    outer loop
      vertex 1.86086 -1.83044 0.86487
      vertex 1.86086 -1.8106 0.870186
      vertex 1.86086 -1.84512 0.911429
    endloop
  endfacet
  facet normal 1 0 0
    outer loop
      vertex 1.86086 -1.8106 0.870186
      vertex 1.86086 -1.82582 0.918455
      vertex 1.86086 -1.84512 0.911429
    endloop
  endfacet
  facet normal 1 0 0
    outer loop
      vertex 1.86086 -1.84512 0.911429
      vertex 1.86086 -1.82582 0.918455
      vertex 1.86086 -1.8638 0.956532
    endloop
  endfacet
  facet normal 1 0 0
    outer loop
      vertex 1.86086 -1.82582 0.918455
      vertex 1.86086 -1.84518 0.965213
      vertex 1.86086 -1.8638 0.956532
    endloop
  endfacet
  facet normal 1 0 0
    outer loop
      vertex 1.86086 -1.8638 0.956532
      vertex 1.86086 -1.84518 0.965213
      vertex 1.86086 -1.88634 0.999835
    endloop
  endfacet
  facet normal 1 0 0
    outer loop
      vertex 1.86086 -1.84518 0.965213
      vertex 1.86086 -1.86855 1.0101
      vertex 1.86086 -1.88634 0.999835
    endloop
  endfacet
  facet normal 1 0 0
    outer loop
      vertex 1.86086 -1.88634 0.999835
      vertex 1.86086 -1.86855 1.0101
      vertex 1.86086 -1.91257 1.04101
    endloop
  endfacet
  facet normal 1 0 0
    outer loop
      vertex 1.86086 -1.86855 1.0101
      vertex 1.86086 -1.89575 1.05279
      vertex 1.86086 -1.91257 1.04101
    endloop
  endfacet
  facet normal 1 0 0
    outer loop
      vertex 1.86086 -1.91257 1.04101
      vertex 1.86086 -1.89575 1.05279
      vertex 1.86086 -1.94229 1.07974
    endloop
  endfacet
  facet normal 1 0 0
    outer loop
      vertex 1.86086 -1.89575 1.05279
      vertex 1.86086 -1.92656 1.09294
      vertex 1.86086 -1.94229 1.07974
    endloop
  endfacet
  facet normal 1 0 0
    outer loop
      vertex 1.86086 -1.94229 1.07974
      vertex 1.86086 -1.92656 1.09294
      vertex 1.86086 -1.97527 1.11573
    endloop
  endfacet
  facet normal 1 0 0
    outer loop
      vertex 1.86086 -1.92656 1.09294
      vertex 1.86086 -1.96075 1.13026
      vertex 1.86086 -1.97527 1.11573
    endloop
  endfacet
  facet normal -1 0 0
    outer loop
      vertex 1.55243 -2.25676 0.0723019
      vertex 1.55243 -2.31364 0.0648124
      vertex 1.55243 -2.37097 0.720035
    endloop
  endfacet
  facet normal -1 0 0
    outer loop
      vertex 1.55243 -2.31364 0.0648124
      vertex 1.55243 -2.37097 0.0623096
      vertex 1.55243 -2.37097 0.720035
    endloop
  endfacet
  facet normal -1 0 0
    outer loop
      vertex 1.55243 -2.37097 0.720035
      vertex 1.55243 -2.37097 0.0623096
      vertex 1.55243 -2.42829 0.0648124
    endloop
  endfacet
  facet normal -1 0 0
    outer loop
      vertex 1.55243 -2.093 0.123933
      vertex 1.55243 -2.14601 0.101975
      vertex 1.55243 -2.37097 0.720035
    endloop
  endfacet
  facet normal -1 0 0
    outer loop
      vertex 1.55243 -2.14601 0.101975
      vertex 1.55243 -2.20074 0.084721
      vertex 1.55243 -2.37097 0.720035
    endloop
  endfacet
  facet normal -1 0 0
    outer loop
      vertex 1.55243 -2.37097 0.720035
      vertex 1.55243 -2.20074 0.084721
      vertex 1.55243 -2.25676 0.0723019
    endloop
  endfacet
  facet normal -1 0 0
    outer loop
      vertex 1.55243 -1.94819 0.216188
      vertex 1.55243 -1.99371 0.181258
      vertex 1.55243 -2.37097 0.720035
    endloop
  endfacet
  facet normal -1 0 0
    outer loop
      vertex 1.55243 -1.99371 0.181258
      vertex 1.55243 -2.04211 0.150428
      vertex 1.55243 -2.37097 0.720035
    endloop
  endfacet
  facet normal -1 0 0
    outer loop
      vertex 1.55243 -2.37097 0.720035
      vertex 1.55243 -2.04211 0.150428
      vertex 1.55243 -2.093 0.123933
    endloop
  endfacet
  facet normal -1 0 0
    outer loop
      vertex 1.55243 -1.83219 0.342779
      vertex 1.55243 -1.86712 0.297257
      vertex 1.55243 -2.37097 0.720035
    endloop
  endfacet
  facet normal -1 0 0
    outer loop
      vertex 1.55243 -1.86712 0.297257
      vertex 1.55243 -1.90589 0.254953
      vertex 1.55243 -2.37097 0.720035
    endloop
  endfacet
  facet normal -1 0 0
    outer loop
      vertex 1.55243 -2.37097 0.720035
      vertex 1.55243 -1.90589 0.254953
      vertex 1.55243 -1.94819 0.216188
    endloop
  endfacet
  facet normal -1 0 0
    outer loop
      vertex 1.55243 -1.75291 0.49508
      vertex 1.55243 -1.77487 0.442068
      vertex 1.55243 -2.37097 0.720035
    endloop
  endfacet
  facet normal -1 0 0
    outer loop
      vertex 1.55243 -1.77487 0.442068
      vertex 1.55243 -1.80136 0.391172
      vertex 1.55243 -2.37097 0.720035
    endloop
  endfacet
  facet normal -1 0 0
    outer loop
      vertex 1.55243 -2.37097 0.720035
      vertex 1.55243 -1.80136 0.391172
      vertex 1.55243 -1.83219 0.342779
    endloop
  endfacet
  facet normal -1 0 0
    outer loop
      vertex 1.55243 -1.71575 0.662711
      vertex 1.55243 -1.72324 0.605822
      vertex 1.55243 -2.37097 0.720035
    endloop
  endfacet
  facet normal -1 0 0
    outer loop
      vertex 1.55243 -1.72324 0.605822
      vertex 1.55243 -1.73565 0.549803
      vertex 1.55243 -2.37097 0.720035
    endloop
  endfacet
  facet normal -1 0 0
    outer loop
      vertex 1.55243 -2.37097 0.720035
      vertex 1.55243 -1.73565 0.549803
      vertex 1.55243 -1.75291 0.49508
    endloop
  endfacet
  facet normal -1 0 0
    outer loop
      vertex 1.55243 -1.72324 0.834248
      vertex 1.55243 -1.71575 0.77736
      vertex 1.55243 -2.37097 0.720035
    endloop
  endfacet
  facet normal -1 0 0
    outer loop
      vertex 1.55243 -1.71575 0.77736
      vertex 1.55243 -1.71324 0.720035
      vertex 1.55243 -2.37097 0.720035
    endloop
  endfacet
  facet normal -1 0 0
    outer loop
      vertex 1.55243 -2.37097 0.720035
      vertex 1.55243 -1.71324 0.720035
      vertex 1.55243 -1.71575 0.662711
    endloop
  endfacet
  facet normal -1 0 0
    outer loop
      vertex 1.55243 -1.77487 0.998002
      vertex 1.55243 -1.75291 0.944991
      vertex 1.55243 -2.37097 0.720035
    endloop
  endfacet
  facet normal -1 0 0
    outer loop
      vertex 1.55243 -1.75291 0.944991
      vertex 1.55243 -1.73565 0.890267
      vertex 1.55243 -2.37097 0.720035
    endloop
  endfacet
  facet normal -1 0 0
    outer loop
      vertex 1.55243 -2.37097 0.720035
      vertex 1.55243 -1.73565 0.890267
      vertex 1.55243 -1.72324 0.834248
    endloop
  endfacet
  facet normal -1 0 0
    outer loop
      vertex 1.55243 -1.86712 1.14281
      vertex 1.55243 -1.83219 1.09729
      vertex 1.55243 -2.37097 0.720035
    endloop
  endfacet
  facet normal -1 0 0
    outer loop
      vertex 1.55243 -1.83219 1.09729
      vertex 1.55243 -1.80136 1.0489
      vertex 1.55243 -2.37097 0.720035
    endloop
  endfacet
  facet normal -1 0 0
    outer loop
      vertex 1.55243 -2.37097 0.720035
      vertex 1.55243 -1.80136 1.0489
      vertex 1.55243 -1.77487 0.998002
    endloop
  endfacet
  facet normal -1 0 0
    outer loop
      vertex 1.55243 -1.99371 1.25881
      vertex 1.55243 -1.94819 1.22388
      vertex 1.55243 -2.37097 0.720035
    endloop
  endfacet
  facet normal -1 0 0
    outer loop
      vertex 1.55243 -1.94819 1.22388
      vertex 1.55243 -1.90589 1.18512
      vertex 1.55243 -2.37097 0.720035
    endloop
  endfacet
  facet normal -1 0 0
    outer loop
      vertex 1.55243 -2.37097 0.720035
      vertex 1.55243 -1.90589 1.18512
      vertex 1.55243 -1.86712 1.14281
    endloop
  endfacet
  facet normal -1 0 0
    outer loop
      vertex 1.55243 -2.14601 1.3381
      vertex 1.55243 -2.093 1.31614
      vertex 1.55243 -2.37097 0.720035
    endloop
  endfacet
  facet normal -1 0 0
    outer loop
      vertex 1.55243 -2.093 1.31614
      vertex 1.55243 -2.04211 1.28964
      vertex 1.55243 -2.37097 0.720035
    endloop
  endfacet
  facet normal -1 0 0
    outer loop
      vertex 1.55243 -2.37097 0.720035
      vertex 1.55243 -2.04211 1.28964
      vertex 1.55243 -1.99371 1.25881
    endloop
  endfacet
  facet normal -1 0 0
    outer loop
      vertex 1.55243 -2.31364 1.37526
      vertex 1.55243 -2.25676 1.36777
      vertex 1.55243 -2.37097 0.720035
    endloop
  endfacet
  facet normal -1 0 0
    outer loop
      vertex 1.55243 -2.25676 1.36777
      vertex 1.55243 -2.20074 1.35535
      vertex 1.55243 -2.37097 0.720035
    endloop
  endfacet
  facet normal -1 0 0
    outer loop
      vertex 1.55243 -2.37097 0.720035
      vertex 1.55243 -2.20074 1.35535
      vertex 1.55243 -2.14601 1.3381
    endloop
  endfacet
  facet normal -1 0 0
    outer loop
      vertex 1.55243 -2.48518 1.36777
      vertex 1.55243 -2.42829 1.37526
      vertex 1.55243 -2.37097 0.720035
    endloop
  endfacet
  facet normal -1 0 0
    outer loop
      vertex 1.55243 -2.42829 1.37526
      vertex 1.55243 -2.37097 1.37776
      vertex 1.55243 -2.37097 0.720035
    endloop
  endfacet
  facet normal -1 0 0
    outer loop
      vertex 1.55243 -2.37097 0.720035
      vertex 1.55243 -2.37097 1.37776
      vertex 1.55243 -2.31364 1.37526
    endloop
  endfacet
  facet normal -1 0 0
    outer loop
      vertex 1.55243 -2.64894 1.31614
      vertex 1.55243 -2.59592 1.3381
      vertex 1.55243 -2.37097 0.720035
    endloop
  endfacet
  facet normal -1 0 0
    outer loop
      vertex 1.55243 -2.59592 1.3381
      vertex 1.55243 -2.5412 1.35535
      vertex 1.55243 -2.37097 0.720035
    endloop
  endfacet
  facet normal -1 0 0
    outer loop
      vertex 1.55243 -2.37097 0.720035
      vertex 1.55243 -2.5412 1.35535
      vertex 1.55243 -2.48518 1.36777
    endloop
  endfacet
  facet normal -1 0 0
    outer loop
      vertex 1.55243 -2.79375 1.22388
      vertex 1.55243 -2.74823 1.25881
      vertex 1.55243 -2.37097 0.720035
    endloop
  endfacet
  facet normal -1 0 0
    outer loop
      vertex 1.55243 -2.74823 1.25881
      vertex 1.55243 -2.69983 1.28964
      vertex 1.55243 -2.37097 0.720035
    endloop
  endfacet
  facet normal -1 0 0
    outer loop
      vertex 1.55243 -2.37097 0.720035
      vertex 1.55243 -2.69983 1.28964
      vertex 1.55243 -2.64894 1.31614
    endloop
  endfacet
  facet normal -1 0 0
    outer loop
      vertex 1.55243 -2.90975 1.09729
      vertex 1.55243 -2.87482 1.14281
      vertex 1.55243 -2.37097 0.720035
    endloop
  endfacet
  facet normal -1 0 0
    outer loop
      vertex 1.55243 -2.87482 1.14281
      vertex 1.55243 -2.83605 1.18512
      vertex 1.55243 -2.37097 0.720035
    endloop
  endfacet
  facet normal -1 0 0
    outer loop
      vertex 1.55243 -2.37097 0.720035
      vertex 1.55243 -2.83605 1.18512
      vertex 1.55243 -2.79375 1.22388
    endloop
  endfacet
  facet normal -1 0 0
    outer loop
      vertex 1.55243 -2.98903 0.944991
      vertex 1.55243 -2.96707 0.998002
      vertex 1.55243 -2.37097 0.720035
    endloop
  endfacet
  facet normal -1 0 0
    outer loop
      vertex 1.55243 -2.96707 0.998002
      vertex 1.55243 -2.94058 1.0489
      vertex 1.55243 -2.37097 0.720035
    endloop
  endfacet
  facet normal -1 0 0
    outer loop
      vertex 1.55243 -2.37097 0.720035
      vertex 1.55243 -2.94058 1.0489
      vertex 1.55243 -2.90975 1.09729
    endloop
  endfacet
  facet normal -1 0 0
    outer loop
      vertex 1.55243 -3.02619 0.77736
      vertex 1.55243 -3.0187 0.834248
      vertex 1.55243 -2.37097 0.720035
    endloop
  endfacet
  facet normal -1 0 0
    outer loop
      vertex 1.55243 -3.0187 0.834248
      vertex 1.55243 -3.00628 0.890267
      vertex 1.55243 -2.37097 0.720035
    endloop
  endfacet
  facet normal -1 0 0
    outer loop
      vertex 1.55243 -2.37097 0.720035
      vertex 1.55243 -3.00628 0.890267
      vertex 1.55243 -2.98903 0.944991
    endloop
  endfacet
  facet normal -1 0 0
    outer loop
      vertex 1.55243 -3.0187 0.605822
      vertex 1.55243 -3.02619 0.662711
      vertex 1.55243 -2.37097 0.720035
    endloop
  endfacet
  facet normal -1 0 0
    outer loop
      vertex 1.55243 -3.02619 0.662711
      vertex 1.55243 -3.0287 0.720035
      vertex 1.55243 -2.37097 0.720035
    endloop
  endfacet
  facet normal -1 0 0
    outer loop
      vertex 1.55243 -2.37097 0.720035
      vertex 1.55243 -3.0287 0.720035
      vertex 1.55243 -3.02619 0.77736
    endloop
  endfacet
  facet normal -1 0 0
    outer loop
      vertex 1.55243 -2.96707 0.442068
      vertex 1.55243 -2.98903 0.49508
      vertex 1.55243 -2.37097 0.720035
    endloop
  endfacet
  facet normal -1 0 0
    outer loop
      vertex 1.55243 -2.98903 0.49508
      vertex 1.55243 -3.00628 0.549803
      vertex 1.55243 -2.37097 0.720035
    endloop
  endfacet
  facet normal -1 0 0
    outer loop
      vertex 1.55243 -2.37097 0.720035
      vertex 1.55243 -3.00628 0.549803
      vertex 1.55243 -3.0187 0.605822
    endloop
  endfacet
  facet normal -1 0 0
    outer loop
      vertex 1.55243 -2.87482 0.297257
      vertex 1.55243 -2.90975 0.342779
      vertex 1.55243 -2.37097 0.720035
    endloop
  endfacet
  facet normal -1 0 0
    outer loop
      vertex 1.55243 -2.90975 0.342779
      vertex 1.55243 -2.94058 0.391172
      vertex 1.55243 -2.37097 0.720035
    endloop
  endfacet
  facet normal -1 0 0
    outer loop
      vertex 1.55243 -2.37097 0.720035
      vertex 1.55243 -2.94058 0.391172
      vertex 1.55243 -2.96707 0.442068
    endloop
  endfacet
  facet normal -1 0 0
    outer loop
      vertex 1.55243 -2.74823 0.181258
      vertex 1.55243 -2.79375 0.216188
      vertex 1.55243 -2.37097 0.720035
    endloop
  endfacet
  facet normal -1 0 0
    outer loop
      vertex 1.55243 -2.79375 0.216188
      vertex 1.55243 -2.83605 0.254953
      vertex 1.55243 -2.37097 0.720035
    endloop
  endfacet
  facet normal -1 0 0
    outer loop
      vertex 1.55243 -2.37097 0.720035
      vertex 1.55243 -2.83605 0.254953
      vertex 1.55243 -2.87482 0.297257
    endloop
  endfacet
  facet normal -1 0 0
    outer loop
      vertex 1.55243 -2.59592 0.101975
      vertex 1.55243 -2.64894 0.123933
      vertex 1.55243 -2.37097 0.720035
    endloop
  endfacet
  facet normal -1 0 0
    outer loop
      vertex 1.55243 -2.64894 0.123933
      vertex 1.55243 -2.69983 0.150428
      vertex 1.55243 -2.37097 0.720035
    endloop
  endfacet
  facet normal -1 0 0
    outer loop
      vertex 1.55243 -2.37097 0.720035
      vertex 1.55243 -2.69983 0.150428
      vertex 1.55243 -2.74823 0.181258
    endloop
  endfacet
  facet normal -1 0 0
    outer loop
      vertex 1.55243 -2.42829 0.0648124
      vertex 1.55243 -2.48518 0.0723019
      vertex 1.55243 -2.37097 0.720035
    endloop
  endfacet
  facet normal -1 0 0
    outer loop
      vertex 1.55243 -2.48518 0.0723019
      vertex 1.55243 -2.5412 0.084721
      vertex 1.55243 -2.37097 0.720035
    endloop
  endfacet
  facet normal -1 0 0
    outer loop
      vertex 1.55243 -2.37097 0.720035
      vertex 1.55243 -2.5412 0.084721
      vertex 1.55243 -2.59592 0.101975
    endloop
  endfacet
  facet normal 0.70677 -0.0923399 0.701391
    outer loop
      vertex 1.66401 -2.33935 0.358667
      vertex 1.86086 -2.3222 0.162566
      vertex 1.66401 -2.30798 0.362798
    endloop
  endfacet
  facet normal 0.70677 -0.0923399 0.701391
    outer loop
      vertex 1.86086 -2.3222 0.162566
      vertex 1.86086 -2.2738 0.168938
      vertex 1.66401 -2.30798 0.362798
    endloop
  endfacet
  facet normal 0.70677 -0.153118 0.690674
    outer loop
      vertex 1.66401 -2.30798 0.362798
      vertex 1.86086 -2.2738 0.168938
      vertex 1.66401 -2.27708 0.369647
    endloop
  endfacet
  facet normal 0.70677 -0.153119 0.690674
    outer loop
      vertex 1.86086 -2.2738 0.168938
      vertex 1.86086 -2.22613 0.179505
      vertex 1.66401 -2.27708 0.369647
    endloop
  endfacet
  facet normal 0.70677 -0.212733 0.674701
    outer loop
      vertex 1.66401 -2.27708 0.369647
      vertex 1.86086 -2.22613 0.179505
      vertex 1.66401 -2.2469 0.379163
    endloop
  endfacet
  facet normal 0.70677 -0.212732 0.674701
    outer loop
      vertex 1.86086 -2.22613 0.179505
      vertex 1.86086 -2.17958 0.194185
      vertex 1.66401 -2.2469 0.379163
    endloop
  endfacet
  facet normal 0.70677 -0.270727 0.653593
    outer loop
      vertex 1.66401 -2.2469 0.379163
      vertex 1.86086 -2.17958 0.194185
      vertex 1.66401 -2.21767 0.391274
    endloop
  endfacet
  facet normal 0.70677 -0.270727 0.653593
    outer loop
      vertex 1.86086 -2.17958 0.194185
      vertex 1.86086 -2.13447 0.212867
      vertex 1.66401 -2.21767 0.391274
    endloop
  endfacet
  facet normal 0.70677 -0.32666 0.62751
    outer loop
      vertex 1.66401 -2.21767 0.391274
      vertex 1.86086 -2.13447 0.212867
      vertex 1.66401 -2.1896 0.405886
    endloop
  endfacet
  facet normal 0.70677 -0.326661 0.62751
    outer loop
      vertex 1.86086 -2.13447 0.212867
      vertex 1.86086 -2.09117 0.235409
      vertex 1.66401 -2.1896 0.405886
    endloop
  endfacet
  facet normal 0.70677 -0.38011 0.596651
    outer loop
      vertex 1.66401 -2.1896 0.405886
      vertex 1.86086 -2.09117 0.235409
      vertex 1.66401 -2.16291 0.422889
    endloop
  endfacet
  facet normal 0.70677 -0.380109 0.596652
    outer loop
      vertex 1.86086 -2.09117 0.235409
      vertex 1.86086 -2.05 0.261639
      vertex 1.66401 -2.16291 0.422889
    endloop
  endfacet
  facet normal 0.70677 -0.430664 0.561253
    outer loop
      vertex 1.66401 -2.16291 0.422889
      vertex 1.86086 -2.05 0.261639
      vertex 1.66401 -2.1378 0.442154
    endloop
  endfacet
  facet normal 0.70677 -0.430664 0.561253
    outer loop
      vertex 1.86086 -2.05 0.261639
      vertex 1.86086 -2.01127 0.291358
      vertex 1.66401 -2.1378 0.442154
    endloop
  endfacet
  facet normal 0.70677 -0.477943 0.521582
    outer loop
      vertex 1.66401 -2.1378 0.442154
      vertex 1.86086 -2.01127 0.291358
      vertex 1.66401 -2.11447 0.463534
    endloop
  endfacet
  facet normal 0.70677 -0.477942 0.521582
    outer loop
      vertex 1.86086 -2.01127 0.291358
      vertex 1.86086 -1.97527 0.324339
      vertex 1.66401 -2.11447 0.463534
    endloop
  endfacet
  facet normal 0.70677 -0.521582 0.477942
    outer loop
      vertex 1.66401 -2.11447 0.463534
      vertex 1.86086 -1.97527 0.324339
      vertex 1.66401 -2.09309 0.486865
    endloop
  endfacet
  facet normal 0.70677 -0.521582 0.477942
    outer loop
      vertex 1.86086 -1.97527 0.324339
      vertex 1.86086 -1.94229 0.360332
      vertex 1.66401 -2.09309 0.486865
    endloop
  endfacet
  facet normal 0.70677 -0.561252 0.430665
    outer loop
      vertex 1.66401 -2.09309 0.486865
      vertex 1.86086 -1.94229 0.360332
      vertex 1.66401 -2.07382 0.511971
    endloop
  endfacet
  facet normal 0.70677 -0.561253 0.430664
    outer loop
      vertex 1.86086 -1.94229 0.360332
      vertex 1.86086 -1.91257 0.399063
      vertex 1.66401 -2.07382 0.511971
    endloop
  endfacet
  facet normal 0.70677 -0.596652 0.380109
    outer loop
      vertex 1.66401 -2.07382 0.511971
      vertex 1.86086 -1.91257 0.399063
      vertex 1.66401 -2.05682 0.538661
    endloop
  endfacet
  facet normal 0.70677 -0.596652 0.38011
    outer loop
      vertex 1.86086 -1.91257 0.399063
      vertex 1.86086 -1.88634 0.440236
      vertex 1.66401 -2.05682 0.538661
    endloop
  endfacet
  facet normal 0.70677 -0.62751 0.326661
    outer loop
      vertex 1.66401 -2.05682 0.538661
      vertex 1.86086 -1.88634 0.440236
      vertex 1.66401 -2.04221 0.566731
    endloop
  endfacet
  facet normal 0.70677 -0.62751 0.326661
    outer loop
      vertex 1.86086 -1.88634 0.440236
      vertex 1.86086 -1.8638 0.483539
      vertex 1.66401 -2.04221 0.566731
    endloop
  endfacet
  facet normal 0.70677 -0.653593 0.270727
    outer loop
      vertex 1.66401 -2.04221 0.566731
      vertex 1.86086 -1.8638 0.483539
      vertex 1.66401 -2.0301 0.595968
    endloop
  endfacet
  facet normal 0.70677 -0.653592 0.270728
    outer loop
      vertex 1.86086 -1.8638 0.483539
      vertex 1.86086 -1.84512 0.528641
      vertex 1.66401 -2.0301 0.595968
    endloop
  endfacet
  facet normal 0.70677 -0.674701 0.212732
    outer loop
      vertex 1.66401 -2.0301 0.595968
      vertex 1.86086 -1.84512 0.528641
      vertex 1.66401 -2.02058 0.626149
    endloop
  endfacet
  facet normal 0.70677 -0.674701 0.212731
    outer loop
      vertex 1.86086 -1.84512 0.528641
      vertex 1.86086 -1.83044 0.5752
      vertex 1.66401 -2.02058 0.626149
    endloop
  endfacet
  facet normal 0.70677 -0.690674 0.153119
    outer loop
      vertex 1.66401 -2.02058 0.626149
      vertex 1.86086 -1.83044 0.5752
      vertex 1.66401 -2.01373 0.657045
    endloop
  endfacet
  facet normal 0.70677 -0.690674 0.153119
    outer loop
      vertex 1.86086 -1.83044 0.5752
      vertex 1.86086 -1.81987 0.622862
      vertex 1.66401 -2.01373 0.657045
    endloop
  endfacet
  facet normal 0.70677 -0.701391 0.0923417
    outer loop
      vertex 1.66401 -2.01373 0.657045
      vertex 1.86086 -1.81987 0.622862
      vertex 1.66401 -2.0096 0.68842
    endloop
  endfacet
  facet normal 0.70677 -0.701391 0.0923405
    outer loop
      vertex 1.86086 -1.81987 0.622862
      vertex 1.86086 -1.8135 0.671263
      vertex 1.66401 -2.0096 0.68842
    endloop
  endfacet
  facet normal 0.70677 -0.70677 0.0308559
    outer loop
      vertex 1.66401 -2.0096 0.68842
      vertex 1.86086 -1.8135 0.671263
      vertex 1.66401 -2.00822 0.720035
    endloop
  endfacet
  facet normal 0.70677 -0.70677 0.030858
    outer loop
      vertex 1.86086 -1.8135 0.671263
      vertex 1.86086 -1.81137 0.720035
      vertex 1.66401 -2.00822 0.720035
    endloop
  endfacet
  facet normal 0.70677 -0.70677 -0.0308559
    outer loop
      vertex 1.66401 -2.00822 0.720035
      vertex 1.86086 -1.81137 0.720035
      vertex 1.66401 -2.0096 0.751651
    endloop
  endfacet
  facet normal 0.70677 -0.70677 -0.0308581
    outer loop
      vertex 1.86086 -1.81137 0.720035
      vertex 1.86086 -1.8135 0.768807
      vertex 1.66401 -2.0096 0.751651
    endloop
  endfacet
  facet normal 0.70677 -0.701391 -0.0923417
    outer loop
      vertex 1.66401 -2.0096 0.751651
      vertex 1.86086 -1.8135 0.768807
      vertex 1.66401 -2.01373 0.783026
    endloop
  endfacet
  facet normal 0.70677 -0.701391 -0.0923404
    outer loop
      vertex 1.86086 -1.8135 0.768807
      vertex 1.86086 -1.81987 0.817208
      vertex 1.66401 -2.01373 0.783026
    endloop
  endfacet
  facet normal 0.70677 -0.690674 -0.153119
    outer loop
      vertex 1.66401 -2.01373 0.783026
      vertex 1.86086 -1.81987 0.817208
      vertex 1.66401 -2.02058 0.813921
    endloop
  endfacet
  facet normal 0.70677 -0.690674 -0.153119
    outer loop
      vertex 1.86086 -1.81987 0.817208
      vertex 1.86086 -1.83044 0.86487
      vertex 1.66401 -2.02058 0.813921
    endloop
  endfacet
  facet normal 0.70677 -0.674701 -0.212732
    outer loop
      vertex 1.66401 -2.02058 0.813921
      vertex 1.86086 -1.83044 0.86487
      vertex 1.66401 -2.0301 0.844102
    endloop
  endfacet
  facet normal 0.70677 -0.674701 -0.212731
    outer loop
      vertex 1.86086 -1.83044 0.86487
      vertex 1.86086 -1.84512 0.911429
      vertex 1.66401 -2.0301 0.844102
    endloop
  endfacet
  facet normal 0.70677 -0.653592 -0.270727
    outer loop
      vertex 1.66401 -2.0301 0.844102
      vertex 1.86086 -1.84512 0.911429
      vertex 1.66401 -2.04221 0.873339
    endloop
  endfacet
  facet normal 0.70677 -0.653592 -0.270728
    outer loop
      vertex 1.86086 -1.84512 0.911429
      vertex 1.86086 -1.8638 0.956532
      vertex 1.66401 -2.04221 0.873339
    endloop
  endfacet
  facet normal 0.70677 -0.62751 -0.326661
    outer loop
      vertex 1.66401 -2.04221 0.873339
      vertex 1.86086 -1.8638 0.956532
      vertex 1.66401 -2.05682 0.901409
    endloop
  endfacet
  facet normal 0.70677 -0.62751 -0.326661
    outer loop
      vertex 1.86086 -1.8638 0.956532
      vertex 1.86086 -1.88634 0.999835
      vertex 1.66401 -2.05682 0.901409
    endloop
  endfacet
  facet normal 0.70677 -0.596652 -0.380108
    outer loop
      vertex 1.66401 -2.05682 0.901409
      vertex 1.86086 -1.88634 0.999835
      vertex 1.66401 -2.07382 0.928099
    endloop
  endfacet
  facet normal 0.70677 -0.596652 -0.38011
    outer loop
      vertex 1.86086 -1.88634 0.999835
      vertex 1.86086 -1.91257 1.04101
      vertex 1.66401 -2.07382 0.928099
    endloop
  endfacet
  facet normal 0.70677 -0.561252 -0.430666
    outer loop
      vertex 1.66401 -2.07382 0.928099
      vertex 1.86086 -1.91257 1.04101
      vertex 1.66401 -2.09309 0.953205
    endloop
  endfacet
  facet normal 0.70677 -0.561253 -0.430664
    outer loop
      vertex 1.86086 -1.91257 1.04101
      vertex 1.86086 -1.94229 1.07974
      vertex 1.66401 -2.09309 0.953205
    endloop
  endfacet
  facet normal 0.70677 -0.521583 -0.477941
    outer loop
      vertex 1.66401 -2.09309 0.953205
      vertex 1.86086 -1.94229 1.07974
      vertex 1.66401 -2.11447 0.976537
    endloop
  endfacet
  facet normal 0.70677 -0.521582 -0.477942
    outer loop
      vertex 1.86086 -1.94229 1.07974
      vertex 1.86086 -1.97527 1.11573
      vertex 1.66401 -2.11447 0.976537
    endloop
  endfacet
  facet normal 0.70677 -0.477942 -0.521582
    outer loop
      vertex 1.66401 -2.11447 0.976537
      vertex 1.86086 -1.97527 1.11573
      vertex 1.66401 -2.1378 0.997916
    endloop
  endfacet
  facet normal 0.70677 -0.477942 -0.521582
    outer loop
      vertex 1.86086 -1.97527 1.11573
      vertex 1.86086 -2.01127 1.14871
      vertex 1.66401 -2.1378 0.997916
    endloop
  endfacet
  facet normal 0.70677 -0.430665 -0.561252
    outer loop
      vertex 1.66401 -2.1378 0.997916
      vertex 1.86086 -2.01127 1.14871
      vertex 1.66401 -2.16291 1.01718
    endloop
  endfacet
  facet normal 0.70677 -0.430664 -0.561253
    outer loop
      vertex 1.86086 -2.01127 1.14871
      vertex 1.86086 -2.05 1.17843
      vertex 1.66401 -2.16291 1.01718
    endloop
  endfacet
  facet normal 0.70677 -0.380109 -0.596652
    outer loop
      vertex 1.66401 -2.16291 1.01718
      vertex 1.86086 -2.05 1.17843
      vertex 1.66401 -2.1896 1.03418
    endloop
  endfacet
  facet normal 0.70677 -0.38011 -0.596652
    outer loop
      vertex 1.86086 -2.05 1.17843
      vertex 1.86086 -2.09117 1.20466
      vertex 1.66401 -2.1896 1.03418
    endloop
  endfacet
  facet normal 0.70677 -0.32666 -0.627511
    outer loop
      vertex 1.66401 -2.1896 1.03418
      vertex 1.86086 -2.09117 1.20466
      vertex 1.66401 -2.21767 1.0488
    endloop
  endfacet
  facet normal 0.70677 -0.326661 -0.62751
    outer loop
      vertex 1.86086 -2.09117 1.20466
      vertex 1.86086 -2.13447 1.2272
      vertex 1.66401 -2.21767 1.0488
    endloop
  endfacet
  facet normal 0.70677 -0.270727 -0.653593
    outer loop
      vertex 1.66401 -2.21767 1.0488
      vertex 1.86086 -2.13447 1.2272
      vertex 1.66401 -2.2469 1.06091
    endloop
  endfacet
  facet normal 0.70677 -0.270727 -0.653592
    outer loop
      vertex 1.86086 -2.13447 1.2272
      vertex 1.86086 -2.17958 1.24589
      vertex 1.66401 -2.2469 1.06091
    endloop
  endfacet
  facet normal 0.70677 -0.212733 -0.674701
    outer loop
      vertex 1.66401 -2.2469 1.06091
      vertex 1.86086 -2.17958 1.24589
      vertex 1.66401 -2.27708 1.07042
    endloop
  endfacet
  facet normal 0.70677 -0.212731 -0.674701
    outer loop
      vertex 1.86086 -2.17958 1.24589
      vertex 1.86086 -2.22613 1.26057
      vertex 1.66401 -2.27708 1.07042
    endloop
  endfacet
  facet normal 0.70677 -0.153119 -0.690674
    outer loop
      vertex 1.66401 -2.27708 1.07042
      vertex 1.86086 -2.22613 1.26057
      vertex 1.66401 -2.30798 1.07727
    endloop
  endfacet
  facet normal 0.70677 -0.153119 -0.690674
    outer loop
      vertex 1.86086 -2.22613 1.26057
      vertex 1.86086 -2.2738 1.27113
      vertex 1.66401 -2.30798 1.07727
    endloop
  endfacet
  facet normal 0.70677 -0.0923399 -0.701391
    outer loop
      vertex 1.66401 -2.30798 1.07727
      vertex 1.86086 -2.2738 1.27113
      vertex 1.66401 -2.33935 1.0814
    endloop
  endfacet
  facet normal 0.70677 -0.0923404 -0.701391
    outer loop
      vertex 1.86086 -2.2738 1.27113
      vertex 1.86086 -2.3222 1.2775
      vertex 1.66401 -2.33935 1.0814
    endloop
  endfacet
  facet normal 0.70677 -0.0308577 -0.70677
    outer loop
      vertex 1.66401 -2.33935 1.0814
      vertex 1.86086 -2.3222 1.2775
      vertex 1.66401 -2.37097 1.08278
    endloop
  endfacet
  facet normal 0.70677 -0.0308581 -0.70677
    outer loop
      vertex 1.86086 -2.3222 1.2775
      vertex 1.86086 -2.37097 1.27963
      vertex 1.66401 -2.37097 1.08278
    endloop
  endfacet
  facet normal 0.70677 0.0308575 -0.70677
    outer loop
      vertex 1.66401 -2.37097 1.08278
      vertex 1.86086 -2.37097 1.27963
      vertex 1.66401 -2.40258 1.0814
    endloop
  endfacet
  facet normal 0.70677 0.030858 -0.70677
    outer loop
      vertex 1.86086 -2.37097 1.27963
      vertex 1.86086 -2.41974 1.2775
      vertex 1.66401 -2.40258 1.0814
    endloop
  endfacet
  facet normal 0.70677 0.0923403 -0.701391
    outer loop
      vertex 1.66401 -2.40258 1.0814
      vertex 1.86086 -2.41974 1.2775
      vertex 1.66401 -2.43396 1.07727
    endloop
  endfacet
  facet normal 0.70677 0.0923407 -0.701391
    outer loop
      vertex 1.86086 -2.41974 1.2775
      vertex 1.86086 -2.46814 1.27113
      vertex 1.66401 -2.43396 1.07727
    endloop
  endfacet
  facet normal 0.70677 0.153119 -0.690674
    outer loop
      vertex 1.66401 -2.43396 1.07727
      vertex 1.86086 -2.46814 1.27113
      vertex 1.66401 -2.46486 1.07042
    endloop
  endfacet
  facet normal 0.70677 0.153119 -0.690674
    outer loop
      vertex 1.86086 -2.46814 1.27113
      vertex 1.86086 -2.5158 1.26057
      vertex 1.66401 -2.46486 1.07042
    endloop
  endfacet
  facet normal 0.70677 0.212733 -0.674701
    outer loop
      vertex 1.66401 -2.46486 1.07042
      vertex 1.86086 -2.5158 1.26057
      vertex 1.66401 -2.49504 1.06091
    endloop
  endfacet
  facet normal 0.70677 0.212732 -0.674701
    outer loop
      vertex 1.86086 -2.5158 1.26057
      vertex 1.86086 -2.56236 1.24589
      vertex 1.66401 -2.49504 1.06091
    endloop
  endfacet
  facet normal 0.70677 0.270727 -0.653592
    outer loop
      vertex 1.66401 -2.49504 1.06091
      vertex 1.86086 -2.56236 1.24589
      vertex 1.66401 -2.52427 1.0488
    endloop
  endfacet
  facet normal 0.70677 0.270726 -0.653593
    outer loop
      vertex 1.86086 -2.56236 1.24589
      vertex 1.86086 -2.60747 1.2272
      vertex 1.66401 -2.52427 1.0488
    endloop
  endfacet
  facet normal 0.70677 0.32666 -0.62751
    outer loop
      vertex 1.66401 -2.52427 1.0488
      vertex 1.86086 -2.60747 1.2272
      vertex 1.66401 -2.55234 1.03418
    endloop
  endfacet
  facet normal 0.70677 0.326662 -0.62751
    outer loop
      vertex 1.86086 -2.60747 1.2272
      vertex 1.86086 -2.65077 1.20466
      vertex 1.66401 -2.55234 1.03418
    endloop
  endfacet
  facet normal 0.70677 0.380107 -0.596653
    outer loop
      vertex 1.66401 -2.55234 1.03418
      vertex 1.86086 -2.65077 1.20466
      vertex 1.66401 -2.57903 1.01718
    endloop
  endfacet
  facet normal 0.70677 0.38011 -0.596652
    outer loop
      vertex 1.86086 -2.65077 1.20466
      vertex 1.86086 -2.69194 1.17843
      vertex 1.66401 -2.57903 1.01718
    endloop
  endfacet
  facet normal 0.70677 0.430667 -0.561251
    outer loop
      vertex 1.66401 -2.57903 1.01718
      vertex 1.86086 -2.69194 1.17843
      vertex 1.66401 -2.60414 0.997916
    endloop
  endfacet
  facet normal 0.70677 0.430663 -0.561254
    outer loop
      vertex 1.86086 -2.69194 1.17843
      vertex 1.86086 -2.73067 1.14871
      vertex 1.66401 -2.60414 0.997916
    endloop
  endfacet
  facet normal 0.70677 0.47794 -0.521583
    outer loop
      vertex 1.66401 -2.60414 0.997916
      vertex 1.86086 -2.73067 1.14871
      vertex 1.66401 -2.62747 0.976537
    endloop
  endfacet
  facet normal 0.70677 0.477943 -0.521581
    outer loop
      vertex 1.86086 -2.73067 1.14871
      vertex 1.86086 -2.76667 1.11573
      vertex 1.66401 -2.62747 0.976537
    endloop
  endfacet
  facet normal 0.70677 0.521584 -0.47794
    outer loop
      vertex 1.66401 -2.62747 0.976537
      vertex 1.86086 -2.76667 1.11573
      vertex 1.66401 -2.64885 0.953205
    endloop
  endfacet
  facet normal 0.70677 0.521582 -0.477942
    outer loop
      vertex 1.86086 -2.76667 1.11573
      vertex 1.86086 -2.79965 1.07974
      vertex 1.66401 -2.64885 0.953205
    endloop
  endfacet
  facet normal 0.70677 0.561252 -0.430665
    outer loop
      vertex 1.66401 -2.64885 0.953205
      vertex 1.86086 -2.79965 1.07974
      vertex 1.66401 -2.66812 0.928099
    endloop
  endfacet
  facet normal 0.70677 0.561252 -0.430665
    outer loop
      vertex 1.86086 -2.79965 1.07974
      vertex 1.86086 -2.82937 1.04101
      vertex 1.66401 -2.66812 0.928099
    endloop
  endfacet
  facet normal 0.70677 0.596649 -0.380113
    outer loop
      vertex 1.66401 -2.66812 0.928099
      vertex 1.86086 -2.82937 1.04101
      vertex 1.66401 -2.68512 0.901409
    endloop
  endfacet
  facet normal 0.706769 0.596653 -0.380108
    outer loop
      vertex 1.86086 -2.82937 1.04101
      vertex 1.86086 -2.8556 0.999835
      vertex 1.66401 -2.68512 0.901409
    endloop
  endfacet
  facet normal 0.706769 0.627512 -0.326659
    outer loop
      vertex 1.66401 -2.68512 0.901409
      vertex 1.86086 -2.8556 0.999835
      vertex 1.66401 -2.69973 0.873339
    endloop
  endfacet
  facet normal 0.70677 0.627509 -0.326663
    outer loop
      vertex 1.86086 -2.8556 0.999835
      vertex 1.86086 -2.87814 0.956532
      vertex 1.66401 -2.69973 0.873339
    endloop
  endfacet
  facet normal 0.70677 0.653591 -0.27073
    outer loop
      vertex 1.66401 -2.69973 0.873339
      vertex 1.86086 -2.87814 0.956532
      vertex 1.66401 -2.71184 0.844102
    endloop
  endfacet
  facet normal 0.70677 0.653592 -0.270728
    outer loop
      vertex 1.86086 -2.87814 0.956532
      vertex 1.86086 -2.89682 0.911429
      vertex 1.66401 -2.71184 0.844102
    endloop
  endfacet
  facet normal 0.70677 0.674702 -0.21273
    outer loop
      vertex 1.66401 -2.71184 0.844102
      vertex 1.86086 -2.89682 0.911429
      vertex 1.66401 -2.72136 0.813921
    endloop
  endfacet
  facet normal 0.70677 0.674701 -0.212731
    outer loop
      vertex 1.86086 -2.89682 0.911429
      vertex 1.86086 -2.9115 0.86487
      vertex 1.66401 -2.72136 0.813921
    endloop
  endfacet
  facet normal 0.70677 0.690675 -0.153116
    outer loop
      vertex 1.66401 -2.72136 0.813921
      vertex 1.86086 -2.9115 0.86487
      vertex 1.66401 -2.72821 0.783026
    endloop
  endfacet
  facet normal 0.70677 0.690674 -0.153119
    outer loop
      vertex 1.86086 -2.9115 0.86487
      vertex 1.86086 -2.92207 0.817208
      vertex 1.66401 -2.72821 0.783026
    endloop
  endfacet
  facet normal 0.70677 0.701391 -0.0923417
    outer loop
      vertex 1.66401 -2.72821 0.783026
      vertex 1.86086 -2.92207 0.817208
      vertex 1.66401 -2.73234 0.751651
    endloop
  endfacet
  facet normal 0.70677 0.701391 -0.0923383
    outer loop
      vertex 1.86086 -2.92207 0.817208
      vertex 1.86086 -2.92844 0.768807
      vertex 1.66401 -2.73234 0.751651
    endloop
  endfacet
  facet normal 0.70677 0.70677 -0.0308592
    outer loop
      vertex 1.66401 -2.73234 0.751651
      vertex 1.86086 -2.92844 0.768807
      vertex 1.66401 -2.73372 0.720035
    endloop
  endfacet
  facet normal 0.70677 0.70677 -0.0308602
    outer loop
      vertex 1.86086 -2.92844 0.768807
      vertex 1.86086 -2.93057 0.720035
      vertex 1.66401 -2.73372 0.720035
    endloop
  endfacet
  facet normal 0.70677 0.70677 0.0308592
    outer loop
      vertex 1.66401 -2.73372 0.720035
      vertex 1.86086 -2.93057 0.720035
      vertex 1.66401 -2.73234 0.68842
    endloop
  endfacet
  facet normal 0.70677 0.70677 0.0308602
    outer loop
      vertex 1.86086 -2.93057 0.720035
      vertex 1.86086 -2.92844 0.671263
      vertex 1.66401 -2.73234 0.68842
    endloop
  endfacet
  facet normal 0.70677 0.701391 0.0923417
    outer loop
      vertex 1.66401 -2.73234 0.68842
      vertex 1.86086 -2.92844 0.671263
      vertex 1.66401 -2.72821 0.657045
    endloop
  endfacet
  facet normal 0.70677 0.701391 0.0923384
    outer loop
      vertex 1.86086 -2.92844 0.671263
      vertex 1.86086 -2.92207 0.622862
      vertex 1.66401 -2.72821 0.657045
    endloop
  endfacet
  facet normal 0.70677 0.690675 0.153116
    outer loop
      vertex 1.66401 -2.72821 0.657045
      vertex 1.86086 -2.92207 0.622862
      vertex 1.66401 -2.72136 0.626149
    endloop
  endfacet
  facet normal 0.70677 0.690674 0.153119
    outer loop
      vertex 1.86086 -2.92207 0.622862
      vertex 1.86086 -2.9115 0.5752
      vertex 1.66401 -2.72136 0.626149
    endloop
  endfacet
  facet normal 0.70677 0.674702 0.212729
    outer loop
      vertex 1.66401 -2.72136 0.626149
      vertex 1.86086 -2.9115 0.5752
      vertex 1.66401 -2.71184 0.595968
    endloop
  endfacet
  facet normal 0.70677 0.674701 0.212731
    outer loop
      vertex 1.86086 -2.9115 0.5752
      vertex 1.86086 -2.89682 0.528641
      vertex 1.66401 -2.71184 0.595968
    endloop
  endfacet
  facet normal 0.70677 0.653592 0.27073
    outer loop
      vertex 1.66401 -2.71184 0.595968
      vertex 1.86086 -2.89682 0.528641
      vertex 1.66401 -2.69973 0.566731
    endloop
  endfacet
  facet normal 0.70677 0.653592 0.270728
    outer loop
      vertex 1.86086 -2.89682 0.528641
      vertex 1.86086 -2.87814 0.483539
      vertex 1.66401 -2.69973 0.566731
    endloop
  endfacet
  facet normal 0.70677 0.627511 0.326659
    outer loop
      vertex 1.66401 -2.69973 0.566731
      vertex 1.86086 -2.87814 0.483539
      vertex 1.66401 -2.68512 0.538661
    endloop
  endfacet
  facet normal 0.706769 0.62751 0.326663
    outer loop
      vertex 1.86086 -2.87814 0.483539
      vertex 1.86086 -2.8556 0.440236
      vertex 1.66401 -2.68512 0.538661
    endloop
  endfacet
  facet normal 0.706769 0.59665 0.380113
    outer loop
      vertex 1.66401 -2.68512 0.538661
      vertex 1.86086 -2.8556 0.440236
      vertex 1.66401 -2.66812 0.511971
    endloop
  endfacet
  facet normal 0.70677 0.596652 0.380108
    outer loop
      vertex 1.86086 -2.8556 0.440236
      vertex 1.86086 -2.82937 0.399063
      vertex 1.66401 -2.66812 0.511971
    endloop
  endfacet
  facet normal 0.70677 0.561252 0.430665
    outer loop
      vertex 1.66401 -2.66812 0.511971
      vertex 1.86086 -2.82937 0.399063
      vertex 1.66401 -2.64885 0.486865
    endloop
  endfacet
  facet normal 0.70677 0.561252 0.430665
    outer loop
      vertex 1.86086 -2.82937 0.399063
      vertex 1.86086 -2.79965 0.360332
      vertex 1.66401 -2.64885 0.486865
    endloop
  endfacet
  facet normal 0.70677 0.521584 0.47794
    outer loop
      vertex 1.66401 -2.64885 0.486865
      vertex 1.86086 -2.79965 0.360332
      vertex 1.66401 -2.62747 0.463534
    endloop
  endfacet
  facet normal 0.70677 0.521582 0.477942
    outer loop
      vertex 1.86086 -2.79965 0.360332
      vertex 1.86086 -2.76667 0.324339
      vertex 1.66401 -2.62747 0.463534
    endloop
  endfacet
  facet normal 0.70677 0.477941 0.521583
    outer loop
      vertex 1.66401 -2.62747 0.463534
      vertex 1.86086 -2.76667 0.324339
      vertex 1.66401 -2.60414 0.442154
    endloop
  endfacet
  facet normal 0.70677 0.477943 0.521581
    outer loop
      vertex 1.86086 -2.76667 0.324339
      vertex 1.86086 -2.73067 0.291358
      vertex 1.66401 -2.60414 0.442154
    endloop
  endfacet
  facet normal 0.70677 0.430665 0.561252
    outer loop
      vertex 1.66401 -2.60414 0.442154
      vertex 1.86086 -2.73067 0.291358
      vertex 1.66401 -2.57903 0.422889
    endloop
  endfacet
  facet normal 0.70677 0.430663 0.561254
    outer loop
      vertex 1.86086 -2.73067 0.291358
      vertex 1.86086 -2.69194 0.261639
      vertex 1.66401 -2.57903 0.422889
    endloop
  endfacet
  facet normal 0.70677 0.380109 0.596652
    outer loop
      vertex 1.66401 -2.57903 0.422889
      vertex 1.86086 -2.69194 0.261639
      vertex 1.66401 -2.55234 0.405886
    endloop
  endfacet
  facet normal 0.70677 0.380109 0.596652
    outer loop
      vertex 1.86086 -2.69194 0.261639
      vertex 1.86086 -2.65077 0.235409
      vertex 1.66401 -2.55234 0.405886
    endloop
  endfacet
  facet normal 0.70677 0.32666 0.627511
    outer loop
      vertex 1.66401 -2.55234 0.405886
      vertex 1.86086 -2.65077 0.235409
      vertex 1.66401 -2.52427 0.391274
    endloop
  endfacet
  facet normal 0.70677 0.326662 0.627509
    outer loop
      vertex 1.86086 -2.65077 0.235409
      vertex 1.86086 -2.60747 0.212867
      vertex 1.66401 -2.52427 0.391274
    endloop
  endfacet
  facet normal 0.70677 0.270727 0.653593
    outer loop
      vertex 1.66401 -2.52427 0.391274
      vertex 1.86086 -2.60747 0.212867
      vertex 1.66401 -2.49504 0.379163
    endloop
  endfacet
  facet normal 0.70677 0.270726 0.653593
    outer loop
      vertex 1.86086 -2.60747 0.212867
      vertex 1.86086 -2.56236 0.194185
      vertex 1.66401 -2.49504 0.379163
    endloop
  endfacet
  facet normal 0.70677 0.212733 0.674701
    outer loop
      vertex 1.66401 -2.49504 0.379163
      vertex 1.86086 -2.56236 0.194185
      vertex 1.66401 -2.46486 0.369647
    endloop
  endfacet
  facet normal 0.70677 0.212733 0.674701
    outer loop
      vertex 1.86086 -2.56236 0.194185
      vertex 1.86086 -2.5158 0.179505
      vertex 1.66401 -2.46486 0.369647
    endloop
  endfacet
  facet normal 0.70677 0.153118 0.690674
    outer loop
      vertex 1.66401 -2.46486 0.369647
      vertex 1.86086 -2.5158 0.179505
      vertex 1.66401 -2.43396 0.362798
    endloop
  endfacet
  facet normal 0.70677 0.153118 0.690674
    outer loop
      vertex 1.86086 -2.5158 0.179505
      vertex 1.86086 -2.46814 0.168938
      vertex 1.66401 -2.43396 0.362798
    endloop
  endfacet
  facet normal 0.70677 0.0923403 0.701391
    outer loop
      vertex 1.66401 -2.43396 0.362798
      vertex 1.86086 -2.46814 0.168938
      vertex 1.66401 -2.40258 0.358667
    endloop
  endfacet
  facet normal 0.70677 0.0923401 0.701391
    outer loop
      vertex 1.86086 -2.46814 0.168938
      vertex 1.86086 -2.41974 0.162566
      vertex 1.66401 -2.40258 0.358667
    endloop
  endfacet
  facet normal 0.70677 0.0308583 0.70677
    outer loop
      vertex 1.66401 -2.40258 0.358667
      vertex 1.86086 -2.41974 0.162566
      vertex 1.66401 -2.37097 0.357287
    endloop
  endfacet
  facet normal 0.70677 0.0308583 0.70677
    outer loop
      vertex 1.86086 -2.41974 0.162566
      vertex 1.86086 -2.37097 0.160437
      vertex 1.66401 -2.37097 0.357287
    endloop
  endfacet
  facet normal 0.70677 -0.0308585 0.70677
    outer loop
      vertex 1.66401 -2.37097 0.357287
      vertex 1.86086 -2.37097 0.160437
      vertex 1.66401 -2.33935 0.358667
    endloop
  endfacet
  facet normal 0.70677 -0.0308584 0.70677
    outer loop
      vertex 1.86086 -2.37097 0.160437
      vertex 1.86086 -2.3222 0.162566
      vertex 1.66401 -2.33935 0.358667
    endloop
  endfacet
  facet normal 0 -0.0436193 0.999048
    outer loop
      vertex 1.97897 -2.37097 1.4565
      vertex 1.63117 -2.43516 1.4537
      vertex 1.97897 -2.43516 1.4537
    endloop
  endfacet
  facet normal 0 -0.130527 0.991445
    outer loop
      vertex 1.63117 -2.43516 1.4537
      vertex 1.63117 -2.49886 1.44531
      vertex 1.97897 -2.43516 1.4537
    endloop
  endfacet
  facet normal 0 -0.130527 0.991445
    outer loop
      vertex 1.97897 -2.43516 1.4537
      vertex 1.63117 -2.49886 1.44531
      vertex 1.97897 -2.49886 1.44531
    endloop
  endfacet
  facet normal 0 -0.21644 0.976296
    outer loop
      vertex 1.63117 -2.49886 1.44531
      vertex 1.63117 -2.56158 1.43141
      vertex 1.97897 -2.49886 1.44531
    endloop
  endfacet
  facet normal 0 -0.21644 0.976296
    outer loop
      vertex 1.97897 -2.49886 1.44531
      vertex 1.63117 -2.56158 1.43141
      vertex 1.97897 -2.56158 1.43141
    endloop
  endfacet
  facet normal 0 -0.300706 0.953717
    outer loop
      vertex 1.63117 -2.56158 1.43141
      vertex 1.63117 -2.62286 1.41209
      vertex 1.97897 -2.56158 1.43141
    endloop
  endfacet
  facet normal 0 -0.300706 0.953717
    outer loop
      vertex 1.97897 -2.56158 1.43141
      vertex 1.63117 -2.62286 1.41209
      vertex 1.97897 -2.62286 1.41209
    endloop
  endfacet
  facet normal 0 -0.382684 0.923879
    outer loop
      vertex 1.63117 -2.62286 1.41209
      vertex 1.63117 -2.68221 1.3875
      vertex 1.97897 -2.62286 1.41209
    endloop
  endfacet
  facet normal 0 -0.382684 0.923879
    outer loop
      vertex 1.97897 -2.62286 1.41209
      vertex 1.63117 -2.68221 1.3875
      vertex 1.97897 -2.68221 1.3875
    endloop
  endfacet
  facet normal 0 -0.461747 0.887011
    outer loop
      vertex 1.63117 -2.68221 1.3875
      vertex 1.63117 -2.7392 1.35783
      vertex 1.97897 -2.68221 1.3875
    endloop
  endfacet
  facet normal 0 -0.461747 0.887011
    outer loop
      vertex 1.97897 -2.68221 1.3875
      vertex 1.63117 -2.7392 1.35783
      vertex 1.97897 -2.7392 1.35783
    endloop
  endfacet
  facet normal 0 -0.5373 0.843391
    outer loop
      vertex 1.63117 -2.7392 1.35783
      vertex 1.63117 -2.79339 1.32331
      vertex 1.97897 -2.7392 1.35783
    endloop
  endfacet
  facet normal 0 -0.5373 0.843391
    outer loop
      vertex 1.97897 -2.7392 1.35783
      vertex 1.63117 -2.79339 1.32331
      vertex 1.97897 -2.79339 1.32331
    endloop
  endfacet
  facet normal 0 -0.608761 0.793354
    outer loop
      vertex 1.63117 -2.79339 1.32331
      vertex 1.63117 -2.84436 1.2842
      vertex 1.97897 -2.79339 1.32331
    endloop
  endfacet
  facet normal 0 -0.608761 0.793354
    outer loop
      vertex 1.97897 -2.79339 1.32331
      vertex 1.63117 -2.84436 1.2842
      vertex 1.97897 -2.84436 1.2842
    endloop
  endfacet
  facet normal 0 -0.67559 0.737278
    outer loop
      vertex 1.63117 -2.84436 1.2842
      vertex 1.63117 -2.89173 1.2408
      vertex 1.97897 -2.84436 1.2842
    endloop
  endfacet
  facet normal 0 -0.67559 0.737278
    outer loop
      vertex 1.97897 -2.84436 1.2842
      vertex 1.63117 -2.89173 1.2408
      vertex 1.97897 -2.89173 1.2408
    endloop
  endfacet
  facet normal 0 -0.737278 0.67559
    outer loop
      vertex 1.63117 -2.89173 1.2408
      vertex 1.63117 -2.93513 1.19343
      vertex 1.97897 -2.89173 1.2408
    endloop
  endfacet
  facet normal 0 -0.737278 0.67559
    outer loop
      vertex 1.97897 -2.89173 1.2408
      vertex 1.63117 -2.93513 1.19343
      vertex 1.97897 -2.93513 1.19343
    endloop
  endfacet
  facet normal 0 -0.793353 0.608762
    outer loop
      vertex 1.63117 -2.93513 1.19343
      vertex 1.63117 -2.97425 1.14245
      vertex 1.97897 -2.93513 1.19343
    endloop
  endfacet
  facet normal 0 -0.793353 0.608762
    outer loop
      vertex 1.97897 -2.93513 1.19343
      vertex 1.63117 -2.97425 1.14245
      vertex 1.97897 -2.97425 1.14245
    endloop
  endfacet
  facet normal 0 -0.843392 0.537298
    outer loop
      vertex 1.63117 -2.97425 1.14245
      vertex 1.63117 -3.00877 1.08827
      vertex 1.97897 -2.97425 1.14245
    endloop
  endfacet
  facet normal 0 -0.843392 0.537298
    outer loop
      vertex 1.97897 -2.97425 1.14245
      vertex 1.63117 -3.00877 1.08827
      vertex 1.97897 -3.00877 1.08827
    endloop
  endfacet
  facet normal 0 -0.887011 0.461747
    outer loop
      vertex 1.63117 -3.00877 1.08827
      vertex 1.63117 -3.03843 1.03128
      vertex 1.97897 -3.00877 1.08827
    endloop
  endfacet
  facet normal 0 -0.887011 0.461747
    outer loop
      vertex 1.97897 -3.00877 1.08827
      vertex 1.63117 -3.03843 1.03128
      vertex 1.97897 -3.03843 1.03128
    endloop
  endfacet
  facet normal 0 -0.923879 0.382685
    outer loop
      vertex 1.63117 -3.03843 1.03128
      vertex 1.63117 -3.06302 0.971921
      vertex 1.97897 -3.03843 1.03128
    endloop
  endfacet
  facet normal 0 -0.923879 0.382685
    outer loop
      vertex 1.97897 -3.03843 1.03128
      vertex 1.63117 -3.06302 0.971921
      vertex 1.97897 -3.06302 0.971921
    endloop
  endfacet
  facet normal 0 -0.953717 0.300706
    outer loop
      vertex 1.63117 -3.06302 0.971921
      vertex 1.63117 -3.08234 0.910647
      vertex 1.97897 -3.06302 0.971921
    endloop
  endfacet
  facet normal 0 -0.953717 0.300706
    outer loop
      vertex 1.97897 -3.06302 0.971921
      vertex 1.63117 -3.08234 0.910647
      vertex 1.97897 -3.08234 0.910647
    endloop
  endfacet
  facet normal 0 -0.976296 0.21644
    outer loop
      vertex 1.63117 -3.08234 0.910647
      vertex 1.63117 -3.09625 0.847921
      vertex 1.97897 -3.08234 0.910647
    endloop
  endfacet
  facet normal 0 -0.976296 0.21644
    outer loop
      vertex 1.97897 -3.08234 0.910647
      vertex 1.63117 -3.09625 0.847921
      vertex 1.97897 -3.09625 0.847921
    endloop
  endfacet
  facet normal 0 -0.991445 0.130525
    outer loop
      vertex 1.63117 -3.09625 0.847921
      vertex 1.63117 -3.10463 0.784222
      vertex 1.97897 -3.09625 0.847921
    endloop
  endfacet
  facet normal 0 -0.991445 0.130525
    outer loop
      vertex 1.97897 -3.09625 0.847921
      vertex 1.63117 -3.10463 0.784222
      vertex 1.97897 -3.10463 0.784222
    endloop
  endfacet
  facet normal 0 -0.999048 0.0436194
    outer loop
      vertex 1.63117 -3.10463 0.784222
      vertex 1.63117 -3.10744 0.720035
      vertex 1.97897 -3.10463 0.784222
    endloop
  endfacet
  facet normal 0 -0.999048 0.0436194
    outer loop
      vertex 1.97897 -3.10463 0.784222
      vertex 1.63117 -3.10744 0.720035
      vertex 1.97897 -3.10744 0.720035
    endloop
  endfacet
  facet normal 0 -0.999048 -0.0436194
    outer loop
      vertex 1.63117 -3.10744 0.720035
      vertex 1.63117 -3.10463 0.655848
      vertex 1.97897 -3.10744 0.720035
    endloop
  endfacet
  facet normal 0 -0.999048 -0.0436194
    outer loop
      vertex 1.97897 -3.10744 0.720035
      vertex 1.63117 -3.10463 0.655848
      vertex 1.97897 -3.10463 0.655848
    endloop
  endfacet
  facet normal 0 -0.991445 -0.130525
    outer loop
      vertex 1.63117 -3.10463 0.655848
      vertex 1.63117 -3.09625 0.592149
      vertex 1.97897 -3.10463 0.655848
    endloop
  endfacet
  facet normal 0 -0.991445 -0.130525
    outer loop
      vertex 1.97897 -3.10463 0.655848
      vertex 1.63117 -3.09625 0.592149
      vertex 1.97897 -3.09625 0.592149
    endloop
  endfacet
  facet normal 0 -0.976296 -0.21644
    outer loop
      vertex 1.63117 -3.09625 0.592149
      vertex 1.63117 -3.08234 0.529424
      vertex 1.97897 -3.09625 0.592149
    endloop
  endfacet
  facet normal 0 -0.976296 -0.21644
    outer loop
      vertex 1.97897 -3.09625 0.592149
      vertex 1.63117 -3.08234 0.529424
      vertex 1.97897 -3.08234 0.529424
    endloop
  endfacet
  facet normal 0 -0.953717 -0.300706
    outer loop
      vertex 1.63117 -3.08234 0.529424
      vertex 1.63117 -3.06302 0.468149
      vertex 1.97897 -3.08234 0.529424
    endloop
  endfacet
  facet normal 0 -0.953717 -0.300706
    outer loop
      vertex 1.97897 -3.08234 0.529424
      vertex 1.63117 -3.06302 0.468149
      vertex 1.97897 -3.06302 0.468149
    endloop
  endfacet
  facet normal 0 -0.923879 -0.382685
    outer loop
      vertex 1.63117 -3.06302 0.468149
      vertex 1.63117 -3.03843 0.408791
      vertex 1.97897 -3.06302 0.468149
    endloop
  endfacet
  facet normal 0 -0.923879 -0.382685
    outer loop
      vertex 1.97897 -3.06302 0.468149
      vertex 1.63117 -3.03843 0.408791
      vertex 1.97897 -3.03843 0.408791
    endloop
  endfacet
  facet normal 0 -0.887011 -0.461747
    outer loop
      vertex 1.63117 -3.03843 0.408791
      vertex 1.63117 -3.00877 0.351802
      vertex 1.97897 -3.03843 0.408791
    endloop
  endfacet
  facet normal 0 -0.887011 -0.461747
    outer loop
      vertex 1.97897 -3.03843 0.408791
      vertex 1.63117 -3.00877 0.351802
      vertex 1.97897 -3.00877 0.351802
    endloop
  endfacet
  facet normal 0 -0.843392 -0.537299
    outer loop
      vertex 1.63117 -3.00877 0.351802
      vertex 1.63117 -2.97425 0.297616
      vertex 1.97897 -3.00877 0.351802
    endloop
  endfacet
  facet normal 0 -0.843392 -0.537299
    outer loop
      vertex 1.97897 -3.00877 0.351802
      vertex 1.63117 -2.97425 0.297616
      vertex 1.97897 -2.97425 0.297616
    endloop
  endfacet
  facet normal 0 -0.793353 -0.608762
    outer loop
      vertex 1.63117 -2.97425 0.297616
      vertex 1.63117 -2.93513 0.246644
      vertex 1.97897 -2.97425 0.297616
    endloop
  endfacet
  facet normal 0 -0.793353 -0.608762
    outer loop
      vertex 1.97897 -2.97425 0.297616
      vertex 1.63117 -2.93513 0.246644
      vertex 1.97897 -2.93513 0.246644
    endloop
  endfacet
  facet normal 0 -0.737278 -0.67559
    outer loop
      vertex 1.63117 -2.93513 0.246644
      vertex 1.63117 -2.89173 0.199275
      vertex 1.97897 -2.93513 0.246644
    endloop
  endfacet
  facet normal 0 -0.737278 -0.67559
    outer loop
      vertex 1.97897 -2.93513 0.246644
      vertex 1.63117 -2.89173 0.199275
      vertex 1.97897 -2.89173 0.199275
    endloop
  endfacet
  facet normal 0 -0.67559 -0.737278
    outer loop
      vertex 1.63117 -2.89173 0.199275
      vertex 1.63117 -2.84436 0.15587
      vertex 1.97897 -2.89173 0.199275
    endloop
  endfacet
  facet normal 0 -0.67559 -0.737278
    outer loop
      vertex 1.97897 -2.89173 0.199275
      vertex 1.63117 -2.84436 0.15587
      vertex 1.97897 -2.84436 0.15587
    endloop
  endfacet
  facet normal 0 -0.608761 -0.793353
    outer loop
      vertex 1.63117 -2.84436 0.15587
      vertex 1.63117 -2.79339 0.116758
      vertex 1.97897 -2.84436 0.15587
    endloop
  endfacet
  facet normal 0 -0.608761 -0.793353
    outer loop
      vertex 1.97897 -2.84436 0.15587
      vertex 1.63117 -2.79339 0.116758
      vertex 1.97897 -2.79339 0.116758
    endloop
  endfacet
  facet normal 0 -0.537299 -0.843392
    outer loop
      vertex 1.63117 -2.79339 0.116758
      vertex 1.63117 -2.7392 0.0822371
      vertex 1.97897 -2.79339 0.116758
    endloop
  endfacet
  facet normal 0 -0.537299 -0.843392
    outer loop
      vertex 1.97897 -2.79339 0.116758
      vertex 1.63117 -2.7392 0.0822371
      vertex 1.97897 -2.7392 0.0822371
    endloop
  endfacet
  facet normal 0 -0.461749 -0.887011
    outer loop
      vertex 1.63117 -2.7392 0.0822371
      vertex 1.63117 -2.68221 0.0525705
      vertex 1.97897 -2.7392 0.0822371
    endloop
  endfacet
  facet normal 0 -0.461749 -0.887011
    outer loop
      vertex 1.97897 -2.7392 0.0822371
      vertex 1.63117 -2.68221 0.0525705
      vertex 1.97897 -2.68221 0.0525705
    endloop
  endfacet
  facet normal 0 -0.382684 -0.923879
    outer loop
      vertex 1.63117 -2.68221 0.0525705
      vertex 1.63117 -2.62286 0.0279837
      vertex 1.97897 -2.68221 0.0525705
    endloop
  endfacet
  facet normal 0 -0.382684 -0.923879
    outer loop
      vertex 1.97897 -2.68221 0.0525705
      vertex 1.63117 -2.62286 0.0279837
      vertex 1.97897 -2.62286 0.0279837
    endloop
  endfacet
  facet normal 0 -0.300705 -0.953717
    outer loop
      vertex 1.63117 -2.62286 0.0279837
      vertex 1.63117 -2.56158 0.00866388
      vertex 1.97897 -2.62286 0.0279837
    endloop
  endfacet
  facet normal 0 -0.300705 -0.953717
    outer loop
      vertex 1.97897 -2.62286 0.0279837
      vertex 1.63117 -2.56158 0.00866388
      vertex 1.97897 -2.56158 0.00866388
    endloop
  endfacet
  facet normal 0 -0.21644 -0.976296
    outer loop
      vertex 1.63117 -2.56158 0.00866388
      vertex 1.63117 -2.49886 -0.00524201
      vertex 1.97897 -2.56158 0.00866388
    endloop
  endfacet
  facet normal 0 -0.21644 -0.976296
    outer loop
      vertex 1.97897 -2.56158 0.00866388
      vertex 1.63117 -2.49886 -0.00524201
      vertex 1.97897 -2.49886 -0.00524201
    endloop
  endfacet
  facet normal 0 -0.130526 -0.991445
    outer loop
      vertex 1.63117 -2.49886 -0.00524201
      vertex 1.63117 -2.43516 -0.0136281
      vertex 1.97897 -2.49886 -0.00524201
    endloop
  endfacet
  facet normal 0 -0.130526 -0.991445
    outer loop
      vertex 1.97897 -2.49886 -0.00524201
      vertex 1.63117 -2.43516 -0.0136281
      vertex 1.97897 -2.43516 -0.0136281
    endloop
  endfacet
  facet normal 0 -0.0436193 -0.999048
    outer loop
      vertex 1.63117 -2.43516 -0.0136281
      vertex 1.63117 -2.37097 -0.0164306
      vertex 1.97897 -2.43516 -0.0136281
    endloop
  endfacet
  facet normal 0 -0.0436193 -0.999048
    outer loop
      vertex 1.97897 -2.43516 -0.0136281
      vertex 1.63117 -2.37097 -0.0164306
      vertex 1.97897 -2.37097 -0.0164306
    endloop
  endfacet
  facet normal 0 0.0436194 -0.999048
    outer loop
      vertex 1.63117 -2.37097 -0.0164306
      vertex 1.63117 -2.30678 -0.0136281
      vertex 1.97897 -2.37097 -0.0164306
    endloop
  endfacet
  facet normal 0 0.0436194 -0.999048
    outer loop
      vertex 1.97897 -2.37097 -0.0164306
      vertex 1.63117 -2.30678 -0.0136281
      vertex 1.97897 -2.30678 -0.0136281
    endloop
  endfacet
  facet normal 0 0.130526 -0.991445
    outer loop
      vertex 1.63117 -2.30678 -0.0136281
      vertex 1.63117 -2.24308 -0.00524201
      vertex 1.97897 -2.30678 -0.0136281
    endloop
  endfacet
  facet normal 0 0.130526 -0.991445
    outer loop
      vertex 1.97897 -2.30678 -0.0136281
      vertex 1.63117 -2.24308 -0.00524201
      vertex 1.97897 -2.24308 -0.00524201
    endloop
  endfacet
  facet normal 0 0.216439 -0.976296
    outer loop
      vertex 1.63117 -2.24308 -0.00524201
      vertex 1.63117 -2.18036 0.00866388
      vertex 1.97897 -2.24308 -0.00524201
    endloop
  endfacet
  facet normal 0 0.216439 -0.976296
    outer loop
      vertex 1.97897 -2.24308 -0.00524201
      vertex 1.63117 -2.18036 0.00866388
      vertex 1.97897 -2.18036 0.00866388
    endloop
  endfacet
  facet normal 0 0.300706 -0.953717
    outer loop
      vertex 1.63117 -2.18036 0.00866388
      vertex 1.63117 -2.11908 0.0279837
      vertex 1.97897 -2.18036 0.00866388
    endloop
  endfacet
  facet normal 0 0.300706 -0.953717
    outer loop
      vertex 1.97897 -2.18036 0.00866388
      vertex 1.63117 -2.11908 0.0279837
      vertex 1.97897 -2.11908 0.0279837
    endloop
  endfacet
  facet normal 0 0.382683 -0.92388
    outer loop
      vertex 1.63117 -2.11908 0.0279837
      vertex 1.63117 -2.05973 0.0525705
      vertex 1.97897 -2.11908 0.0279837
    endloop
  endfacet
  facet normal 0 0.382683 -0.92388
    outer loop
      vertex 1.97897 -2.11908 0.0279837
      vertex 1.63117 -2.05973 0.0525705
      vertex 1.97897 -2.05973 0.0525705
    endloop
  endfacet
  facet normal 0 0.461749 -0.887011
    outer loop
      vertex 1.63117 -2.05973 0.0525705
      vertex 1.63117 -2.00274 0.0822371
      vertex 1.97897 -2.05973 0.0525705
    endloop
  endfacet
  facet normal 0 0.461749 -0.887011
    outer loop
      vertex 1.97897 -2.05973 0.0525705
      vertex 1.63117 -2.00274 0.0822371
      vertex 1.97897 -2.00274 0.0822371
    endloop
  endfacet
  facet normal 0 0.537299 -0.843392
    outer loop
      vertex 1.63117 -2.00274 0.0822371
      vertex 1.63117 -1.94855 0.116758
      vertex 1.97897 -2.00274 0.0822371
    endloop
  endfacet
  facet normal 0 0.537299 -0.843392
    outer loop
      vertex 1.97897 -2.00274 0.0822371
      vertex 1.63117 -1.94855 0.116758
      vertex 1.97897 -1.94855 0.116758
    endloop
  endfacet
  facet normal 0 0.608761 -0.793353
    outer loop
      vertex 1.63117 -1.94855 0.116758
      vertex 1.63117 -1.89758 0.15587
      vertex 1.97897 -1.94855 0.116758
    endloop
  endfacet
  facet normal 0 0.608761 -0.793353
    outer loop
      vertex 1.97897 -1.94855 0.116758
      vertex 1.63117 -1.89758 0.15587
      vertex 1.97897 -1.89758 0.15587
    endloop
  endfacet
  facet normal 0 0.675591 -0.737277
    outer loop
      vertex 1.63117 -1.89758 0.15587
      vertex 1.63117 -1.85021 0.199275
      vertex 1.97897 -1.89758 0.15587
    endloop
  endfacet
  facet normal 0 0.675591 -0.737277
    outer loop
      vertex 1.97897 -1.89758 0.15587
      vertex 1.63117 -1.85021 0.199275
      vertex 1.97897 -1.85021 0.199275
    endloop
  endfacet
  facet normal 0 0.737277 -0.675591
    outer loop
      vertex 1.63117 -1.85021 0.199275
      vertex 1.63117 -1.8068 0.246644
      vertex 1.97897 -1.85021 0.199275
    endloop
  endfacet
  facet normal 0 0.737277 -0.675591
    outer loop
      vertex 1.97897 -1.85021 0.199275
      vertex 1.63117 -1.8068 0.246644
      vertex 1.97897 -1.8068 0.246644
    endloop
  endfacet
  facet normal 0 0.793354 -0.608761
    outer loop
      vertex 1.63117 -1.8068 0.246644
      vertex 1.63117 -1.76769 0.297616
      vertex 1.97897 -1.8068 0.246644
    endloop
  endfacet
  facet normal 0 0.793354 -0.608761
    outer loop
      vertex 1.97897 -1.8068 0.246644
      vertex 1.63117 -1.76769 0.297616
      vertex 1.97897 -1.76769 0.297616
    endloop
  endfacet
  facet normal 0 0.843392 -0.537299
    outer loop
      vertex 1.63117 -1.76769 0.297616
      vertex 1.63117 -1.73317 0.351802
      vertex 1.97897 -1.76769 0.297616
    endloop
  endfacet
  facet normal 0 0.843392 -0.537299
    outer loop
      vertex 1.97897 -1.76769 0.297616
      vertex 1.63117 -1.73317 0.351802
      vertex 1.97897 -1.73317 0.351802
    endloop
  endfacet
  facet normal 0 0.887011 -0.461749
    outer loop
      vertex 1.63117 -1.73317 0.351802
      vertex 1.63117 -1.7035 0.408791
      vertex 1.97897 -1.73317 0.351802
    endloop
  endfacet
  facet normal 0 0.887011 -0.461749
    outer loop
      vertex 1.97897 -1.73317 0.351802
      vertex 1.63117 -1.7035 0.408791
      vertex 1.97897 -1.7035 0.408791
    endloop
  endfacet
  facet normal 0 0.92388 -0.382683
    outer loop
      vertex 1.63117 -1.7035 0.408791
      vertex 1.63117 -1.67892 0.468149
      vertex 1.97897 -1.7035 0.408791
    endloop
  endfacet
  facet normal 0 0.92388 -0.382683
    outer loop
      vertex 1.97897 -1.7035 0.408791
      vertex 1.63117 -1.67892 0.468149
      vertex 1.97897 -1.67892 0.468149
    endloop
  endfacet
  facet normal 0 0.953717 -0.300706
    outer loop
      vertex 1.63117 -1.67892 0.468149
      vertex 1.63117 -1.6596 0.529424
      vertex 1.97897 -1.67892 0.468149
    endloop
  endfacet
  facet normal 0 0.953717 -0.300706
    outer loop
      vertex 1.97897 -1.67892 0.468149
      vertex 1.63117 -1.6596 0.529424
      vertex 1.97897 -1.6596 0.529424
    endloop
  endfacet
  facet normal 0 0.976296 -0.21644
    outer loop
      vertex 1.63117 -1.6596 0.529424
      vertex 1.63117 -1.64569 0.592149
      vertex 1.97897 -1.6596 0.529424
    endloop
  endfacet
  facet normal 0 0.976296 -0.21644
    outer loop
      vertex 1.97897 -1.6596 0.529424
      vertex 1.63117 -1.64569 0.592149
      vertex 1.97897 -1.64569 0.592149
    endloop
  endfacet
  facet normal 0 0.991445 -0.130527
    outer loop
      vertex 1.63117 -1.64569 0.592149
      vertex 1.63117 -1.63731 0.655848
      vertex 1.97897 -1.64569 0.592149
    endloop
  endfacet
  facet normal 0 0.991445 -0.130527
    outer loop
      vertex 1.97897 -1.64569 0.592149
      vertex 1.63117 -1.63731 0.655848
      vertex 1.97897 -1.63731 0.655848
    endloop
  endfacet
  facet normal 0 0.999048 -0.0436194
    outer loop
      vertex 1.63117 -1.63731 0.655848
      vertex 1.63117 -1.6345 0.720035
      vertex 1.97897 -1.63731 0.655848
    endloop
  endfacet
  facet normal 0 0.999048 -0.0436194
    outer loop
      vertex 1.97897 -1.63731 0.655848
      vertex 1.63117 -1.6345 0.720035
      vertex 1.97897 -1.6345 0.720035
    endloop
  endfacet
  facet normal 0 0.999048 0.0436194
    outer loop
      vertex 1.63117 -1.6345 0.720035
      vertex 1.63117 -1.63731 0.784222
      vertex 1.97897 -1.6345 0.720035
    endloop
  endfacet
  facet normal 0 0.999048 0.0436194
    outer loop
      vertex 1.97897 -1.6345 0.720035
      vertex 1.63117 -1.63731 0.784222
      vertex 1.97897 -1.63731 0.784222
    endloop
  endfacet
  facet normal 0 0.991445 0.130527
    outer loop
      vertex 1.63117 -1.63731 0.784222
      vertex 1.63117 -1.64569 0.847921
      vertex 1.97897 -1.63731 0.784222
    endloop
  endfacet
  facet normal 0 0.991445 0.130527
    outer loop
      vertex 1.97897 -1.63731 0.784222
      vertex 1.63117 -1.64569 0.847921
      vertex 1.97897 -1.64569 0.847921
    endloop
  endfacet
  facet normal 0 0.976296 0.21644
    outer loop
      vertex 1.63117 -1.64569 0.847921
      vertex 1.63117 -1.6596 0.910647
      vertex 1.97897 -1.64569 0.847921
    endloop
  endfacet
  facet normal 0 0.976296 0.21644
    outer loop
      vertex 1.97897 -1.64569 0.847921
      vertex 1.63117 -1.6596 0.910647
      vertex 1.97897 -1.6596 0.910647
    endloop
  endfacet
  facet normal 0 0.953717 0.300706
    outer loop
      vertex 1.63117 -1.6596 0.910647
      vertex 1.63117 -1.67892 0.971921
      vertex 1.97897 -1.6596 0.910647
    endloop
  endfacet
  facet normal 0 0.953717 0.300706
    outer loop
      vertex 1.97897 -1.6596 0.910647
      vertex 1.63117 -1.67892 0.971921
      vertex 1.97897 -1.67892 0.971921
    endloop
  endfacet
  facet normal 0 0.92388 0.382683
    outer loop
      vertex 1.63117 -1.67892 0.971921
      vertex 1.63117 -1.7035 1.03128
      vertex 1.97897 -1.67892 0.971921
    endloop
  endfacet
  facet normal 0 0.92388 0.382683
    outer loop
      vertex 1.97897 -1.67892 0.971921
      vertex 1.63117 -1.7035 1.03128
      vertex 1.97897 -1.7035 1.03128
    endloop
  endfacet
  facet normal 0 0.887011 0.461749
    outer loop
      vertex 1.63117 -1.7035 1.03128
      vertex 1.63117 -1.73317 1.08827
      vertex 1.97897 -1.7035 1.03128
    endloop
  endfacet
  facet normal 0 0.887011 0.461749
    outer loop
      vertex 1.97897 -1.7035 1.03128
      vertex 1.63117 -1.73317 1.08827
      vertex 1.97897 -1.73317 1.08827
    endloop
  endfacet
  facet normal 0 0.843392 0.537298
    outer loop
      vertex 1.63117 -1.73317 1.08827
      vertex 1.63117 -1.76769 1.14245
      vertex 1.97897 -1.73317 1.08827
    endloop
  endfacet
  facet normal 0 0.843392 0.537298
    outer loop
      vertex 1.97897 -1.73317 1.08827
      vertex 1.63117 -1.76769 1.14245
      vertex 1.97897 -1.76769 1.14245
    endloop
  endfacet
  facet normal 0 0.793354 0.608761
    outer loop
      vertex 1.63117 -1.76769 1.14245
      vertex 1.63117 -1.8068 1.19343
      vertex 1.97897 -1.76769 1.14245
    endloop
  endfacet
  facet normal 0 0.793354 0.608761
    outer loop
      vertex 1.97897 -1.76769 1.14245
      vertex 1.63117 -1.8068 1.19343
      vertex 1.97897 -1.8068 1.19343
    endloop
  endfacet
  facet normal 0 0.737276 0.675591
    outer loop
      vertex 1.63117 -1.8068 1.19343
      vertex 1.63117 -1.85021 1.2408
      vertex 1.97897 -1.8068 1.19343
    endloop
  endfacet
  facet normal 0 0.737276 0.675591
    outer loop
      vertex 1.97897 -1.8068 1.19343
      vertex 1.63117 -1.85021 1.2408
      vertex 1.97897 -1.85021 1.2408
    endloop
  endfacet
  facet normal 0 0.675591 0.737276
    outer loop
      vertex 1.63117 -1.85021 1.2408
      vertex 1.63117 -1.89758 1.2842
      vertex 1.97897 -1.85021 1.2408
    endloop
  endfacet
  facet normal 0 0.675591 0.737276
    outer loop
      vertex 1.97897 -1.85021 1.2408
      vertex 1.63117 -1.89758 1.2842
      vertex 1.97897 -1.89758 1.2842
    endloop
  endfacet
  facet normal 0 0.608761 0.793354
    outer loop
      vertex 1.63117 -1.89758 1.2842
      vertex 1.63117 -1.94855 1.32331
      vertex 1.97897 -1.89758 1.2842
    endloop
  endfacet
  facet normal 0 0.608761 0.793354
    outer loop
      vertex 1.97897 -1.89758 1.2842
      vertex 1.63117 -1.94855 1.32331
      vertex 1.97897 -1.94855 1.32331
    endloop
  endfacet
  facet normal 0 0.5373 0.843391
    outer loop
      vertex 1.63117 -1.94855 1.32331
      vertex 1.63117 -2.00274 1.35783
      vertex 1.97897 -1.94855 1.32331
    endloop
  endfacet
  facet normal 0 0.5373 0.843391
    outer loop
      vertex 1.97897 -1.94855 1.32331
      vertex 1.63117 -2.00274 1.35783
      vertex 1.97897 -2.00274 1.35783
    endloop
  endfacet
  facet normal 0 0.461747 0.887011
    outer loop
      vertex 1.63117 -2.00274 1.35783
      vertex 1.63117 -2.05973 1.3875
      vertex 1.97897 -2.00274 1.35783
    endloop
  endfacet
  facet normal 0 0.461747 0.887011
    outer loop
      vertex 1.97897 -2.00274 1.35783
      vertex 1.63117 -2.05973 1.3875
      vertex 1.97897 -2.05973 1.3875
    endloop
  endfacet
  facet normal 0 0.382683 0.92388
    outer loop
      vertex 1.63117 -2.05973 1.3875
      vertex 1.63117 -2.11908 1.41209
      vertex 1.97897 -2.05973 1.3875
    endloop
  endfacet
  facet normal 0 0.382683 0.92388
    outer loop
      vertex 1.97897 -2.05973 1.3875
      vertex 1.63117 -2.11908 1.41209
      vertex 1.97897 -2.11908 1.41209
    endloop
  endfacet
  facet normal 0 0.300706 0.953717
    outer loop
      vertex 1.63117 -2.11908 1.41209
      vertex 1.63117 -2.18036 1.43141
      vertex 1.97897 -2.11908 1.41209
    endloop
  endfacet
  facet normal 0 0.300706 0.953717
    outer loop
      vertex 1.97897 -2.11908 1.41209
      vertex 1.63117 -2.18036 1.43141
      vertex 1.97897 -2.18036 1.43141
    endloop
  endfacet
  facet normal 0 0.216439 0.976296
    outer loop
      vertex 1.63117 -2.18036 1.43141
      vertex 1.63117 -2.24308 1.44531
      vertex 1.97897 -2.18036 1.43141
    endloop
  endfacet
  facet normal 0 0.216439 0.976296
    outer loop
      vertex 1.97897 -2.18036 1.43141
      vertex 1.63117 -2.24308 1.44531
      vertex 1.97897 -2.24308 1.44531
    endloop
  endfacet
  facet normal 0 0.130527 0.991445
    outer loop
      vertex 1.63117 -2.24308 1.44531
      vertex 1.63117 -2.30678 1.4537
      vertex 1.97897 -2.24308 1.44531
    endloop
  endfacet
  facet normal 0 0.130527 0.991445
    outer loop
      vertex 1.97897 -2.24308 1.44531
      vertex 1.63117 -2.30678 1.4537
      vertex 1.97897 -2.30678 1.4537
    endloop
  endfacet
  facet normal 0 0.0436194 0.999048
    outer loop
      vertex 1.63117 -2.30678 1.4537
      vertex 1.63117 -2.37097 1.4565
      vertex 1.97897 -2.30678 1.4537
    endloop
  endfacet
  facet normal 0 0.0436194 0.999048
    outer loop
      vertex 1.97897 -2.30678 1.4537
      vertex 1.63117 -2.37097 1.4565
      vertex 1.97897 -2.37097 1.4565
    endloop
  endfacet
  facet normal 0 -0.0436193 0.999048
    outer loop
      vertex 1.63117 -2.37097 1.4565
      vertex 1.63117 -2.43516 1.4537
      vertex 1.97897 -2.37097 1.4565
    endloop
  endfacet
  facet normal 1 0 0
    outer loop
      vertex 1.66401 -2.43396 0.362798
      vertex 1.66401 -2.40258 0.358667
      vertex 1.66401 -2.37097 0.720035
    endloop
  endfacet
  facet normal 1 0 0
    outer loop
      vertex 1.66401 -2.40258 0.358667
      vertex 1.66401 -2.37097 0.357287
      vertex 1.66401 -2.37097 0.720035
    endloop
  endfacet
  facet normal 1 0 0
    outer loop
      vertex 1.66401 -2.37097 0.720035
      vertex 1.66401 -2.37097 0.357287
      vertex 1.66401 -2.33935 0.358667
    endloop
  endfacet
  facet normal 1 0 0
    outer loop
      vertex 1.66401 -2.52427 0.391274
      vertex 1.66401 -2.49504 0.379163
      vertex 1.66401 -2.37097 0.720035
    endloop
  endfacet
  facet normal 1 0 0
    outer loop
      vertex 1.66401 -2.49504 0.379163
      vertex 1.66401 -2.46486 0.369647
      vertex 1.66401 -2.37097 0.720035
    endloop
  endfacet
  facet normal 1 0 0
    outer loop
      vertex 1.66401 -2.37097 0.720035
      vertex 1.66401 -2.46486 0.369647
      vertex 1.66401 -2.43396 0.362798
    endloop
  endfacet
  facet normal 1 0 0
    outer loop
      vertex 1.66401 -2.60414 0.442154
      vertex 1.66401 -2.57903 0.422889
      vertex 1.66401 -2.37097 0.720035
    endloop
  endfacet
  facet normal 1 0 0
    outer loop
      vertex 1.66401 -2.57903 0.422889
      vertex 1.66401 -2.55234 0.405886
      vertex 1.66401 -2.37097 0.720035
    endloop
  endfacet
  facet normal 1 0 0
    outer loop
      vertex 1.66401 -2.37097 0.720035
      vertex 1.66401 -2.55234 0.405886
      vertex 1.66401 -2.52427 0.391274
    endloop
  endfacet
  facet normal 1 0 0
    outer loop
      vertex 1.66401 -2.66812 0.511971
      vertex 1.66401 -2.64885 0.486865
      vertex 1.66401 -2.37097 0.720035
    endloop
  endfacet
  facet normal 1 0 0
    outer loop
      vertex 1.66401 -2.64885 0.486865
      vertex 1.66401 -2.62747 0.463534
      vertex 1.66401 -2.37097 0.720035
    endloop
  endfacet
  facet normal 1 0 0
    outer loop
      vertex 1.66401 -2.37097 0.720035
      vertex 1.66401 -2.62747 0.463534
      vertex 1.66401 -2.60414 0.442154
    endloop
  endfacet
  facet normal 1 0 0
    outer loop
      vertex 1.66401 -2.71184 0.595968
      vertex 1.66401 -2.69973 0.566731
      vertex 1.66401 -2.37097 0.720035
    endloop
  endfacet
  facet normal 1 0 0
    outer loop
      vertex 1.66401 -2.69973 0.566731
      vertex 1.66401 -2.68512 0.538661
      vertex 1.66401 -2.37097 0.720035
    endloop
  endfacet
  facet normal 1 0 0
    outer loop
      vertex 1.66401 -2.37097 0.720035
      vertex 1.66401 -2.68512 0.538661
      vertex 1.66401 -2.66812 0.511971
    endloop
  endfacet
  facet normal 1 0 0
    outer loop
      vertex 1.66401 -2.73234 0.68842
      vertex 1.66401 -2.72821 0.657045
      vertex 1.66401 -2.37097 0.720035
    endloop
  endfacet
  facet normal 1 0 0
    outer loop
      vertex 1.66401 -2.72821 0.657045
      vertex 1.66401 -2.72136 0.626149
      vertex 1.66401 -2.37097 0.720035
    endloop
  endfacet
  facet normal 1 0 0
    outer loop
      vertex 1.66401 -2.37097 0.720035
      vertex 1.66401 -2.72136 0.626149
      vertex 1.66401 -2.71184 0.595968
    endloop
  endfacet
  facet normal 1 0 0
    outer loop
      vertex 1.66401 -2.72821 0.783026
      vertex 1.66401 -2.73234 0.751651
      vertex 1.66401 -2.37097 0.720035
    endloop
  endfacet
  facet normal 1 0 0
    outer loop
      vertex 1.66401 -2.73234 0.751651
      vertex 1.66401 -2.73372 0.720035
      vertex 1.66401 -2.37097 0.720035
    endloop
  endfacet
  facet normal 1 0 0
    outer loop
      vertex 1.66401 -2.37097 0.720035
      vertex 1.66401 -2.73372 0.720035
      vertex 1.66401 -2.73234 0.68842
    endloop
  endfacet
  facet normal 1 0 0
    outer loop
      vertex 1.66401 -2.69973 0.873339
      vertex 1.66401 -2.71184 0.844102
      vertex 1.66401 -2.37097 0.720035
    endloop
  endfacet
  facet normal 1 0 0
    outer loop
      vertex 1.66401 -2.71184 0.844102
      vertex 1.66401 -2.72136 0.813921
      vertex 1.66401 -2.37097 0.720035
    endloop
  endfacet
  facet normal 1 0 0
    outer loop
      vertex 1.66401 -2.37097 0.720035
      vertex 1.66401 -2.72136 0.813921
      vertex 1.66401 -2.72821 0.783026
    endloop
  endfacet
  facet normal 1 0 0
    outer loop
      vertex 1.66401 -2.64885 0.953205
      vertex 1.66401 -2.66812 0.928099
      vertex 1.66401 -2.37097 0.720035
    endloop
  endfacet
  facet normal 1 0 0
    outer loop
      vertex 1.66401 -2.66812 0.928099
      vertex 1.66401 -2.68512 0.901409
      vertex 1.66401 -2.37097 0.720035
    endloop
  endfacet
  facet normal 1 0 0
    outer loop
      vertex 1.66401 -2.37097 0.720035
      vertex 1.66401 -2.68512 0.901409
      vertex 1.66401 -2.69973 0.873339
    endloop
  endfacet
  facet normal 1 0 0
    outer loop
      vertex 1.66401 -2.57903 1.01718
      vertex 1.66401 -2.60414 0.997916
      vertex 1.66401 -2.37097 0.720035
    endloop
  endfacet
  facet normal 1 0 0
    outer loop
      vertex 1.66401 -2.60414 0.997916
      vertex 1.66401 -2.62747 0.976537
      vertex 1.66401 -2.37097 0.720035
    endloop
  endfacet
  facet normal 1 0 0
    outer loop
      vertex 1.66401 -2.37097 0.720035
      vertex 1.66401 -2.62747 0.976537
      vertex 1.66401 -2.64885 0.953205
    endloop
  endfacet
  facet normal 1 0 0
    outer loop
      vertex 1.66401 -2.49504 1.06091
      vertex 1.66401 -2.52427 1.0488
      vertex 1.66401 -2.37097 0.720035
    endloop
  endfacet
  facet normal 1 0 0
    outer loop
      vertex 1.66401 -2.52427 1.0488
      vertex 1.66401 -2.55234 1.03418
      vertex 1.66401 -2.37097 0.720035
    endloop
  endfacet
  facet normal 1 0 0
    outer loop
      vertex 1.66401 -2.37097 0.720035
      vertex 1.66401 -2.55234 1.03418
      vertex 1.66401 -2.57903 1.01718
    endloop
  endfacet
  facet normal 1 0 0
    outer loop
      vertex 1.66401 -2.40258 1.0814
      vertex 1.66401 -2.43396 1.07727
      vertex 1.66401 -2.37097 0.720035
    endloop
  endfacet
  facet normal 1 0 0
    outer loop
      vertex 1.66401 -2.43396 1.07727
      vertex 1.66401 -2.46486 1.07042
      vertex 1.66401 -2.37097 0.720035
    endloop
  endfacet
  facet normal 1 0 0
    outer loop
      vertex 1.66401 -2.37097 0.720035
      vertex 1.66401 -2.46486 1.07042
      vertex 1.66401 -2.49504 1.06091
    endloop
  endfacet
  facet normal 1 0 0
    outer loop
      vertex 1.66401 -2.30798 1.07727
      vertex 1.66401 -2.33935 1.0814
      vertex 1.66401 -2.37097 0.720035
    endloop
  endfacet
  facet normal 1 0 0
    outer loop
      vertex 1.66401 -2.33935 1.0814
      vertex 1.66401 -2.37097 1.08278
      vertex 1.66401 -2.37097 0.720035
    endloop
  endfacet
  facet normal 1 0 0
    outer loop
      vertex 1.66401 -2.37097 0.720035
      vertex 1.66401 -2.37097 1.08278
      vertex 1.66401 -2.40258 1.0814
    endloop
  endfacet
  facet normal 1 0 0
    outer loop
      vertex 1.66401 -2.21767 1.0488
      vertex 1.66401 -2.2469 1.06091
      vertex 1.66401 -2.37097 0.720035
    endloop
  endfacet
  facet normal 1 0 0
    outer loop
      vertex 1.66401 -2.2469 1.06091
      vertex 1.66401 -2.27708 1.07042
      vertex 1.66401 -2.37097 0.720035
    endloop
  endfacet
  facet normal 1 0 0
    outer loop
      vertex 1.66401 -2.37097 0.720035
      vertex 1.66401 -2.27708 1.07042
      vertex 1.66401 -2.30798 1.07727
    endloop
  endfacet
  facet normal 1 0 0
    outer loop
      vertex 1.66401 -2.1378 0.997916
      vertex 1.66401 -2.16291 1.01718
      vertex 1.66401 -2.37097 0.720035
    endloop
  endfacet
  facet normal 1 0 0
    outer loop
      vertex 1.66401 -2.16291 1.01718
      vertex 1.66401 -2.1896 1.03418
      vertex 1.66401 -2.37097 0.720035
    endloop
  endfacet
  facet normal 1 0 0
    outer loop
      vertex 1.66401 -2.37097 0.720035
      vertex 1.66401 -2.1896 1.03418
      vertex 1.66401 -2.21767 1.0488
    endloop
  endfacet
  facet normal 1 0 0
    outer loop
      vertex 1.66401 -2.07382 0.928099
      vertex 1.66401 -2.09309 0.953205
      vertex 1.66401 -2.37097 0.720035
    endloop
  endfacet
  facet normal 1 0 0
    outer loop
      vertex 1.66401 -2.09309 0.953205
      vertex 1.66401 -2.11447 0.976537
      vertex 1.66401 -2.37097 0.720035
    endloop
  endfacet
  facet normal 1 0 0
    outer loop
      vertex 1.66401 -2.37097 0.720035
      vertex 1.66401 -2.11447 0.976537
      vertex 1.66401 -2.1378 0.997916
    endloop
  endfacet
  facet normal 1 0 0
    outer loop
      vertex 1.66401 -2.0301 0.844102
      vertex 1.66401 -2.04221 0.873339
      vertex 1.66401 -2.37097 0.720035
    endloop
  endfacet
  facet normal 1 0 0
    outer loop
      vertex 1.66401 -2.04221 0.873339
      vertex 1.66401 -2.05682 0.901409
      vertex 1.66401 -2.37097 0.720035
    endloop
  endfacet
  facet normal 1 0 0
    outer loop
      vertex 1.66401 -2.37097 0.720035
      vertex 1.66401 -2.05682 0.901409
      vertex 1.66401 -2.07382 0.928099
    endloop
  endfacet
  facet normal 1 0 0
    outer loop
      vertex 1.66401 -2.0096 0.751651
      vertex 1.66401 -2.01373 0.783026
      vertex 1.66401 -2.37097 0.720035
    endloop
  endfacet
  facet normal 1 0 0
    outer loop
      vertex 1.66401 -2.01373 0.783026
      vertex 1.66401 -2.02058 0.813921
      vertex 1.66401 -2.37097 0.720035
    endloop
  endfacet
  facet normal 1 0 0
    outer loop
      vertex 1.66401 -2.37097 0.720035
      vertex 1.66401 -2.02058 0.813921
      vertex 1.66401 -2.0301 0.844102
    endloop
  endfacet
  facet normal 1 0 0
    outer loop
      vertex 1.66401 -2.01373 0.657045
      vertex 1.66401 -2.0096 0.68842
      vertex 1.66401 -2.37097 0.720035
    endloop
  endfacet
  facet normal 1 0 0
    outer loop
      vertex 1.66401 -2.0096 0.68842
      vertex 1.66401 -2.00822 0.720035
      vertex 1.66401 -2.37097 0.720035
    endloop
  endfacet
  facet normal 1 0 0
    outer loop
      vertex 1.66401 -2.37097 0.720035
      vertex 1.66401 -2.00822 0.720035
      vertex 1.66401 -2.0096 0.751651
    endloop
  endfacet
  facet normal 1 0 0
    outer loop
      vertex 1.66401 -2.04221 0.566731
      vertex 1.66401 -2.0301 0.595968
      vertex 1.66401 -2.37097 0.720035
    endloop
  endfacet
  facet normal 1 0 0
    outer loop
      vertex 1.66401 -2.0301 0.595968
      vertex 1.66401 -2.02058 0.626149
      vertex 1.66401 -2.37097 0.720035
    endloop
  endfacet
  facet normal 1 0 0
    outer loop
      vertex 1.66401 -2.37097 0.720035
      vertex 1.66401 -2.02058 0.626149
      vertex 1.66401 -2.01373 0.657045
    endloop
  endfacet
  facet normal 1 0 0
    outer loop
      vertex 1.66401 -2.09309 0.486865
      vertex 1.66401 -2.07382 0.511971
      vertex 1.66401 -2.37097 0.720035
    endloop
  endfacet
  facet normal 1 0 0
    outer loop
      vertex 1.66401 -2.07382 0.511971
      vertex 1.66401 -2.05682 0.538661
      vertex 1.66401 -2.37097 0.720035
    endloop
  endfacet
  facet normal 1 0 0
    outer loop
      vertex 1.66401 -2.37097 0.720035
      vertex 1.66401 -2.05682 0.538661
      vertex 1.66401 -2.04221 0.566731
    endloop
  endfacet
  facet normal 1 0 0
    outer loop
      vertex 1.66401 -2.16291 0.422889
      vertex 1.66401 -2.1378 0.442154
      vertex 1.66401 -2.37097 0.720035
    endloop
  endfacet
  facet normal 1 0 0
    outer loop
      vertex 1.66401 -2.1378 0.442154
      vertex 1.66401 -2.11447 0.463534
      vertex 1.66401 -2.37097 0.720035
    endloop
  endfacet
  facet normal 1 0 0
    outer loop
      vertex 1.66401 -2.37097 0.720035
      vertex 1.66401 -2.11447 0.463534
      vertex 1.66401 -2.09309 0.486865
    endloop
  endfacet
  facet normal 1 0 0
    outer loop
      vertex 1.66401 -2.2469 0.379163
      vertex 1.66401 -2.21767 0.391274
      vertex 1.66401 -2.37097 0.720035
    endloop
  endfacet
  facet normal 1 0 0
    outer loop
      vertex 1.66401 -2.21767 0.391274
      vertex 1.66401 -2.1896 0.405886
      vertex 1.66401 -2.37097 0.720035
    endloop
  endfacet
  facet normal 1 0 0
    outer loop
      vertex 1.66401 -2.37097 0.720035
      vertex 1.66401 -2.1896 0.405886
      vertex 1.66401 -2.16291 0.422889
    endloop
  endfacet
  facet normal 1 0 0
    outer loop
      vertex 1.66401 -2.33935 0.358667
      vertex 1.66401 -2.30798 0.362798
      vertex 1.66401 -2.37097 0.720035
    endloop
  endfacet
  facet normal 1 0 0
    outer loop
      vertex 1.66401 -2.30798 0.362798
      vertex 1.66401 -2.27708 0.369647
      vertex 1.66401 -2.37097 0.720035
    endloop
  endfacet
  facet normal 1 0 0
    outer loop
      vertex 1.66401 -2.37097 0.720035
      vertex 1.66401 -2.27708 0.369647
      vertex 1.66401 -2.2469 0.379163
    endloop
  endfacet
  facet normal 1 0 0
    outer loop
      vertex 2.05771 -2.17255 0.174883
      vertex 2.05771 -2.14601 0.101975
      vertex 2.05771 -2.12579 0.194251
    endloop
  endfacet
  facet normal 1 0 0
    outer loop
      vertex 2.05771 -2.14601 0.101975
      vertex 2.05771 -2.093 0.123933
      vertex 2.05771 -2.12579 0.194251
    endloop
  endfacet
  facet normal 1 0 0
    outer loop
      vertex 2.05771 -2.12579 0.194251
      vertex 2.05771 -2.093 0.123933
      vertex 2.05771 -2.0809 0.21762
    endloop
  endfacet
  facet normal 1 0 0
    outer loop
      vertex 2.05771 -2.093 0.123933
      vertex 2.05771 -2.04211 0.150428
      vertex 2.05771 -2.0809 0.21762
    endloop
  endfacet
  facet normal 1 0 0
    outer loop
      vertex 2.05771 -2.0809 0.21762
      vertex 2.05771 -2.04211 0.150428
      vertex 2.05771 -2.03822 0.244813
    endloop
  endfacet
  facet normal 1 0 0
    outer loop
      vertex 2.05771 -2.04211 0.150428
      vertex 2.05771 -1.99371 0.181258
      vertex 2.05771 -2.03822 0.244813
    endloop
  endfacet
  facet normal 1 0 0
    outer loop
      vertex 2.05771 -2.03822 0.244813
      vertex 2.05771 -1.99371 0.181258
      vertex 2.05771 -1.99806 0.275623
    endloop
  endfacet
  facet normal 1 0 0
    outer loop
      vertex 2.05771 -1.99371 0.181258
      vertex 2.05771 -1.94819 0.216188
      vertex 2.05771 -1.99806 0.275623
    endloop
  endfacet
  facet normal 1 0 0
    outer loop
      vertex 2.05771 -1.99806 0.275623
      vertex 2.05771 -1.94819 0.216188
      vertex 2.05771 -1.96075 0.309815
    endloop
  endfacet
  facet normal 1 0 0
    outer loop
      vertex 2.05771 -1.94819 0.216188
      vertex 2.05771 -1.90589 0.254953
      vertex 2.05771 -1.96075 0.309815
    endloop
  endfacet
  facet normal 1 0 0
    outer loop
      vertex 2.05771 -1.96075 0.309815
      vertex 2.05771 -1.90589 0.254953
      vertex 2.05771 -1.92656 0.347129
    endloop
  endfacet
  facet normal 1 0 0
    outer loop
      vertex 2.05771 -1.90589 0.254953
      vertex 2.05771 -1.86712 0.297257
      vertex 2.05771 -1.92656 0.347129
    endloop
  endfacet
  facet normal 1 0 0
    outer loop
      vertex 2.05771 -1.92656 0.347129
      vertex 2.05771 -1.86712 0.297257
      vertex 2.05771 -1.89575 0.387281
    endloop
  endfacet
  facet normal 1 0 0
    outer loop
      vertex 2.05771 -1.86712 0.297257
      vertex 2.05771 -1.83219 0.342779
      vertex 2.05771 -1.89575 0.387281
    endloop
  endfacet
  facet normal 1 0 0
    outer loop
      vertex 2.05771 -1.89575 0.387281
      vertex 2.05771 -1.83219 0.342779
      vertex 2.05771 -1.86855 0.429966
    endloop
  endfacet
  facet normal 1 0 0
    outer loop
      vertex 2.05771 -1.83219 0.342779
      vertex 2.05771 -1.80136 0.391172
      vertex 2.05771 -1.86855 0.429966
    endloop
  endfacet
  facet normal 1 0 0
    outer loop
      vertex 2.05771 -1.86855 0.429966
      vertex 2.05771 -1.80136 0.391172
      vertex 2.05771 -1.84518 0.474858
    endloop
  endfacet
  facet normal 1 0 0
    outer loop
      vertex 2.05771 -1.80136 0.391172
      vertex 2.05771 -1.77487 0.442068
      vertex 2.05771 -1.84518 0.474858
    endloop
  endfacet
  facet normal 1 0 0
    outer loop
      vertex 2.05771 -1.84518 0.474858
      vertex 2.05771 -1.77487 0.442068
      vertex 2.05771 -1.82582 0.521616
    endloop
  endfacet
  facet normal 1 0 0
    outer loop
      vertex 2.05771 -1.77487 0.442068
      vertex 2.05771 -1.75291 0.49508
      vertex 2.05771 -1.82582 0.521616
    endloop
  endfacet
  facet normal 1 0 0
    outer loop
      vertex 2.05771 -1.82582 0.521616
      vertex 2.05771 -1.75291 0.49508
      vertex 2.05771 -1.8106 0.569884
    endloop
  endfacet
  facet normal 1 0 0
    outer loop
      vertex 2.05771 -1.75291 0.49508
      vertex 2.05771 -1.73565 0.549803
      vertex 2.05771 -1.8106 0.569884
    endloop
  endfacet
  facet normal 1 0 0
    outer loop
      vertex 2.05771 -1.8106 0.569884
      vertex 2.05771 -1.73565 0.549803
      vertex 2.05771 -1.79964 0.619295
    endloop
  endfacet
  facet normal 1 0 0
    outer loop
      vertex 2.05771 -1.73565 0.549803
      vertex 2.05771 -1.72324 0.605822
      vertex 2.05771 -1.79964 0.619295
    endloop
  endfacet
  facet normal 1 0 0
    outer loop
      vertex 2.05771 -1.79964 0.619295
      vertex 2.05771 -1.72324 0.605822
      vertex 2.05771 -1.79304 0.669473
    endloop
  endfacet
  facet normal 1 0 0
    outer loop
      vertex 2.05771 -1.72324 0.605822
      vertex 2.05771 -1.71575 0.662711
      vertex 2.05771 -1.79304 0.669473
    endloop
  endfacet
  facet normal 1 0 0
    outer loop
      vertex 2.05771 -1.79304 0.669473
      vertex 2.05771 -1.71575 0.662711
      vertex 2.05771 -1.79083 0.720035
    endloop
  endfacet
  facet normal 1 0 0
    outer loop
      vertex 2.05771 -1.71575 0.662711
      vertex 2.05771 -1.71324 0.720035
      vertex 2.05771 -1.79083 0.720035
    endloop
  endfacet
  facet normal 1 0 0
    outer loop
      vertex 2.05771 -1.79083 0.720035
      vertex 2.05771 -1.71324 0.720035
      vertex 2.05771 -1.79304 0.770598
    endloop
  endfacet
  facet normal 1 0 0
    outer loop
      vertex 2.05771 -1.71324 0.720035
      vertex 2.05771 -1.71575 0.77736
      vertex 2.05771 -1.79304 0.770598
    endloop
  endfacet
  facet normal 1 0 0
    outer loop
      vertex 2.05771 -1.79304 0.770598
      vertex 2.05771 -1.71575 0.77736
      vertex 2.05771 -1.79964 0.820775
    endloop
  endfacet
  facet normal 1 0 0
    outer loop
      vertex 2.05771 -1.71575 0.77736
      vertex 2.05771 -1.72324 0.834248
      vertex 2.05771 -1.79964 0.820775
    endloop
  endfacet
  facet normal 1 0 0
    outer loop
      vertex 2.05771 -1.79964 0.820775
      vertex 2.05771 -1.72324 0.834248
      vertex 2.05771 -1.8106 0.870186
    endloop
  endfacet
  facet normal 1 0 0
    outer loop
      vertex 2.05771 -1.72324 0.834248
      vertex 2.05771 -1.73565 0.890267
      vertex 2.05771 -1.8106 0.870186
    endloop
  endfacet
  facet normal 1 0 0
    outer loop
      vertex 2.05771 -1.8106 0.870186
      vertex 2.05771 -1.73565 0.890267
      vertex 2.05771 -1.82582 0.918455
    endloop
  endfacet
  facet normal 1 0 0
    outer loop
      vertex 2.05771 -1.73565 0.890267
      vertex 2.05771 -1.75291 0.944991
      vertex 2.05771 -1.82582 0.918455
    endloop
  endfacet
  facet normal 1 0 0
    outer loop
      vertex 2.05771 -1.82582 0.918455
      vertex 2.05771 -1.75291 0.944991
      vertex 2.05771 -1.84518 0.965213
    endloop
  endfacet
  facet normal 1 0 0
    outer loop
      vertex 2.05771 -1.75291 0.944991
      vertex 2.05771 -1.77487 0.998002
      vertex 2.05771 -1.84518 0.965213
    endloop
  endfacet
  facet normal 1 0 0
    outer loop
      vertex 2.05771 -1.84518 0.965213
      vertex 2.05771 -1.77487 0.998002
      vertex 2.05771 -1.86855 1.0101
    endloop
  endfacet
  facet normal 1 0 0
    outer loop
      vertex 2.05771 -1.77487 0.998002
      vertex 2.05771 -1.80136 1.0489
      vertex 2.05771 -1.86855 1.0101
    endloop
  endfacet
  facet normal 1 0 0
    outer loop
      vertex 2.05771 -1.86855 1.0101
      vertex 2.05771 -1.80136 1.0489
      vertex 2.05771 -1.89575 1.05279
    endloop
  endfacet
  facet normal 1 0 0
    outer loop
      vertex 2.05771 -1.80136 1.0489
      vertex 2.05771 -1.83219 1.09729
      vertex 2.05771 -1.89575 1.05279
    endloop
  endfacet
  facet normal 1 0 0
    outer loop
      vertex 2.05771 -1.89575 1.05279
      vertex 2.05771 -1.83219 1.09729
      vertex 2.05771 -1.92656 1.09294
    endloop
  endfacet
  facet normal 1 0 0
    outer loop
      vertex 2.05771 -1.83219 1.09729
      vertex 2.05771 -1.86712 1.14281
      vertex 2.05771 -1.92656 1.09294
    endloop
  endfacet
  facet normal 1 0 0
    outer loop
      vertex 2.05771 -1.92656 1.09294
      vertex 2.05771 -1.86712 1.14281
      vertex 2.05771 -1.96075 1.13026
    endloop
  endfacet
  facet normal 1 0 0
    outer loop
      vertex 2.05771 -1.86712 1.14281
      vertex 2.05771 -1.90589 1.18512
      vertex 2.05771 -1.96075 1.13026
    endloop
  endfacet
  facet normal 1 0 0
    outer loop
      vertex 2.05771 -1.96075 1.13026
      vertex 2.05771 -1.90589 1.18512
      vertex 2.05771 -1.99806 1.16445
    endloop
  endfacet
  facet normal 1 0 0
    outer loop
      vertex 2.05771 -1.90589 1.18512
      vertex 2.05771 -1.94819 1.22388
      vertex 2.05771 -1.99806 1.16445
    endloop
  endfacet
  facet normal 1 0 0
    outer loop
      vertex 2.05771 -1.99806 1.16445
      vertex 2.05771 -1.94819 1.22388
      vertex 2.05771 -2.03822 1.19526
    endloop
  endfacet
  facet normal 1 0 0
    outer loop
      vertex 2.05771 -1.94819 1.22388
      vertex 2.05771 -1.99371 1.25881
      vertex 2.05771 -2.03822 1.19526
    endloop
  endfacet
  facet normal 1 0 0
    outer loop
      vertex 2.05771 -2.03822 1.19526
      vertex 2.05771 -1.99371 1.25881
      vertex 2.05771 -2.0809 1.22245
    endloop
  endfacet
  facet normal 1 0 0
    outer loop
      vertex 2.05771 -1.99371 1.25881
      vertex 2.05771 -2.04211 1.28964
      vertex 2.05771 -2.0809 1.22245
    endloop
  endfacet
  facet normal 1 0 0
    outer loop
      vertex 2.05771 -2.0809 1.22245
      vertex 2.05771 -2.04211 1.28964
      vertex 2.05771 -2.12579 1.24582
    endloop
  endfacet
  facet normal 1 0 0
    outer loop
      vertex 2.05771 -2.04211 1.28964
      vertex 2.05771 -2.093 1.31614
      vertex 2.05771 -2.12579 1.24582
    endloop
  endfacet
  facet normal 1 0 0
    outer loop
      vertex 2.05771 -2.12579 1.24582
      vertex 2.05771 -2.093 1.31614
      vertex 2.05771 -2.17255 1.26519
    endloop
  endfacet
  facet normal 1 0 0
    outer loop
      vertex 2.05771 -2.093 1.31614
      vertex 2.05771 -2.14601 1.3381
      vertex 2.05771 -2.17255 1.26519
    endloop
  endfacet
  facet normal 1 0 0
    outer loop
      vertex 2.05771 -2.17255 1.26519
      vertex 2.05771 -2.14601 1.3381
      vertex 2.05771 -2.22082 1.28041
    endloop
  endfacet
  facet normal 1 0 0
    outer loop
      vertex 2.05771 -2.14601 1.3381
      vertex 2.05771 -2.20074 1.35535
      vertex 2.05771 -2.22082 1.28041
    endloop
  endfacet
  facet normal 1 0 0
    outer loop
      vertex 2.05771 -2.22082 1.28041
      vertex 2.05771 -2.20074 1.35535
      vertex 2.05771 -2.27023 1.29136
    endloop
  endfacet
  facet normal 1 0 0
    outer loop
      vertex 2.05771 -2.20074 1.35535
      vertex 2.05771 -2.25676 1.36777
      vertex 2.05771 -2.27023 1.29136
    endloop
  endfacet
  facet normal 1 0 0
    outer loop
      vertex 2.05771 -2.27023 1.29136
      vertex 2.05771 -2.25676 1.36777
      vertex 2.05771 -2.32041 1.29797
    endloop
  endfacet
  facet normal 1 0 0
    outer loop
      vertex 2.05771 -2.25676 1.36777
      vertex 2.05771 -2.31364 1.37526
      vertex 2.05771 -2.32041 1.29797
    endloop
  endfacet
  facet normal 1 0 0
    outer loop
      vertex 2.05771 -2.32041 1.29797
      vertex 2.05771 -2.31364 1.37526
      vertex 2.05771 -2.37097 1.30017
    endloop
  endfacet
  facet normal 1 0 0
    outer loop
      vertex 2.05771 -2.31364 1.37526
      vertex 2.05771 -2.37097 1.37776
      vertex 2.05771 -2.37097 1.30017
    endloop
  endfacet
  facet normal 1 0 0
    outer loop
      vertex 2.05771 -2.37097 1.30017
      vertex 2.05771 -2.37097 1.37776
      vertex 2.05771 -2.42153 1.29797
    endloop
  endfacet
  facet normal 1 0 0
    outer loop
      vertex 2.05771 -2.37097 1.37776
      vertex 2.05771 -2.42829 1.37526
      vertex 2.05771 -2.42153 1.29797
    endloop
  endfacet
  facet normal 1 0 0
    outer loop
      vertex 2.05771 -2.42153 1.29797
      vertex 2.05771 -2.42829 1.37526
      vertex 2.05771 -2.47171 1.29136
    endloop
  endfacet
  facet normal 1 0 0
    outer loop
      vertex 2.05771 -2.42829 1.37526
      vertex 2.05771 -2.48518 1.36777
      vertex 2.05771 -2.47171 1.29136
    endloop
  endfacet
  facet normal 1 0 0
    outer loop
      vertex 2.05771 -2.47171 1.29136
      vertex 2.05771 -2.48518 1.36777
      vertex 2.05771 -2.52112 1.28041
    endloop
  endfacet
  facet normal 1 0 0
    outer loop
      vertex 2.05771 -2.48518 1.36777
      vertex 2.05771 -2.5412 1.35535
      vertex 2.05771 -2.52112 1.28041
    endloop
  endfacet
  facet normal 1 0 0
    outer loop
      vertex 2.05771 -2.52112 1.28041
      vertex 2.05771 -2.5412 1.35535
      vertex 2.05771 -2.56939 1.26519
    endloop
  endfacet
  facet normal 1 0 0
    outer loop
      vertex 2.05771 -2.5412 1.35535
      vertex 2.05771 -2.59592 1.3381
      vertex 2.05771 -2.56939 1.26519
    endloop
  endfacet
  facet normal 1 0 0
    outer loop
      vertex 2.05771 -2.56939 1.26519
      vertex 2.05771 -2.59592 1.3381
      vertex 2.05771 -2.61615 1.24582
    endloop
  endfacet
  facet normal 1 0 0
    outer loop
      vertex 2.05771 -2.59592 1.3381
      vertex 2.05771 -2.64894 1.31614
      vertex 2.05771 -2.61615 1.24582
    endloop
  endfacet
  facet normal 1 0 0
    outer loop
      vertex 2.05771 -2.61615 1.24582
      vertex 2.05771 -2.64894 1.31614
      vertex 2.05771 -2.66104 1.22245
    endloop
  endfacet
  facet normal 1 0 0
    outer loop
      vertex 2.05771 -2.64894 1.31614
      vertex 2.05771 -2.69983 1.28964
      vertex 2.05771 -2.66104 1.22245
    endloop
  endfacet
  facet normal 1 0 0
    outer loop
      vertex 2.05771 -2.66104 1.22245
      vertex 2.05771 -2.69983 1.28964
      vertex 2.05771 -2.70372 1.19526
    endloop
  endfacet
  facet normal 1 0 0
    outer loop
      vertex 2.05771 -2.69983 1.28964
      vertex 2.05771 -2.74823 1.25881
      vertex 2.05771 -2.70372 1.19526
    endloop
  endfacet
  facet normal 1 0 0
    outer loop
      vertex 2.05771 -2.70372 1.19526
      vertex 2.05771 -2.74823 1.25881
      vertex 2.05771 -2.74388 1.16445
    endloop
  endfacet
  facet normal 1 0 0
    outer loop
      vertex 2.05771 -2.74823 1.25881
      vertex 2.05771 -2.79375 1.22388
      vertex 2.05771 -2.74388 1.16445
    endloop
  endfacet
  facet normal 1 0 0
    outer loop
      vertex 2.05771 -2.74388 1.16445
      vertex 2.05771 -2.79375 1.22388
      vertex 2.05771 -2.78119 1.13026
    endloop
  endfacet
  facet normal 1 0 0
    outer loop
      vertex 2.05771 -2.79375 1.22388
      vertex 2.05771 -2.83605 1.18512
      vertex 2.05771 -2.78119 1.13026
    endloop
  endfacet
  facet normal 1 0 0
    outer loop
      vertex 2.05771 -2.78119 1.13026
      vertex 2.05771 -2.83605 1.18512
      vertex 2.05771 -2.81538 1.09294
    endloop
  endfacet
  facet normal 1 0 0
    outer loop
      vertex 2.05771 -2.83605 1.18512
      vertex 2.05771 -2.87482 1.14281
      vertex 2.05771 -2.81538 1.09294
    endloop
  endfacet
  facet normal 1 0 0
    outer loop
      vertex 2.05771 -2.81538 1.09294
      vertex 2.05771 -2.87482 1.14281
      vertex 2.05771 -2.84619 1.05279
    endloop
  endfacet
  facet normal 1 0 0
    outer loop
      vertex 2.05771 -2.87482 1.14281
      vertex 2.05771 -2.90975 1.09729
      vertex 2.05771 -2.84619 1.05279
    endloop
  endfacet
  facet normal 1 0 0
    outer loop
      vertex 2.05771 -2.84619 1.05279
      vertex 2.05771 -2.90975 1.09729
      vertex 2.05771 -2.87338 1.0101
    endloop
  endfacet
  facet normal 1 0 0
    outer loop
      vertex 2.05771 -2.90975 1.09729
      vertex 2.05771 -2.94058 1.0489
      vertex 2.05771 -2.87338 1.0101
    endloop
  endfacet
  facet normal 1 0 0
    outer loop
      vertex 2.05771 -2.87338 1.0101
      vertex 2.05771 -2.94058 1.0489
      vertex 2.05771 -2.89675 0.965213
    endloop
  endfacet
  facet normal 1 0 0
    outer loop
      vertex 2.05771 -2.94058 1.0489
      vertex 2.05771 -2.96707 0.998002
      vertex 2.05771 -2.89675 0.965213
    endloop
  endfacet
  facet normal 1 0 0
    outer loop
      vertex 2.05771 -2.89675 0.965213
      vertex 2.05771 -2.96707 0.998002
      vertex 2.05771 -2.91612 0.918455
    endloop
  endfacet
  facet normal 1 0 0
    outer loop
      vertex 2.05771 -2.96707 0.998002
      vertex 2.05771 -2.98903 0.944991
      vertex 2.05771 -2.91612 0.918455
    endloop
  endfacet
  facet normal 1 0 0
    outer loop
      vertex 2.05771 -2.91612 0.918455
      vertex 2.05771 -2.98903 0.944991
      vertex 2.05771 -2.93134 0.870186
    endloop
  endfacet
  facet normal 1 0 0
    outer loop
      vertex 2.05771 -2.98903 0.944991
      vertex 2.05771 -3.00628 0.890267
      vertex 2.05771 -2.93134 0.870186
    endloop
  endfacet
  facet normal 1 0 0
    outer loop
      vertex 2.05771 -2.93134 0.870186
      vertex 2.05771 -3.00628 0.890267
      vertex 2.05771 -2.94229 0.820775
    endloop
  endfacet
  facet normal 1 0 0
    outer loop
      vertex 2.05771 -3.00628 0.890267
      vertex 2.05771 -3.0187 0.834248
      vertex 2.05771 -2.94229 0.820775
    endloop
  endfacet
  facet normal 1 0 0
    outer loop
      vertex 2.05771 -2.94229 0.820775
      vertex 2.05771 -3.0187 0.834248
      vertex 2.05771 -2.9489 0.770598
    endloop
  endfacet
  facet normal 1 0 0
    outer loop
      vertex 2.05771 -3.0187 0.834248
      vertex 2.05771 -3.02619 0.77736
      vertex 2.05771 -2.9489 0.770598
    endloop
  endfacet
  facet normal 1 0 0
    outer loop
      vertex 2.05771 -2.9489 0.770598
      vertex 2.05771 -3.02619 0.77736
      vertex 2.05771 -2.95111 0.720035
    endloop
  endfacet
  facet normal 1 0 0
    outer loop
      vertex 2.05771 -3.02619 0.77736
      vertex 2.05771 -3.0287 0.720035
      vertex 2.05771 -2.95111 0.720035
    endloop
  endfacet
  facet normal 1 0 0
    outer loop
      vertex 2.05771 -2.95111 0.720035
      vertex 2.05771 -3.0287 0.720035
      vertex 2.05771 -2.9489 0.669473
    endloop
  endfacet
  facet normal 1 0 0
    outer loop
      vertex 2.05771 -3.0287 0.720035
      vertex 2.05771 -3.02619 0.662711
      vertex 2.05771 -2.9489 0.669473
    endloop
  endfacet
  facet normal 1 0 0
    outer loop
      vertex 2.05771 -2.9489 0.669473
      vertex 2.05771 -3.02619 0.662711
      vertex 2.05771 -2.94229 0.619295
    endloop
  endfacet
  facet normal 1 0 0
    outer loop
      vertex 2.05771 -3.02619 0.662711
      vertex 2.05771 -3.0187 0.605822
      vertex 2.05771 -2.94229 0.619295
    endloop
  endfacet
  facet normal 1 0 0
    outer loop
      vertex 2.05771 -2.94229 0.619295
      vertex 2.05771 -3.0187 0.605822
      vertex 2.05771 -2.93134 0.569884
    endloop
  endfacet
  facet normal 1 0 0
    outer loop
      vertex 2.05771 -3.0187 0.605822
      vertex 2.05771 -3.00628 0.549803
      vertex 2.05771 -2.93134 0.569884
    endloop
  endfacet
  facet normal 1 0 0
    outer loop
      vertex 2.05771 -2.93134 0.569884
      vertex 2.05771 -3.00628 0.549803
      vertex 2.05771 -2.91612 0.521616
    endloop
  endfacet
  facet normal 1 0 0
    outer loop
      vertex 2.05771 -3.00628 0.549803
      vertex 2.05771 -2.98903 0.49508
      vertex 2.05771 -2.91612 0.521616
    endloop
  endfacet
  facet normal 1 0 0
    outer loop
      vertex 2.05771 -2.91612 0.521616
      vertex 2.05771 -2.98903 0.49508
      vertex 2.05771 -2.89675 0.474858
    endloop
  endfacet
  facet normal 1 0 0
    outer loop
      vertex 2.05771 -2.98903 0.49508
      vertex 2.05771 -2.96707 0.442068
      vertex 2.05771 -2.89675 0.474858
    endloop
  endfacet
  facet normal 1 0 0
    outer loop
      vertex 2.05771 -2.89675 0.474858
      vertex 2.05771 -2.96707 0.442068
      vertex 2.05771 -2.87338 0.429966
    endloop
  endfacet
  facet normal 1 0 0
    outer loop
      vertex 2.05771 -2.96707 0.442068
      vertex 2.05771 -2.94058 0.391172
      vertex 2.05771 -2.87338 0.429966
    endloop
  endfacet
  facet normal 1 0 0
    outer loop
      vertex 2.05771 -2.87338 0.429966
      vertex 2.05771 -2.94058 0.391172
      vertex 2.05771 -2.84619 0.387281
    endloop
  endfacet
  facet normal 1 0 0
    outer loop
      vertex 2.05771 -2.94058 0.391172
      vertex 2.05771 -2.90975 0.342779
      vertex 2.05771 -2.84619 0.387281
    endloop
  endfacet
  facet normal 1 0 0
    outer loop
      vertex 2.05771 -2.84619 0.387281
      vertex 2.05771 -2.90975 0.342779
      vertex 2.05771 -2.81538 0.347129
    endloop
  endfacet
  facet normal 1 0 0
    outer loop
      vertex 2.05771 -2.90975 0.342779
      vertex 2.05771 -2.87482 0.297257
      vertex 2.05771 -2.81538 0.347129
    endloop
  endfacet
  facet normal 1 0 0
    outer loop
      vertex 2.05771 -2.81538 0.347129
      vertex 2.05771 -2.87482 0.297257
      vertex 2.05771 -2.78119 0.309815
    endloop
  endfacet
  facet normal 1 0 0
    outer loop
      vertex 2.05771 -2.87482 0.297257
      vertex 2.05771 -2.83605 0.254953
      vertex 2.05771 -2.78119 0.309815
    endloop
  endfacet
  facet normal 1 0 0
    outer loop
      vertex 2.05771 -2.78119 0.309815
      vertex 2.05771 -2.83605 0.254953
      vertex 2.05771 -2.74388 0.275623
    endloop
  endfacet
  facet normal 1 0 0
    outer loop
      vertex 2.05771 -2.83605 0.254953
      vertex 2.05771 -2.79375 0.216188
      vertex 2.05771 -2.74388 0.275623
    endloop
  endfacet
  facet normal 1 0 0
    outer loop
      vertex 2.05771 -2.74388 0.275623
      vertex 2.05771 -2.79375 0.216188
      vertex 2.05771 -2.70372 0.244813
    endloop
  endfacet
  facet normal 1 0 0
    outer loop
      vertex 2.05771 -2.79375 0.216188
      vertex 2.05771 -2.74823 0.181258
      vertex 2.05771 -2.70372 0.244813
    endloop
  endfacet
  facet normal 1 0 0
    outer loop
      vertex 2.05771 -2.70372 0.244813
      vertex 2.05771 -2.74823 0.181258
      vertex 2.05771 -2.66104 0.21762
    endloop
  endfacet
  facet normal 1 0 0
    outer loop
      vertex 2.05771 -2.74823 0.181258
      vertex 2.05771 -2.69983 0.150428
      vertex 2.05771 -2.66104 0.21762
    endloop
  endfacet
  facet normal 1 0 0
    outer loop
      vertex 2.05771 -2.66104 0.21762
      vertex 2.05771 -2.69983 0.150428
      vertex 2.05771 -2.61615 0.194251
    endloop
  endfacet
  facet normal 1 0 0
    outer loop
      vertex 2.05771 -2.69983 0.150428
      vertex 2.05771 -2.64894 0.123933
      vertex 2.05771 -2.61615 0.194251
    endloop
  endfacet
  facet normal 1 0 0
    outer loop
      vertex 2.05771 -2.61615 0.194251
      vertex 2.05771 -2.64894 0.123933
      vertex 2.05771 -2.56939 0.174883
    endloop
  endfacet
  facet normal 1 0 0
    outer loop
      vertex 2.05771 -2.64894 0.123933
      vertex 2.05771 -2.59592 0.101975
      vertex 2.05771 -2.56939 0.174883
    endloop
  endfacet
  facet normal 1 0 0
    outer loop
      vertex 2.05771 -2.56939 0.174883
      vertex 2.05771 -2.59592 0.101975
      vertex 2.05771 -2.52112 0.159664
    endloop
  endfacet
  facet normal 1 0 0
    outer loop
      vertex 2.05771 -2.59592 0.101975
      vertex 2.05771 -2.5412 0.084721
      vertex 2.05771 -2.52112 0.159664
    endloop
  endfacet
  facet normal 1 0 0
    outer loop
      vertex 2.05771 -2.52112 0.159664
      vertex 2.05771 -2.5412 0.084721
      vertex 2.05771 -2.47171 0.14871
    endloop
  endfacet
  facet normal 1 0 0
    outer loop
      vertex 2.05771 -2.5412 0.084721
      vertex 2.05771 -2.48518 0.0723019
      vertex 2.05771 -2.47171 0.14871
    endloop
  endfacet
  facet normal 1 0 0
    outer loop
      vertex 2.05771 -2.47171 0.14871
      vertex 2.05771 -2.48518 0.0723019
      vertex 2.05771 -2.42153 0.142104
    endloop
  endfacet
  facet normal 1 0 0
    outer loop
      vertex 2.05771 -2.48518 0.0723019
      vertex 2.05771 -2.42829 0.0648124
      vertex 2.05771 -2.42153 0.142104
    endloop
  endfacet
  facet normal 1 0 0
    outer loop
      vertex 2.05771 -2.42153 0.142104
      vertex 2.05771 -2.42829 0.0648124
      vertex 2.05771 -2.37097 0.139896
    endloop
  endfacet
  facet normal 1 0 0
    outer loop
      vertex 2.05771 -2.42829 0.0648124
      vertex 2.05771 -2.37097 0.0623096
      vertex 2.05771 -2.37097 0.139896
    endloop
  endfacet
  facet normal 1 0 0
    outer loop
      vertex 2.05771 -2.37097 0.139896
      vertex 2.05771 -2.37097 0.0623096
      vertex 2.05771 -2.32041 0.142104
    endloop
  endfacet
  facet normal 1 0 0
    outer loop
      vertex 2.05771 -2.37097 0.0623096
      vertex 2.05771 -2.31364 0.0648124
      vertex 2.05771 -2.32041 0.142104
    endloop
  endfacet
  facet normal 1 0 0
    outer loop
      vertex 2.05771 -2.32041 0.142104
      vertex 2.05771 -2.31364 0.0648124
      vertex 2.05771 -2.27023 0.14871
    endloop
  endfacet
  facet normal 1 0 0
    outer loop
      vertex 2.05771 -2.31364 0.0648124
      vertex 2.05771 -2.25676 0.0723019
      vertex 2.05771 -2.27023 0.14871
    endloop
  endfacet
  facet normal 1 0 0
    outer loop
      vertex 2.05771 -2.27023 0.14871
      vertex 2.05771 -2.25676 0.0723019
      vertex 2.05771 -2.22082 0.159664
    endloop
  endfacet
  facet normal 1 0 0
    outer loop
      vertex 2.05771 -2.25676 0.0723019
      vertex 2.05771 -2.20074 0.084721
      vertex 2.05771 -2.22082 0.159664
    endloop
  endfacet
  facet normal 1 0 0
    outer loop
      vertex 2.05771 -2.22082 0.159664
      vertex 2.05771 -2.20074 0.084721
      vertex 2.05771 -2.17255 0.174883
    endloop
  endfacet
  facet normal 1 0 0
    outer loop
      vertex 2.05771 -2.20074 0.084721
      vertex 2.05771 -2.14601 0.101975
      vertex 2.05771 -2.17255 0.174883
    endloop
  endfacet
  facet normal 0 -0.0436195 0.999048
    outer loop
      vertex 1.86086 -2.37097 0.139896
      vertex 2.05771 -2.37097 0.139896
      vertex 1.86086 -2.32041 0.142104
    endloop
  endfacet
  facet normal 0 -0.0436195 0.999048
    outer loop
      vertex 2.05771 -2.37097 0.139896
      vertex 2.05771 -2.32041 0.142104
      vertex 1.86086 -2.32041 0.142104
    endloop
  endfacet
  facet normal 0 -0.130526 0.991445
    outer loop
      vertex 1.86086 -2.32041 0.142104
      vertex 2.05771 -2.32041 0.142104
      vertex 1.86086 -2.27023 0.14871
    endloop
  endfacet
  facet normal 0 -0.130526 0.991445
    outer loop
      vertex 2.05771 -2.32041 0.142104
      vertex 2.05771 -2.27023 0.14871
      vertex 1.86086 -2.27023 0.14871
    endloop
  endfacet
  facet normal 0 -0.21644 0.976296
    outer loop
      vertex 1.86086 -2.27023 0.14871
      vertex 2.05771 -2.27023 0.14871
      vertex 1.86086 -2.22082 0.159664
    endloop
  endfacet
  facet normal 0 -0.21644 0.976296
    outer loop
      vertex 2.05771 -2.27023 0.14871
      vertex 2.05771 -2.22082 0.159664
      vertex 1.86086 -2.22082 0.159664
    endloop
  endfacet
  facet normal 0 -0.300706 0.953717
    outer loop
      vertex 1.86086 -2.22082 0.159664
      vertex 2.05771 -2.22082 0.159664
      vertex 1.86086 -2.17255 0.174883
    endloop
  endfacet
  facet normal 0 -0.300706 0.953717
    outer loop
      vertex 2.05771 -2.22082 0.159664
      vertex 2.05771 -2.17255 0.174883
      vertex 1.86086 -2.17255 0.174883
    endloop
  endfacet
  facet normal 0 -0.382684 0.923879
    outer loop
      vertex 1.86086 -2.17255 0.174883
      vertex 2.05771 -2.17255 0.174883
      vertex 1.86086 -2.12579 0.194251
    endloop
  endfacet
  facet normal 0 -0.382684 0.923879
    outer loop
      vertex 2.05771 -2.17255 0.174883
      vertex 2.05771 -2.12579 0.194251
      vertex 1.86086 -2.12579 0.194251
    endloop
  endfacet
  facet normal 0 -0.461748 0.887011
    outer loop
      vertex 1.86086 -2.12579 0.194251
      vertex 2.05771 -2.12579 0.194251
      vertex 1.86086 -2.0809 0.21762
    endloop
  endfacet
  facet normal 0 -0.461748 0.887011
    outer loop
      vertex 2.05771 -2.12579 0.194251
      vertex 2.05771 -2.0809 0.21762
      vertex 1.86086 -2.0809 0.21762
    endloop
  endfacet
  facet normal 0 -0.537299 0.843392
    outer loop
      vertex 1.86086 -2.0809 0.21762
      vertex 2.05771 -2.0809 0.21762
      vertex 1.86086 -2.03822 0.244813
    endloop
  endfacet
  facet normal 0 -0.537299 0.843392
    outer loop
      vertex 2.05771 -2.0809 0.21762
      vertex 2.05771 -2.03822 0.244813
      vertex 1.86086 -2.03822 0.244813
    endloop
  endfacet
  facet normal 0 -0.608762 0.793353
    outer loop
      vertex 1.86086 -2.03822 0.244813
      vertex 2.05771 -2.03822 0.244813
      vertex 1.86086 -1.99806 0.275623
    endloop
  endfacet
  facet normal 0 -0.608762 0.793353
    outer loop
      vertex 2.05771 -2.03822 0.244813
      vertex 2.05771 -1.99806 0.275623
      vertex 1.86086 -1.99806 0.275623
    endloop
  endfacet
  facet normal 0 -0.67559 0.737277
    outer loop
      vertex 1.86086 -1.99806 0.275623
      vertex 2.05771 -1.99806 0.275623
      vertex 1.86086 -1.96075 0.309815
    endloop
  endfacet
  facet normal 0 -0.67559 0.737277
    outer loop
      vertex 2.05771 -1.99806 0.275623
      vertex 2.05771 -1.96075 0.309815
      vertex 1.86086 -1.96075 0.309815
    endloop
  endfacet
  facet normal 0 -0.737277 0.675591
    outer loop
      vertex 1.86086 -1.96075 0.309815
      vertex 2.05771 -1.96075 0.309815
      vertex 1.86086 -1.92656 0.347129
    endloop
  endfacet
  facet normal 0 -0.737277 0.675591
    outer loop
      vertex 2.05771 -1.96075 0.309815
      vertex 2.05771 -1.92656 0.347129
      vertex 1.86086 -1.92656 0.347129
    endloop
  endfacet
  facet normal 0 -0.793354 0.608761
    outer loop
      vertex 1.86086 -1.92656 0.347129
      vertex 2.05771 -1.92656 0.347129
      vertex 1.86086 -1.89575 0.387281
    endloop
  endfacet
  facet normal 0 -0.793354 0.608761
    outer loop
      vertex 2.05771 -1.92656 0.347129
      vertex 2.05771 -1.89575 0.387281
      vertex 1.86086 -1.89575 0.387281
    endloop
  endfacet
  facet normal 0 -0.843391 0.537301
    outer loop
      vertex 1.86086 -1.89575 0.387281
      vertex 2.05771 -1.89575 0.387281
      vertex 1.86086 -1.86855 0.429966
    endloop
  endfacet
  facet normal 0 -0.843391 0.537301
    outer loop
      vertex 2.05771 -1.89575 0.387281
      vertex 2.05771 -1.86855 0.429966
      vertex 1.86086 -1.86855 0.429966
    endloop
  endfacet
  facet normal 0 -0.887012 0.461747
    outer loop
      vertex 1.86086 -1.86855 0.429966
      vertex 2.05771 -1.86855 0.429966
      vertex 1.86086 -1.84518 0.474858
    endloop
  endfacet
  facet normal 0 -0.887012 0.461747
    outer loop
      vertex 2.05771 -1.86855 0.429966
      vertex 2.05771 -1.84518 0.474858
      vertex 1.86086 -1.84518 0.474858
    endloop
  endfacet
  facet normal 0 -0.92388 0.382683
    outer loop
      vertex 1.86086 -1.84518 0.474858
      vertex 2.05771 -1.84518 0.474858
      vertex 1.86086 -1.82582 0.521616
    endloop
  endfacet
  facet normal 0 -0.92388 0.382683
    outer loop
      vertex 2.05771 -1.84518 0.474858
      vertex 2.05771 -1.82582 0.521616
      vertex 1.86086 -1.82582 0.521616
    endloop
  endfacet
  facet normal 0 -0.953717 0.300707
    outer loop
      vertex 1.86086 -1.82582 0.521616
      vertex 2.05771 -1.82582 0.521616
      vertex 1.86086 -1.8106 0.569884
    endloop
  endfacet
  facet normal 0 -0.953717 0.300707
    outer loop
      vertex 2.05771 -1.82582 0.521616
      vertex 2.05771 -1.8106 0.569884
      vertex 1.86086 -1.8106 0.569884
    endloop
  endfacet
  facet normal 0 -0.976296 0.216439
    outer loop
      vertex 1.86086 -1.8106 0.569884
      vertex 2.05771 -1.8106 0.569884
      vertex 1.86086 -1.79964 0.619295
    endloop
  endfacet
  facet normal 0 -0.976296 0.216439
    outer loop
      vertex 2.05771 -1.8106 0.569884
      vertex 2.05771 -1.79964 0.619295
      vertex 1.86086 -1.79964 0.619295
    endloop
  endfacet
  facet normal 0 -0.991445 0.130525
    outer loop
      vertex 1.86086 -1.79964 0.619295
      vertex 2.05771 -1.79964 0.619295
      vertex 1.86086 -1.79304 0.669473
    endloop
  endfacet
  facet normal 0 -0.991445 0.130525
    outer loop
      vertex 2.05771 -1.79964 0.619295
      vertex 2.05771 -1.79304 0.669473
      vertex 1.86086 -1.79304 0.669473
    endloop
  endfacet
  facet normal 0 -0.999048 0.0436193
    outer loop
      vertex 1.86086 -1.79304 0.669473
      vertex 2.05771 -1.79304 0.669473
      vertex 1.86086 -1.79083 0.720035
    endloop
  endfacet
  facet normal 0 -0.999048 0.0436193
    outer loop
      vertex 2.05771 -1.79304 0.669473
      vertex 2.05771 -1.79083 0.720035
      vertex 1.86086 -1.79083 0.720035
    endloop
  endfacet
  facet normal 0 -0.999048 -0.0436193
    outer loop
      vertex 1.86086 -1.79083 0.720035
      vertex 2.05771 -1.79083 0.720035
      vertex 1.86086 -1.79304 0.770598
    endloop
  endfacet
  facet normal 0 -0.999048 -0.0436193
    outer loop
      vertex 2.05771 -1.79083 0.720035
      vertex 2.05771 -1.79304 0.770598
      vertex 1.86086 -1.79304 0.770598
    endloop
  endfacet
  facet normal 0 -0.991445 -0.130525
    outer loop
      vertex 1.86086 -1.79304 0.770598
      vertex 2.05771 -1.79304 0.770598
      vertex 1.86086 -1.79964 0.820775
    endloop
  endfacet
  facet normal 0 -0.991445 -0.130525
    outer loop
      vertex 2.05771 -1.79304 0.770598
      vertex 2.05771 -1.79964 0.820775
      vertex 1.86086 -1.79964 0.820775
    endloop
  endfacet
  facet normal 0 -0.976296 -0.216439
    outer loop
      vertex 1.86086 -1.79964 0.820775
      vertex 2.05771 -1.79964 0.820775
      vertex 1.86086 -1.8106 0.870186
    endloop
  endfacet
  facet normal 0 -0.976296 -0.216439
    outer loop
      vertex 2.05771 -1.79964 0.820775
      vertex 2.05771 -1.8106 0.870186
      vertex 1.86086 -1.8106 0.870186
    endloop
  endfacet
  facet normal 0 -0.953716 -0.300707
    outer loop
      vertex 1.86086 -1.8106 0.870186
      vertex 2.05771 -1.8106 0.870186
      vertex 1.86086 -1.82582 0.918455
    endloop
  endfacet
  facet normal 0 -0.953716 -0.300707
    outer loop
      vertex 2.05771 -1.8106 0.870186
      vertex 2.05771 -1.82582 0.918455
      vertex 1.86086 -1.82582 0.918455
    endloop
  endfacet
  facet normal 0 -0.92388 -0.382683
    outer loop
      vertex 1.86086 -1.82582 0.918455
      vertex 2.05771 -1.82582 0.918455
      vertex 1.86086 -1.84518 0.965213
    endloop
  endfacet
  facet normal 0 -0.92388 -0.382683
    outer loop
      vertex 2.05771 -1.82582 0.918455
      vertex 2.05771 -1.84518 0.965213
      vertex 1.86086 -1.84518 0.965213
    endloop
  endfacet
  facet normal 0 -0.887012 -0.461747
    outer loop
      vertex 1.86086 -1.84518 0.965213
      vertex 2.05771 -1.84518 0.965213
      vertex 1.86086 -1.86855 1.0101
    endloop
  endfacet
  facet normal 0 -0.887012 -0.461747
    outer loop
      vertex 2.05771 -1.84518 0.965213
      vertex 2.05771 -1.86855 1.0101
      vertex 1.86086 -1.86855 1.0101
    endloop
  endfacet
  facet normal 0 -0.843391 -0.537301
    outer loop
      vertex 1.86086 -1.86855 1.0101
      vertex 2.05771 -1.86855 1.0101
      vertex 1.86086 -1.89575 1.05279
    endloop
  endfacet
  facet normal 0 -0.843391 -0.537301
    outer loop
      vertex 2.05771 -1.86855 1.0101
      vertex 2.05771 -1.89575 1.05279
      vertex 1.86086 -1.89575 1.05279
    endloop
  endfacet
  facet normal 0 -0.793354 -0.608761
    outer loop
      vertex 1.86086 -1.89575 1.05279
      vertex 2.05771 -1.89575 1.05279
      vertex 1.86086 -1.92656 1.09294
    endloop
  endfacet
  facet normal 0 -0.793354 -0.608761
    outer loop
      vertex 2.05771 -1.89575 1.05279
      vertex 2.05771 -1.92656 1.09294
      vertex 1.86086 -1.92656 1.09294
    endloop
  endfacet
  facet normal 0 -0.737276 -0.675591
    outer loop
      vertex 1.86086 -1.92656 1.09294
      vertex 2.05771 -1.92656 1.09294
      vertex 1.86086 -1.96075 1.13026
    endloop
  endfacet
  facet normal 0 -0.737276 -0.675591
    outer loop
      vertex 2.05771 -1.92656 1.09294
      vertex 2.05771 -1.96075 1.13026
      vertex 1.86086 -1.96075 1.13026
    endloop
  endfacet
  facet normal 0 -0.675591 -0.737277
    outer loop
      vertex 1.86086 -1.96075 1.13026
      vertex 2.05771 -1.96075 1.13026
      vertex 1.86086 -1.99806 1.16445
    endloop
  endfacet
  facet normal 0 -0.675591 -0.737277
    outer loop
      vertex 2.05771 -1.96075 1.13026
      vertex 2.05771 -1.99806 1.16445
      vertex 1.86086 -1.99806 1.16445
    endloop
  endfacet
  facet normal 0 -0.608763 -0.793352
    outer loop
      vertex 1.86086 -1.99806 1.16445
      vertex 2.05771 -1.99806 1.16445
      vertex 1.86086 -2.03822 1.19526
    endloop
  endfacet
  facet normal 0 -0.608763 -0.793352
    outer loop
      vertex 2.05771 -1.99806 1.16445
      vertex 2.05771 -2.03822 1.19526
      vertex 1.86086 -2.03822 1.19526
    endloop
  endfacet
  facet normal 0 -0.537299 -0.843392
    outer loop
      vertex 1.86086 -2.03822 1.19526
      vertex 2.05771 -2.03822 1.19526
      vertex 1.86086 -2.0809 1.22245
    endloop
  endfacet
  facet normal 0 -0.537299 -0.843392
    outer loop
      vertex 2.05771 -2.03822 1.19526
      vertex 2.05771 -2.0809 1.22245
      vertex 1.86086 -2.0809 1.22245
    endloop
  endfacet
  facet normal 0 -0.461747 -0.887012
    outer loop
      vertex 1.86086 -2.0809 1.22245
      vertex 2.05771 -2.0809 1.22245
      vertex 1.86086 -2.12579 1.24582
    endloop
  endfacet
  facet normal 0 -0.461747 -0.887012
    outer loop
      vertex 2.05771 -2.0809 1.22245
      vertex 2.05771 -2.12579 1.24582
      vertex 1.86086 -2.12579 1.24582
    endloop
  endfacet
  facet normal 0 -0.382683 -0.92388
    outer loop
      vertex 1.86086 -2.12579 1.24582
      vertex 2.05771 -2.12579 1.24582
      vertex 1.86086 -2.17255 1.26519
    endloop
  endfacet
  facet normal 0 -0.382683 -0.92388
    outer loop
      vertex 2.05771 -2.12579 1.24582
      vertex 2.05771 -2.17255 1.26519
      vertex 1.86086 -2.17255 1.26519
    endloop
  endfacet
  facet normal 0 -0.300707 -0.953716
    outer loop
      vertex 1.86086 -2.17255 1.26519
      vertex 2.05771 -2.17255 1.26519
      vertex 1.86086 -2.22082 1.28041
    endloop
  endfacet
  facet normal 0 -0.300707 -0.953716
    outer loop
      vertex 2.05771 -2.17255 1.26519
      vertex 2.05771 -2.22082 1.28041
      vertex 1.86086 -2.22082 1.28041
    endloop
  endfacet
  facet normal 0 -0.216439 -0.976296
    outer loop
      vertex 1.86086 -2.22082 1.28041
      vertex 2.05771 -2.22082 1.28041
      vertex 1.86086 -2.27023 1.29136
    endloop
  endfacet
  facet normal 0 -0.216439 -0.976296
    outer loop
      vertex 2.05771 -2.22082 1.28041
      vertex 2.05771 -2.27023 1.29136
      vertex 1.86086 -2.27023 1.29136
    endloop
  endfacet
  facet normal 0 -0.130528 -0.991445
    outer loop
      vertex 1.86086 -2.27023 1.29136
      vertex 2.05771 -2.27023 1.29136
      vertex 1.86086 -2.32041 1.29797
    endloop
  endfacet
  facet normal 0 -0.130528 -0.991445
    outer loop
      vertex 2.05771 -2.27023 1.29136
      vertex 2.05771 -2.32041 1.29797
      vertex 1.86086 -2.32041 1.29797
    endloop
  endfacet
  facet normal 0 -0.0436193 -0.999048
    outer loop
      vertex 1.86086 -2.32041 1.29797
      vertex 2.05771 -2.32041 1.29797
      vertex 1.86086 -2.37097 1.30017
    endloop
  endfacet
  facet normal 0 -0.0436193 -0.999048
    outer loop
      vertex 2.05771 -2.32041 1.29797
      vertex 2.05771 -2.37097 1.30017
      vertex 1.86086 -2.37097 1.30017
    endloop
  endfacet
  facet normal 0 0.0436193 -0.999048
    outer loop
      vertex 1.86086 -2.37097 1.30017
      vertex 2.05771 -2.37097 1.30017
      vertex 1.86086 -2.42153 1.29797
    endloop
  endfacet
  facet normal 0 0.0436193 -0.999048
    outer loop
      vertex 2.05771 -2.37097 1.30017
      vertex 2.05771 -2.42153 1.29797
      vertex 1.86086 -2.42153 1.29797
    endloop
  endfacet
  facet normal 0 0.130528 -0.991445
    outer loop
      vertex 1.86086 -2.42153 1.29797
      vertex 2.05771 -2.42153 1.29797
      vertex 1.86086 -2.47171 1.29136
    endloop
  endfacet
  facet normal 0 0.130528 -0.991445
    outer loop
      vertex 2.05771 -2.42153 1.29797
      vertex 2.05771 -2.47171 1.29136
      vertex 1.86086 -2.47171 1.29136
    endloop
  endfacet
  facet normal 0 0.216438 -0.976296
    outer loop
      vertex 1.86086 -2.47171 1.29136
      vertex 2.05771 -2.47171 1.29136
      vertex 1.86086 -2.52112 1.28041
    endloop
  endfacet
  facet normal 0 0.216438 -0.976296
    outer loop
      vertex 2.05771 -2.47171 1.29136
      vertex 2.05771 -2.52112 1.28041
      vertex 1.86086 -2.52112 1.28041
    endloop
  endfacet
  facet normal 0 0.300708 -0.953716
    outer loop
      vertex 1.86086 -2.52112 1.28041
      vertex 2.05771 -2.52112 1.28041
      vertex 1.86086 -2.56939 1.26519
    endloop
  endfacet
  facet normal 0 0.300708 -0.953716
    outer loop
      vertex 2.05771 -2.52112 1.28041
      vertex 2.05771 -2.56939 1.26519
      vertex 1.86086 -2.56939 1.26519
    endloop
  endfacet
  facet normal 0 0.382682 -0.92388
    outer loop
      vertex 1.86086 -2.56939 1.26519
      vertex 2.05771 -2.56939 1.26519
      vertex 1.86086 -2.61615 1.24582
    endloop
  endfacet
  facet normal 0 0.382682 -0.92388
    outer loop
      vertex 2.05771 -2.56939 1.26519
      vertex 2.05771 -2.61615 1.24582
      vertex 1.86086 -2.61615 1.24582
    endloop
  endfacet
  facet normal 0 0.461748 -0.887011
    outer loop
      vertex 1.86086 -2.61615 1.24582
      vertex 2.05771 -2.61615 1.24582
      vertex 1.86086 -2.66104 1.22245
    endloop
  endfacet
  facet normal 0 0.461748 -0.887011
    outer loop
      vertex 2.05771 -2.61615 1.24582
      vertex 2.05771 -2.66104 1.22245
      vertex 1.86086 -2.66104 1.22245
    endloop
  endfacet
  facet normal 0 0.537298 -0.843393
    outer loop
      vertex 1.86086 -2.66104 1.22245
      vertex 2.05771 -2.66104 1.22245
      vertex 1.86086 -2.70372 1.19526
    endloop
  endfacet
  facet normal 0 0.537298 -0.843393
    outer loop
      vertex 2.05771 -2.66104 1.22245
      vertex 2.05771 -2.70372 1.19526
      vertex 1.86086 -2.70372 1.19526
    endloop
  endfacet
  facet normal 0 0.608764 -0.793351
    outer loop
      vertex 1.86086 -2.70372 1.19526
      vertex 2.05771 -2.70372 1.19526
      vertex 1.86086 -2.74388 1.16445
    endloop
  endfacet
  facet normal 0 0.608764 -0.793351
    outer loop
      vertex 2.05771 -2.70372 1.19526
      vertex 2.05771 -2.74388 1.16445
      vertex 1.86086 -2.74388 1.16445
    endloop
  endfacet
  facet normal 0 0.675589 -0.737278
    outer loop
      vertex 1.86086 -2.74388 1.16445
      vertex 2.05771 -2.74388 1.16445
      vertex 1.86086 -2.78119 1.13026
    endloop
  endfacet
  facet normal 0 0.675589 -0.737278
    outer loop
      vertex 2.05771 -2.74388 1.16445
      vertex 2.05771 -2.78119 1.13026
      vertex 1.86086 -2.78119 1.13026
    endloop
  endfacet
  facet normal 0 0.737278 -0.67559
    outer loop
      vertex 1.86086 -2.78119 1.13026
      vertex 2.05771 -2.78119 1.13026
      vertex 1.86086 -2.81538 1.09294
    endloop
  endfacet
  facet normal 0 0.737278 -0.67559
    outer loop
      vertex 2.05771 -2.78119 1.13026
      vertex 2.05771 -2.81538 1.09294
      vertex 1.86086 -2.81538 1.09294
    endloop
  endfacet
  facet normal 0 0.793352 -0.608763
    outer loop
      vertex 1.86086 -2.81538 1.09294
      vertex 2.05771 -2.81538 1.09294
      vertex 1.86086 -2.84619 1.05279
    endloop
  endfacet
  facet normal 0 0.793352 -0.608763
    outer loop
      vertex 2.05771 -2.81538 1.09294
      vertex 2.05771 -2.84619 1.05279
      vertex 1.86086 -2.84619 1.05279
    endloop
  endfacet
  facet normal 0 0.843391 -0.537301
    outer loop
      vertex 1.86086 -2.84619 1.05279
      vertex 2.05771 -2.84619 1.05279
      vertex 1.86086 -2.87338 1.0101
    endloop
  endfacet
  facet normal 0 0.843391 -0.537301
    outer loop
      vertex 2.05771 -2.84619 1.05279
      vertex 2.05771 -2.87338 1.0101
      vertex 1.86086 -2.87338 1.0101
    endloop
  endfacet
  facet normal 0 0.887012 -0.461747
    outer loop
      vertex 1.86086 -2.87338 1.0101
      vertex 2.05771 -2.87338 1.0101
      vertex 1.86086 -2.89675 0.965213
    endloop
  endfacet
  facet normal 0 0.887012 -0.461747
    outer loop
      vertex 2.05771 -2.87338 1.0101
      vertex 2.05771 -2.89675 0.965213
      vertex 1.86086 -2.89675 0.965213
    endloop
  endfacet
  facet normal 0 0.923881 -0.382681
    outer loop
      vertex 1.86086 -2.89675 0.965213
      vertex 2.05771 -2.89675 0.965213
      vertex 1.86086 -2.91612 0.918455
    endloop
  endfacet
  facet normal 0 0.923881 -0.382681
    outer loop
      vertex 2.05771 -2.89675 0.965213
      vertex 2.05771 -2.91612 0.918455
      vertex 1.86086 -2.91612 0.918455
    endloop
  endfacet
  facet normal 0 0.953716 -0.30071
    outer loop
      vertex 1.86086 -2.91612 0.918455
      vertex 2.05771 -2.91612 0.918455
      vertex 1.86086 -2.93134 0.870186
    endloop
  endfacet
  facet normal 0 0.953716 -0.30071
    outer loop
      vertex 2.05771 -2.91612 0.918455
      vertex 2.05771 -2.93134 0.870186
      vertex 1.86086 -2.93134 0.870186
    endloop
  endfacet
  facet normal 0 0.976296 -0.216439
    outer loop
      vertex 1.86086 -2.93134 0.870186
      vertex 2.05771 -2.93134 0.870186
      vertex 1.86086 -2.94229 0.820775
    endloop
  endfacet
  facet normal 0 0.976296 -0.216439
    outer loop
      vertex 2.05771 -2.93134 0.870186
      vertex 2.05771 -2.94229 0.820775
      vertex 1.86086 -2.94229 0.820775
    endloop
  endfacet
  facet normal 0 0.991445 -0.130527
    outer loop
      vertex 1.86086 -2.94229 0.820775
      vertex 2.05771 -2.94229 0.820775
      vertex 1.86086 -2.9489 0.770598
    endloop
  endfacet
  facet normal 0 0.991445 -0.130527
    outer loop
      vertex 2.05771 -2.94229 0.820775
      vertex 2.05771 -2.9489 0.770598
      vertex 1.86086 -2.9489 0.770598
    endloop
  endfacet
  facet normal 0 0.999048 -0.0436193
    outer loop
      vertex 1.86086 -2.9489 0.770598
      vertex 2.05771 -2.9489 0.770598
      vertex 1.86086 -2.95111 0.720035
    endloop
  endfacet
  facet normal 0 0.999048 -0.0436193
    outer loop
      vertex 2.05771 -2.9489 0.770598
      vertex 2.05771 -2.95111 0.720035
      vertex 1.86086 -2.95111 0.720035
    endloop
  endfacet
  facet normal 0 0.999048 0.0436193
    outer loop
      vertex 1.86086 -2.95111 0.720035
      vertex 2.05771 -2.95111 0.720035
      vertex 1.86086 -2.9489 0.669473
    endloop
  endfacet
  facet normal 0 0.999048 0.0436193
    outer loop
      vertex 2.05771 -2.95111 0.720035
      vertex 2.05771 -2.9489 0.669473
      vertex 1.86086 -2.9489 0.669473
    endloop
  endfacet
  facet normal 0 0.991445 0.130527
    outer loop
      vertex 1.86086 -2.9489 0.669473
      vertex 2.05771 -2.9489 0.669473
      vertex 1.86086 -2.94229 0.619295
    endloop
  endfacet
  facet normal 0 0.991445 0.130527
    outer loop
      vertex 2.05771 -2.9489 0.669473
      vertex 2.05771 -2.94229 0.619295
      vertex 1.86086 -2.94229 0.619295
    endloop
  endfacet
  facet normal 0 0.976296 0.216439
    outer loop
      vertex 1.86086 -2.94229 0.619295
      vertex 2.05771 -2.94229 0.619295
      vertex 1.86086 -2.93134 0.569884
    endloop
  endfacet
  facet normal 0 0.976296 0.216439
    outer loop
      vertex 2.05771 -2.94229 0.619295
      vertex 2.05771 -2.93134 0.569884
      vertex 1.86086 -2.93134 0.569884
    endloop
  endfacet
  facet normal 0 0.953716 0.30071
    outer loop
      vertex 1.86086 -2.93134 0.569884
      vertex 2.05771 -2.93134 0.569884
      vertex 1.86086 -2.91612 0.521616
    endloop
  endfacet
  facet normal 0 0.953716 0.30071
    outer loop
      vertex 2.05771 -2.93134 0.569884
      vertex 2.05771 -2.91612 0.521616
      vertex 1.86086 -2.91612 0.521616
    endloop
  endfacet
  facet normal 0 0.923881 0.382681
    outer loop
      vertex 1.86086 -2.91612 0.521616
      vertex 2.05771 -2.91612 0.521616
      vertex 1.86086 -2.89675 0.474858
    endloop
  endfacet
  facet normal 0 0.923881 0.382681
    outer loop
      vertex 2.05771 -2.91612 0.521616
      vertex 2.05771 -2.89675 0.474858
      vertex 1.86086 -2.89675 0.474858
    endloop
  endfacet
  facet normal 0 0.887012 0.461747
    outer loop
      vertex 1.86086 -2.89675 0.474858
      vertex 2.05771 -2.89675 0.474858
      vertex 1.86086 -2.87338 0.429966
    endloop
  endfacet
  facet normal 0 0.887012 0.461747
    outer loop
      vertex 2.05771 -2.89675 0.474858
      vertex 2.05771 -2.87338 0.429966
      vertex 1.86086 -2.87338 0.429966
    endloop
  endfacet
  facet normal 0 0.843391 0.537301
    outer loop
      vertex 1.86086 -2.87338 0.429966
      vertex 2.05771 -2.87338 0.429966
      vertex 1.86086 -2.84619 0.387281
    endloop
  endfacet
  facet normal 0 0.843391 0.537301
    outer loop
      vertex 2.05771 -2.87338 0.429966
      vertex 2.05771 -2.84619 0.387281
      vertex 1.86086 -2.84619 0.387281
    endloop
  endfacet
  facet normal 0 0.793352 0.608763
    outer loop
      vertex 1.86086 -2.84619 0.387281
      vertex 2.05771 -2.84619 0.387281
      vertex 1.86086 -2.81538 0.347129
    endloop
  endfacet
  facet normal 0 0.793352 0.608763
    outer loop
      vertex 2.05771 -2.84619 0.387281
      vertex 2.05771 -2.81538 0.347129
      vertex 1.86086 -2.81538 0.347129
    endloop
  endfacet
  facet normal 0 0.737278 0.675589
    outer loop
      vertex 1.86086 -2.81538 0.347129
      vertex 2.05771 -2.81538 0.347129
      vertex 1.86086 -2.78119 0.309815
    endloop
  endfacet
  facet normal 0 0.737278 0.675589
    outer loop
      vertex 2.05771 -2.81538 0.347129
      vertex 2.05771 -2.78119 0.309815
      vertex 1.86086 -2.78119 0.309815
    endloop
  endfacet
  facet normal 0 0.675589 0.737279
    outer loop
      vertex 1.86086 -2.78119 0.309815
      vertex 2.05771 -2.78119 0.309815
      vertex 1.86086 -2.74388 0.275623
    endloop
  endfacet
  facet normal 0 0.675589 0.737279
    outer loop
      vertex 2.05771 -2.78119 0.309815
      vertex 2.05771 -2.74388 0.275623
      vertex 1.86086 -2.74388 0.275623
    endloop
  endfacet
  facet normal 0 0.608764 0.793351
    outer loop
      vertex 1.86086 -2.74388 0.275623
      vertex 2.05771 -2.74388 0.275623
      vertex 1.86086 -2.70372 0.244813
    endloop
  endfacet
  facet normal 0 0.608764 0.793351
    outer loop
      vertex 2.05771 -2.74388 0.275623
      vertex 2.05771 -2.70372 0.244813
      vertex 1.86086 -2.70372 0.244813
    endloop
  endfacet
  facet normal 0 0.537298 0.843393
    outer loop
      vertex 1.86086 -2.70372 0.244813
      vertex 2.05771 -2.70372 0.244813
      vertex 1.86086 -2.66104 0.21762
    endloop
  endfacet
  facet normal 0 0.537298 0.843393
    outer loop
      vertex 2.05771 -2.70372 0.244813
      vertex 2.05771 -2.66104 0.21762
      vertex 1.86086 -2.66104 0.21762
    endloop
  endfacet
  facet normal 0 0.461749 0.887011
    outer loop
      vertex 1.86086 -2.66104 0.21762
      vertex 2.05771 -2.66104 0.21762
      vertex 1.86086 -2.61615 0.194251
    endloop
  endfacet
  facet normal 0 0.461749 0.887011
    outer loop
      vertex 2.05771 -2.66104 0.21762
      vertex 2.05771 -2.61615 0.194251
      vertex 1.86086 -2.61615 0.194251
    endloop
  endfacet
  facet normal 0 0.382683 0.92388
    outer loop
      vertex 1.86086 -2.61615 0.194251
      vertex 2.05771 -2.61615 0.194251
      vertex 1.86086 -2.56939 0.174883
    endloop
  endfacet
  facet normal 0 0.382683 0.92388
    outer loop
      vertex 2.05771 -2.61615 0.194251
      vertex 2.05771 -2.56939 0.174883
      vertex 1.86086 -2.56939 0.174883
    endloop
  endfacet
  facet normal 0 0.300707 0.953717
    outer loop
      vertex 1.86086 -2.56939 0.174883
      vertex 2.05771 -2.56939 0.174883
      vertex 1.86086 -2.52112 0.159664
    endloop
  endfacet
  facet normal 0 0.300707 0.953717
    outer loop
      vertex 2.05771 -2.56939 0.174883
      vertex 2.05771 -2.52112 0.159664
      vertex 1.86086 -2.52112 0.159664
    endloop
  endfacet
  facet normal 0 0.216439 0.976296
    outer loop
      vertex 1.86086 -2.52112 0.159664
      vertex 2.05771 -2.52112 0.159664
      vertex 1.86086 -2.47171 0.14871
    endloop
  endfacet
  facet normal 0 0.216439 0.976296
    outer loop
      vertex 2.05771 -2.52112 0.159664
      vertex 2.05771 -2.47171 0.14871
      vertex 1.86086 -2.47171 0.14871
    endloop
  endfacet
  facet normal 0 0.130526 0.991445
    outer loop
      vertex 1.86086 -2.47171 0.14871
      vertex 2.05771 -2.47171 0.14871
      vertex 1.86086 -2.42153 0.142104
    endloop
  endfacet
  facet normal 0 0.130526 0.991445
    outer loop
      vertex 2.05771 -2.47171 0.14871
      vertex 2.05771 -2.42153 0.142104
      vertex 1.86086 -2.42153 0.142104
    endloop
  endfacet
  facet normal 0 0.0436195 0.999048
    outer loop
      vertex 1.86086 -2.42153 0.142104
      vertex 2.05771 -2.42153 0.142104
      vertex 1.86086 -2.37097 0.139896
    endloop
  endfacet
  facet normal 0 0.0436195 0.999048
    outer loop
      vertex 2.05771 -2.42153 0.142104
      vertex 2.05771 -2.37097 0.139896
      vertex 1.86086 -2.37097 0.139896
    endloop
  endfacet
endsolid Mesh
